,number,value,datetime_start,datetime_complete,duration,params_algorithm,params_dropout_rate,params_lr_Adadelta,params_lr_Adam,params_lr_AdamW,params_lr_SGD,params_momentum_SGD,params_nesterov_SGD,params_suggested_freeze,params_weight_decay_Adadelta,params_weight_decay_Adam,params_weight_decay_AdamW,params_weight_decay_SGD,state
0,0,39.583333333333336,2025-05-24 19:49:36.438117,2025-05-24 19:49:49.086781,0 days 00:00:12.648664,Adadelta,0.4753571532049581,0.017073967431528128,,,,,,5,29.154431891537552,,,,COMPLETE
1,1,45.833333333333336,2025-05-24 19:49:49.145172,2025-05-24 19:50:00.491198,0 days 00:00:11.346026,Adam,0.35403628889802274,,5.3370327626039544e-05,,,,,8,,0.05415244119402541,,,COMPLETE
2,2,50.0,2025-05-24 19:50:00.530083,2025-05-24 19:50:05.438590,0 days 00:00:04.908507,AdamW,0.2623782158161189,,,0.00014742753159914678,,,,4,,,0.0005404103854647331,,COMPLETE
3,3,35.416666666666664,2025-05-24 19:50:05.487666,2025-05-24 19:50:11.736081,0 days 00:00:06.248415,AdamW,0.3925879806965068,,,0.0026926469100861782,,,,6,,,0.00021930485556643703,,COMPLETE
4,4,33.333333333333336,2025-05-24 19:50:11.779910,2025-05-24 19:50:16.864545,0 days 00:00:05.084635,Adadelta,0.4744427686266666,5.456725485601478,,,,,,0,0.5762487216478605,,,,COMPLETE
5,5,35.416666666666664,2025-05-24 19:50:16.906507,2025-05-24 19:50:23.343175,0 days 00:00:06.436668,Adam,0.2475884550556351,,0.00017654048052495074,,,,,1,,1.2030178871154673,,,PRUNED
6,6,33.333333333333336,2025-05-24 19:50:23.378505,2025-05-24 19:50:33.106650,0 days 00:00:09.728145,Adadelta,0.09242722776276352,2.463768595899747,,,,,,7,48.696409415209004,,,,PRUNED
7,7,33.333333333333336,2025-05-24 19:50:33.141645,2025-05-24 19:50:39.750782,0 days 00:00:06.609137,AdamW,0.0979914312095726,,,0.02065142557895925,,,,1,,,0.0005170191786366995,,PRUNED
8,8,33.333333333333336,2025-05-24 19:50:39.778623,2025-05-24 19:50:46.382084,0 days 00:00:06.603461,SGD,0.27134804157912423,,,,0.012273800987852962,0.5621564911890039,True,3,,,,0.06235377135673159,PRUNED
9,9,,2025-05-24 19:50:46.418650,2025-05-24 19:50:52.309245,0 days 00:00:05.890595,SGD,0.38563517334297287,,,,0.0031130959561221226,6.365199445099503,False,10,,,,0.2106648601704221,PRUNED
10,10,29.166666666666668,2025-05-24 19:50:52.342968,2025-05-24 19:50:58.301089,0 days 00:00:05.958121,AdamW,0.0029985914779085965,,,1.1799062523159256e-05,,,,13,,,0.006630907782559361,,PRUNED
11,11,50.0,2025-05-24 19:50:58.335413,2025-05-24 19:51:09.559156,0 days 00:00:11.223743,Adam,0.2687772072034616,,1.4185357673699857e-05,,,,,9,,0.011200687440843897,,,COMPLETE
12,12,33.333333333333336,2025-05-24 19:51:09.609588,2025-05-24 19:51:16.586494,0 days 00:00:06.976906,Adam,0.2280781684174102,,0.05695066179412926,,,,,10,,0.013299972137426787,,,PRUNED
13,13,43.75,2025-05-24 19:51:16.621728,2025-05-24 19:51:27.913671,0 days 00:00:11.291943,Adam,0.3035921370166128,,1.0741110384103409e-05,,,,,4,,37.639965874722925,,,COMPLETE
14,14,58.333333333333336,2025-05-24 19:51:27.964363,2025-05-24 19:51:39.079456,0 days 00:00:11.115093,AdamW,0.17296373138830565,,,5.107684925222934e-05,,,,9,,,0.0025253710106474536,,COMPLETE
15,15,52.083333333333336,2025-05-24 19:51:39.130687,2025-05-24 19:51:50.330547,0 days 00:00:11.199860,AdamW,0.17754810485613656,,,4.839668264505077e-05,,,,12,,,0.0021601863672613586,,COMPLETE
16,16,27.083333333333332,2025-05-24 19:51:50.380953,2025-05-24 19:51:56.140582,0 days 00:00:05.759629,AdamW,0.1459747215084099,,,3.091592599668577e-05,,,,13,,,0.003944479816467623,,PRUNED
17,17,41.666666666666664,2025-05-24 19:51:56.176587,2025-05-24 19:52:07.280926,0 days 00:00:11.104339,AdamW,0.17584078186962945,,,0.0003230170128868152,,,,11,,,0.002192593935913539,,COMPLETE
18,18,27.083333333333332,2025-05-24 19:52:07.331956,2025-05-24 19:52:13.272151,0 days 00:00:05.940195,AdamW,0.18175996362964889,,,5.6861741806643255e-05,,,,11,,,0.002117035515125565,,PRUNED
19,19,33.333333333333336,2025-05-24 19:52:13.307882,2025-05-24 19:52:21.309783,0 days 00:00:08.001901,AdamW,0.022825095691918512,,,0.0007748755752908133,,,,12,,,0.0013068856378153323,,PRUNED
20,20,,2025-05-24 19:52:21.345541,2025-05-24 19:52:26.765699,0 days 00:00:05.420158,SGD,0.078573412033039,,,,2.025934909325147e-05,88.37749112170019,True,8,,,,71.38393633927497,PRUNED
21,21,56.25,2025-05-24 19:52:26.799690,2025-05-24 19:52:37.867176,0 days 00:00:11.067486,AdamW,0.1980486521024058,,,0.0001268109621185728,,,,3,,,0.0005991538986340598,,COMPLETE
22,22,50.0,2025-05-24 19:52:37.919048,2025-05-24 19:52:49.187824,0 days 00:00:11.268776,AdamW,0.19673125713674994,,,7.996399635023725e-05,,,,7,,,0.0007937809032528464,,COMPLETE
23,23,29.166666666666668,2025-05-24 19:52:49.239859,2025-05-24 19:52:56.319370,0 days 00:00:07.079511,AdamW,0.1417614020856031,,,1.3970734935405238e-05,,,,9,,,0.0032684513852963546,,PRUNED
24,24,33.333333333333336,2025-05-24 19:52:56.355832,2025-05-24 19:53:03.404967,0 days 00:00:07.049135,AdamW,0.13203518323118493,,,0.0002671873415336471,,,,2,,,0.00023045254190652765,,PRUNED
25,25,31.25,2025-05-24 19:53:03.440646,2025-05-24 19:53:09.434513,0 days 00:00:05.993867,AdamW,0.2123355928938542,,,5.5127940720008106e-05,,,,12,,,0.0012514130679968053,,PRUNED
26,26,33.333333333333336,2025-05-24 19:53:09.470818,2025-05-24 19:53:16.492195,0 days 00:00:07.021377,AdamW,0.3008765472653754,,,0.0011849046509545083,,,,6,,,0.009719434820847597,,PRUNED
27,27,35.416666666666664,2025-05-24 19:53:16.528602,2025-05-24 19:53:24.594274,0 days 00:00:08.065672,AdamW,0.04765709148154493,,,2.7345819886074583e-05,,,,11,,,0.00044611675659237467,,PRUNED
28,28,33.333333333333336,2025-05-24 19:53:24.631994,2025-05-24 19:53:30.970005,0 days 00:00:06.338011,Adadelta,0.162668315042697,71.09750733359516,,,,,,9,0.016987592312017272,,,,PRUNED
29,29,,2025-05-24 19:53:31.006507,2025-05-24 19:53:35.735980,0 days 00:00:04.729473,SGD,0.1137270160167497,,,,1.4839113238339737e-05,95.86041307333699,False,5,,,,18.395730677410548,PRUNED
30,30,37.5,2025-05-24 19:53:35.770761,2025-05-24 19:53:43.832927,0 days 00:00:08.062166,Adadelta,0.054851986160220925,0.012327990271406086,,,,,,5,0.017620822291138413,,,,PRUNED
31,31,31.25,2025-05-24 19:53:43.868993,2025-05-24 19:53:50.552797,0 days 00:00:06.683804,AdamW,0.21774582834198764,,,0.00015556922393711108,,,,3,,,0.0005100138646315249,,PRUNED
32,32,52.083333333333336,2025-05-24 19:53:50.587220,2025-05-24 19:53:57.644153,0 days 00:00:07.056933,AdamW,0.3106452018417596,,,0.00013372501428914556,,,,4,,,0.0008042229918427985,,COMPLETE
33,33,56.25,2025-05-24 19:53:57.694786,2025-05-24 19:54:07.897485,0 days 00:00:10.202699,AdamW,0.32959691156802884,,,0.00010496983073271401,,,,4,,,0.001787102514683261,,COMPLETE
34,34,33.333333333333336,2025-05-24 19:54:07.947443,2025-05-24 19:54:13.456224,0 days 00:00:05.508781,AdamW,0.3532705233244291,,,3.296333301498253e-05,,,,2,,,0.0021120470565226396,,PRUNED
35,35,33.333333333333336,2025-05-24 19:54:13.487645,2025-05-24 19:54:17.343830,0 days 00:00:03.856185,AdamW,0.4410211800025302,,,0.0002715578954121179,,,,3,,,0.003418611760359166,,PRUNED
36,36,33.333333333333336,2025-05-24 19:54:17.377927,2025-05-24 19:54:20.992368,0 days 00:00:03.614441,AdamW,0.32920145344560325,,,0.0008763688657250155,,,,5,,,0.0014107494655111635,,PRUNED
37,37,60.416666666666664,2025-05-24 19:54:21.031816,2025-05-24 19:54:32.227556,0 days 00:00:11.195740,AdamW,0.24213163638377078,,,9.116651935597241e-05,,,,8,,,0.004876306660680413,,COMPLETE
38,38,33.333333333333336,2025-05-24 19:54:32.279838,2025-05-24 19:54:40.407473,0 days 00:00:08.127635,Adadelta,0.23611299890701373,0.18442731888593034,,,,,,8,0.8870445015199778,,,,PRUNED
39,39,31.25,2025-05-24 19:54:40.442522,2025-05-24 19:54:46.429465,0 days 00:00:05.986943,AdamW,0.4005357975967133,,,0.00011630395895252416,,,,6,,,0.005554228917001491,,PRUNED
40,40,33.333333333333336,2025-05-24 19:54:46.465140,2025-05-24 19:54:52.497773,0 days 00:00:06.032633,Adam,0.27441874376716974,,0.009009164563119645,,,,,0,,75.11710625573838,,,PRUNED
41,41,37.5,2025-05-24 19:54:52.534116,2025-05-24 19:55:00.669344,0 days 00:00:08.135228,AdamW,0.24911770870499278,,,5.2586051747649115e-05,,,,7,,,0.0026086594861319916,,PRUNED
42,42,35.416666666666664,2025-05-24 19:55:00.706560,2025-05-24 19:55:06.712221,0 days 00:00:06.005661,AdamW,0.2007543087755224,,,2.1676179921181497e-05,,,,2,,,0.005268354234447596,,PRUNED
43,43,35.416666666666664,2025-05-24 19:55:06.749278,2025-05-24 19:55:12.713913,0 days 00:00:05.964635,AdamW,0.1679724557667166,,,0.000439359220702604,,,,10,,,0.0015910401294010291,,PRUNED
44,44,33.333333333333336,2025-05-24 19:55:12.750164,2025-05-24 19:55:18.733962,0 days 00:00:05.983798,AdamW,0.11851620321400862,,,8.77020008134892e-05,,,,8,,,0.00010488101410479334,,PRUNED
45,45,,2025-05-24 19:55:18.768505,2025-05-24 19:55:24.038601,0 days 00:00:05.270096,SGD,0.2754488689948754,,,,0.07697336416909212,50.556122432111465,False,4,,,,2.1442082563972504,PRUNED
46,46,45.833333333333336,2025-05-24 19:55:24.071995,2025-05-24 19:55:35.137857,0 days 00:00:11.065862,AdamW,0.35990452203068085,,,5.603738692950398e-05,,,,12,,,0.004231801826948771,,PRUNED
47,47,33.333333333333336,2025-05-24 19:55:35.173477,2025-05-24 19:55:41.206992,0 days 00:00:06.033515,AdamW,0.2511633521140649,,,0.09843155468624189,,,,7,,,0.0028227021115732717,,PRUNED
48,48,33.333333333333336,2025-05-24 19:55:41.242583,2025-05-24 19:55:47.308638,0 days 00:00:06.066055,Adam,0.18827870499266822,,0.0015235798237262308,,,,,9,,2.3260636558383525,,,PRUNED
49,49,33.333333333333336,2025-05-24 19:55:47.345518,2025-05-24 19:55:53.389283,0 days 00:00:06.043765,Adadelta,0.22525340894582718,95.61311598960178,,,,,,6,5.561402383017114,,,,PRUNED
50,50,33.333333333333336,2025-05-24 19:55:53.425566,2025-05-24 19:55:59.436368,0 days 00:00:06.010802,AdamW,0.2911452764676224,,,0.00017453865616887576,,,,1,,,0.0009060729113368414,,PRUNED
51,51,33.333333333333336,2025-05-24 19:55:59.474504,2025-05-24 19:56:07.776247,0 days 00:00:08.301743,AdamW,0.3311519005395291,,,0.00012144455675193774,,,,4,,,0.0007659224061154596,,PRUNED
52,52,31.25,2025-05-24 19:56:07.813793,2025-05-24 19:56:13.801781,0 days 00:00:05.987988,AdamW,0.32326871572089244,,,0.00018620050219880145,,,,4,,,0.0006689005879530547,,PRUNED
53,53,58.333333333333336,2025-05-24 19:56:13.838618,2025-05-24 19:56:25.224973,0 days 00:00:11.386355,AdamW,0.41542512410705235,,,8.086623607481011e-05,,,,3,,,0.001722027385775748,,COMPLETE
54,54,31.25,2025-05-24 19:56:25.275536,2025-05-24 19:56:31.334911,0 days 00:00:06.059375,AdamW,0.4602139565981005,,,0.004451391950315021,,,,3,,,0.0017706701573627684,,PRUNED
55,55,27.083333333333332,2025-05-24 19:56:31.373516,2025-05-24 19:56:37.369502,0 days 00:00:05.995986,AdamW,0.4236056295165567,,,4.07683100108799e-05,,,,10,,,0.001136756765468184,,PRUNED
56,56,,2025-05-24 19:56:37.405926,2025-05-24 19:56:42.719896,0 days 00:00:05.313970,SGD,0.15995606418950817,,,,0.0002436806705604994,51.4427435384869,True,1,,,,0.010401039998830923,PRUNED
57,57,37.5,2025-05-24 19:56:42.753552,2025-05-24 19:56:48.783577,0 days 00:00:06.030025,AdamW,0.40795523730949457,,,1.930184666120463e-05,,,,2,,,0.00038221118378717816,,PRUNED
58,58,33.333333333333336,2025-05-24 19:56:48.820730,2025-05-24 19:56:54.827570,0 days 00:00:06.006840,Adam,0.35213134526623113,,0.0015270736956748707,,,,,13,,0.21618806217490086,,,PRUNED
59,59,33.333333333333336,2025-05-24 19:56:54.862974,2025-05-24 19:57:00.821245,0 days 00:00:05.958271,AdamW,0.4893820790996507,,,8.910000686260778e-05,,,,11,,,0.001758656196870896,,PRUNED
60,60,33.333333333333336,2025-05-24 19:57:00.858221,2025-05-24 19:57:06.845401,0 days 00:00:05.987180,AdamW,0.3737441370571805,,,7.452548687909543e-05,,,,9,,,0.004359572359234106,,PRUNED
61,61,37.5,2025-05-24 19:57:06.882456,2025-05-24 19:57:12.869064,0 days 00:00:05.986608,AdamW,0.20335574279200214,,,0.0001309654084424426,,,,5,,,0.0010505816491398069,,PRUNED
62,62,37.5,2025-05-24 19:57:12.903975,2025-05-24 19:57:18.837866,0 days 00:00:05.933891,AdamW,0.3148192248290307,,,4.188879496896556e-05,,,,3,,,0.007688552472195635,,PRUNED
63,63,47.916666666666664,2025-05-24 19:57:18.872645,2025-05-24 19:57:28.516354,0 days 00:00:09.643709,AdamW,0.292188270209624,,,1.0266284717003374e-05,,,,4,,,0.002283585584741134,,COMPLETE
64,64,33.333333333333336,2025-05-24 19:57:28.555612,2025-05-24 19:57:31.357058,0 days 00:00:02.801446,AdamW,0.23799265072531817,,,0.0004562583303845409,,,,5,,,0.0006290819614735919,,PRUNED
65,65,33.333333333333336,2025-05-24 19:57:31.384723,2025-05-24 19:57:35.134739,0 days 00:00:03.750016,AdamW,0.15509171553993126,,,0.00021726853548362235,,,,8,,,0.0029557722624278626,,PRUNED
66,66,37.5,2025-05-24 19:57:35.168875,2025-05-24 19:57:41.207139,0 days 00:00:06.038264,AdamW,0.2588983987530342,,,8.041452713908357e-05,,,,2,,,0.0009650010615929333,,PRUNED
67,67,33.333333333333336,2025-05-24 19:57:41.243909,2025-05-24 19:57:45.141688,0 days 00:00:03.897779,Adadelta,0.18230044611977442,0.13093926836268646,,,,,,3,0.10277249009041292,,,,PRUNED
68,68,,2025-05-24 19:57:45.171657,2025-05-24 19:57:46.835860,0 days 00:00:01.664203,SGD,0.21014696045760245,,,,0.00021766855810388612,22.767518884788462,True,6,,,,2.6855659464132664,PRUNED
69,69,33.333333333333336,2025-05-24 19:57:46.861695,2025-05-24 19:57:49.287729,0 days 00:00:02.426034,AdamW,0.12889086219731988,,,0.00039317720477880544,,,,3,,,0.0019087814645634285,,PRUNED
70,70,54.166666666666664,2025-05-24 19:57:49.321154,2025-05-24 19:57:56.442279,0 days 00:00:07.121125,AdamW,0.37431013024781123,,,2.0298239494735077e-05,,,,4,,,0.0014459989322901958,,COMPLETE
71,71,35.416666666666664,2025-05-24 19:57:56.493888,2025-05-24 19:58:02.471557,0 days 00:00:05.977669,AdamW,0.41772147683953187,,,2.1963272233896463e-05,,,,4,,,0.0013284875118206667,,PRUNED
72,72,41.666666666666664,2025-05-24 19:58:02.506621,2025-05-24 19:58:11.641422,0 days 00:00:09.134801,AdamW,0.3888140838551167,,,1.6495323554000484e-05,,,,5,,,0.0003416403070420567,,PRUNED
73,73,35.416666666666664,2025-05-24 19:58:11.679585,2025-05-24 19:58:17.640395,0 days 00:00:05.960810,AdamW,0.377061475106325,,,3.5254628788027896e-05,,,,4,,,0.0024185148951338608,,PRUNED
74,74,52.083333333333336,2025-05-24 19:58:17.675933,2025-05-24 19:58:28.744622,0 days 00:00:11.068689,AdamW,0.3423358380433698,,,6.380920305279994e-05,,,,12,,,0.0015960294880468782,,COMPLETE
75,75,33.333333333333336,2025-05-24 19:58:28.796871,2025-05-24 19:58:34.812961,0 days 00:00:06.016090,AdamW,0.45074470378061904,,,0.00010308808116444612,,,,2,,,0.003407374706367784,,PRUNED
76,76,35.416666666666664,2025-05-24 19:58:34.850135,2025-05-24 19:58:40.853094,0 days 00:00:06.002959,AdamW,0.3708739027207495,,,2.624564237085177e-05,,,,3,,,0.0014741009973611489,,PRUNED
77,77,33.333333333333336,2025-05-24 19:58:40.887998,2025-05-24 19:58:46.897951,0 days 00:00:06.009953,Adam,0.3125569408725894,,0.044288101353167963,,,,,0,,6.246000718224719,,,PRUNED
78,78,54.166666666666664,2025-05-24 19:58:46.934370,2025-05-24 19:58:58.217490,0 days 00:00:11.283120,AdamW,0.09080614307431534,,,4.7986601458352426e-05,,,,4,,,0.0008195197011113351,,COMPLETE
79,79,47.916666666666664,2025-05-24 19:58:58.269770,2025-05-24 19:59:09.439465,0 days 00:00:11.169695,AdamW,0.10190524050276431,,,4.026065400130926e-05,,,,7,,,0.00197733957191057,,PRUNED
80,80,31.25,2025-05-24 19:59:09.474767,2025-05-24 19:59:15.489976,0 days 00:00:06.015209,AdamW,0.06289864376301914,,,1.5749901944231393e-05,,,,8,,,0.0011930467188000285,,PRUNED
81,81,35.416666666666664,2025-05-24 19:59:15.525391,2025-05-24 19:59:21.551435,0 days 00:00:06.026044,AdamW,0.0840596843874565,,,5.665074739561499e-05,,,,5,,,0.0007318575265778144,,PRUNED
82,82,35.416666666666664,2025-05-24 19:59:21.598133,2025-05-24 19:59:27.646928,0 days 00:00:06.048795,AdamW,0.14454577591469786,,,0.00012358833754412063,,,,4,,,0.000550824232380838,,PRUNED
83,83,35.416666666666664,2025-05-24 19:59:27.683558,2025-05-24 19:59:33.654482,0 days 00:00:05.970924,AdamW,0.2842894759305138,,,0.0026726104455146995,,,,5,,,0.0005887636906880836,,PRUNED
84,84,35.416666666666664,2025-05-24 19:59:33.691086,2025-05-24 19:59:40.732270,0 days 00:00:07.041184,AdamW,0.1902683604466584,,,3.159392499351728e-05,,,,10,,,0.0009118649958411237,,PRUNED
85,85,33.333333333333336,2025-05-24 19:59:40.769441,2025-05-24 19:59:46.769411,0 days 00:00:05.999970,Adadelta,0.03616983497318759,11.909419283350534,,,,,,3,5.908324666385159,,,,PRUNED
86,86,37.5,2025-05-24 19:59:46.806004,2025-05-24 19:59:52.837638,0 days 00:00:06.031634,AdamW,0.21885266150981716,,,5.042680473426033e-05,,,,4,,,0.0004736403926646603,,PRUNED
87,87,,2025-05-24 19:59:52.875105,2025-05-24 19:59:58.260794,0 days 00:00:05.385689,SGD,0.3433946927525694,,,,0.08464184854537554,71.91471893329434,False,4,,,,0.21320605984942156,PRUNED
88,88,33.333333333333336,2025-05-24 19:59:58.294684,2025-05-24 20:00:04.321480,0 days 00:00:06.026796,AdamW,0.004066731873564197,,,0.0002195879747261175,,,,3,,,0.001293896830507943,,PRUNED
89,89,37.5,2025-05-24 20:00:04.361762,2025-05-24 20:00:10.301484,0 days 00:00:05.939722,AdamW,0.23295332693573417,,,7.268896869385712e-05,,,,1,,,0.0024550683310631824,,PRUNED
90,90,33.333333333333336,2025-05-24 20:00:10.336769,2025-05-24 20:00:16.298313,0 days 00:00:05.961544,AdamW,0.40139446899455716,,,0.00014563666678779188,,,,6,,,0.0008042552818723432,,PRUNED
91,91,33.333333333333336,2025-05-24 20:00:16.336143,2025-05-24 20:00:24.461168,0 days 00:00:08.125025,AdamW,0.34354589927936235,,,7.119336015426827e-05,,,,12,,,0.001600568003988666,,PRUNED
92,92,37.5,2025-05-24 20:00:24.498707,2025-05-24 20:00:30.484376,0 days 00:00:05.985669,AdamW,0.1714060811636612,,,5.783348061754551e-05,,,,13,,,0.0016037460619128658,,PRUNED
93,93,37.5,2025-05-24 20:00:30.521752,2025-05-24 20:00:36.539817,0 days 00:00:06.018065,AdamW,0.4324446563413654,,,9.547576363283308e-05,,,,11,,,0.0020100613759860757,,PRUNED
94,94,33.333333333333336,2025-05-24 20:00:36.577664,2025-05-24 20:00:42.395846,0 days 00:00:05.818182,AdamW,0.3629532248858379,,,4.334790321357052e-05,,,,12,,,0.0014509254135725714,,PRUNED
95,95,43.75,2025-05-24 20:00:42.421863,2025-05-24 20:00:46.389377,0 days 00:00:03.967514,AdamW,0.3335615918188006,,,2.7636671486134932e-05,,,,13,,,0.0010386642850991584,,PRUNED
96,96,33.333333333333336,2025-05-24 20:00:46.422792,2025-05-24 20:00:50.043326,0 days 00:00:03.620534,AdamW,0.3144685332682216,,,6.67885665248927e-05,,,,11,,,0.0018056576947643862,,PRUNED
97,97,33.333333333333336,2025-05-24 20:00:50.075568,2025-05-24 20:00:53.250545,0 days 00:00:03.174977,Adam,0.25619044576546796,,0.007862719062172046,,,,,12,,0.24630286628533862,,,PRUNED
98,98,35.416666666666664,2025-05-24 20:00:53.284661,2025-05-24 20:00:55.666960,0 days 00:00:02.382299,AdamW,0.2958999283627059,,,0.00010942699330827566,,,,9,,,0.002940204372382586,,PRUNED
99,99,35.416666666666664,2025-05-24 20:00:55.693516,2025-05-24 20:00:57.922454,0 days 00:00:02.228938,AdamW,0.24437083493488615,,,0.00028552572160355487,,,,2,,,0.0008324371025214948,,PRUNED
100,100,33.333333333333336,2025-05-24 20:00:57.951577,2025-05-24 20:01:00.245280,0 days 00:00:02.293703,Adadelta,0.27789762241492194,0.5785561813586017,,,,,,3,0.170569028932019,,,,PRUNED
101,101,43.75,2025-05-24 20:01:00.274168,2025-05-24 20:01:05.071095,0 days 00:00:04.796927,AdamW,0.3462239286043203,,,0.0001575116596612948,,,,4,,,0.00036506558344818286,,PRUNED
102,102,37.5,2025-05-24 20:01:05.106992,2025-05-24 20:01:10.834978,0 days 00:00:05.727986,AdamW,0.26183116500443665,,,0.00019415687463972156,,,,4,,,0.0006630008638292655,,PRUNED
103,103,27.083333333333332,2025-05-24 20:01:10.867181,2025-05-24 20:01:16.141054,0 days 00:00:05.273873,AdamW,0.26844470792767106,,,0.0001035141821561403,,,,5,,,0.007437531831894442,,PRUNED
104,104,31.25,2025-05-24 20:01:16.174679,2025-05-24 20:01:19.032809,0 days 00:00:02.858130,AdamW,0.3835836086431606,,,4.893112313700427e-05,,,,4,,,0.00043519659045872466,,PRUNED
105,105,43.75,2025-05-24 20:01:19.059817,2025-05-24 20:01:24.550611,0 days 00:00:05.490794,AdamW,0.30617065153437373,,,7.273425136299234e-05,,,,3,,,0.005030708967671564,,PRUNED
106,106,,2025-05-24 20:01:24.577883,2025-05-24 20:01:29.358835,0 days 00:00:04.780952,SGD,0.2251025207313621,,,,0.0006093209830952394,31.497336632695855,True,11,,,,16.36612230682761,PRUNED
107,107,33.333333333333336,2025-05-24 20:01:29.392349,2025-05-24 20:01:35.457279,0 days 00:00:06.064930,AdamW,0.324628621597124,,,0.0006550301858220947,,,,2,,,0.0036724950558846767,,PRUNED
108,108,33.333333333333336,2025-05-24 20:01:35.494061,2025-05-24 20:01:41.561873,0 days 00:00:06.067812,AdamW,0.20343286024967122,,,1.2523686473392118e-05,,,,10,,,0.002207580257457782,,PRUNED
109,109,35.416666666666664,2025-05-24 20:01:41.599025,2025-05-24 20:01:47.639468,0 days 00:00:06.040443,AdamW,0.13342376190243116,,,0.00014368504309712345,,,,5,,,0.0011798290923702287,,PRUNED
110,110,31.25,2025-05-24 20:01:47.675487,2025-05-24 20:01:53.699760,0 days 00:00:06.024273,AdamW,0.3610153121737441,,,2.483055847389819e-05,,,,7,,,0.009502071426163593,,PRUNED
111,111,33.333333333333336,2025-05-24 20:01:53.739071,2025-05-24 20:01:59.766158,0 days 00:00:06.027087,Adam,0.2424323433670837,,1.3709496447855126e-05,,,,,9,,0.010184203867138874,,,PRUNED
112,112,37.5,2025-05-24 20:01:59.801097,2025-05-24 20:02:05.497866,0 days 00:00:05.696769,Adam,0.1556400950608067,,0.00012692542209658363,,,,,8,,0.10717844955193602,,,PRUNED
113,113,31.25,2025-05-24 20:02:05.533359,2025-05-24 20:02:11.592052,0 days 00:00:06.058693,Adam,0.30501151789366293,,0.0003659796449966681,,,,,9,,9.583244767732156,,,PRUNED
114,114,45.833333333333336,2025-05-24 20:02:11.628160,2025-05-24 20:02:22.672522,0 days 00:00:11.044362,Adam,0.18091191600673856,,4.171304674724379e-05,,,,,4,,0.04008460369329712,,,PRUNED
115,115,33.333333333333336,2025-05-24 20:02:22.708604,2025-05-24 20:02:28.751114,0 days 00:00:06.042510,Adam,0.33685788794665716,,0.000533535606996087,,,,,3,,0.4076579503260525,,,PRUNED
116,116,35.416666666666664,2025-05-24 20:02:28.787915,2025-05-24 20:02:34.693816,0 days 00:00:05.905901,AdamW,0.2693360928557312,,,8.715305699940545e-05,,,,9,,,0.0017179977275317612,,PRUNED
117,117,45.833333333333336,2025-05-24 20:02:34.731409,2025-05-24 20:02:43.840528,0 days 00:00:09.109119,AdamW,0.2908357635038963,,,3.4315717222965866e-05,,,,10,,,0.0010263069373976893,,PRUNED
118,118,58.333333333333336,2025-05-24 20:02:43.875692,2025-05-24 20:02:55.190128,0 days 00:00:11.314436,AdamW,0.2127347073431351,,,6.0934288338280264e-05,,,,8,,,0.0007380439952825687,,COMPLETE
119,119,35.416666666666664,2025-05-24 20:02:55.242163,2025-05-24 20:03:01.236159,0 days 00:00:05.993996,AdamW,0.21144760371776544,,,6.088043265895189e-05,,,,7,,,0.000715795536579742,,PRUNED
120,120,35.416666666666664,2025-05-24 20:03:01.272368,2025-05-24 20:03:07.239167,0 days 00:00:05.966799,AdamW,0.1898441608777446,,,4.8331931483823656e-05,,,,8,,,0.000535736751348996,,PRUNED
121,121,33.333333333333336,2025-05-24 20:03:07.276036,2025-05-24 20:03:13.266746,0 days 00:00:05.990710,AdamW,0.22168921953223222,,,0.01763772668314489,,,,8,,,0.0026929058387221236,,PRUNED
122,122,33.333333333333336,2025-05-24 20:03:13.303714,2025-05-24 20:03:19.330438,0 days 00:00:06.026724,AdamW,0.23164739646475288,,,0.00011661791303749524,,,,3,,,0.0008693384264178343,,PRUNED
123,123,33.333333333333336,2025-05-24 20:03:19.368028,2025-05-24 20:03:25.399822,0 days 00:00:06.031794,AdamW,0.17190655853504486,,,9.011531060565147e-05,,,,12,,,0.0014331221837053825,,PRUNED
124,124,37.5,2025-05-24 20:03:25.435131,2025-05-24 20:03:31.453239,0 days 00:00:06.018108,AdamW,0.1977397799112283,,,3.6020449975397544e-05,,,,4,,,0.0006088455043295438,,PRUNED
125,125,33.333333333333336,2025-05-24 20:03:31.490480,2025-05-24 20:03:37.548275,0 days 00:00:06.057795,Adadelta,0.2507519420303651,0.06571101324835764,,,,,,7,4.732921801627782,,,,PRUNED
126,126,33.333333333333336,2025-05-24 20:03:37.585086,2025-05-24 20:03:43.568948,0 days 00:00:05.983862,AdamW,0.396588983319848,,,1.9238392868295612e-05,,,,9,,,0.0007229868230857878,,PRUNED
127,127,33.333333333333336,2025-05-24 20:03:43.605544,2025-05-24 20:03:49.589276,0 days 00:00:05.983732,AdamW,0.2821016648732192,,,0.00023223728896512306,,,,6,,,0.002145011690887659,,PRUNED
128,128,,2025-05-24 20:03:49.624625,2025-05-24 20:03:54.952231,0 days 00:00:05.327606,SGD,0.4140881697307722,,,,0.0059969984484935625,70.88975038447495,False,4,,,,0.010034553928018143,PRUNED
129,129,39.583333333333336,2025-05-24 20:03:54.987190,2025-05-24 20:04:02.005455,0 days 00:00:07.018265,AdamW,0.10621328364048918,,,0.0001754389986611594,,,,5,,,0.0002930569268384636,,PRUNED
130,130,37.5,2025-05-24 20:04:02.040743,2025-05-24 20:04:08.008489,0 days 00:00:05.967746,AdamW,0.07117244398866712,,,6.0437819035768356e-05,,,,10,,,0.0001290546501506556,,PRUNED
131,131,58.333333333333336,2025-05-24 20:04:08.044893,2025-05-24 20:04:18.880456,0 days 00:00:10.835563,AdamW,0.1645275067075422,,,7.673640346135636e-05,,,,8,,,0.00048209899615869414,,COMPLETE
132,132,27.083333333333332,2025-05-24 20:04:18.932629,2025-05-24 20:04:24.004980,0 days 00:00:05.072351,AdamW,0.16478593688811066,,,8.609276768267904e-05,,,,8,,,0.000484041319288736,,PRUNED
133,133,37.5,2025-05-24 20:04:24.041962,2025-05-24 20:04:26.918728,0 days 00:00:02.876766,AdamW,0.3198031858493674,,,0.00012724219603753092,,,,8,,,0.00042273968896006385,,PRUNED
134,134,37.5,2025-05-24 20:04:26.945893,2025-05-24 20:04:31.597367,0 days 00:00:04.651474,AdamW,0.1488195931867989,,,4.823596186774745e-05,,,,8,,,0.0005617680251175148,,PRUNED
135,135,33.333333333333336,2025-05-24 20:04:31.624387,2025-05-24 20:04:33.720310,0 days 00:00:02.095923,AdamW,0.17892148490771478,,,6.974488920020335e-05,,,,7,,,0.0011175525520466401,,PRUNED
136,136,33.333333333333336,2025-05-24 20:04:33.747206,2025-05-24 20:04:36.623554,0 days 00:00:02.876348,Adam,0.21228845055140538,,0.004895233865376165,,,,,9,,0.025830262689087977,,,PRUNED
137,137,37.5,2025-05-24 20:04:36.649925,2025-05-24 20:04:39.183740,0 days 00:00:02.533815,AdamW,0.129365864375396,,,3.0388306444387286e-05,,,,4,,,0.0006517006924437052,,PRUNED
138,138,33.333333333333336,2025-05-24 20:04:39.218944,2025-05-24 20:04:41.495522,0 days 00:00:02.276578,AdamW,0.1914978580950615,,,0.000112586848525388,,,,3,,,0.0009306086534686831,,PRUNED
139,139,33.333333333333336,2025-05-24 20:04:41.523255,2025-05-24 20:04:44.653980,0 days 00:00:03.130725,AdamW,0.36938350487075233,,,0.0017134983483723357,,,,5,,,0.0007847376185899285,,PRUNED
140,140,43.75,2025-05-24 20:04:44.680772,2025-05-24 20:04:50.237080,0 days 00:00:05.556308,AdamW,0.3545643425691083,,,0.00033653638479635246,,,,12,,,0.0016087513140790354,,PRUNED
141,141,31.25,2025-05-24 20:04:50.273555,2025-05-24 20:04:53.625372,0 days 00:00:03.351817,AdamW,0.23999985304574548,,,7.723388981272841e-05,,,,7,,,0.0012824322518801997,,PRUNED
142,142,33.333333333333336,2025-05-24 20:04:53.657252,2025-05-24 20:04:57.242111,0 days 00:00:03.584859,AdamW,0.22775826272817087,,,3.8758188633081916e-05,,,,8,,,0.001895880780163499,,PRUNED
143,143,20.833333333333332,2025-05-24 20:04:57.278555,2025-05-24 20:05:03.265408,0 days 00:00:05.986853,AdamW,0.2032125312253598,,,6.075726333448746e-05,,,,6,,,0.0024332668704691186,,PRUNED
144,144,37.5,2025-05-24 20:05:03.302230,2025-05-24 20:05:09.211949,0 days 00:00:05.909719,AdamW,0.16149828370092373,,,0.0001442661639425118,,,,8,,,0.0005175535315454925,,PRUNED
145,145,33.333333333333336,2025-05-24 20:05:09.249511,2025-05-24 20:05:12.114057,0 days 00:00:02.864546,AdamW,0.08904145812385547,,,0.00010484073859292558,,,,13,,,0.0006990790384194039,,PRUNED
146,146,33.333333333333336,2025-05-24 20:05:12.140791,2025-05-24 20:05:17.264011,0 days 00:00:05.123220,AdamW,0.46374281615592877,,,8.327950085592313e-05,,,,9,,,0.0006075382324965057,,PRUNED
147,147,33.333333333333336,2025-05-24 20:05:17.299326,2025-05-24 20:05:23.437353,0 days 00:00:06.138027,Adadelta,0.19942490410093167,26.6745944682403,,,,,,7,0.07820654308124532,,,,PRUNED
148,148,25.0,2025-05-24 20:05:23.475107,2025-05-24 20:05:28.933764,0 days 00:00:05.458657,AdamW,0.18869533976145597,,,4.523397643151194e-05,,,,4,,,0.0031664191365662203,,PRUNED
149,149,35.416666666666664,2025-05-24 20:05:28.972098,2025-05-24 20:05:35.005337,0 days 00:00:06.033239,Adam,0.21526612145501658,,5.133414402984421e-05,,,,,3,,0.6993417519050947,,,PRUNED
150,150,37.5,2025-05-24 20:05:35.042569,2025-05-24 20:05:41.055698,0 days 00:00:06.013129,AdamW,0.3349091426790501,,,0.0001713877323420106,,,,8,,,0.000874857924577656,,PRUNED
151,151,54.166666666666664,2025-05-24 20:05:41.092511,2025-05-24 20:05:52.393143,0 days 00:00:11.300632,AdamW,0.294917565728379,,,1.0904018287001632e-05,,,,4,,,0.002170796407263599,,COMPLETE
152,152,33.333333333333336,2025-05-24 20:05:52.445100,2025-05-24 20:05:58.507055,0 days 00:00:06.061955,AdamW,0.2944503614501038,,,1.1199709853196606e-05,,,,4,,,0.0020597522933199874,,PRUNED
153,153,33.333333333333336,2025-05-24 20:05:58.545595,2025-05-24 20:06:04.565881,0 days 00:00:06.020286,AdamW,0.27120360502120827,,,1.8496161553754326e-05,,,,5,,,0.0017331935263558225,,PRUNED
154,154,33.333333333333336,2025-05-24 20:06:04.602438,2025-05-24 20:06:10.601455,0 days 00:00:05.999017,AdamW,0.25907381597283036,,,1.582245087614264e-05,,,,4,,,0.0007921279676019625,,PRUNED
155,155,35.416666666666664,2025-05-24 20:06:10.637115,2025-05-24 20:06:16.696269,0 days 00:00:06.059154,AdamW,0.3066422022831143,,,2.4374926911657764e-05,,,,3,,,0.002596961695175808,,PRUNED
156,156,33.333333333333336,2025-05-24 20:06:16.731743,2025-05-24 20:06:22.806292,0 days 00:00:06.074549,AdamW,0.1760769563059529,,,5.3234734123266204e-05,,,,4,,,0.0013529887683230912,,PRUNED
157,157,,2025-05-24 20:06:22.846490,2025-05-24 20:06:28.265005,0 days 00:00:05.418515,SGD,0.28187145417491194,,,,6.471049062254562e-05,32.627496612288326,False,2,,,,0.4864666860855151,PRUNED
158,158,54.166666666666664,2025-05-24 20:06:28.301535,2025-05-24 20:06:39.825777,0 days 00:00:11.524242,AdamW,0.1155893115158585,,,9.46261145450922e-05,,,,3,,,0.0018961727069495644,,COMPLETE
159,159,29.166666666666668,2025-05-24 20:06:39.877997,2025-05-24 20:06:45.771666,0 days 00:00:05.893669,AdamW,0.14236112322703934,,,9.764383790408218e-05,,,,3,,,0.0023235510951077716,,PRUNED
160,160,50.0,2025-05-24 20:06:45.808644,2025-05-24 20:06:57.105496,0 days 00:00:11.296852,AdamW,0.09925945453010554,,,6.996472092974076e-05,,,,2,,,0.0015278360197817004,,COMPLETE
161,161,33.333333333333336,2025-05-24 20:06:57.158866,2025-05-24 20:07:03.203657,0 days 00:00:06.044791,AdamW,0.3169989333968241,,,0.0001293252505452373,,,,4,,,0.0019700851663234263,,PRUNED
162,162,35.416666666666664,2025-05-24 20:07:03.241052,2025-05-24 20:07:09.275816,0 days 00:00:06.034764,AdamW,0.32616804985503245,,,8.30599203791304e-05,,,,3,,,0.0018191752247780945,,PRUNED
163,163,33.333333333333336,2025-05-24 20:07:09.311994,2025-05-24 20:07:15.305574,0 days 00:00:05.993580,AdamW,0.4306646652513071,,,5.553304374608197e-05,,,,3,,,0.0021788913818955127,,PRUNED
164,164,33.333333333333336,2025-05-24 20:07:15.341660,2025-05-24 20:07:21.427097,0 days 00:00:06.085437,AdamW,0.30041062095317966,,,0.00010175903180976706,,,,4,,,0.004456778299048407,,PRUNED
165,165,33.333333333333336,2025-05-24 20:07:21.464664,2025-05-24 20:07:27.527105,0 days 00:00:06.062441,AdamW,0.11489025525051645,,,1.4129006770054445e-05,,,,9,,,0.000957556952406928,,PRUNED
166,166,43.75,2025-05-24 20:07:27.566645,2025-05-24 20:07:36.739311,0 days 00:00:09.172666,AdamW,0.05742984783317265,,,4.1366399873410944e-05,,,,3,,,0.00048475895931739127,,PRUNED
167,167,35.416666666666664,2025-05-24 20:07:36.776508,2025-05-24 20:07:42.826668,0 days 00:00:06.050160,AdamW,0.07893161685494476,,,6.80242176787041e-05,,,,6,,,0.0016669459912038347,,PRUNED
168,168,33.333333333333336,2025-05-24 20:07:42.863039,2025-05-24 20:07:48.949714,0 days 00:00:06.086675,Adam,0.26422303207655057,,1.867903465378353e-05,,,,,12,,0.08636701532836497,,,PRUNED
169,169,33.333333333333336,2025-05-24 20:07:48.986780,2025-05-24 20:07:54.999390,0 days 00:00:06.012610,AdamW,0.1734946811817844,,,0.00015469551564734348,,,,5,,,0.0006575604368185216,,PRUNED
170,170,35.416666666666664,2025-05-24 20:07:55.037046,2025-05-24 20:08:01.104421,0 days 00:00:06.067375,AdamW,0.19367320143214012,,,1.0034103780931486e-05,,,,4,,,0.0058417708394743065,,PRUNED
171,171,35.416666666666664,2025-05-24 20:08:01.145465,2025-05-24 20:08:06.803896,0 days 00:00:05.658431,AdamW,0.09673394588139875,,,6.792385962100237e-05,,,,1,,,0.0015500696835626744,,PRUNED
172,172,45.833333333333336,2025-05-24 20:08:06.839559,2025-05-24 20:08:14.694204,0 days 00:00:07.854645,AdamW,0.09024789116058857,,,7.610325300837774e-05,,,,2,,,0.0014476220065258137,,COMPLETE
173,173,39.583333333333336,2025-05-24 20:08:14.745395,2025-05-24 20:08:17.389573,0 days 00:00:02.644178,AdamW,0.1230028021471043,,,0.00012240058312614182,,,,8,,,0.0011189305621297425,,PRUNED
174,174,45.833333333333336,2025-05-24 20:08:17.418362,2025-05-24 20:08:20.978761,0 days 00:00:03.560399,AdamW,0.10650096029004201,,,5.9426451473440504e-05,,,,3,,,0.0004047595984993425,,PRUNED
175,175,39.583333333333336,2025-05-24 20:08:21.015502,2025-05-24 20:08:23.649452,0 days 00:00:02.633950,AdamW,0.06668919894472362,,,9.549665208482113e-05,,,,7,,,0.0018880726449941787,,PRUNED
176,176,37.5,2025-05-24 20:08:23.686347,2025-05-24 20:08:26.563457,0 days 00:00:02.877110,AdamW,0.28706994266818436,,,4.563459912226656e-05,,,,1,,,0.0005632017883556424,,PRUNED
177,177,33.333333333333336,2025-05-24 20:08:26.590725,2025-05-24 20:08:30.815942,0 days 00:00:04.225217,AdamW,0.3858027350132749,,,3.0057290562773227e-05,,,,4,,,0.0015134293873291442,,PRUNED
178,178,43.75,2025-05-24 20:08:30.852061,2025-05-24 20:08:40.958377,0 days 00:00:10.106316,AdamW,0.15264298898756462,,,8.200146497498289e-05,,,,10,,,0.0012387302145490144,,PRUNED
179,179,37.5,2025-05-24 20:08:40.994725,2025-05-24 20:08:45.598626,0 days 00:00:04.603901,AdamW,0.2492342056898006,,,6.641138478323637e-05,,,,9,,,0.0007849247339230717,,PRUNED
180,180,33.333333333333336,2025-05-24 20:08:45.634142,2025-05-24 20:08:48.732236,0 days 00:00:03.098094,Adadelta,0.20508427797228362,0.9406670583200927,,,,,,2,15.093349564069854,,,,PRUNED
181,181,39.583333333333336,2025-05-24 20:08:48.760908,2025-05-24 20:08:52.161280,0 days 00:00:03.400372,AdamW,0.2764485161640658,,,2.2880687598424553e-05,,,,11,,,0.0023058818968253797,,PRUNED
182,182,47.916666666666664,2025-05-24 20:08:52.197350,2025-05-24 20:09:03.572902,0 days 00:00:11.375552,AdamW,0.3077718580046986,,,1.3550027181469998e-05,,,,4,,,0.0028276435044931316,,PRUNED
183,183,33.333333333333336,2025-05-24 20:09:03.609807,2025-05-24 20:09:09.703601,0 days 00:00:06.093794,AdamW,0.18282313181097729,,,0.006082234222273311,,,,4,,,0.0020612690376333037,,PRUNED
184,184,29.166666666666668,2025-05-24 20:09:09.740560,2025-05-24 20:09:15.784567,0 days 00:00:06.044007,AdamW,0.29459261018288146,,,1.067930663527808e-05,,,,5,,,0.0025563830993642245,,PRUNED
185,185,33.333333333333336,2025-05-24 20:09:15.824478,2025-05-24 20:09:21.882142,0 days 00:00:06.057664,AdamW,0.3508595479453213,,,0.00010942027312287583,,,,2,,,0.0017246717634868262,,PRUNED
186,186,33.333333333333336,2025-05-24 20:09:21.919915,2025-05-24 20:09:27.919605,0 days 00:00:05.999690,Adam,0.16294347713164684,,0.021779571388143612,,,,,4,,3.625891535255882,,,PRUNED
187,187,33.333333333333336,2025-05-24 20:09:27.955264,2025-05-24 20:09:34.070590,0 days 00:00:06.115326,AdamW,0.34007687768006706,,,0.00020698524010081228,,,,4,,,0.0007387854269111428,,PRUNED
188,188,,2025-05-24 20:09:34.109587,2025-05-24 20:09:39.267959,0 days 00:00:05.158372,SGD,0.10167523692557669,,,,0.019440391244986345,60.36382963804526,True,8,,,,93.10499839864464,PRUNED
189,189,45.833333333333336,2025-05-24 20:09:39.302989,2025-05-24 20:09:47.410420,0 days 00:00:08.107431,AdamW,0.22010741554583255,,,3.8067820408529835e-05,,,,5,,,0.0022487006455456904,,PRUNED
190,190,33.333333333333336,2025-05-24 20:09:47.446392,2025-05-24 20:09:53.548912,0 days 00:00:06.102520,AdamW,0.13594704454579595,,,5.302696473575163e-05,,,,2,,,0.003105349309603102,,PRUNED
191,191,20.833333333333332,2025-05-24 20:09:53.586990,2025-05-24 20:09:59.639469,0 days 00:00:06.052479,Adam,0.31906697223059044,,4.4159667823732744e-05,,,,,8,,0.03710963852397571,,,PRUNED
192,192,35.416666666666664,2025-05-24 20:09:59.677399,2025-05-24 20:10:05.663357,0 days 00:00:05.985958,Adam,0.32841689295086857,,0.00011115687075347421,,,,,8,,0.08695008181384621,,,PRUNED
193,193,31.25,2025-05-24 20:10:05.699109,2025-05-24 20:10:11.701042,0 days 00:00:06.001933,Adam,0.3675365718902759,,2.8484176821035905e-05,,,,,7,,0.020940884399273527,,,PRUNED
194,194,43.75,2025-05-24 20:10:11.738470,2025-05-24 20:10:19.873259,0 days 00:00:08.134789,Adam,0.34657060151261965,,7.408290795471979e-05,,,,,8,,0.05746965629464906,,,PRUNED
195,195,35.416666666666664,2025-05-24 20:10:19.910554,2025-05-24 20:10:25.902211,0 days 00:00:05.991657,AdamW,0.4916110603563628,,,9.448997586311836e-05,,,,3,,,0.0018580142453365903,,PRUNED
196,196,39.583333333333336,2025-05-24 20:10:25.938522,2025-05-24 20:10:31.934018,0 days 00:00:05.995496,AdamW,0.07558208245989585,,,1.788799726906055e-05,,,,4,,,0.0016001925502744567,,PRUNED
197,197,39.583333333333336,2025-05-24 20:10:31.971271,2025-05-24 20:10:37.990391,0 days 00:00:06.019120,AdamW,0.039401303354599085,,,0.00013041520079035414,,,,9,,,0.000852957482231208,,PRUNED
198,198,37.5,2025-05-24 20:10:38.026856,2025-05-24 20:10:44.000541,0 days 00:00:05.973685,AdamW,0.23793123981950492,,,6.863943863312084e-05,,,,3,,,0.0013561762502301887,,PRUNED
199,199,35.416666666666664,2025-05-24 20:10:44.038000,2025-05-24 20:10:50.043527,0 days 00:00:06.005527,Adam,0.3605731024721056,,0.0002219896226925406,,,,,4,,0.21746864894808396,,,PRUNED
200,200,39.583333333333336,2025-05-24 20:10:50.080635,2025-05-24 20:10:55.876319,0 days 00:00:05.795684,AdamW,0.2571657795034532,,,3.344900158314855e-05,,,,12,,,0.0010203009693403556,,PRUNED
201,201,39.583333333333336,2025-05-24 20:10:55.914272,2025-05-24 20:11:01.951239,0 days 00:00:06.036967,AdamW,0.1154048627382511,,,7.684620350094734e-05,,,,2,,,0.0006229660151103144,,PRUNED
202,202,35.416666666666664,2025-05-24 20:11:01.987210,2025-05-24 20:11:07.958725,0 days 00:00:05.971515,AdamW,0.2866223982549972,,,8.361161263748592e-05,,,,2,,,0.0015173967597376277,,PRUNED
203,203,39.583333333333336,2025-05-24 20:11:07.994414,2025-05-24 20:11:13.955961,0 days 00:00:05.961547,AdamW,0.0885887251818911,,,5.905444199915761e-05,,,,1,,,0.0005136416984933052,,PRUNED
204,204,33.333333333333336,2025-05-24 20:11:13.992791,2025-05-24 20:11:20.170700,0 days 00:00:06.177909,AdamW,0.09016391728171931,,,1.3529133390929452e-05,,,,7,,,0.0014084771836482927,,PRUNED
205,205,35.416666666666664,2025-05-24 20:11:20.221566,2025-05-24 20:11:26.272010,0 days 00:00:06.050444,AdamW,0.09709162599070212,,,4.906609961917163e-05,,,,2,,,0.0019976379001098625,,PRUNED
206,206,37.5,2025-05-24 20:11:26.310082,2025-05-24 20:11:32.354221,0 days 00:00:06.044139,AdamW,0.18554898246857646,,,0.00010648946623435285,,,,13,,,0.0016750826336154926,,PRUNED
207,207,33.333333333333336,2025-05-24 20:11:32.390991,2025-05-24 20:11:38.424277,0 days 00:00:06.033286,AdamW,0.40551108399293134,,,0.00015434705244218063,,,,3,,,0.000691385319532883,,PRUNED
208,208,37.5,2025-05-24 20:11:38.460187,2025-05-24 20:11:45.172582,0 days 00:00:06.712395,AdamW,0.3782030333624085,,,7.505996085677429e-05,,,,11,,,0.004011883726169475,,PRUNED
209,209,33.333333333333336,2025-05-24 20:11:45.209018,2025-05-24 20:11:47.471222,0 days 00:00:02.262204,AdamW,0.3333282864450326,,,8.97346529691773e-05,,,,1,,,0.002185343223993809,,PRUNED
210,210,33.333333333333336,2025-05-24 20:11:47.500369,2025-05-24 20:11:49.605173,0 days 00:00:02.104804,AdamW,0.29743435151341807,,,0.00012720857689294302,,,,4,,,0.00044336908254819147,,PRUNED
211,211,39.583333333333336,2025-05-24 20:11:49.634175,2025-05-24 20:11:52.301498,0 days 00:00:02.667323,Adam,0.3153486149900383,,1.1988061047188454e-05,,,,,4,,70.16082451078655,,,PRUNED
212,212,33.333333333333336,2025-05-24 20:11:52.328714,2025-05-24 20:11:54.381779,0 days 00:00:02.053065,Adam,0.30342443494936694,,2.1732529197761155e-05,,,,,3,,28.03180219352536,,,PRUNED
213,213,33.333333333333336,2025-05-24 20:11:54.410386,2025-05-24 20:11:57.180358,0 days 00:00:02.769972,Adam,0.2712483522606587,,1.1071254930844897e-05,,,,,4,,20.54061410913327,,,PRUNED
214,214,45.833333333333336,2025-05-24 20:11:57.208352,2025-05-24 20:12:02.366922,0 days 00:00:05.158570,Adam,0.1686871421179674,,2.726688243139446e-05,,,,,8,,1.1160790208568374,,,PRUNED
215,215,31.25,2025-05-24 20:12:02.397162,2025-05-24 20:12:05.255178,0 days 00:00:02.858016,Adam,0.11116956477678942,,8.39792546173465e-05,,,,,4,,0.013263379942376667,,,PRUNED
216,216,33.333333333333336,2025-05-24 20:12:05.294273,2025-05-24 20:12:11.205659,0 days 00:00:05.911386,AdamW,0.077714156814502,,,0.00026039706302923986,,,,2,,,0.0005877643917553469,,PRUNED
217,217,39.583333333333336,2025-05-24 20:12:11.243735,2025-05-24 20:12:18.118073,0 days 00:00:06.874338,AdamW,0.3211263474106431,,,6.160344346968671e-05,,,,9,,,0.0011660396029142255,,PRUNED
218,218,33.333333333333336,2025-05-24 20:12:18.145323,2025-05-24 20:12:20.216002,0 days 00:00:02.070679,Adadelta,0.21162268386712615,2.648645658582505,,,,,,4,1.5827638995576705,,,,PRUNED
219,219,33.333333333333336,2025-05-24 20:12:20.245693,2025-05-24 20:12:22.381138,0 days 00:00:02.135445,AdamW,0.27992883843091365,,,4.058523950413088e-05,,,,6,,,0.0017944353926893151,,PRUNED
220,220,,2025-05-24 20:12:22.411767,2025-05-24 20:12:25.217624,0 days 00:00:02.805857,SGD,0.19573370029975934,,,,0.0014941931359317233,16.796050292014435,True,5,,,,0.05597364062476596,PRUNED
221,221,35.416666666666664,2025-05-24 20:12:25.252678,2025-05-24 20:12:27.732024,0 days 00:00:02.479346,AdamW,0.16634983296061204,,,0.00017919731140572602,,,,12,,,0.0024590803384367537,,PRUNED
222,222,54.166666666666664,2025-05-24 20:12:27.764361,2025-05-24 20:12:36.339486,0 days 00:00:08.575125,AdamW,0.17970208839914084,,,0.0011521176035444035,,,,12,,,0.002014737806054088,,COMPLETE
223,223,33.333333333333336,2025-05-24 20:12:36.395178,2025-05-24 20:12:42.419983,0 days 00:00:06.024805,AdamW,0.17767780381284493,,,5.200334599840256e-05,,,,8,,,0.001996589332513842,,PRUNED
224,224,33.333333333333336,2025-05-24 20:12:42.456292,2025-05-24 20:12:48.499128,0 days 00:00:06.042836,AdamW,0.20406806656019758,,,0.0015459534750267097,,,,12,,,0.0014352409216454478,,PRUNED
225,225,33.333333333333336,2025-05-24 20:12:48.538841,2025-05-24 20:12:54.639813,0 days 00:00:06.100972,AdamW,0.185290897294007,,,0.0007127489277387672,,,,12,,,0.0018092397852918383,,PRUNED
226,226,33.333333333333336,2025-05-24 20:12:54.677314,2025-05-24 20:13:00.667494,0 days 00:00:05.990180,AdamW,0.44616066905983065,,,0.001030070476223261,,,,12,,,0.0009090252306337966,,PRUNED
227,227,29.166666666666668,2025-05-24 20:13:00.703960,2025-05-24 20:13:06.756269,0 days 00:00:06.052309,AdamW,0.3070660362006148,,,7.277355473940365e-05,,,,3,,,0.0027677771219233173,,PRUNED
228,228,33.333333333333336,2025-05-24 20:13:06.796816,2025-05-24 20:13:12.870906,0 days 00:00:06.074090,AdamW,0.35691464137697626,,,0.0010714758159366575,,,,4,,,0.0021269617831943767,,PRUNED
229,229,33.333333333333336,2025-05-24 20:13:12.916535,2025-05-24 20:13:18.942688,0 days 00:00:06.026153,AdamW,0.3369733841795183,,,0.0013092446593183857,,,,8,,,0.0007586645665333242,,PRUNED
230,230,33.333333333333336,2025-05-24 20:13:18.979376,2025-05-24 20:13:25.010253,0 days 00:00:06.030877,Adam,0.29467190129691767,,0.00019635607678522687,,,,,11,,2.3854513881458703,,,PRUNED
231,231,33.333333333333336,2025-05-24 20:13:25.048396,2025-05-24 20:13:31.062884,0 days 00:00:06.014488,AdamW,0.15638563781870632,,,0.0001067923999370566,,,,11,,,0.0019453416872615512,,PRUNED
232,232,64.58333333333333,2025-05-24 20:13:31.099978,2025-05-24 20:13:42.234508,0 days 00:00:11.134530,AdamW,0.17701394167817608,,,8.201655771972812e-05,,,,13,,,0.002534956396330706,,COMPLETE
233,233,33.333333333333336,2025-05-24 20:13:42.289165,2025-05-24 20:13:48.298339,0 days 00:00:06.009174,AdamW,0.17377425145845504,,,1.194924064305018e-05,,,,13,,,0.0023520802925337267,,PRUNED
234,234,33.333333333333336,2025-05-24 20:13:48.336583,2025-05-24 20:13:54.414241,0 days 00:00:06.077658,AdamW,0.19426961723259523,,,0.0637233791101616,,,,13,,,0.0025556297060263925,,PRUNED
235,235,35.416666666666664,2025-05-24 20:13:54.452703,2025-05-24 20:14:00.441973,0 days 00:00:05.989270,AdamW,0.18013892729527978,,,8.668383215561427e-05,,,,13,,,0.0016329998152229826,,PRUNED
236,236,33.333333333333336,2025-05-24 20:14:00.478429,2025-05-24 20:14:06.508412,0 days 00:00:06.029983,AdamW,0.0879656838930885,,,0.0005647851464256886,,,,4,,,0.001288803378944106,,PRUNED
237,237,33.333333333333336,2025-05-24 20:14:06.546478,2025-05-24 20:14:12.554244,0 days 00:00:06.007766,AdamW,0.2667093034035776,,,6.744617012285183e-05,,,,10,,,0.0023555004055389375,,PRUNED
238,238,58.333333333333336,2025-05-24 20:14:12.592996,2025-05-24 20:14:23.943057,0 days 00:00:11.350061,AdamW,0.18853019210121885,,,9.25219714190942e-05,,,,7,,,0.003520217102310122,,COMPLETE
239,239,33.333333333333336,2025-05-24 20:14:23.997184,2025-05-24 20:14:30.065769,0 days 00:00:06.068585,AdamW,0.19070542221511208,,,9.31161763274594e-05,,,,7,,,0.00293291700255442,,PRUNED
240,240,33.333333333333336,2025-05-24 20:14:30.103474,2025-05-24 20:14:36.174443,0 days 00:00:06.070969,AdamW,0.20499968795369825,,,0.0022374940029291704,,,,7,,,0.0050781875801653165,,PRUNED
241,241,35.416666666666664,2025-05-24 20:14:36.214118,2025-05-24 20:14:42.211991,0 days 00:00:05.997873,AdamW,0.18019738096807894,,,0.000126385145423856,,,,7,,,0.0032119928537579705,,PRUNED
242,242,35.416666666666664,2025-05-24 20:14:42.250084,2025-05-24 20:14:48.281442,0 days 00:00:06.031358,AdamW,0.16633004072344587,,,6.139081094528397e-05,,,,7,,,0.003602482046256609,,PRUNED
243,243,37.5,2025-05-24 20:14:48.320015,2025-05-24 20:14:54.414456,0 days 00:00:06.094441,AdamW,0.1894644242493657,,,0.0008583800474392865,,,,8,,,0.005869595416372134,,PRUNED
244,244,35.416666666666664,2025-05-24 20:14:54.452530,2025-05-24 20:15:01.560490,0 days 00:00:07.107960,AdamW,0.24813824796961667,,,8.434552389648825e-05,,,,3,,,0.00212190244824108,,PRUNED
245,245,37.5,2025-05-24 20:15:01.597423,2025-05-24 20:15:07.624639,0 days 00:00:06.027216,AdamW,0.09862716953011727,,,0.00011348773316997752,,,,2,,,0.0008378272398577587,,PRUNED
246,246,37.5,2025-05-24 20:15:07.662618,2025-05-24 20:15:13.678652,0 days 00:00:06.016034,AdamW,0.1978161261838483,,,7.175630884907661e-05,,,,4,,,0.0018181245139718084,,PRUNED
247,247,35.416666666666664,2025-05-24 20:15:13.717785,2025-05-24 20:15:19.748801,0 days 00:00:06.031016,Adam,0.3458546438977675,,1.1068835080079925e-05,,,,,13,,0.649020382380084,,,PRUNED
248,248,31.25,2025-05-24 20:15:19.785498,2025-05-24 20:15:23.660679,0 days 00:00:03.875181,AdamW,0.3119263565106595,,,4.800528250103181e-05,,,,5,,,0.004727946881570153,,PRUNED
249,249,33.333333333333336,2025-05-24 20:15:23.690001,2025-05-24 20:15:25.933998,0 days 00:00:02.243997,AdamW,0.2875130113573172,,,0.00014137607930603716,,,,6,,,0.001492348124673315,,PRUNED
250,250,37.5,2025-05-24 20:15:25.961283,2025-05-24 20:15:28.390149,0 days 00:00:02.428866,AdamW,0.22739928144612315,,,9.370493688640401e-05,,,,12,,,0.006561356324071967,,PRUNED
251,251,35.416666666666664,2025-05-24 20:15:28.417813,2025-05-24 20:15:31.243604,0 days 00:00:02.825791,AdamW,0.17061032596149187,,,7.717640989206306e-05,,,,8,,,0.002709207217262324,,PRUNED
252,252,33.333333333333336,2025-05-24 20:15:31.278012,2025-05-24 20:15:35.232960,0 days 00:00:03.954948,AdamW,0.3255912126001544,,,6.323593878052328e-05,,,,4,,,0.0037772353319051456,,PRUNED
253,253,33.333333333333336,2025-05-24 20:15:35.270094,2025-05-24 20:15:38.551290,0 days 00:00:03.281196,Adadelta,0.14300652882617926,0.04500405447834877,,,,,,4,98.46054155123726,,,,PRUNED
254,254,33.333333333333336,2025-05-24 20:15:38.579013,2025-05-24 20:15:41.730270,0 days 00:00:03.151257,Adam,0.1817627565595264,,0.000630666258110314,,,,,9,,0.0208278400986724,,,PRUNED
255,255,39.583333333333336,2025-05-24 20:15:41.768268,2025-05-24 20:15:47.602943,0 days 00:00:05.834675,AdamW,0.08204878209916715,,,0.00010982762568444038,,,,0,,,0.0006436081317921908,,PRUNED
256,256,39.583333333333336,2025-05-24 20:15:47.631478,2025-05-24 20:15:54.141845,0 days 00:00:06.510367,AdamW,0.3941263297674719,,,5.416994377566793e-05,,,,3,,,0.001712792244960237,,PRUNED
257,257,29.166666666666668,2025-05-24 20:15:54.181021,2025-05-24 20:15:58.262044,0 days 00:00:04.081023,AdamW,0.16138377579229152,,,1.6049970593022645e-05,,,,2,,,0.0020247281479595703,,PRUNED
258,258,,2025-05-24 20:15:58.299709,2025-05-24 20:16:02.904602,0 days 00:00:04.604893,SGD,0.21146877748199422,,,,0.00010129328338603451,76.25726061415745,False,12,,,,7.7195419395165725,PRUNED
259,259,33.333333333333336,2025-05-24 20:16:02.940690,2025-05-24 20:16:08.159937,0 days 00:00:05.219247,AdamW,0.4204572570472263,,,4.463519107598314e-05,,,,4,,,0.0004849987873567779,,PRUNED
260,260,35.416666666666664,2025-05-24 20:16:08.198459,2025-05-24 20:16:14.219754,0 days 00:00:06.021295,AdamW,0.29876597077267236,,,7.974861087671974e-05,,,,7,,,0.0005393010586897007,,PRUNED
261,261,29.166666666666668,2025-05-24 20:16:14.256861,2025-05-24 20:16:20.293139,0 days 00:00:06.036278,Adam,0.25906331180281555,,2.681926263206974e-05,,,,,8,,20.081775205322813,,,PRUNED
262,262,35.416666666666664,2025-05-24 20:16:20.332173,2025-05-24 20:16:26.430598,0 days 00:00:06.098425,AdamW,0.19779990501997582,,,1.0461213351368179e-05,,,,3,,,0.002266546416748685,,PRUNED
263,263,33.333333333333336,2025-05-24 20:16:26.468761,2025-05-24 20:16:32.479359,0 days 00:00:06.010598,AdamW,0.12251492967245325,,,2.0832592537505268e-05,,,,4,,,0.0007413106101835366,,PRUNED
264,264,35.416666666666664,2025-05-24 20:16:32.519115,2025-05-24 20:16:38.554325,0 days 00:00:06.035210,AdamW,0.1849727371751722,,,9.668383642351352e-05,,,,8,,,0.0015405428731423592,,PRUNED
265,265,50.0,2025-05-24 20:16:38.596057,2025-05-24 20:16:50.075855,0 days 00:00:11.479798,AdamW,0.10822380840122728,,,2.8204656199982972e-05,,,,9,,,0.0009728385260656506,,PRUNED
266,266,35.416666666666664,2025-05-24 20:16:50.115335,2025-05-24 20:16:56.163260,0 days 00:00:06.047925,AdamW,0.27351946474184013,,,0.00015619802667793254,,,,4,,,0.0025194305551628645,,PRUNED
267,267,41.666666666666664,2025-05-24 20:16:56.200385,2025-05-24 20:17:03.355088,0 days 00:00:07.154703,Adam,0.33016974941329696,,5.6089837363734746e-05,,,,,3,,0.13346927035345735,,,PRUNED
268,268,37.5,2025-05-24 20:17:03.393488,2025-05-24 20:17:10.517371,0 days 00:00:07.123883,AdamW,0.06811741616133656,,,3.6586105780553985e-05,,,,7,,,0.0018659292983831718,,PRUNED
269,269,37.5,2025-05-24 20:17:10.555676,2025-05-24 20:17:16.611056,0 days 00:00:06.055380,AdamW,0.2179771511427151,,,5.822981312214321e-05,,,,5,,,0.0034527964850560285,,PRUNED
270,270,33.333333333333336,2025-05-24 20:17:16.650905,2025-05-24 20:17:22.706811,0 days 00:00:06.055906,AdamW,0.15388977650921482,,,0.00011097842298706849,,,,6,,,0.0008087852914764114,,PRUNED
271,271,37.5,2025-05-24 20:17:22.745430,2025-05-24 20:17:29.956583,0 days 00:00:07.211153,AdamW,0.47179624949092097,,,7.036719703167574e-05,,,,2,,,0.004211864972853772,,PRUNED
272,272,45.833333333333336,2025-05-24 20:17:29.995850,2025-05-24 20:17:41.252682,0 days 00:00:11.256832,AdamW,0.1721621483030186,,,0.00013196143258580005,,,,4,,,0.001668227565789105,,COMPLETE
273,273,33.333333333333336,2025-05-24 20:17:41.307463,2025-05-24 20:17:47.506653,0 days 00:00:06.199190,AdamW,0.1752171334550425,,,0.00019035247574736874,,,,13,,,0.001628527547085919,,PRUNED
274,274,33.333333333333336,2025-05-24 20:17:47.549685,2025-05-24 20:17:53.624816,0 days 00:00:06.075131,AdamW,0.17420994916354735,,,0.0001353072600197122,,,,4,,,0.0020537657895846662,,PRUNED
275,275,35.416666666666664,2025-05-24 20:17:53.662223,2025-05-24 20:17:59.715270,0 days 00:00:06.053047,AdamW,0.19669837233814177,,,8.739420158552452e-05,,,,3,,,0.0014572619490622102,,PRUNED
276,276,35.416666666666664,2025-05-24 20:17:59.754672,2025-05-24 20:18:06.821331,0 days 00:00:07.066659,AdamW,0.18570321412411173,,,9.889143403925975e-05,,,,10,,,0.000687142204806378,,PRUNED
277,277,33.333333333333336,2025-05-24 20:18:06.860313,2025-05-24 20:18:12.929915,0 days 00:00:06.069602,AdamW,0.1611047373670845,,,0.00012281031685732691,,,,4,,,0.0017315239269707963,,PRUNED
278,278,37.5,2025-05-24 20:18:12.977272,2025-05-24 20:18:20.020443,0 days 00:00:07.043171,AdamW,0.34903058100872,,,5.395776020712956e-05,,,,12,,,0.0013466254022165315,,PRUNED
279,279,37.5,2025-05-24 20:18:20.057993,2025-05-24 20:18:26.130225,0 days 00:00:06.072232,AdamW,0.36877826465235003,,,7.295466873569234e-05,,,,1,,,0.0021970107875076026,,PRUNED
280,280,56.25,2025-05-24 20:18:26.168824,2025-05-24 20:18:37.542582,0 days 00:00:11.373758,AdamW,0.09987148888241514,,,8.370914048420404e-05,,,,9,,,0.0018574720394068979,,COMPLETE
281,281,39.583333333333336,2025-05-24 20:18:37.596610,2025-05-24 20:18:43.684576,0 days 00:00:06.087966,AdamW,0.09678897766257455,,,7.756832214071491e-05,,,,9,,,0.0020070002399268203,,PRUNED
282,282,52.083333333333336,2025-05-24 20:18:43.721069,2025-05-24 20:18:54.008789,0 days 00:00:10.287720,AdamW,0.0923397222209016,,,6.350666470759991e-05,,,,8,,,0.0018843372607618121,,COMPLETE
283,283,35.416666666666664,2025-05-24 20:18:54.050487,2025-05-24 20:18:56.213160,0 days 00:00:02.162673,AdamW,0.10115137215949427,,,4.1393609401665674e-05,,,,8,,,0.0023364140484725474,,PRUNED
284,284,33.333333333333336,2025-05-24 20:18:56.243245,2025-05-24 20:18:58.528007,0 days 00:00:02.284762,Adadelta,0.11443533795052678,0.4425757923235959,,,,,,9,0.28264597514133555,,,,PRUNED
285,285,35.416666666666664,2025-05-24 20:18:58.555721,2025-05-24 20:19:00.623927,0 days 00:00:02.068206,AdamW,0.07948793850026503,,,6.375759905635245e-05,,,,8,,,0.000598946889129469,,PRUNED
286,286,33.333333333333336,2025-05-24 20:19:00.652186,2025-05-24 20:19:02.723066,0 days 00:00:02.070880,AdamW,0.24012561839473331,,,0.0013227175286074646,,,,9,,,0.001945734652140054,,PRUNED
287,287,35.416666666666664,2025-05-24 20:19:02.751458,2025-05-24 20:19:04.808535,0 days 00:00:02.057077,AdamW,0.20568453043906343,,,5.468232130814835e-05,,,,8,,,0.0018245623791424035,,PRUNED
288,288,,2025-05-24 20:19:04.837012,2025-05-24 20:19:06.595391,0 days 00:00:01.758379,SGD,0.10893539903427933,,,,0.000835337128346135,36.28763521996592,False,9,,,,1.452116719412002,PRUNED
289,289,33.333333333333336,2025-05-24 20:19:06.622090,2025-05-24 20:19:09.470188,0 days 00:00:02.848098,AdamW,0.0884136762164596,,,4.711490671788409e-05,,,,8,,,0.0021494718267823813,,PRUNED
290,290,31.25,2025-05-24 20:19:09.498510,2025-05-24 20:19:11.566411,0 days 00:00:02.067901,AdamW,0.19121652612971538,,,1.3278683602246667e-05,,,,10,,,0.0026100878859272834,,PRUNED
291,291,39.583333333333336,2025-05-24 20:19:11.593564,2025-05-24 20:19:13.670582,0 days 00:00:02.077018,AdamW,0.12247161843705773,,,9.784787550676337e-05,,,,7,,,0.0018572055880786214,,PRUNED
292,292,33.333333333333336,2025-05-24 20:19:13.698083,2025-05-24 20:19:16.613993,0 days 00:00:02.915910,AdamW,0.2522400984897211,,,6.265079862104022e-05,,,,9,,,0.00039540625856458386,,PRUNED
293,293,35.416666666666664,2025-05-24 20:19:16.650807,2025-05-24 20:19:21.880269,0 days 00:00:05.229462,AdamW,0.28156374876189316,,,8.218000181866851e-05,,,,8,,,0.0024227360150725083,,PRUNED
294,294,52.083333333333336,2025-05-24 20:19:21.909197,2025-05-24 20:19:29.789918,0 days 00:00:07.880721,AdamW,0.35758696745618507,,,0.00010715441418577583,,,,11,,,0.0008396693698988901,,COMPLETE
295,295,31.25,2025-05-24 20:19:29.830293,2025-05-24 20:19:31.914577,0 days 00:00:02.084284,AdamW,0.3553589384611314,,,0.00010242546152657166,,,,12,,,0.0008727758719308005,,PRUNED
296,296,39.583333333333336,2025-05-24 20:19:31.941933,2025-05-24 20:19:34.643348,0 days 00:00:02.701415,AdamW,0.38032029090670877,,,0.00010887905043497893,,,,13,,,0.0007568183810686025,,PRUNED
297,297,35.416666666666664,2025-05-24 20:19:34.670761,2025-05-24 20:19:36.807876,0 days 00:00:02.137115,AdamW,0.22991719159850332,,,1.009786989283081e-05,,,,11,,,0.0009410918429955841,,PRUNED
298,298,35.416666666666664,2025-05-24 20:19:36.846475,2025-05-24 20:19:39.230154,0 days 00:00:02.383679,AdamW,0.337084827754797,,,8.540291613422676e-05,,,,11,,,0.0006862695042677499,,PRUNED
299,299,39.583333333333336,2025-05-24 20:19:39.264615,2025-05-24 20:19:42.973221,0 days 00:00:03.708606,AdamW,0.21456673807342433,,,6.758334568784106e-05,,,,12,,,0.0008428396571463892,,PRUNED
300,300,31.25,2025-05-24 20:19:43.010880,2025-05-24 20:19:50.038865,0 days 00:00:07.027985,AdamW,0.4292198085842582,,,9.133774966299948e-05,,,,11,,,0.0019032832527760134,,PRUNED
301,301,33.333333333333336,2025-05-24 20:19:50.078060,2025-05-24 20:19:56.175820,0 days 00:00:06.097760,AdamW,0.26584623312413136,,,0.00012097225762552799,,,,10,,,0.0021500279581765807,,PRUNED
302,302,60.416666666666664,2025-05-24 20:19:56.214586,2025-05-24 20:20:07.483392,0 days 00:00:11.268806,AdamW,0.10018232737357495,,,0.00016042554912241026,,,,9,,,0.0010836479642840947,,COMPLETE
303,303,58.333333333333336,2025-05-24 20:20:07.539699,2025-05-24 20:20:18.682072,0 days 00:00:11.142373,AdamW,0.10300275937226142,,,0.00017107651525050563,,,,9,,,0.0011415296737823234,,COMPLETE
304,304,33.333333333333336,2025-05-24 20:20:18.736277,2025-05-24 20:20:24.828417,0 days 00:00:06.092140,AdamW,0.13394297289162183,,,0.00020901825357208688,,,,9,,,0.001085627215593609,,PRUNED
305,305,33.333333333333336,2025-05-24 20:20:24.865903,2025-05-24 20:20:30.946933,0 days 00:00:06.081030,AdamW,0.10447417428648832,,,0.00015064335182107653,,,,9,,,0.0011599333522087853,,PRUNED
306,306,35.416666666666664,2025-05-24 20:20:30.985995,2025-05-24 20:20:37.034992,0 days 00:00:06.048997,AdamW,0.09713068533230787,,,0.0001661889646576684,,,,9,,,0.0010087045832036798,,PRUNED
307,307,39.583333333333336,2025-05-24 20:20:37.073196,2025-05-24 20:20:43.141176,0 days 00:00:06.067980,AdamW,0.0834876534065973,,,0.0001406700612135539,,,,9,,,0.0010513040079406467,,PRUNED
308,308,29.166666666666668,2025-05-24 20:20:43.178626,2025-05-24 20:20:49.182867,0 days 00:00:06.004241,AdamW,0.05460620801571311,,,0.0002454052358152474,,,,9,,,0.0007981673757418568,,PRUNED
309,309,39.583333333333336,2025-05-24 20:20:49.223491,2025-05-24 20:20:55.302269,0 days 00:00:06.078778,AdamW,0.08841560265846271,,,0.0001790703633161324,,,,9,,,0.00045494176376582483,,PRUNED
310,310,37.5,2025-05-24 20:20:55.342321,2025-05-24 20:21:01.411655,0 days 00:00:06.069334,AdamW,0.11941069643272759,,,0.00033542292540694453,,,,10,,,0.00033827284775972557,,PRUNED
311,311,33.333333333333336,2025-05-24 20:21:01.453804,2025-05-24 20:21:07.507224,0 days 00:00:06.053420,AdamW,0.19981862226182084,,,0.00011636798991960051,,,,12,,,0.0009017091663766547,,PRUNED
312,312,39.583333333333336,2025-05-24 20:21:07.547573,2025-05-24 20:21:13.548362,0 days 00:00:06.000789,AdamW,0.11182446907710247,,,0.00016871862440066596,,,,9,,,0.0012611316143807277,,PRUNED
313,313,29.166666666666668,2025-05-24 20:21:13.587280,2025-05-24 20:21:19.605863,0 days 00:00:06.018583,Adadelta,0.1852683185515272,22.929605978902448,,,,,,10,0.03894746311543158,,,,PRUNED
314,314,35.416666666666664,2025-05-24 20:21:19.644819,2025-05-24 20:21:25.870478,0 days 00:00:06.225659,AdamW,0.14882413214928697,,,3.365832915423707e-05,,,,7,,,0.0006439143808287197,,PRUNED
315,315,33.333333333333336,2025-05-24 20:21:25.908085,2025-05-24 20:21:31.933647,0 days 00:00:06.025562,AdamW,0.3612652490557258,,,0.00013144439103947354,,,,9,,,0.0005214505178900519,,PRUNED
316,316,35.416666666666664,2025-05-24 20:21:31.971479,2025-05-24 20:21:38.006193,0 days 00:00:06.034714,AdamW,0.06916442910851033,,,0.00010553728252789782,,,,8,,,0.0009298331768320021,,PRUNED
317,317,,2025-05-24 20:21:38.044337,2025-05-24 20:21:43.533881,0 days 00:00:05.489544,SGD,0.34067639436055763,,,,0.03188737550604461,87.1868904973825,True,13,,,,0.04079336043476432,PRUNED
318,318,35.416666666666664,2025-05-24 20:21:43.571079,2025-05-24 20:21:49.612331,0 days 00:00:06.041252,AdamW,0.1655887054981755,,,8.33419395851448e-05,,,,7,,,0.002912598944368342,,PRUNED
319,319,35.416666666666664,2025-05-24 20:21:49.651328,2025-05-24 20:21:55.723616,0 days 00:00:06.072288,AdamW,0.0970636104326858,,,4.6033381877226074e-05,,,,8,,,0.0005766990796629768,,PRUNED
320,320,31.25,2025-05-24 20:21:55.762617,2025-05-24 20:22:01.774924,0 days 00:00:06.012307,AdamW,0.17960421934764856,,,5.615775657108943e-05,,,,12,,,0.0007058859784923046,,PRUNED
321,321,35.416666666666664,2025-05-24 20:22:01.812812,2025-05-24 20:22:07.957284,0 days 00:00:06.144472,AdamW,0.4572024937360014,,,0.00015421735240503688,,,,3,,,0.0016264130850892002,,PRUNED
322,322,37.5,2025-05-24 20:22:07.998992,2025-05-24 20:22:14.010462,0 days 00:00:06.011470,AdamW,0.4106238364097235,,,9.195965737021858e-05,,,,9,,,0.0007972476615920335,,PRUNED
323,323,35.416666666666664,2025-05-24 20:22:14.048636,2025-05-24 20:22:20.061384,0 days 00:00:06.012748,AdamW,0.12762118009642964,,,6.951550324930603e-05,,,,9,,,0.0001408141069821117,,PRUNED
324,324,33.333333333333336,2025-05-24 20:22:20.099275,2025-05-24 20:22:26.210275,0 days 00:00:06.111000,AdamW,0.2213161857390778,,,0.00011618736750915762,,,,8,,,0.0017184342423754182,,PRUNED
325,325,33.333333333333336,2025-05-24 20:22:26.250265,2025-05-24 20:22:32.234013,0 days 00:00:05.983748,AdamW,0.202269287321405,,,0.00020561093327753146,,,,10,,,0.0010981841787757035,,PRUNED
326,326,25.0,2025-05-24 20:22:32.272966,2025-05-24 20:22:36.173737,0 days 00:00:03.900771,AdamW,0.32553633805676985,,,8.15759786539334e-05,,,,12,,,0.0010075996262670119,,PRUNED
327,327,39.583333333333336,2025-05-24 20:22:36.208078,2025-05-24 20:22:39.810347,0 days 00:00:03.602269,AdamW,0.19031789884190004,,,5.955675859619079e-05,,,,13,,,0.0012247931040375748,,PRUNED
328,328,31.25,2025-05-24 20:22:39.857869,2025-05-24 20:22:43.577238,0 days 00:00:03.719369,AdamW,0.07682010868629809,,,0.00013643144146643698,,,,8,,,0.0019824777641276334,,PRUNED
329,329,39.583333333333336,2025-05-24 20:22:43.606068,2025-05-24 20:22:45.982898,0 days 00:00:02.376830,AdamW,0.10889865485543794,,,0.00010029217128217812,,,,3,,,0.007350157905313504,,PRUNED
330,330,37.5,2025-05-24 20:22:46.020930,2025-05-24 20:22:48.701827,0 days 00:00:02.680897,AdamW,0.24500685814643763,,,5.138632803866697e-05,,,,11,,,0.0018339408913918811,,PRUNED
331,331,43.75,2025-05-24 20:22:48.729201,2025-05-24 20:22:53.472863,0 days 00:00:04.743662,AdamW,0.009600689685949404,,,2.4080677946071558e-05,,,,7,,,0.0008491968875910063,,PRUNED
332,332,33.333333333333336,2025-05-24 20:22:53.512631,2025-05-24 20:22:55.628445,0 days 00:00:02.115814,AdamW,0.3166803202263898,,,0.0018302780629803487,,,,3,,,0.0007601677575229119,,PRUNED
333,333,33.333333333333336,2025-05-24 20:22:55.656977,2025-05-24 20:22:58.333742,0 days 00:00:02.676765,AdamW,0.3714601689816111,,,0.0008605631646616027,,,,6,,,0.0022295723007871937,,PRUNED
334,334,39.583333333333336,2025-05-24 20:22:58.369743,2025-05-24 20:23:02.102190,0 days 00:00:03.732447,AdamW,0.17363948534266643,,,7.613559712259577e-05,,,,10,,,0.0013380197433644915,,PRUNED
335,335,33.333333333333336,2025-05-24 20:23:02.136800,2025-05-24 20:23:06.154391,0 days 00:00:04.017591,Adadelta,0.3896686875913131,2.107533439713457,,,,,,5,2.0069008766446945,,,,PRUNED
336,336,33.333333333333336,2025-05-24 20:23:06.190605,2025-05-24 20:23:09.282196,0 days 00:00:03.091591,AdamW,0.10188456807756528,,,0.00011389018786665377,,,,8,,,0.0015292341325836704,,PRUNED
337,337,43.75,2025-05-24 20:23:09.309159,2025-05-24 20:23:12.096476,0 days 00:00:02.787317,AdamW,0.08996440530594717,,,3.6315818857576466e-05,,,,9,,,0.0045331555470290545,,PRUNED
338,338,35.416666666666664,2025-05-24 20:23:12.125043,2025-05-24 20:23:15.264053,0 days 00:00:03.139010,AdamW,0.20776551895356757,,,6.645199619064403e-05,,,,7,,,0.002632521119290058,,PRUNED
339,339,,2025-05-24 20:23:15.303208,2025-05-24 20:23:20.559369,0 days 00:00:05.256161,SGD,0.3487591750253616,,,,0.003114902963914262,58.94427287278654,True,9,,,,30.020474705467777,PRUNED
340,340,33.333333333333336,2025-05-24 20:23:20.596057,2025-05-24 20:23:26.651691,0 days 00:00:06.055634,AdamW,0.43948384864080164,,,9.903129496006331e-05,,,,12,,,0.0004949986096962442,,PRUNED
341,341,35.416666666666664,2025-05-24 20:23:26.688725,2025-05-24 20:23:32.785265,0 days 00:00:06.096540,AdamW,0.23550671775952453,,,4.2542181325003976e-05,,,,8,,,0.0009095376170006657,,PRUNED
342,342,47.916666666666664,2025-05-24 20:23:32.823936,2025-05-24 20:23:44.413493,0 days 00:00:11.589557,AdamW,0.15883474177435242,,,8.025968821266034e-05,,,,3,,,0.0005553650816908863,,PRUNED
343,343,37.5,2025-05-24 20:23:44.454667,2025-05-24 20:23:50.495022,0 days 00:00:06.040355,AdamW,0.13825160933805408,,,0.00014757423080073611,,,,11,,,0.0017285201532708113,,PRUNED
344,344,31.25,2025-05-24 20:23:50.533515,2025-05-24 20:23:56.670435,0 days 00:00:06.136920,AdamW,0.1932395850097146,,,5.402610581078383e-05,,,,13,,,0.0006407170283865536,,PRUNED
345,345,33.333333333333336,2025-05-24 20:23:56.709286,2025-05-24 20:24:02.740278,0 days 00:00:06.030992,AdamW,0.17923970654735275,,,8.968630207133856e-05,,,,6,,,0.0031061906927135376,,PRUNED
346,346,37.5,2025-05-24 20:24:02.781426,2025-05-24 20:24:09.858274,0 days 00:00:07.076848,AdamW,0.2598656947153673,,,0.00011820077345809644,,,,9,,,0.005546458781336316,,PRUNED
347,347,37.5,2025-05-24 20:24:09.898617,2025-05-24 20:24:15.997877,0 days 00:00:06.099260,AdamW,0.14981252550219423,,,0.0001704130775340694,,,,4,,,0.0020520789298937325,,PRUNED
348,348,37.5,2025-05-24 20:24:16.038881,2025-05-24 20:24:22.215395,0 days 00:00:06.176514,AdamW,0.16621690672725103,,,6.548184798416698e-05,,,,4,,,0.0019393572011094447,,PRUNED
349,349,56.25,2025-05-24 20:24:22.255083,2025-05-24 20:24:33.505380,0 days 00:00:11.250297,AdamW,0.3088151627933661,,,0.0004733435472779061,,,,10,,,0.0007167380052675231,,COMPLETE
350,350,33.333333333333336,2025-05-24 20:24:33.561611,2025-05-24 20:24:39.624437,0 days 00:00:06.062826,AdamW,0.3155269656108867,,,0.0005712713640929848,,,,10,,,0.0007267938686862159,,PRUNED
351,351,39.583333333333336,2025-05-24 20:24:39.666326,2025-05-24 20:24:45.804624,0 days 00:00:06.138298,AdamW,0.297298312481647,,,0.00021118150018843406,,,,10,,,0.0015927504684809055,,PRUNED
352,352,39.583333333333336,2025-05-24 20:24:45.845007,2025-05-24 20:24:51.961127,0 days 00:00:06.116120,AdamW,0.3291154917276764,,,0.00012470334442533134,,,,10,,,0.0006249988561163626,,PRUNED
353,353,37.5,2025-05-24 20:24:52.002397,2025-05-24 20:24:58.038394,0 days 00:00:06.035997,AdamW,0.30226721903109766,,,0.0002823455344960964,,,,9,,,0.0024400444704997743,,PRUNED
354,354,33.333333333333336,2025-05-24 20:24:58.076925,2025-05-24 20:25:04.090799,0 days 00:00:06.013874,AdamW,0.30974565520369696,,,0.0010853567886801362,,,,11,,,0.004040748239943979,,PRUNED
355,355,39.583333333333336,2025-05-24 20:25:04.129948,2025-05-24 20:25:10.150136,0 days 00:00:06.020188,AdamW,0.3412577085003188,,,0.00014872380543404844,,,,9,,,0.001395011409486783,,PRUNED
356,356,56.25,2025-05-24 20:25:10.190058,2025-05-24 20:25:21.626642,0 days 00:00:11.436584,AdamW,0.09501223957309834,,,2.8116655476246167e-05,,,,9,,,0.002232295750171799,,COMPLETE
357,357,37.5,2025-05-24 20:25:21.682920,2025-05-24 20:25:29.788867,0 days 00:00:08.105947,AdamW,0.08621505727702387,,,0.0012794062203730012,,,,12,,,0.0021791622732292406,,PRUNED
358,358,35.416666666666664,2025-05-24 20:25:29.826938,2025-05-24 20:25:36.887328,0 days 00:00:07.060390,AdamW,0.11561134605413124,,,0.0004201192667493238,,,,11,,,0.0024241427696053922,,PRUNED
359,359,37.5,2025-05-24 20:25:36.926215,2025-05-24 20:25:43.010771,0 days 00:00:06.084556,AdamW,0.09943968723415329,,,3.0256657670199926e-05,,,,8,,,0.0017776091939113964,,PRUNED
360,360,33.333333333333336,2025-05-24 20:25:43.049664,2025-05-24 20:25:49.118042,0 days 00:00:06.068378,AdamW,0.06063272344409006,,,2.817198840260578e-05,,,,3,,,0.002018139449473999,,PRUNED
361,361,33.333333333333336,2025-05-24 20:25:49.157203,2025-05-24 20:25:55.229555,0 days 00:00:06.072352,AdamW,0.08209124046244964,,,0.0054211283749808084,,,,11,,,0.002213516600460517,,PRUNED
362,362,39.583333333333336,2025-05-24 20:25:55.267174,2025-05-24 20:26:02.382975,0 days 00:00:07.115801,AdamW,0.10167000380009923,,,1.864768139771997e-05,,,,9,,,0.0027569870548448585,,PRUNED
363,363,35.416666666666664,2025-05-24 20:26:02.421630,2025-05-24 20:26:07.821190,0 days 00:00:05.399560,AdamW,0.0728857004807089,,,2.2221835805371253e-05,,,,10,,,0.0018762769957605763,,PRUNED
364,364,37.5,2025-05-24 20:26:07.849497,2025-05-24 20:26:09.970458,0 days 00:00:02.120961,AdamW,0.3567434563016192,,,3.999433301276641e-05,,,,12,,,0.003387321272159694,,PRUNED
365,365,33.333333333333336,2025-05-24 20:26:10.005476,2025-05-24 20:26:12.166990,0 days 00:00:02.161514,AdamW,0.09349924425026082,,,4.833450504311215e-05,,,,4,,,0.0006697503227146729,,PRUNED
366,366,35.416666666666664,2025-05-24 20:26:12.197623,2025-05-24 20:26:14.360847,0 days 00:00:02.163224,Adadelta,0.32062930975503917,0.2661622350082155,,,,,,9,0.30655035213826914,,,,PRUNED
367,367,35.416666666666664,2025-05-24 20:26:14.392040,2025-05-24 20:26:18.316432,0 days 00:00:03.924392,AdamW,0.12613104650194312,,,9.744537080311314e-05,,,,8,,,0.00045176059267864276,,PRUNED
368,368,56.25,2025-05-24 20:26:18.344791,2025-05-24 20:26:24.392928,0 days 00:00:06.048137,AdamW,0.33745917642641043,,,5.933851788588013e-05,,,,5,,,0.0023488226730492357,,COMPLETE
369,369,33.333333333333336,2025-05-24 20:26:24.447923,2025-05-24 20:26:29.450189,0 days 00:00:05.002266,AdamW,0.10694388844821323,,,6.039340244442995e-05,,,,5,,,0.0023104787542964035,,PRUNED
370,370,33.333333333333336,2025-05-24 20:26:29.486334,2025-05-24 20:26:33.228217,0 days 00:00:03.741883,AdamW,0.34135339658355074,,,0.009398339218601566,,,,3,,,0.002766790120726155,,PRUNED
371,371,,2025-05-24 20:26:33.263360,2025-05-24 20:26:36.360332,0 days 00:00:03.096972,SGD,0.3273431875852931,,,,4.718840106814042e-05,99.68617117854288,False,5,,,,6.636553188265809,PRUNED
372,372,35.416666666666664,2025-05-24 20:26:36.388195,2025-05-24 20:26:38.428823,0 days 00:00:02.040628,AdamW,0.3375008206736253,,,5.0035938996892155e-05,,,,9,,,0.0024716868538025107,,PRUNED
373,373,27.083333333333332,2025-05-24 20:26:38.458047,2025-05-24 20:26:40.503781,0 days 00:00:02.045734,AdamW,0.3518208553024968,,,4.060620423253609e-05,,,,8,,,0.0021625014652199943,,PRUNED
374,374,39.583333333333336,2025-05-24 20:26:40.533836,2025-05-24 20:26:43.162057,0 days 00:00:02.628221,AdamW,0.09302740361178491,,,6.910135337128994e-05,,,,10,,,0.00201993988213401,,PRUNED
375,375,39.583333333333336,2025-05-24 20:26:43.191213,2025-05-24 20:26:45.310469,0 days 00:00:02.119256,AdamW,0.32760924643542005,,,1.6387824061553164e-05,,,,3,,,0.001773515308347902,,PRUNED
376,376,27.083333333333332,2025-05-24 20:26:45.352359,2025-05-24 20:26:47.544453,0 days 00:00:02.192094,AdamW,0.3742868823007771,,,7.506165405351621e-05,,,,5,,,0.0007690112683147679,,PRUNED
377,377,35.416666666666664,2025-05-24 20:26:47.572981,2025-05-24 20:26:49.633182,0 days 00:00:02.060201,AdamW,0.11230954557562514,,,6.068596917709781e-05,,,,12,,,0.0016212893808899157,,PRUNED
378,378,37.5,2025-05-24 20:26:49.663224,2025-05-24 20:26:52.348016,0 days 00:00:02.684792,AdamW,0.3588036219305249,,,8.35317104858912e-05,,,,11,,,0.002625654106972458,,PRUNED
379,379,37.5,2025-05-24 20:26:52.375373,2025-05-24 20:26:54.437324,0 days 00:00:02.061951,AdamW,0.36563025201993327,,,3.4455625001189435e-05,,,,9,,,0.002318014590477657,,PRUNED
380,380,29.166666666666668,2025-05-24 20:26:54.466635,2025-05-24 20:26:56.504898,0 days 00:00:02.038263,AdamW,0.4021318379924109,,,4.984916618225494e-05,,,,3,,,0.00947206409236348,,PRUNED
381,381,33.333333333333336,2025-05-24 20:26:56.534412,2025-05-24 20:26:59.393142,0 days 00:00:02.858730,AdamW,0.3353337227447408,,,7.561591948367266e-05,,,,8,,,0.0008468443935538426,,PRUNED
382,382,33.333333333333336,2025-05-24 20:26:59.422743,2025-05-24 20:27:01.765078,0 days 00:00:02.342335,AdamW,0.31407014571570596,,,9.617746363800327e-05,,,,3,,,0.0019053851634190135,,PRUNED
383,383,33.333333333333336,2025-05-24 20:27:01.793279,2025-05-24 20:27:03.853810,0 days 00:00:02.060531,AdamW,0.34710694170602174,,,0.0015194353051148663,,,,4,,,0.0011716336692260728,,PRUNED
384,384,33.333333333333336,2025-05-24 20:27:03.882974,2025-05-24 20:27:05.930842,0 days 00:00:02.047868,AdamW,0.18191512822651623,,,5.902560509901157e-05,,,,13,,,0.0009862658153087156,,PRUNED
385,385,25.0,2025-05-24 20:27:05.957761,2025-05-24 20:27:08.055849,0 days 00:00:02.098088,AdamW,0.07947987102339871,,,2.5880638482537995e-05,,,,9,,,0.0020785397098693334,,PRUNED
386,386,33.333333333333336,2025-05-24 20:27:08.083214,2025-05-24 20:27:10.132869,0 days 00:00:02.049655,AdamW,0.17048801937358374,,,0.03481856414170935,,,,4,,,0.0029948152961361526,,PRUNED
387,387,35.416666666666664,2025-05-24 20:27:10.160058,2025-05-24 20:27:12.182003,0 days 00:00:02.021945,AdamW,0.08938701395616311,,,4.392361513320103e-05,,,,11,,,0.0014591649078996608,,PRUNED
388,388,37.5,2025-05-24 20:27:12.209105,2025-05-24 20:27:14.251997,0 days 00:00:02.042892,AdamW,0.11785974959415049,,,0.00011076814312106678,,,,9,,,0.001708708761003883,,PRUNED
389,389,31.25,2025-05-24 20:27:14.280083,2025-05-24 20:27:16.291909,0 days 00:00:02.011826,AdamW,0.15631988233541624,,,8.690729390656784e-05,,,,10,,,0.0023869321617473534,,PRUNED
390,390,33.333333333333336,2025-05-24 20:27:16.320068,2025-05-24 20:27:18.366076,0 days 00:00:02.046008,Adadelta,0.19087874911866068,0.044304133706823574,,,,,,12,13.828700476178284,,,,PRUNED
391,391,35.416666666666664,2025-05-24 20:27:18.393479,2025-05-24 20:27:20.443947,0 days 00:00:02.050468,AdamW,0.10118620478748609,,,7.067098210491313e-05,,,,4,,,0.006386219332616222,,PRUNED
392,392,33.333333333333336,2025-05-24 20:27:20.471236,2025-05-24 20:27:22.540263,0 days 00:00:02.069027,AdamW,0.3313793230939671,,,0.0009190606940454179,,,,8,,,0.001949094532250989,,PRUNED
393,393,43.75,2025-05-24 20:27:22.569099,2025-05-24 20:27:25.154149,0 days 00:00:02.585050,AdamW,0.30790514135083624,,,5.671674454402761e-05,,,,13,,,0.0007213318462861495,,PRUNED
394,394,52.083333333333336,2025-05-24 20:27:25.182162,2025-05-24 20:27:30.345839,0 days 00:00:05.163677,AdamW,0.2114308884395781,,,0.00010431447476311667,,,,5,,,0.000820533333326543,,PRUNED
395,395,,2025-05-24 20:27:30.374689,2025-05-24 20:27:32.190053,0 days 00:00:01.815364,SGD,0.1756201244131328,,,,1.0203135079454909e-05,12.672044924122666,False,3,,,,0.5630502915934087,PRUNED
396,396,33.333333333333336,2025-05-24 20:27:32.218038,2025-05-24 20:27:34.281602,0 days 00:00:02.063564,AdamW,0.06758319707317138,,,7.81762926995034e-05,,,,9,,,0.0047873779710674615,,PRUNED
397,397,35.416666666666664,2025-05-24 20:27:34.310042,2025-05-24 20:27:36.361974,0 days 00:00:02.051932,AdamW,0.14279214050743472,,,3.444029404928644e-05,,,,8,,,0.0010928908760955698,,PRUNED
398,398,33.333333333333336,2025-05-24 20:27:36.390189,2025-05-24 20:27:38.553728,0 days 00:00:02.163539,AdamW,0.31782511079250453,,,6.388034419110855e-05,,,,4,,,0.0021697426847579124,,PRUNED
399,399,33.333333333333336,2025-05-24 20:27:38.580763,2025-05-24 20:27:40.606946,0 days 00:00:02.026183,AdamW,0.20037865606141333,,,0.0005458305502482104,,,,10,,,0.003749005609008898,,PRUNED
400,400,39.583333333333336,2025-05-24 20:27:40.635200,2025-05-24 20:27:42.669124,0 days 00:00:02.033924,AdamW,0.10595983623624289,,,0.0001282517844126378,,,,8,,,0.001601505786530848,,PRUNED
401,401,39.583333333333336,2025-05-24 20:27:42.696176,2025-05-24 20:27:45.305239,0 days 00:00:02.609063,AdamW,0.34960316119032847,,,2.023399527865716e-05,,,,3,,,0.0009129311800430308,,PRUNED
402,402,31.25,2025-05-24 20:27:45.333162,2025-05-24 20:27:47.364372,0 days 00:00:02.031210,AdamW,0.18797939129951413,,,4.48710489619713e-05,,,,12,,,0.0017492302125083716,,PRUNED
403,403,39.583333333333336,2025-05-24 20:27:47.391140,2025-05-24 20:27:50.060428,0 days 00:00:02.669288,AdamW,0.0937624375735639,,,9.052285574216835e-05,,,,9,,,0.0026037710057638893,,PRUNED
404,404,33.333333333333336,2025-05-24 20:27:50.088367,2025-05-24 20:27:52.164445,0 days 00:00:02.076078,AdamW,0.13116258332134134,,,5.354735294558897e-05,,,,5,,,0.001290369094168093,,PRUNED
405,405,31.25,2025-05-24 20:27:52.193762,2025-05-24 20:27:54.253609,0 days 00:00:02.059847,AdamW,0.38538013153318595,,,0.0003566916834711006,,,,4,,,0.001881402477228897,,PRUNED
406,406,35.416666666666664,2025-05-24 20:27:54.283384,2025-05-24 20:27:56.878803,0 days 00:00:02.595419,AdamW,0.16302096335049618,,,7.041775387889491e-05,,,,10,,,0.0015127891262342037,,PRUNED
407,407,33.333333333333336,2025-05-24 20:27:56.906712,2025-05-24 20:27:59.218005,0 days 00:00:02.311293,AdamW,0.22000632220640673,,,0.0006922984178790294,,,,6,,,0.002134892507123979,,PRUNED
408,408,31.25,2025-05-24 20:27:59.245741,2025-05-24 20:28:01.281923,0 days 00:00:02.036182,AdamW,0.08235735799603688,,,1.329324492961285e-05,,,,9,,,0.0007014022101480514,,PRUNED
409,409,29.166666666666668,2025-05-24 20:28:01.309032,2025-05-24 20:28:03.349007,0 days 00:00:02.039975,AdamW,0.1769156949741847,,,0.0001759871806874265,,,,13,,,0.0023303276838155438,,PRUNED
410,410,33.333333333333336,2025-05-24 20:28:03.375891,2025-05-24 20:28:05.452961,0 days 00:00:02.077070,AdamW,0.11595745696969084,,,0.00011232338288763939,,,,8,,,0.0008152447156024828,,PRUNED
411,411,33.333333333333336,2025-05-24 20:28:05.481779,2025-05-24 20:28:07.510766,0 days 00:00:02.028987,AdamW,0.3392607186838408,,,0.00023548669644261677,,,,12,,,0.003242317963205144,,PRUNED
412,412,41.666666666666664,2025-05-24 20:28:07.539776,2025-05-24 20:28:10.197559,0 days 00:00:02.657783,AdamW,0.3219324141057982,,,8.804898776790563e-05,,,,11,,,0.000987971459020572,,PRUNED
413,413,33.333333333333336,2025-05-24 20:28:10.227924,2025-05-24 20:28:12.301643,0 days 00:00:02.073719,Adadelta,0.19324547294189212,5.875219197784506,,,,,,4,0.04067876736443614,,,,PRUNED
414,414,29.166666666666668,2025-05-24 20:28:12.328925,2025-05-24 20:28:14.397028,0 days 00:00:02.068103,AdamW,0.04198181040313438,,,0.00014357367531676825,,,,9,,,0.0020088550438066297,,PRUNED
415,415,29.166666666666668,2025-05-24 20:28:14.426053,2025-05-24 20:28:16.480794,0 days 00:00:02.054741,AdamW,0.09643313224841053,,,6.133875226788396e-05,,,,3,,,0.0028662552496365036,,PRUNED
416,416,37.5,2025-05-24 20:28:16.511114,2025-05-24 20:28:19.214887,0 days 00:00:02.703773,AdamW,0.16884189293566573,,,9.726756753373129e-05,,,,9,,,0.0017944926357370175,,PRUNED
417,417,35.416666666666664,2025-05-24 20:28:19.245229,2025-05-24 20:28:21.920790,0 days 00:00:02.675561,AdamW,0.4196839045556305,,,3.907182128370358e-05,,,,8,,,0.002232984002427552,,PRUNED
418,418,33.333333333333336,2025-05-24 20:28:21.948813,2025-05-24 20:28:24.440705,0 days 00:00:02.491892,AdamW,0.20204817402190817,,,7.730118235530128e-05,,,,4,,,0.002494975014838341,,PRUNED
419,419,,2025-05-24 20:28:24.469773,2025-05-24 20:28:27.312940,0 days 00:00:02.843167,SGD,0.36660169348833255,,,,0.00031468059306235006,37.78087644836806,True,3,,,,4.866266276615267,PRUNED
420,420,29.166666666666668,2025-05-24 20:28:27.342935,2025-05-24 20:28:29.782481,0 days 00:00:02.439546,AdamW,0.2274216779500047,,,5.001956188779605e-05,,,,11,,,0.0016723072615124897,,PRUNED
421,421,33.333333333333336,2025-05-24 20:28:29.810149,2025-05-24 20:28:31.837131,0 days 00:00:02.026982,AdamW,0.028012883614244533,,,3.0572428451929044e-05,,,,4,,,0.000766790771100243,,PRUNED
422,422,29.166666666666668,2025-05-24 20:28:31.865729,2025-05-24 20:28:33.899003,0 days 00:00:02.033274,AdamW,0.0737237628175471,,,0.0001326047368500652,,,,12,,,0.0012219559268424902,,PRUNED
423,423,35.416666666666664,2025-05-24 20:28:33.925848,2025-05-24 20:28:36.000334,0 days 00:00:02.074486,AdamW,0.30680503594991976,,,0.00011119133594078868,,,,8,,,0.0006125139776533698,,PRUNED
424,424,37.5,2025-05-24 20:28:36.028455,2025-05-24 20:28:38.669766,0 days 00:00:02.641311,AdamW,0.3312059270564231,,,7.1569617505351e-05,,,,9,,,0.0014547859808532626,,PRUNED
425,425,41.666666666666664,2025-05-24 20:28:38.698046,2025-05-24 20:28:41.294097,0 days 00:00:02.596051,AdamW,0.10935769825067092,,,9.087035102169618e-05,,,,10,,,0.0019496800837004247,,PRUNED
426,426,37.5,2025-05-24 20:28:41.322235,2025-05-24 20:28:43.369591,0 days 00:00:02.047356,AdamW,0.18115479005549034,,,1.5107394738935855e-05,,,,7,,,0.0008662714981835453,,PRUNED
427,427,33.333333333333336,2025-05-24 20:28:43.398092,2025-05-24 20:28:45.450186,0 days 00:00:02.052094,AdamW,0.3575887332567924,,,5.866121540789462e-05,,,,5,,,0.0010581880830925609,,PRUNED
428,428,43.75,2025-05-24 20:28:45.477598,2025-05-24 20:28:48.249433,0 days 00:00:02.771835,AdamW,0.34033177500045775,,,4.3561894332539305e-05,,,,6,,,0.0021017207446448432,,PRUNED
429,429,37.5,2025-05-24 20:28:48.278837,2025-05-24 20:28:50.317866,0 days 00:00:02.039029,AdamW,0.08632418496034464,,,6.820328311386099e-05,,,,3,,,0.0013657906942091476,,PRUNED
430,430,35.416666666666664,2025-05-24 20:28:50.347524,2025-05-24 20:28:52.411900,0 days 00:00:02.064376,AdamW,0.37778140335976557,,,0.00011800557843978643,,,,12,,,0.0016165445436340355,,PRUNED
431,431,33.333333333333336,2025-05-24 20:28:52.440635,2025-05-24 20:28:54.508813,0 days 00:00:02.068178,AdamW,0.16030185291732926,,,0.002196905393504469,,,,13,,,0.0003583713632022007,,PRUNED
432,432,33.333333333333336,2025-05-24 20:28:54.537751,2025-05-24 20:28:56.581519,0 days 00:00:02.043768,AdamW,0.291237766095824,,,0.00017189261449647686,,,,8,,,0.0017830867849180961,,PRUNED
433,433,33.333333333333336,2025-05-24 20:28:56.610328,2025-05-24 20:28:58.921949,0 days 00:00:02.311621,AdamW,0.10435690958885316,,,2.4546266966387095e-05,,,,9,,,0.00017877135909539395,,PRUNED
434,434,35.416666666666664,2025-05-24 20:28:58.951034,2025-05-24 20:29:01.014448,0 days 00:00:02.063414,AdamW,0.3238940388808202,,,8.707765568094513e-05,,,,7,,,0.0006862671629914207,,PRUNED
435,435,35.416666666666664,2025-05-24 20:29:01.044158,2025-05-24 20:29:03.129857,0 days 00:00:02.085699,AdamW,0.18839664357151736,,,5.381932509745667e-05,,,,4,,,0.0026256117133272973,,PRUNED
436,436,62.5,2025-05-24 20:29:03.158002,2025-05-24 20:29:08.070421,0 days 00:00:04.912419,AdamW,0.12072132644630874,,,0.00010164656866956721,,,,10,,,0.0023420720338004114,,COMPLETE
437,437,33.333333333333336,2025-05-24 20:29:08.110428,2025-05-24 20:29:10.190503,0 days 00:00:02.080075,Adadelta,0.12564674063927406,44.969708482671166,,,,,,8,2.8530595187258436,,,,PRUNED
438,438,39.583333333333336,2025-05-24 20:29:10.219482,2025-05-24 20:29:12.263510,0 days 00:00:02.044028,AdamW,0.14063869598336115,,,7.776947204264128e-05,,,,9,,,0.0023165824513594222,,PRUNED
439,439,35.416666666666664,2025-05-24 20:29:12.292030,2025-05-24 20:29:14.361789,0 days 00:00:02.069759,AdamW,0.11600667337306277,,,0.00013553490207915517,,,,9,,,0.0024539016487991287,,PRUNED
440,440,35.416666666666664,2025-05-24 20:29:14.390000,2025-05-24 20:29:16.427717,0 days 00:00:02.037717,AdamW,0.117174137194247,,,0.00010004683054006333,,,,10,,,0.0028418260337125115,,PRUNED
441,441,,2025-05-24 20:29:16.455010,2025-05-24 20:29:18.151098,0 days 00:00:01.696088,SGD,0.10263196325245436,,,,3.3674791520411514e-05,44.66401866924081,True,8,,,,0.14951273136917928,PRUNED
442,442,37.5,2025-05-24 20:29:18.177282,2025-05-24 20:29:20.282355,0 days 00:00:02.105073,AdamW,0.15063716084805112,,,6.490029784529681e-05,,,,7,,,0.0020521800589695213,,PRUNED
443,443,33.333333333333336,2025-05-24 20:29:20.309325,2025-05-24 20:29:22.393618,0 days 00:00:02.084293,AdamW,0.09223825080037479,,,3.537533232945781e-05,,,,9,,,0.0022136289622447717,,PRUNED
444,444,50.0,2025-05-24 20:29:22.420331,2025-05-24 20:29:27.310159,0 days 00:00:04.889828,AdamW,0.12847417043968687,,,4.542175046429476e-05,,,,5,,,0.0019253492971360814,,PRUNED
445,445,39.583333333333336,2025-05-24 20:29:27.337811,2025-05-24 20:29:29.630932,0 days 00:00:02.293121,AdamW,0.10884769188787183,,,8.061896561090953e-05,,,,4,,,0.0024907033683865213,,PRUNED
446,446,33.333333333333336,2025-05-24 20:29:29.657896,2025-05-24 20:29:31.705194,0 days 00:00:02.047298,AdamW,0.30412049070649794,,,5.639750838915642e-05,,,,3,,,0.00227897400523783,,PRUNED
447,447,33.333333333333336,2025-05-24 20:29:31.733196,2025-05-24 20:29:33.783012,0 days 00:00:02.049816,AdamW,0.20726916238058446,,,0.0010611282686459535,,,,9,,,0.0030814738498307526,,PRUNED
448,448,37.5,2025-05-24 20:29:33.811095,2025-05-24 20:29:35.869854,0 days 00:00:02.058759,AdamW,0.17061135319065407,,,6.979166957986509e-05,,,,10,,,0.001896218020983966,,PRUNED
449,449,33.333333333333336,2025-05-24 20:29:35.898082,2025-05-24 20:29:38.044784,0 days 00:00:02.146702,AdamW,0.3975938616223403,,,0.00020548266062197872,,,,3,,,0.0005723006286551099,,PRUNED
450,450,33.333333333333336,2025-05-24 20:29:38.072075,2025-05-24 20:29:40.430577,0 days 00:00:02.358502,AdamW,0.18158490375006744,,,1.99415219537291e-05,,,,8,,,0.0015955712571021857,,PRUNED
451,451,37.5,2025-05-24 20:29:40.458151,2025-05-24 20:29:42.623654,0 days 00:00:02.165503,AdamW,0.12183896330967443,,,0.0002900235049241187,,,,13,,,0.0020607980248702872,,PRUNED
452,452,52.083333333333336,2025-05-24 20:29:42.652249,2025-05-24 20:29:47.857528,0 days 00:00:05.205279,AdamW,0.0972573016715004,,,9.8652828430867e-05,,,,4,,,0.0027191859648109757,,COMPLETE
453,453,37.5,2025-05-24 20:29:47.897896,2025-05-24 20:29:49.961123,0 days 00:00:02.063227,AdamW,0.44104089295992993,,,0.00014812189513722834,,,,9,,,0.005321567887705231,,PRUNED
454,454,37.5,2025-05-24 20:29:49.988521,2025-05-24 20:29:52.116092,0 days 00:00:02.127571,AdamW,0.0741144422457722,,,0.00011841299579306643,,,,8,,,0.003467791651237471,,PRUNED
455,455,33.333333333333336,2025-05-24 20:29:52.146311,2025-05-24 20:29:54.192470,0 days 00:00:02.046159,AdamW,0.08427805713229894,,,0.0031880313591079747,,,,6,,,0.0017746878206828468,,PRUNED
456,456,37.5,2025-05-24 20:29:54.220584,2025-05-24 20:29:56.320971,0 days 00:00:02.100387,AdamW,0.19615199332583078,,,2.9076739409714816e-05,,,,10,,,0.0023125095139181857,,PRUNED
457,457,35.416666666666664,2025-05-24 20:29:56.351190,2025-05-24 20:30:00.208540,0 days 00:00:03.857350,AdamW,0.10612195717652743,,,5.05712708997695e-05,,,,3,,,0.004324172816236547,,PRUNED
458,458,33.333333333333336,2025-05-24 20:30:00.248717,2025-05-24 20:30:06.300915,0 days 00:00:06.052198,AdamW,0.15062748983211027,,,8.164947522650438e-05,,,,4,,,0.0015444753028122764,,PRUNED
459,459,35.416666666666664,2025-05-24 20:30:06.342110,2025-05-24 20:30:12.352148,0 days 00:00:06.010038,AdamW,0.16578224304463457,,,6.326052412488882e-05,,,,7,,,0.0021462486739781844,,PRUNED
460,460,33.333333333333336,2025-05-24 20:30:12.393161,2025-05-24 20:30:18.400390,0 days 00:00:06.007229,AdamW,0.4786078357125494,,,0.0008184654611115953,,,,8,,,0.001144888906976116,,PRUNED
461,461,37.5,2025-05-24 20:30:18.441364,2025-05-24 20:30:26.594428,0 days 00:00:08.153064,AdamW,0.09149548154829111,,,9.515078181004693e-05,,,,9,,,0.0018459026445997175,,PRUNED
462,462,33.333333333333336,2025-05-24 20:30:26.634825,2025-05-24 20:30:32.754668,0 days 00:00:06.119843,AdamW,0.1750023426300073,,,0.0005029035273085909,,,,4,,,0.0004230824450507809,,PRUNED
463,463,33.333333333333336,2025-05-24 20:30:32.795335,2025-05-24 20:30:38.861119,0 days 00:00:06.065784,Adadelta,0.4988571369220832,0.023503788511322427,,,,,,5,0.5016773083038147,,,,PRUNED
464,464,39.583333333333336,2025-05-24 20:30:38.899720,2025-05-24 20:30:45.008191,0 days 00:00:06.108471,AdamW,0.05399909171449239,,,1.698149961986917e-05,,,,5,,,0.001339392530005235,,PRUNED
465,465,,2025-05-24 20:30:45.047756,2025-05-24 20:30:50.599476,0 days 00:00:05.551720,SGD,0.3162821342818199,,,,0.0001282071673702791,25.56488733608975,False,8,,,,0.032629371256963025,PRUNED
466,466,33.333333333333336,2025-05-24 20:30:50.639224,2025-05-24 20:30:56.750429,0 days 00:00:06.111205,AdamW,0.18813401760700418,,,0.0001242338898565293,,,,3,,,0.0020371825485797574,,PRUNED
467,467,41.666666666666664,2025-05-24 20:30:56.790470,2025-05-24 20:31:02.816814,0 days 00:00:06.026344,AdamW,0.21076520303176483,,,3.8614303846381696e-05,,,,13,,,0.0025497264301456925,,PRUNED
468,468,33.333333333333336,2025-05-24 20:31:02.857718,2025-05-24 20:31:08.917820,0 days 00:00:06.060102,AdamW,0.29171600841657247,,,7.290651177492693e-05,,,,8,,,0.0016759074581463116,,PRUNED
469,469,35.416666666666664,2025-05-24 20:31:08.958238,2025-05-24 20:31:15.020957,0 days 00:00:06.062719,AdamW,0.413180216167692,,,5.274385396096197e-05,,,,9,,,0.0023182103528007715,,PRUNED
470,470,33.333333333333336,2025-05-24 20:31:15.061284,2025-05-24 20:31:21.216654,0 days 00:00:06.155370,AdamW,0.13550906478357758,,,0.00016507686696993899,,,,10,,,0.0006407623649034877,,PRUNED
471,471,35.416666666666664,2025-05-24 20:31:21.258955,2025-05-24 20:31:27.133667,0 days 00:00:05.874712,AdamW,0.30871428788310773,,,8.962683339202244e-05,,,,4,,,0.0014535030496443052,,PRUNED
472,472,35.416666666666664,2025-05-24 20:31:27.172496,2025-05-24 20:31:33.221575,0 days 00:00:06.049079,AdamW,0.10013364668772776,,,0.0012394997182291474,,,,3,,,0.001985711735483405,,PRUNED
473,473,41.666666666666664,2025-05-24 20:31:33.261510,2025-05-24 20:31:39.349016,0 days 00:00:06.087506,AdamW,0.22995750462763703,,,0.00010940781347043621,,,,9,,,0.0018439596103733912,,PRUNED
474,474,33.333333333333336,2025-05-24 20:31:39.387683,2025-05-24 20:31:45.426819,0 days 00:00:06.039136,AdamW,0.11645195190351795,,,6.048005192067421e-05,,,,12,,,0.0028332599473389303,,PRUNED
475,475,33.333333333333336,2025-05-24 20:31:45.465789,2025-05-24 20:31:51.579576,0 days 00:00:06.113787,AdamW,0.08693165204385232,,,7.324629026221687e-05,,,,7,,,0.0005317431054250258,,PRUNED
476,476,29.166666666666668,2025-05-24 20:31:51.618609,2025-05-24 20:31:57.753081,0 days 00:00:06.134472,AdamW,0.20319432018754266,,,1.150552251740122e-05,,,,8,,,0.006145188193744183,,PRUNED
477,477,43.75,2025-05-24 20:31:57.793443,2025-05-24 20:32:05.906199,0 days 00:00:08.112756,AdamW,0.1898501933962064,,,4.608454393429056e-05,,,,10,,,0.0007325003187906055,,PRUNED
478,478,33.333333333333336,2025-05-24 20:32:05.944839,2025-05-24 20:32:12.037388,0 days 00:00:06.092549,AdamW,0.15768359914765914,,,0.00014133403553837962,,,,4,,,0.001671697647372515,,PRUNED
479,479,35.416666666666664,2025-05-24 20:32:12.077859,2025-05-24 20:32:18.109428,0 days 00:00:06.031569,AdamW,0.18078992053745374,,,8.65585287811122e-05,,,,9,,,0.003938455576070715,,PRUNED
480,480,33.333333333333336,2025-05-24 20:32:18.149002,2025-05-24 20:32:24.273680,0 days 00:00:06.124678,AdamW,0.21856509796463003,,,0.00010287507844855357,,,,2,,,0.002147577146123334,,PRUNED
481,481,33.333333333333336,2025-05-24 20:32:24.314427,2025-05-24 20:32:30.446759,0 days 00:00:06.132332,AdamW,0.07874522616808206,,,6.120896107995293e-05,,,,6,,,0.0025181579853122546,,PRUNED
482,482,33.333333333333336,2025-05-24 20:32:30.487365,2025-05-24 20:32:36.503996,0 days 00:00:06.016631,AdamW,0.10950395962524646,,,0.0001817257145777926,,,,4,,,0.0009621581913241817,,PRUNED
483,483,33.333333333333336,2025-05-24 20:32:36.544481,2025-05-24 20:32:42.614664,0 days 00:00:06.070183,Adadelta,0.4278668493450669,0.09675068084853286,,,,,,5,0.010676705515400236,,,,PRUNED
484,484,37.5,2025-05-24 20:32:42.653357,2025-05-24 20:32:48.686934,0 days 00:00:06.033577,AdamW,0.12570288675770314,,,7.805934410635991e-05,,,,9,,,0.0011820560718030088,,PRUNED
485,485,58.333333333333336,2025-05-24 20:32:48.725483,2025-05-24 20:33:00.053511,0 days 00:00:11.328028,AdamW,0.24093283220488987,,,0.00012870852365353555,,,,12,,,0.0018545055679586875,,COMPLETE
486,486,54.166666666666664,2025-05-24 20:33:00.109600,2025-05-24 20:33:11.310470,0 days 00:00:11.200870,AdamW,0.26174615117347233,,,0.00013238929946075758,,,,12,,,0.0023467326065877907,,COMPLETE
487,487,35.416666666666664,2025-05-24 20:33:11.367189,2025-05-24 20:33:17.407668,0 days 00:00:06.040479,AdamW,0.24520990031811538,,,0.000149948635804693,,,,12,,,0.002379195628362507,,PRUNED
488,488,33.333333333333336,2025-05-24 20:33:17.449151,2025-05-24 20:33:23.535114,0 days 00:00:06.085963,AdamW,0.2535510707354884,,,0.00022377585295091541,,,,12,,,0.002582806366508103,,PRUNED
489,489,37.5,2025-05-24 20:33:23.574492,2025-05-24 20:33:29.596926,0 days 00:00:06.022434,AdamW,0.2393756197054738,,,0.00012808209231346924,,,,12,,,0.0021936364791157507,,PRUNED
490,490,,2025-05-24 20:33:29.637180,2025-05-24 20:33:35.133381,0 days 00:00:05.496201,SGD,0.2323455522586647,,,,0.001803213944812756,79.87324334444577,True,12,,,,0.6352100689942022,PRUNED
491,491,29.166666666666668,2025-05-24 20:33:35.171147,2025-05-24 20:33:41.185264,0 days 00:00:06.014117,AdamW,0.2578263008128242,,,0.00018262071122366805,,,,11,,,0.003083379013299975,,PRUNED
492,492,35.416666666666664,2025-05-24 20:33:41.223592,2025-05-24 20:33:47.261731,0 days 00:00:06.038139,AdamW,0.2732293421346004,,,0.00012665401410627715,,,,12,,,0.0028643932383970003,,PRUNED
493,493,31.25,2025-05-24 20:33:47.301448,2025-05-24 20:33:53.412475,0 days 00:00:06.111027,AdamW,0.24615138319294927,,,0.0001131536725832166,,,,12,,,0.0023239010646009263,,PRUNED
494,494,33.333333333333336,2025-05-24 20:33:53.452423,2025-05-24 20:33:59.491693,0 days 00:00:06.039270,AdamW,0.26680631710237723,,,0.00013552213613332166,,,,13,,,0.00025213422712955274,,PRUNED
495,495,33.333333333333336,2025-05-24 20:33:59.531845,2025-05-24 20:34:05.618883,0 days 00:00:06.087038,AdamW,0.2869740731787396,,,0.0001506191267017829,,,,11,,,0.002029538804546071,,PRUNED
496,496,37.5,2025-05-24 20:34:05.659788,2025-05-24 20:34:11.685176,0 days 00:00:06.025388,AdamW,0.2370101995978456,,,0.00011264725681579052,,,,13,,,0.008622727100930245,,PRUNED
497,497,33.333333333333336,2025-05-24 20:34:11.725955,2025-05-24 20:34:17.787862,0 days 00:00:06.061907,AdamW,0.3031725670491266,,,0.09951281491545229,,,,3,,,0.002588479204637916,,PRUNED
498,498,39.583333333333336,2025-05-24 20:34:17.826680,2025-05-24 20:34:23.956446,0 days 00:00:06.129766,AdamW,0.2222508388458197,,,2.3779729614074043e-05,,,,4,,,0.002174316990451025,,PRUNED
499,499,35.416666666666664,2025-05-24 20:34:23.998111,2025-05-24 20:34:29.845815,0 days 00:00:05.847704,AdamW,0.2286391424602333,,,0.00010305085681320048,,,,12,,,0.0006016206446871022,,PRUNED
500,500,39.583333333333336,2025-05-24 20:34:29.888269,2025-05-24 20:34:35.932878,0 days 00:00:06.044609,AdamW,0.2786765117657458,,,0.00017964747194743164,,,,13,,,0.0007446358709017533,,PRUNED
501,501,37.5,2025-05-24 20:34:35.974748,2025-05-24 20:34:42.740450,0 days 00:00:06.765702,AdamW,0.24957899630767333,,,0.0001584961211507496,,,,12,,,0.0024174544100661038,,PRUNED
502,502,43.75,2025-05-24 20:34:42.783108,2025-05-24 20:34:50.786471,0 days 00:00:08.003363,AdamW,0.2952237955868893,,,0.00012649973756966826,,,,10,,,0.00047707977918782,,PRUNED
503,503,33.333333333333336,2025-05-24 20:34:50.828270,2025-05-24 20:34:53.980645,0 days 00:00:03.152375,AdamW,0.17390736493638298,,,0.00026130274533025074,,,,3,,,0.001923166919309121,,PRUNED
504,504,33.333333333333336,2025-05-24 20:34:54.010621,2025-05-24 20:34:56.115268,0 days 00:00:02.104647,AdamW,0.19879018305252993,,,9.838804795607658e-05,,,,2,,,0.007001949334757958,,PRUNED
505,505,31.25,2025-05-24 20:34:56.147429,2025-05-24 20:34:59.760450,0 days 00:00:03.613021,AdamW,0.21355999539715967,,,1.4249478151150227e-05,,,,9,,,0.002662056446512629,,PRUNED
506,506,31.25,2025-05-24 20:34:59.803240,2025-05-24 20:35:01.892198,0 days 00:00:02.088958,AdamW,0.2589374721974017,,,8.676541740908551e-05,,,,4,,,0.005068115130199393,,PRUNED
507,507,33.333333333333336,2025-05-24 20:35:01.924121,2025-05-24 20:35:04.011697,0 days 00:00:02.087576,AdamW,0.1848285998518604,,,0.0017490024462273007,,,,3,,,0.0006674172440778695,,PRUNED
508,508,33.333333333333336,2025-05-24 20:35:04.044060,2025-05-24 20:35:06.170107,0 days 00:00:02.126047,Adam,0.2813395247510219,,0.09097399006786012,,,,,4,,8.398672647532498,,,PRUNED
509,509,27.083333333333332,2025-05-24 20:35:06.202494,2025-05-24 20:35:09.226235,0 days 00:00:03.023741,AdamW,0.2367473223721438,,,2.8957284988208397e-05,,,,9,,,0.0009036700258521676,,PRUNED
510,510,37.5,2025-05-24 20:35:09.254764,2025-05-24 20:35:11.982557,0 days 00:00:02.727793,AdamW,0.14210931299463694,,,0.00020282880108006088,,,,11,,,0.00010088142372608838,,PRUNED
511,511,33.333333333333336,2025-05-24 20:35:12.024384,2025-05-24 20:35:18.105859,0 days 00:00:06.081475,Adadelta,0.31230105406090286,10.101749426178444,,,,,,5,94.06436134028387,,,,PRUNED
512,512,39.583333333333336,2025-05-24 20:35:18.151676,2025-05-24 20:35:24.231750,0 days 00:00:06.080074,AdamW,0.1682518420015968,,,0.000116840709623717,,,,11,,,0.0021281479627180276,,PRUNED
513,513,33.333333333333336,2025-05-24 20:35:24.272748,2025-05-24 20:35:29.929810,0 days 00:00:05.657062,AdamW,0.19636483971002955,,,0.00041062536580598573,,,,10,,,0.0018089986685805512,,PRUNED
514,514,,2025-05-24 20:35:29.961042,2025-05-24 20:35:31.650069,0 days 00:00:01.689027,SGD,0.15655880632995803,,,,0.00869804142419418,61.24139545139082,False,6,,,,35.44023237328622,PRUNED
515,515,39.583333333333336,2025-05-24 20:35:31.680132,2025-05-24 20:35:33.730442,0 days 00:00:02.050310,AdamW,0.30131359568741456,,,0.0001520135799808866,,,,12,,,0.0023053239613356658,,PRUNED
516,516,37.5,2025-05-24 20:35:33.758659,2025-05-24 20:35:35.844805,0 days 00:00:02.086146,AdamW,0.2140781557600277,,,9.633260298746775e-05,,,,4,,,0.003364161265021231,,PRUNED
517,517,33.333333333333336,2025-05-24 20:35:35.874627,2025-05-24 20:35:37.948071,0 days 00:00:02.073444,AdamW,0.17685656994771345,,,0.0001334026259834628,,,,9,,,0.0007993111810947194,,PRUNED
518,518,37.5,2025-05-24 20:35:37.979099,2025-05-24 20:35:40.112424,0 days 00:00:02.133325,AdamW,0.24466715147777046,,,8.38680386901362e-05,,,,7,,,0.002007045355516238,,PRUNED
519,519,41.666666666666664,2025-05-24 20:35:40.142933,2025-05-24 20:35:43.427174,0 days 00:00:03.284241,AdamW,0.456918003953218,,,3.660804029778668e-05,,,,3,,,0.0017900745056756303,,PRUNED
520,520,33.333333333333336,2025-05-24 20:35:43.456228,2025-05-24 20:35:46.949932,0 days 00:00:03.493704,AdamW,0.26831985450485885,,,0.00010937350178439219,,,,3,,,0.0027731349606738716,,PRUNED
521,521,31.25,2025-05-24 20:35:46.990646,2025-05-24 20:35:53.099276,0 days 00:00:06.108630,AdamW,0.18581583217888975,,,1.9886980417682148e-05,,,,13,,,0.0024402316323284975,,PRUNED
522,522,37.5,2025-05-24 20:35:53.143712,2025-05-24 20:35:59.212807,0 days 00:00:06.069095,AdamW,0.22303701399585685,,,7.504171389295316e-05,,,,12,,,0.0009731062230005464,,PRUNED
523,523,33.333333333333336,2025-05-24 20:35:59.256041,2025-05-24 20:36:05.341530,0 days 00:00:06.085489,AdamW,0.3201900756772792,,,0.0006308623938109274,,,,4,,,0.002128257536741563,,PRUNED
524,524,33.333333333333336,2025-05-24 20:36:05.385045,2025-05-24 20:36:11.433649,0 days 00:00:06.048604,AdamW,0.12089610452405472,,,9.615640603501897e-05,,,,9,,,0.001260874116343009,,PRUNED
525,525,37.5,2025-05-24 20:36:11.475257,2025-05-24 20:36:17.616128,0 days 00:00:06.140871,AdamW,0.16437783316839744,,,0.0009829291910446497,,,,10,,,0.00031582803033288777,,PRUNED
526,526,37.5,2025-05-24 20:36:17.656622,2025-05-24 20:36:23.761665,0 days 00:00:06.105043,AdamW,0.19766549791339025,,,0.00016373734445110193,,,,11,,,0.0010652335223509512,,PRUNED
527,527,35.416666666666664,2025-05-24 20:36:23.805644,2025-05-24 20:36:29.921872,0 days 00:00:06.116228,AdamW,0.1369448090758299,,,0.00012739289526891037,,,,3,,,0.001942862423823307,,PRUNED
528,528,35.416666666666664,2025-05-24 20:36:29.963781,2025-05-24 20:36:36.248321,0 days 00:00:06.284540,AdamW,0.10623121331403894,,,4.253154916013388e-05,,,,4,,,0.0016902008470564603,,PRUNED
529,529,41.666666666666664,2025-05-24 20:36:36.294125,2025-05-24 20:36:42.356185,0 days 00:00:06.062060,AdamW,0.20680654261215728,,,8.557403138895809e-05,,,,9,,,0.0005659689364777211,,PRUNED
530,530,33.333333333333336,2025-05-24 20:36:42.399069,2025-05-24 20:36:48.433415,0 days 00:00:06.034346,AdamW,0.2941913525447235,,,0.014163056539785621,,,,9,,,0.0003866711551415043,,PRUNED
531,531,33.333333333333336,2025-05-24 20:36:48.475650,2025-05-24 20:36:54.762948,0 days 00:00:06.287298,AdamW,0.09729595287705028,,,1.2596815660380918e-05,,,,5,,,0.0006639208489657087,,PRUNED
532,532,33.333333333333336,2025-05-24 20:36:54.804536,2025-05-24 20:37:00.832432,0 days 00:00:06.027896,Adam,0.18322379677904604,,0.003475280157167274,,,,,12,,49.80596672089532,,,PRUNED
533,533,35.416666666666664,2025-05-24 20:37:00.874482,2025-05-24 20:37:06.925835,0 days 00:00:06.051353,AdamW,0.06384900706761282,,,3.276616260516827e-05,,,,6,,,0.003103059402282252,,PRUNED
534,534,33.333333333333336,2025-05-24 20:37:06.969790,2025-05-24 20:37:13.079583,0 days 00:00:06.109793,Adadelta,0.2853507239334408,0.8375239886061169,,,,,,7,13.755313267120679,,,,PRUNED
535,535,56.25,2025-05-24 20:37:13.122703,2025-05-24 20:37:24.639514,0 days 00:00:11.516811,AdamW,0.17107385849051132,,,0.00019500347825403765,,,,8,,,0.0015260107516009466,,COMPLETE
536,536,54.166666666666664,2025-05-24 20:37:24.699797,2025-05-24 20:37:36.076116,0 days 00:00:11.376319,AdamW,0.17005675217635927,,,0.00022649184253933504,,,,8,,,0.0014409270654005433,,COMPLETE
537,537,33.333333333333336,2025-05-24 20:37:36.135593,2025-05-24 20:37:42.374405,0 days 00:00:06.238812,AdamW,0.16901924624081638,,,0.0002138806012508963,,,,8,,,0.001528939415584871,,PRUNED
538,538,33.333333333333336,2025-05-24 20:37:42.417196,2025-05-24 20:37:48.551387,0 days 00:00:06.134191,AdamW,0.14899882498873657,,,0.00019889402089298287,,,,8,,,0.0013178825314071388,,PRUNED
539,539,37.5,2025-05-24 20:37:48.592954,2025-05-24 20:37:54.730144,0 days 00:00:06.137190,AdamW,0.15353088169486406,,,0.0003054098111173059,,,,8,,,0.0014268333725108479,,PRUNED
540,540,,2025-05-24 20:37:54.770670,2025-05-24 20:38:00.148487,0 days 00:00:05.377817,SGD,0.162767222422338,,,,0.03757381032565768,45.685336952396455,False,8,,,,0.01786463242189696,PRUNED
541,541,41.666666666666664,2025-05-24 20:38:00.189774,2025-05-24 20:38:06.338516,0 days 00:00:06.148742,AdamW,0.17583600947685213,,,0.00023119328099912437,,,,8,,,0.001404186591622868,,PRUNED
542,542,33.333333333333336,2025-05-24 20:38:06.382680,2025-05-24 20:38:12.463992,0 days 00:00:06.081312,AdamW,0.16857060970040108,,,0.0001955487408785499,,,,8,,,0.0015443744357792957,,PRUNED
543,543,33.333333333333336,2025-05-24 20:38:12.505722,2025-05-24 20:38:18.662201,0 days 00:00:06.156479,AdamW,0.4029479036701973,,,0.0002398787072315665,,,,8,,,0.0011908303984036587,,PRUNED
544,544,41.666666666666664,2025-05-24 20:38:18.702778,2025-05-24 20:38:24.853543,0 days 00:00:06.150765,AdamW,0.15893911890672371,,,0.00016403888753818602,,,,7,,,0.0015329129908397596,,PRUNED
545,545,33.333333333333336,2025-05-24 20:38:24.894678,2025-05-24 20:38:30.992855,0 days 00:00:06.098177,AdamW,0.18959676833821024,,,0.00031481845267945774,,,,8,,,0.0016687536577263717,,PRUNED
546,546,37.5,2025-05-24 20:38:31.031840,2025-05-24 20:38:37.095669,0 days 00:00:06.063829,AdamW,0.11149777249460173,,,0.00025616351024509813,,,,8,,,0.00132543106753109,,PRUNED
547,547,33.333333333333336,2025-05-24 20:38:37.135948,2025-05-24 20:38:43.208131,0 days 00:00:06.072183,AdamW,0.18018252111635047,,,0.00018113724661549031,,,,8,,,0.0014305877844176156,,PRUNED
548,548,33.333333333333336,2025-05-24 20:38:43.248916,2025-05-24 20:38:49.356354,0 days 00:00:06.107438,AdamW,0.13080966515546538,,,0.00015309227210031907,,,,8,,,0.0016583248018291483,,PRUNED
549,549,39.583333333333336,2025-05-24 20:38:49.397175,2025-05-24 20:38:55.492603,0 days 00:00:06.095428,AdamW,0.1470071585903276,,,0.0004064345183454976,,,,9,,,0.003636367101519494,,PRUNED
550,550,37.5,2025-05-24 20:38:55.532163,2025-05-24 20:39:01.704260,0 days 00:00:06.172097,AdamW,0.25712795397637284,,,0.0001427936757513473,,,,7,,,0.0017119134940399422,,PRUNED
551,551,33.333333333333336,2025-05-24 20:39:01.743411,2025-05-24 20:39:07.842806,0 days 00:00:06.099395,AdamW,0.16775517535996132,,,0.00011486634738486445,,,,8,,,0.0018168816541492489,,PRUNED
552,552,52.083333333333336,2025-05-24 20:39:07.884072,2025-05-24 20:39:19.200402,0 days 00:00:11.316330,AdamW,0.3852747165462611,,,0.0002618746239086928,,,,9,,,0.00125956772962396,,COMPLETE
553,553,33.333333333333336,2025-05-24 20:39:19.257593,2025-05-24 20:39:25.379438,0 days 00:00:06.121845,AdamW,0.23553306801410412,,,0.00020226497855985558,,,,9,,,0.0019305155822780418,,PRUNED
554,554,39.583333333333336,2025-05-24 20:39:25.419441,2025-05-24 20:39:31.503755,0 days 00:00:06.084314,AdamW,0.19639048899023964,,,0.00010503686385615099,,,,7,,,0.0015471858164274694,,PRUNED
555,555,35.416666666666664,2025-05-24 20:39:31.543835,2025-05-24 20:39:38.673041,0 days 00:00:07.129206,AdamW,0.09583716928218464,,,0.0001282964600483242,,,,10,,,0.001089296485434797,,PRUNED
556,556,33.333333333333336,2025-05-24 20:39:38.714229,2025-05-24 20:39:44.847208,0 days 00:00:06.132979,AdamW,0.17500409385990195,,,0.0014543172418128472,,,,8,,,0.0014882734708081202,,PRUNED
557,557,39.583333333333336,2025-05-24 20:39:44.887003,2025-05-24 20:39:50.966764,0 days 00:00:06.079761,AdamW,0.11766499069668986,,,7.065966255666162e-05,,,,8,,,0.0022263071705460667,,PRUNED
558,558,20.833333333333332,2025-05-24 20:39:51.007004,2025-05-24 20:39:57.153350,0 days 00:00:06.146346,Adadelta,0.20668600791309935,0.017555831737622082,,,,,,8,22.333954222157075,,,,PRUNED
559,559,35.416666666666664,2025-05-24 20:39:57.192750,2025-05-24 20:40:05.357892,0 days 00:00:08.165142,AdamW,0.18710895648020187,,,9.076810540903546e-05,,,,9,,,0.001353070556768663,,PRUNED
560,560,35.416666666666664,2025-05-24 20:40:05.398397,2025-05-24 20:40:11.522872,0 days 00:00:06.124475,AdamW,0.08681869152781099,,,0.00015365223867471248,,,,2,,,0.0005077850972796829,,PRUNED
561,561,39.583333333333336,2025-05-24 20:40:11.563659,2025-05-24 20:40:17.613087,0 days 00:00:06.049428,AdamW,0.22411011468100298,,,1.790223946176291e-05,,,,9,,,0.0020447922424626694,,PRUNED
562,562,37.5,2025-05-24 20:40:17.654535,2025-05-24 20:40:23.806728,0 days 00:00:06.152193,AdamW,0.15927985720996118,,,0.0001861407919671205,,,,9,,,0.0017880034117847055,,PRUNED
563,563,,2025-05-24 20:40:23.847974,2025-05-24 20:40:28.857954,0 days 00:00:05.009980,SGD,0.24985722701084287,,,,0.0005649071788566716,85.83436832221024,True,7,,,,0.11003191391872037,PRUNED
564,564,33.333333333333336,2025-05-24 20:40:28.894367,2025-05-24 20:40:33.295462,0 days 00:00:04.401095,Adam,0.10755903685487576,,0.020201271239574974,,,,,2,,94.88487622268329,,,PRUNED
565,565,37.5,2025-05-24 20:40:33.332447,2025-05-24 20:40:38.643700,0 days 00:00:05.311253,AdamW,0.07638439558793506,,,0.00011223883214982879,,,,10,,,0.004154431309719003,,PRUNED
566,566,39.583333333333336,2025-05-24 20:40:38.686407,2025-05-24 20:40:43.687105,0 days 00:00:05.000698,AdamW,0.17293981531402203,,,7.833269159457434e-05,,,,8,,,0.0026079312629222777,,PRUNED
567,567,33.333333333333336,2025-05-24 20:40:43.726936,2025-05-24 20:40:49.776319,0 days 00:00:06.049383,AdamW,0.12908659722840257,,,0.00013295080808940082,,,,8,,,0.001149655464401369,,PRUNED
568,568,47.916666666666664,2025-05-24 20:40:49.817086,2025-05-24 20:40:59.072094,0 days 00:00:09.255008,AdamW,0.0987105405195263,,,9.553251244656978e-05,,,,9,,,0.002402322205638206,,PRUNED
569,569,39.583333333333336,2025-05-24 20:40:59.115682,2025-05-24 20:41:03.523129,0 days 00:00:04.407447,AdamW,0.19556992547212354,,,6.438162606843751e-05,,,,7,,,0.0018870333803957323,,PRUNED
570,570,33.333333333333336,2025-05-24 20:41:03.551153,2025-05-24 20:41:05.628364,0 days 00:00:02.077211,AdamW,0.26912762483419334,,,0.00016170950494806335,,,,3,,,0.004566660742207401,,PRUNED
571,571,37.5,2025-05-24 20:41:05.658018,2025-05-24 20:41:07.751606,0 days 00:00:02.093588,AdamW,0.1847168599512962,,,0.0004773669511937568,,,,9,,,0.0028844749386801117,,PRUNED
572,572,33.333333333333336,2025-05-24 20:41:07.779067,2025-05-24 20:41:10.204419,0 days 00:00:02.425352,AdamW,0.14891880806896846,,,0.0007534443020868977,,,,13,,,0.0016826637816805344,,PRUNED
573,573,25.0,2025-05-24 20:41:10.241729,2025-05-24 20:41:12.634440,0 days 00:00:02.392711,AdamW,0.2184631867705743,,,8.000952300658394e-05,,,,10,,,0.0022057886919124373,,PRUNED
574,574,41.666666666666664,2025-05-24 20:41:12.674477,2025-05-24 20:41:14.966359,0 days 00:00:02.291882,AdamW,0.3911764129733202,,,2.396980861716766e-05,,,,3,,,0.0015078235868467183,,PRUNED
575,575,39.583333333333336,2025-05-24 20:41:15.004373,2025-05-24 20:41:19.204951,0 days 00:00:04.200578,AdamW,0.11806229069452007,,,0.0003361392208606529,,,,8,,,0.0020334847464553367,,PRUNED
576,576,39.583333333333336,2025-05-24 20:41:19.245585,2025-05-24 20:41:24.792551,0 days 00:00:05.546966,AdamW,0.4358463936711688,,,0.0011697037222616995,,,,9,,,0.0012353690279418052,,PRUNED
577,577,33.333333333333336,2025-05-24 20:41:24.832191,2025-05-24 20:41:29.300979,0 days 00:00:04.468788,AdamW,0.24073954544959095,,,5.599838938687637e-05,,,,10,,,0.0016052890262767995,,PRUNED
578,578,41.666666666666664,2025-05-24 20:41:29.340410,2025-05-24 20:41:35.395159,0 days 00:00:06.054749,AdamW,0.08448709939693266,,,0.00010374169505084698,,,,9,,,0.002412567078732395,,PRUNED
579,579,37.5,2025-05-24 20:41:35.434952,2025-05-24 20:41:41.526737,0 days 00:00:06.091785,AdamW,0.17929654712309803,,,0.00012176150806558917,,,,6,,,0.0018551119290459077,,PRUNED
580,580,29.166666666666668,2025-05-24 20:41:41.568614,2025-05-24 20:41:47.635989,0 days 00:00:06.067375,AdamW,0.10241300458024744,,,0.00024208567212130567,,,,3,,,0.0014159468955419368,,PRUNED
581,581,31.25,2025-05-24 20:41:47.676642,2025-05-24 20:41:53.767447,0 days 00:00:06.090805,AdamW,0.16603867899025163,,,6.854592625834391e-05,,,,8,,,0.00060028946861766,,PRUNED
582,582,41.666666666666664,2025-05-24 20:41:53.809270,2025-05-24 20:41:59.886117,0 days 00:00:06.076847,AdamW,0.2076328629362122,,,9.033198466113842e-05,,,,8,,,0.002654413558064438,,PRUNED
583,583,33.333333333333336,2025-05-24 20:41:59.927143,2025-05-24 20:42:06.121053,0 days 00:00:06.193910,Adadelta,0.13855774144441657,0.33437002848490505,,,,,,2,42.42684809067951,,,,PRUNED
584,584,35.416666666666664,2025-05-24 20:42:06.161703,2025-05-24 20:42:12.282903,0 days 00:00:06.121200,AdamW,0.19215271306797496,,,1.0484980391244389e-05,,,,13,,,0.008003645667689544,,PRUNED
585,585,39.583333333333336,2025-05-24 20:42:12.323744,2025-05-24 20:42:18.397445,0 days 00:00:06.073701,AdamW,0.15704002551345977,,,5.142591385856221e-05,,,,7,,,0.00045713222000591525,,PRUNED
586,586,33.333333333333336,2025-05-24 20:42:18.437769,2025-05-24 20:42:24.570851,0 days 00:00:06.133082,Adam,0.09611706029308548,,0.0012706314248368575,,,,,5,,2.2827125140909863,,,PRUNED
587,587,33.333333333333336,2025-05-24 20:42:24.610612,2025-05-24 20:42:30.740576,0 days 00:00:06.129964,AdamW,0.11051264830204398,,,0.0001396863030461068,,,,3,,,0.0020825586978850397,,PRUNED
588,588,,2025-05-24 20:42:30.781004,2025-05-24 20:42:36.216401,0 days 00:00:05.435397,SGD,0.229327457298002,,,,0.014052770426000361,9.139654965993692,True,9,,,,0.35013086955800055,PRUNED
589,589,37.5,2025-05-24 20:42:36.255779,2025-05-24 20:42:42.386476,0 days 00:00:06.130697,AdamW,0.41472252268315424,,,0.00010505290912405669,,,,11,,,0.0022741355387993854,,PRUNED
590,590,37.5,2025-05-24 20:42:42.427445,2025-05-24 20:42:48.515108,0 days 00:00:06.087663,AdamW,0.17644740278928914,,,1.6400450045349222e-05,,,,8,,,0.0010118165386768536,,PRUNED
591,591,35.416666666666664,2025-05-24 20:42:48.555182,2025-05-24 20:42:54.685866,0 days 00:00:06.130684,AdamW,0.20103763747737974,,,0.00017363616190831693,,,,9,,,0.0033010460217417843,,PRUNED
592,592,33.333333333333336,2025-05-24 20:42:54.726611,2025-05-24 20:43:00.846235,0 days 00:00:06.119624,AdamW,0.27828315578035334,,,6.842541740542687e-05,,,,3,,,0.0017411551606418333,,PRUNED
593,593,31.25,2025-05-24 20:43:00.887494,2025-05-24 20:43:06.967396,0 days 00:00:06.079902,AdamW,0.06759419864300681,,,8.529366948566441e-05,,,,8,,,0.0007060180186049452,,PRUNED
594,594,33.333333333333336,2025-05-24 20:43:07.007831,2025-05-24 20:43:13.135056,0 days 00:00:06.127225,AdamW,0.2546134992253938,,,0.00011924031000327579,,,,10,,,0.0019451894363388758,,PRUNED
595,595,33.333333333333336,2025-05-24 20:43:13.174117,2025-05-24 20:43:19.245394,0 days 00:00:06.071277,AdamW,0.18559124380622857,,,0.05537828526267902,,,,9,,,0.0015962499010953816,,PRUNED
596,596,33.333333333333336,2025-05-24 20:43:19.287158,2025-05-24 20:43:25.418568,0 days 00:00:06.131410,AdamW,0.16789639140195567,,,0.00021685646074019326,,,,7,,,0.00298121071215523,,PRUNED
597,597,35.416666666666664,2025-05-24 20:43:25.460726,2025-05-24 20:43:31.589187,0 days 00:00:06.128461,AdamW,0.12980394472029744,,,7.989833413839608e-05,,,,4,,,0.0024646189441138075,,PRUNED
598,598,33.333333333333336,2025-05-24 20:43:31.681006,2025-05-24 20:43:37.818165,0 days 00:00:06.137159,AdamW,0.08006973415701035,,,0.00013785748833759922,,,,8,,,0.0017730075708662844,,PRUNED
599,599,37.5,2025-05-24 20:43:37.861054,2025-05-24 20:43:43.928649,0 days 00:00:06.067595,AdamW,0.21495630958279668,,,5.774713442461239e-05,,,,3,,,0.0008716917129742545,,PRUNED
600,600,41.666666666666664,2025-05-24 20:43:43.969070,2025-05-24 20:43:50.110895,0 days 00:00:06.141825,AdamW,0.10995862370078978,,,0.00010022481137807101,,,,4,,,0.0012941259143786075,,PRUNED
601,601,39.583333333333336,2025-05-24 20:43:50.152570,2025-05-24 20:43:56.298134,0 days 00:00:06.145564,AdamW,0.08832455661004213,,,4.7033185477344436e-05,,,,10,,,0.0004200854962172125,,PRUNED
602,602,35.416666666666664,2025-05-24 20:43:56.338458,2025-05-24 20:44:02.420267,0 days 00:00:06.081809,AdamW,0.19378997746331564,,,0.0001725220869747894,,,,13,,,0.0005271082467528596,,PRUNED
603,603,33.333333333333336,2025-05-24 20:44:02.460776,2025-05-24 20:44:08.579881,0 days 00:00:06.119105,AdamW,0.15648874203295382,,,7.126556726690011e-05,,,,11,,,0.0022072677255869293,,PRUNED
604,604,35.416666666666664,2025-05-24 20:44:08.621586,2025-05-24 20:44:14.699866,0 days 00:00:06.078280,AdamW,0.4520681843815143,,,2.8083468689068433e-05,,,,9,,,0.005770665072055469,,PRUNED
605,605,33.333333333333336,2025-05-24 20:44:14.741793,2025-05-24 20:44:20.806857,0 days 00:00:06.065064,AdamW,0.1734524242045205,,,0.00011779989786291825,,,,8,,,0.003810500159057597,,PRUNED
606,606,33.333333333333336,2025-05-24 20:44:20.848069,2025-05-24 20:44:27.003560,0 days 00:00:06.155491,AdamW,0.10008376909940014,,,9.341520923218573e-05,,,,4,,,0.001954747532759756,,PRUNED
607,607,37.5,2025-05-24 20:44:27.044117,2025-05-24 20:44:33.145801,0 days 00:00:06.101684,AdamW,0.12136999216201949,,,0.0001477292114994189,,,,7,,,0.0026661154602943475,,PRUNED
608,608,33.333333333333336,2025-05-24 20:44:33.189707,2025-05-24 20:44:39.344000,0 days 00:00:06.154293,Adam,0.3300938430586976,,0.002331880836748358,,,,,9,,13.566676997420197,,,PRUNED
609,609,33.333333333333336,2025-05-24 20:44:39.384286,2025-05-24 20:44:45.473987,0 days 00:00:06.089701,AdamW,0.26392279320045764,,,6.262841669785364e-05,,,,9,,,0.0007462380393902534,,PRUNED
610,610,33.333333333333336,2025-05-24 20:44:45.514542,2025-05-24 20:44:51.587572,0 days 00:00:06.073030,Adadelta,0.24599532853562914,1.569933680299865,,,,,,8,1.0729899099792353,,,,PRUNED
611,611,37.5,2025-05-24 20:44:51.628494,2025-05-24 20:44:57.729079,0 days 00:00:06.100585,AdamW,0.14608548909849167,,,1.3737572781962423e-05,,,,6,,,0.0014569301834324994,,PRUNED
612,612,37.5,2025-05-24 20:44:57.772734,2025-05-24 20:45:03.882778,0 days 00:00:06.110044,AdamW,0.1828116161421648,,,3.994407224970391e-05,,,,8,,,0.0010545298490402114,,PRUNED
613,613,33.333333333333336,2025-05-24 20:45:03.924163,2025-05-24 20:45:10.027347,0 days 00:00:06.103184,AdamW,0.16337578067702102,,,0.0009253262413533269,,,,5,,,0.0021970350369647554,,PRUNED
614,614,33.333333333333336,2025-05-24 20:45:10.068116,2025-05-24 20:45:16.209470,0 days 00:00:06.141354,SGD,0.20437383533266254,,,,0.004957970585536609,1.4303260780868001,False,3,,,,0.9929252683427794,PRUNED
615,615,45.833333333333336,2025-05-24 20:45:16.250665,2025-05-24 20:45:24.465337,0 days 00:00:08.214672,AdamW,0.236122692802456,,,8.414147404669783e-05,,,,9,,,0.0016260311403454488,,PRUNED
616,616,33.333333333333336,2025-05-24 20:45:24.506339,2025-05-24 20:45:30.600354,0 days 00:00:06.094015,AdamW,0.09415057029396363,,,0.00019746328603543375,,,,11,,,0.0020697872343701687,,PRUNED
617,617,33.333333333333336,2025-05-24 20:45:30.642035,2025-05-24 20:45:36.738620,0 days 00:00:06.096585,AdamW,0.4728783139863976,,,0.00029174829795462943,,,,4,,,0.0023604011763832334,,PRUNED
618,618,29.166666666666668,2025-05-24 20:45:36.779162,2025-05-24 20:45:42.886128,0 days 00:00:06.106966,AdamW,0.1778012077888963,,,2.1715530866410873e-05,,,,13,,,0.0011921107424818086,,PRUNED
619,619,39.583333333333336,2025-05-24 20:45:42.928448,2025-05-24 20:45:49.015088,0 days 00:00:06.086640,AdamW,0.370342775171002,,,0.00010832767171471794,,,,8,,,0.001780779685960621,,PRUNED
620,620,33.333333333333336,2025-05-24 20:45:49.061653,2025-05-24 20:45:55.209033,0 days 00:00:06.147380,AdamW,0.3126892616184987,,,7.501170382070014e-05,,,,10,,,0.0013519574729569674,,PRUNED
621,621,37.5,2025-05-24 20:45:55.250147,2025-05-24 20:46:01.368657,0 days 00:00:06.118510,AdamW,0.1075865255281123,,,0.0001303673902706918,,,,4,,,0.0008164845112407456,,PRUNED
622,622,35.416666666666664,2025-05-24 20:46:01.412019,2025-05-24 20:46:07.423460,0 days 00:00:06.011441,AdamW,0.4241993384975038,,,5.64215561644036e-05,,,,5,,,0.004782768767928554,,PRUNED
623,623,33.333333333333336,2025-05-24 20:46:07.462453,2025-05-24 20:46:11.473762,0 days 00:00:04.011309,AdamW,0.18892457445625477,,,0.00015978147837418676,,,,9,,,0.0006334675087513375,,PRUNED
624,624,35.416666666666664,2025-05-24 20:46:11.513105,2025-05-24 20:46:15.794225,0 days 00:00:04.281120,AdamW,0.2138663974312368,,,9.746146041427311e-05,,,,12,,,0.0018683655609643488,,PRUNED
625,625,33.333333333333336,2025-05-24 20:46:15.836255,2025-05-24 20:46:19.872355,0 days 00:00:04.036100,AdamW,0.22769435274063193,,,0.00067585502163788,,,,3,,,0.0027987941702719726,,PRUNED
626,626,39.583333333333336,2025-05-24 20:46:19.911145,2025-05-24 20:46:24.232794,0 days 00:00:04.321649,AdamW,0.1189846245053528,,,4.770514607271546e-05,,,,7,,,0.0024633510214660207,,PRUNED
627,627,35.416666666666664,2025-05-24 20:46:24.275818,2025-05-24 20:46:30.325626,0 days 00:00:06.049808,AdamW,0.09120495043651397,,,8.701517719359666e-05,,,,8,,,0.0009170404194924998,,PRUNED
628,628,37.5,2025-05-24 20:46:30.368011,2025-05-24 20:46:36.469059,0 days 00:00:06.101048,AdamW,0.13979706401600026,,,6.801648303062759e-05,,,,10,,,0.0020530118022857946,,PRUNED
629,629,33.333333333333336,2025-05-24 20:46:36.510021,2025-05-24 20:46:41.635231,0 days 00:00:05.125210,AdamW,0.2907421361388665,,,0.002002585406440082,,,,0,,,0.0015268627461928058,,PRUNED
630,630,33.333333333333336,2025-05-24 20:46:41.664878,2025-05-24 20:46:44.301521,0 days 00:00:02.636643,AdamW,0.1629577925501447,,,0.00011972249164768146,,,,9,,,0.0016607148473090957,,PRUNED
631,631,33.333333333333336,2025-05-24 20:46:44.341364,2025-05-24 20:46:47.295074,0 days 00:00:02.953710,Adadelta,0.07572159207634427,6.978017194836371,,,,,,11,0.04684216083970074,,,,PRUNED
632,632,33.333333333333336,2025-05-24 20:46:47.324051,2025-05-24 20:46:49.453833,0 days 00:00:02.129782,AdamW,0.19717213357370034,,,0.0014141353691641205,,,,7,,,0.00012403875085658202,,PRUNED
633,633,37.5,2025-05-24 20:46:49.485165,2025-05-24 20:46:51.684659,0 days 00:00:02.199494,AdamW,0.32174238024378377,,,3.336016287878732e-05,,,,2,,,0.0011070573964528914,,PRUNED
634,634,33.333333333333336,2025-05-24 20:46:51.723645,2025-05-24 20:46:54.114026,0 days 00:00:02.390381,Adam,0.3967430141883557,,0.020861506217876583,,,,,6,,0.3086229615759568,,,PRUNED
635,635,33.333333333333336,2025-05-24 20:46:54.143048,2025-05-24 20:46:56.820409,0 days 00:00:02.677361,AdamW,0.17855000240687455,,,0.0002487320670695781,,,,8,,,0.0005876651619123959,,PRUNED
636,636,33.333333333333336,2025-05-24 20:46:56.863643,2025-05-24 20:47:02.937469,0 days 00:00:06.073826,AdamW,0.30249564230347037,,,0.00013848870672587973,,,,3,,,0.002314147694939035,,PRUNED
637,637,,2025-05-24 20:47:02.978454,2025-05-24 20:47:08.265213,0 days 00:00:05.286759,SGD,0.345466771312401,,,,0.041677614508934126,67.38373398223422,True,9,,,,13.12638320435858,PRUNED
638,638,33.333333333333336,2025-05-24 20:47:08.306714,2025-05-24 20:47:14.458032,0 days 00:00:06.151318,AdamW,0.10012906638946582,,,0.00035709927411040114,,,,4,,,0.0019314444641166174,,PRUNED
639,639,35.416666666666664,2025-05-24 20:47:14.500682,2025-05-24 20:47:20.655059,0 days 00:00:06.154377,AdamW,0.3805575540741617,,,0.0001771717132288048,,,,13,,,0.0031327555228695867,,PRUNED
640,640,37.5,2025-05-24 20:47:20.698509,2025-05-24 20:47:26.852075,0 days 00:00:06.153566,AdamW,0.1714397605555037,,,0.00010222259869195606,,,,12,,,0.0006841626466590121,,PRUNED
641,641,41.666666666666664,2025-05-24 20:47:26.886313,2025-05-24 20:47:33.002110,0 days 00:00:06.115797,AdamW,0.2702649188795795,,,7.858310449748548e-05,,,,10,,,0.0026268423546509023,,PRUNED
642,642,33.333333333333336,2025-05-24 20:47:33.045696,2025-05-24 20:47:39.070844,0 days 00:00:06.025148,AdamW,0.40761149223899296,,,5.417954587422699e-05,,,,9,,,0.0017685717122101754,,PRUNED
643,643,41.666666666666664,2025-05-24 20:47:39.112879,2025-05-24 20:47:45.328082,0 days 00:00:06.215203,AdamW,0.15348418455333337,,,0.00011294519359112716,,,,8,,,0.002098689578528754,,PRUNED
644,644,41.666666666666664,2025-05-24 20:47:45.370175,2025-05-24 20:47:51.509149,0 days 00:00:06.138974,AdamW,0.11133447951787522,,,6.621628295457307e-05,,,,4,,,0.0007699838727563979,,PRUNED
645,645,33.333333333333336,2025-05-24 20:47:51.584393,2025-05-24 20:47:57.751883,0 days 00:00:06.167490,AdamW,0.252600980393513,,,0.0002072556883854809,,,,3,,,0.0013890290051159191,,PRUNED
646,646,33.333333333333336,2025-05-24 20:47:57.794823,2025-05-24 20:48:03.909833,0 days 00:00:06.115010,AdamW,0.05055838729756839,,,8.78137504719426e-05,,,,5,,,0.002210890697048629,,PRUNED
647,647,31.25,2025-05-24 20:48:03.953044,2025-05-24 20:48:10.097752,0 days 00:00:06.144708,AdamW,0.12737400248756992,,,1.21025164399628e-05,,,,8,,,0.0016200356420931548,,PRUNED
648,648,35.416666666666664,2025-05-24 20:48:10.141702,2025-05-24 20:48:16.258274,0 days 00:00:06.116572,AdamW,0.186179075597125,,,4.2694523985889266e-05,,,,8,,,0.001899543332866556,,PRUNED
649,649,33.333333333333336,2025-05-24 20:48:16.303527,2025-05-24 20:48:22.544779,0 days 00:00:06.241252,AdamW,0.08792227744695014,,,0.00014234582181702247,,,,4,,,0.0012812707597959828,,PRUNED
650,650,33.333333333333336,2025-05-24 20:48:22.594340,2025-05-24 20:48:28.764997,0 days 00:00:06.170657,AdamW,0.33456383481314056,,,0.0011280009034305343,,,,12,,,0.0024492865031985217,,PRUNED
651,651,35.416666666666664,2025-05-24 20:48:28.810219,2025-05-24 20:48:34.923038,0 days 00:00:06.112819,AdamW,0.2779523044111432,,,7.397042862675637e-05,,,,9,,,0.002959947689266644,,PRUNED
652,652,39.583333333333336,2025-05-24 20:48:34.962818,2025-05-24 20:48:41.053751,0 days 00:00:06.090933,AdamW,0.22080771859793719,,,1.6516685464626824e-05,,,,3,,,0.0020788103243551195,,PRUNED
653,653,56.25,2025-05-24 20:48:41.091503,2025-05-24 20:48:52.853989,0 days 00:00:11.762486,AdamW,0.24093066230332785,,,9.729061257405668e-05,,,,7,,,0.0004866508115836409,,COMPLETE
654,654,39.583333333333336,2025-05-24 20:48:52.914846,2025-05-24 20:48:59.077451,0 days 00:00:06.162605,AdamW,0.24288365064012157,,,9.680615947515167e-05,,,,7,,,0.0004925194074691696,,PRUNED
655,655,33.333333333333336,2025-05-24 20:48:59.119595,2025-05-24 20:49:05.287164,0 days 00:00:06.167569,Adadelta,0.23313397198424657,19.389867846476974,,,,,,7,0.5202000360048509,,,,PRUNED
656,656,27.083333333333332,2025-05-24 20:49:05.330245,2025-05-24 20:49:11.389552,0 days 00:00:06.059307,AdamW,0.2308044035131091,,,8.430391871645729e-05,,,,7,,,0.0005312486088707941,,PRUNED
657,657,35.416666666666664,2025-05-24 20:49:11.432075,2025-05-24 20:49:17.765993,0 days 00:00:06.333918,AdamW,0.2598903541264277,,,0.00011000861176503947,,,,7,,,0.00043509178799959805,,PRUNED
658,658,33.333333333333336,2025-05-24 20:49:17.807693,2025-05-24 20:49:23.994017,0 days 00:00:06.186324,Adam,0.210457345321478,,0.04092373900939445,,,,,6,,4.029310452389316,,,PRUNED
659,659,37.5,2025-05-24 20:49:24.035716,2025-05-24 20:49:30.141962,0 days 00:00:06.106246,AdamW,0.2460719421598958,,,6.498374030211164e-05,,,,7,,,0.0005172783802199262,,PRUNED
660,660,37.5,2025-05-24 20:49:30.183947,2025-05-24 20:49:36.283436,0 days 00:00:06.099489,AdamW,0.24256626986512986,,,9.846672941051428e-05,,,,7,,,0.0004818163269294623,,PRUNED
661,661,,2025-05-24 20:49:36.325067,2025-05-24 20:49:41.904929,0 days 00:00:05.579862,SGD,0.22705637640659326,,,,2.3572184658264747e-05,19.40546092849604,False,6,,,,0.0925199713864118,PRUNED
662,662,33.333333333333336,2025-05-24 20:49:41.945366,2025-05-24 20:49:48.037378,0 days 00:00:06.092012,AdamW,0.2543389265331621,,,5.364236071961227e-05,,,,7,,,0.000407296665946719,,PRUNED
663,663,41.666666666666664,2025-05-24 20:49:48.078516,2025-05-24 20:49:54.372824,0 days 00:00:06.294308,AdamW,0.2483325183888271,,,1.0027710387674928e-05,,,,10,,,0.0004775634487426918,,PRUNED
664,664,35.416666666666664,2025-05-24 20:49:54.415592,2025-05-24 20:50:00.565777,0 days 00:00:06.150185,AdamW,0.2633412261714853,,,7.611486592079873e-05,,,,4,,,0.00044974969165934703,,PRUNED
665,665,50.0,2025-05-24 20:50:00.610157,2025-05-24 20:50:12.064480,0 days 00:00:11.454323,AdamW,0.23554553656715077,,,0.00012591630181063072,,,,12,,,0.0005407871893256553,,COMPLETE
666,666,41.666666666666664,2025-05-24 20:50:12.123391,2025-05-24 20:50:18.297513,0 days 00:00:06.174122,AdamW,0.10462439793000214,,,9.473208832102951e-05,,,,6,,,0.005302722104296855,,PRUNED
667,667,39.583333333333336,2025-05-24 20:50:18.343462,2025-05-24 20:50:24.524341,0 days 00:00:06.180879,AdamW,0.21552865376903432,,,0.00011364062502856923,,,,11,,,0.000598056959772576,,PRUNED
668,668,33.333333333333336,2025-05-24 20:50:24.569042,2025-05-24 20:50:30.749691,0 days 00:00:06.180649,AdamW,0.20365947093730657,,,2.7622893798272486e-05,,,,3,,,0.0003713277623790236,,PRUNED
669,669,33.333333333333336,2025-05-24 20:50:30.794217,2025-05-24 20:50:36.928046,0 days 00:00:06.133829,AdamW,0.07989449918175995,,,6.176647562952893e-05,,,,5,,,0.0025964029717563636,,PRUNED
670,670,29.166666666666668,2025-05-24 20:50:36.969852,2025-05-24 20:50:43.105173,0 days 00:00:06.135321,AdamW,0.3133660257190274,,,2.0297977806062097e-05,,,,13,,,0.0006459229146514939,,PRUNED
671,671,39.583333333333336,2025-05-24 20:50:43.150676,2025-05-24 20:50:49.241544,0 days 00:00:06.090868,AdamW,0.11634698062462694,,,7.732818239294088e-05,,,,9,,,0.0005690295453123609,,PRUNED
672,672,39.583333333333336,2025-05-24 20:50:49.285743,2025-05-24 20:50:55.506507,0 days 00:00:06.220764,AdamW,0.284743558149801,,,8.399545496050003e-05,,,,4,,,0.002240022691975773,,PRUNED
673,673,37.5,2025-05-24 20:50:55.550364,2025-05-24 20:51:01.659486,0 days 00:00:06.109122,AdamW,0.32436311034620074,,,3.6539975632368036e-05,,,,10,,,0.0009618423405416363,,PRUNED
674,674,52.083333333333336,2025-05-24 20:51:01.700650,2025-05-24 20:51:13.088395,0 days 00:00:11.387745,AdamW,0.09100500431242528,,,0.00012866250408895074,,,,7,,,0.0035279282238240423,,PRUNED
675,675,33.333333333333336,2025-05-24 20:51:13.132852,2025-05-24 20:51:19.353520,0 days 00:00:06.220668,AdamW,0.24076796591144584,,,5.217029056173333e-05,,,,9,,,0.0007218484842309692,,PRUNED
676,676,33.333333333333336,2025-05-24 20:51:19.397184,2025-05-24 20:51:25.634286,0 days 00:00:06.237102,AdamW,0.06535135736487765,,,0.00010135196169662124,,,,2,,,0.0018665101488959494,,PRUNED
677,677,39.583333333333336,2025-05-24 20:51:25.678540,2025-05-24 20:51:31.775347,0 days 00:00:06.096807,AdamW,0.2975077808501094,,,6.404898847096242e-05,,,,11,,,0.002363425825075033,,PRUNED
678,678,29.166666666666668,2025-05-24 20:51:31.816922,2025-05-24 20:51:37.955165,0 days 00:00:06.138243,AdamW,0.2255967387998752,,,8.33461484590452e-05,,,,1,,,0.00210116836298909,,PRUNED
679,679,33.333333333333336,2025-05-24 20:51:37.996958,2025-05-24 20:51:43.532831,0 days 00:00:05.535873,AdamW,0.1037804986040344,,,0.0025853874417453774,,,,12,,,0.0040364132302628,,PRUNED
680,680,33.333333333333336,2025-05-24 20:51:43.645504,2025-05-24 20:51:48.312709,0 days 00:00:04.667205,Adadelta,0.12250982199262897,45.2972049270957,,,,,,7,0.019415889354644406,,,,PRUNED
681,681,35.416666666666664,2025-05-24 20:51:48.351778,2025-05-24 20:51:52.276704,0 days 00:00:03.924926,AdamW,0.19131592008391865,,,0.00014929639413385507,,,,9,,,0.0028070293526719983,,PRUNED
682,682,33.333333333333336,2025-05-24 20:51:52.316164,2025-05-24 20:51:55.177063,0 days 00:00:02.860899,AdamW,0.27166225542873346,,,0.00010488918702669199,,,,3,,,0.0008278763072849435,,PRUNED
683,683,33.333333333333336,2025-05-24 20:51:55.206477,2025-05-24 20:51:59.058722,0 days 00:00:03.852245,Adam,0.2516076096322541,,0.00901524224629267,,,,,13,,0.5428640861875157,,,PRUNED
684,684,35.416666666666664,2025-05-24 20:51:59.102680,2025-05-24 20:52:05.268264,0 days 00:00:06.165584,AdamW,0.3512456067871482,,,4.742650138838354e-05,,,,4,,,0.0017582874676186032,,PRUNED
685,685,33.333333333333336,2025-05-24 20:52:05.310381,2025-05-24 20:52:11.518858,0 days 00:00:06.208477,SGD,0.08468057936284187,,,,0.0022801824028628134,0.9157240206642143,True,10,,,,3.6167539865714953,PRUNED
686,686,35.416666666666664,2025-05-24 20:52:11.562995,2025-05-24 20:52:14.542983,0 days 00:00:02.979988,AdamW,0.19902043292855398,,,6.653607273223464e-05,,,,9,,,0.0019229516075453892,,PRUNED
687,687,27.083333333333332,2025-05-24 20:52:14.574267,2025-05-24 20:52:17.083118,0 days 00:00:02.508851,AdamW,0.2164860576696747,,,0.0008264970659372723,,,,3,,,0.002321409162306474,,PRUNED
688,688,56.25,2025-05-24 20:52:17.112604,2025-05-24 20:52:22.128228,0 days 00:00:05.015624,AdamW,0.09610528052733643,,,2.5303866850149365e-05,,,,5,,,0.0006617638244353825,,COMPLETE
689,689,29.166666666666668,2025-05-24 20:52:22.171731,2025-05-24 20:52:24.375969,0 days 00:00:02.204238,AdamW,0.1030559688713527,,,2.5633433131154993e-05,,,,5,,,0.0008073030915344545,,PRUNED
690,690,43.75,2025-05-24 20:52:24.407626,2025-05-24 20:52:28.480355,0 days 00:00:04.072729,AdamW,0.09804807241698484,,,1.9493890251664347e-05,,,,5,,,0.0006052711137989361,,PRUNED
691,691,35.416666666666664,2025-05-24 20:52:28.514706,2025-05-24 20:52:30.898953,0 days 00:00:02.384247,AdamW,0.09204859787243308,,,3.280305440774496e-05,,,,6,,,0.0006757788478993614,,PRUNED
692,692,39.583333333333336,2025-05-24 20:52:30.929875,2025-05-24 20:52:33.903700,0 days 00:00:02.973825,AdamW,0.07513750497411448,,,2.2362776489788484e-05,,,,5,,,0.000695630792341969,,PRUNED
693,693,33.333333333333336,2025-05-24 20:52:33.948050,2025-05-24 20:52:40.075533,0 days 00:00:06.127483,AdamW,0.09372438196547969,,,1.4178356978554942e-05,,,,5,,,0.0006306366493015149,,PRUNED
694,694,56.25,2025-05-24 20:52:40.120122,2025-05-24 20:52:51.626950,0 days 00:00:11.506828,AdamW,0.11564145334779838,,,2.607219198406271e-05,,,,6,,,0.0005519183153205334,,COMPLETE
695,695,35.416666666666664,2025-05-24 20:52:51.689702,2025-05-24 20:52:57.863839,0 days 00:00:06.174137,AdamW,0.11452123618526547,,,2.5991639635586202e-05,,,,6,,,0.0005575370798586903,,PRUNED
696,696,29.166666666666668,2025-05-24 20:52:57.908436,2025-05-24 20:53:04.032971,0 days 00:00:06.124535,AdamW,0.12951515952318446,,,1.7472543726543907e-05,,,,7,,,0.0005605292387691083,,PRUNED
697,697,41.666666666666664,2025-05-24 20:53:04.075505,2025-05-24 20:53:12.273814,0 days 00:00:08.198309,AdamW,0.1082697424262495,,,2.368174017659842e-05,,,,5,,,0.00048605148456258953,,PRUNED
698,698,39.583333333333336,2025-05-24 20:53:12.316846,2025-05-24 20:53:18.431665,0 days 00:00:06.114819,AdamW,0.11351209936853404,,,3.09337902103746e-05,,,,6,,,0.0005554630413284806,,PRUNED
699,699,41.666666666666664,2025-05-24 20:53:18.473215,2025-05-24 20:53:25.751871,0 days 00:00:07.278656,AdamW,0.12383399991042356,,,2.6364097752456422e-05,,,,6,,,0.0006514355470349145,,PRUNED
700,700,33.333333333333336,2025-05-24 20:53:25.794768,2025-05-24 20:53:31.907084,0 days 00:00:06.112316,AdamW,0.13701225686972324,,,2.22401016962098e-05,,,,5,,,0.0005836652123099906,,PRUNED
701,701,37.5,2025-05-24 20:53:31.949348,2025-05-24 20:53:38.147777,0 days 00:00:06.198429,AdamW,0.10767919386925359,,,3.112827413761383e-05,,,,5,,,0.0005475616781432658,,PRUNED
702,702,35.416666666666664,2025-05-24 20:53:38.191639,2025-05-24 20:53:44.295860,0 days 00:00:06.104221,AdamW,0.08440222056223008,,,1.81995819960737e-05,,,,6,,,0.0005044491210917763,,PRUNED
703,703,33.333333333333336,2025-05-24 20:53:44.339007,2025-05-24 20:53:50.401674,0 days 00:00:06.062667,AdamW,0.11723201662651436,,,3.981939715877122e-05,,,,4,,,0.0004585373632306077,,PRUNED
704,704,41.666666666666664,2025-05-24 20:53:50.445873,2025-05-24 20:53:56.753789,0 days 00:00:06.307916,AdamW,0.0995389690604207,,,3.4410980596165266e-05,,,,6,,,0.0006378234829999431,,PRUNED
705,705,31.25,2025-05-24 20:53:56.799000,2025-05-24 20:54:02.999955,0 days 00:00:06.200955,AdamW,0.0727197146392263,,,2.645131439707678e-05,,,,6,,,0.0006802481530660948,,PRUNED
706,706,35.416666666666664,2025-05-24 20:54:03.044665,2025-05-24 20:54:09.220398,0 days 00:00:06.175733,AdamW,0.12267442998090128,,,2.148931977196207e-05,,,,5,,,0.0005862688428976285,,PRUNED
707,707,33.333333333333336,2025-05-24 20:54:09.265283,2025-05-24 20:54:15.455758,0 days 00:00:06.190475,Adadelta,0.10005506838855063,3.874499076011838,,,,,,5,53.402416131934366,,,,PRUNED
708,708,33.333333333333336,2025-05-24 20:54:15.500230,2025-05-24 20:54:21.684791,0 days 00:00:06.184561,AdamW,0.1334116111475666,,,2.834278476289751e-05,,,,7,,,0.0007541527571442243,,PRUNED
709,709,27.083333333333332,2025-05-24 20:54:21.729669,2025-05-24 20:54:27.925230,0 days 00:00:06.195561,AdamW,0.10916105946118775,,,1.4787829120635198e-05,,,,4,,,0.0007274447108595037,,PRUNED
710,710,35.416666666666664,2025-05-24 20:54:27.968994,2025-05-24 20:54:34.102847,0 days 00:00:06.133853,Adam,0.08442357304455865,,0.0003172726110600463,,,,,6,,1.666120623108916,,,PRUNED
711,711,,2025-05-24 20:54:34.147590,2025-05-24 20:54:39.655346,0 days 00:00:05.507756,SGD,0.09505060253023086,,,,0.00011182154003614735,93.92029293733813,False,5,,,,52.15474806318808,PRUNED
712,712,39.583333333333336,2025-05-24 20:54:39.697767,2025-05-24 20:54:45.843742,0 days 00:00:06.145975,AdamW,0.060596495512276805,,,4.493114093727506e-05,,,,7,,,0.0008999103269857554,,PRUNED
713,713,47.916666666666664,2025-05-24 20:54:45.888629,2025-05-24 20:54:57.439203,0 days 00:00:11.550574,AdamW,0.11862930062227485,,,3.812268050119626e-05,,,,4,,,0.00041346730917908944,,PRUNED
714,714,50.0,2025-05-24 20:54:57.485133,2025-05-24 20:55:08.879363,0 days 00:00:11.394230,AdamW,0.3703059554666658,,,1.9050677144642335e-05,,,,4,,,0.0006383086075595882,,PRUNED
715,715,33.333333333333336,2025-05-24 20:55:08.926341,2025-05-24 20:55:15.217030,0 days 00:00:06.290689,AdamW,0.11242292863765517,,,5.075688556643093e-05,,,,4,,,0.0005122574703443668,,PRUNED
716,716,41.666666666666664,2025-05-24 20:55:15.261029,2025-05-24 20:55:21.425835,0 days 00:00:06.164806,AdamW,0.46396309771657396,,,6.118926818979627e-05,,,,6,,,0.0004547998953481069,,PRUNED
717,717,41.666666666666664,2025-05-24 20:55:21.470823,2025-05-24 20:55:27.689616,0 days 00:00:06.218793,AdamW,0.09166616391029214,,,7.220493873619819e-05,,,,7,,,0.0006912127852842617,,PRUNED
718,718,33.333333333333336,2025-05-24 20:55:27.734079,2025-05-24 20:55:33.860614,0 days 00:00:06.126535,AdamW,0.09896929727798688,,,3.845696809227691e-05,,,,5,,,0.0005368731607441251,,PRUNED
719,719,37.5,2025-05-24 20:55:33.906050,2025-05-24 20:55:40.152282,0 days 00:00:06.246232,AdamW,0.3398087144571814,,,8.84661044061889e-05,,,,4,,,0.006423791209363692,,PRUNED
720,720,31.25,2025-05-24 20:55:40.199770,2025-05-24 20:55:46.335710,0 days 00:00:06.135940,AdamW,0.08481059118195033,,,2.4447336052573313e-05,,,,3,,,0.001006909700483695,,PRUNED
721,721,31.25,2025-05-24 20:55:46.379452,2025-05-24 20:55:52.549376,0 days 00:00:06.169924,AdamW,0.1052457630962088,,,2.948688668014488e-05,,,,9,,,0.0007588026456371495,,PRUNED
722,722,33.333333333333336,2025-05-24 20:55:52.592655,2025-05-24 20:55:58.716918,0 days 00:00:06.124263,AdamW,0.36264254182926386,,,5.694044289263069e-05,,,,9,,,0.0006139017208594376,,PRUNED
723,723,41.666666666666664,2025-05-24 20:55:58.759609,2025-05-24 20:56:04.938633,0 days 00:00:06.179024,AdamW,0.1259112417233762,,,7.127848655750611e-05,,,,8,,,0.0005121233688832118,,PRUNED
724,724,33.333333333333336,2025-05-24 20:56:04.982542,2025-05-24 20:56:11.158156,0 days 00:00:06.175614,AdamW,0.0755131560070342,,,8.737502996390929e-05,,,,3,,,0.0008626827082760315,,PRUNED
725,725,33.333333333333336,2025-05-24 20:56:11.201494,2025-05-24 20:56:17.347180,0 days 00:00:06.145686,AdamW,0.4416080259026385,,,0.00010857637593869063,,,,7,,,0.0011549855328465038,,PRUNED
726,726,29.166666666666668,2025-05-24 20:56:17.389099,2025-05-24 20:56:23.562980,0 days 00:00:06.173881,AdamW,0.10897610872828092,,,7.663442610234785e-05,,,,5,,,0.0033259573718480086,,PRUNED
727,727,33.333333333333336,2025-05-24 20:56:23.605754,2025-05-24 20:56:29.679573,0 days 00:00:06.073819,AdamW,0.3915556202148627,,,4.5509961410729904e-05,,,,10,,,0.0005990994655316623,,PRUNED
728,728,37.5,2025-05-24 20:56:29.773872,2025-05-24 20:56:36.026563,0 days 00:00:06.252691,AdamW,0.3276287065294887,,,3.1533898234380116e-05,,,,4,,,0.000791633491557478,,PRUNED
729,729,39.583333333333336,2025-05-24 20:56:36.070278,2025-05-24 20:56:42.292700,0 days 00:00:06.222422,Adadelta,0.14515758584895533,0.030526325256648806,,,,,,6,0.14755144873168363,,,,PRUNED
730,730,33.333333333333336,2025-05-24 20:56:42.335257,2025-05-24 20:56:48.296677,0 days 00:00:05.961420,AdamW,0.09178784095673413,,,0.009237586750970942,,,,9,,,0.0004843926893517754,,PRUNED
731,731,37.5,2025-05-24 20:56:48.338834,2025-05-24 20:56:54.505659,0 days 00:00:06.166825,AdamW,0.4852909254163276,,,1.5659822054259842e-05,,,,7,,,0.0016660776090492992,,PRUNED
732,732,33.333333333333336,2025-05-24 20:56:54.550569,2025-05-24 20:57:00.665851,0 days 00:00:06.115282,AdamW,0.11371794008103064,,,0.023333165169462104,,,,3,,,0.0006977711192562523,,PRUNED
733,733,33.333333333333336,2025-05-24 20:57:00.708313,2025-05-24 20:57:06.825907,0 days 00:00:06.117594,Adam,0.09760198073925809,,0.013108097001518977,,,,,9,,0.17111769892601192,,,PRUNED
734,734,37.5,2025-05-24 20:57:06.868362,2025-05-24 20:57:12.443762,0 days 00:00:05.575400,AdamW,0.08088752297036314,,,9.385870319705075e-05,,,,8,,,0.00018061684260957769,,PRUNED
735,735,,2025-05-24 20:57:12.482183,2025-05-24 20:57:15.986278,0 days 00:00:03.504095,SGD,0.014264794155719296,,,,0.004076188691109705,80.59042767027704,True,3,,,,0.023583827126782215,PRUNED
736,736,33.333333333333336,2025-05-24 20:57:16.023012,2025-05-24 20:57:21.827137,0 days 00:00:05.804125,AdamW,0.131661589159892,,,0.00012238674245525257,,,,7,,,0.001097896294465595,,PRUNED
737,737,37.5,2025-05-24 20:57:21.869407,2025-05-24 20:57:26.855907,0 days 00:00:04.986500,AdamW,0.22486471725685295,,,5.581620153095233e-05,,,,2,,,0.004359860144217227,,PRUNED
738,738,33.333333333333336,2025-05-24 20:57:26.885894,2025-05-24 20:57:29.393552,0 days 00:00:02.507658,AdamW,0.237232585903476,,,2.2761148246787877e-05,,,,4,,,0.00156245651612536,,PRUNED
739,739,41.666666666666664,2025-05-24 20:57:29.422848,2025-05-24 20:57:32.919622,0 days 00:00:03.496774,AdamW,0.38047642042072266,,,1.2500466377018834e-05,,,,5,,,0.0009201803961936156,,PRUNED
740,740,33.333333333333336,2025-05-24 20:57:32.963013,2025-05-24 20:57:39.034257,0 days 00:00:06.071244,AdamW,0.12166609036235604,,,7.61365931763764e-05,,,,9,,,0.00042483514970724403,,PRUNED
741,741,33.333333333333336,2025-05-24 20:57:39.076789,2025-05-24 20:57:45.188089,0 days 00:00:06.111300,AdamW,0.10384059321685186,,,0.00010009759746453775,,,,10,,,0.0017387598943895714,,PRUNED
742,742,33.333333333333336,2025-05-24 20:57:45.230969,2025-05-24 20:57:49.881256,0 days 00:00:04.650287,AdamW,0.30942052732198794,,,6.256788798240947e-05,,,,8,,,0.0006308219021779284,,PRUNED
743,743,39.583333333333336,2025-05-24 20:57:49.910147,2025-05-24 20:57:52.136431,0 days 00:00:02.226284,AdamW,0.3512063557215275,,,4.2875019840684826e-05,,,,8,,,0.0005383969078585144,,PRUNED
744,744,33.333333333333336,2025-05-24 20:57:52.166899,2025-05-24 20:57:54.285991,0 days 00:00:02.119092,AdamW,0.20521264364100342,,,0.0001321260536791866,,,,9,,,0.005618244369356465,,PRUNED
745,745,54.166666666666664,2025-05-24 20:57:54.316817,2025-05-24 20:57:59.735136,0 days 00:00:05.418319,AdamW,0.1384695842804202,,,8.902890243797366e-05,,,,4,,,0.004968427210385096,,COMPLETE
746,746,37.5,2025-05-24 20:57:59.780374,2025-05-24 20:58:01.962505,0 days 00:00:02.182131,AdamW,0.08921686240022339,,,0.0001542524862802117,,,,6,,,0.003654519812246787,,PRUNED
747,747,35.416666666666664,2025-05-24 20:58:01.992614,2025-05-24 20:58:04.456833,0 days 00:00:02.464219,AdamW,0.3386376246489291,,,3.465712014957825e-05,,,,4,,,0.0007583724921384216,,PRUNED
748,748,37.5,2025-05-24 20:58:04.486135,2025-05-24 20:58:07.034101,0 days 00:00:02.547966,AdamW,0.11444089668833946,,,7.257259483186676e-05,,,,7,,,0.0018563484934269372,,PRUNED
749,749,37.5,2025-05-24 20:58:07.075786,2025-05-24 20:58:14.212428,0 days 00:00:07.136642,AdamW,0.09928852933665096,,,0.00010812357999682205,,,,9,,,0.0030499688021977463,,PRUNED
750,750,41.666666666666664,2025-05-24 20:58:14.256385,2025-05-24 20:58:20.368084,0 days 00:00:06.111699,AdamW,0.31930855393987506,,,1.904914212522053e-05,,,,10,,,0.0015727110222467212,,PRUNED
751,751,29.166666666666668,2025-05-24 20:58:20.412662,2025-05-24 20:58:26.587025,0 days 00:00:06.174363,AdamW,0.23317117494842365,,,5.426943429612639e-05,,,,9,,,0.002691136065758961,,PRUNED
752,752,33.333333333333336,2025-05-24 20:58:26.629616,2025-05-24 20:58:32.830929,0 days 00:00:06.201313,AdamW,0.07595269871558942,,,0.00011387429967059253,,,,3,,,0.0010311986149397676,,PRUNED
753,753,33.333333333333336,2025-05-24 20:58:32.873235,2025-05-24 20:58:39.017204,0 days 00:00:06.143969,AdamW,0.4036955479204917,,,8.872413741491067e-05,,,,5,,,0.001237947249591434,,PRUNED
754,754,37.5,2025-05-24 20:58:39.059986,2025-05-24 20:58:45.168693,0 days 00:00:06.108707,Adadelta,0.20770224596584322,0.181545281453141,,,,,,4,3.5905896928661156,,,,PRUNED
755,755,31.25,2025-05-24 20:58:45.211563,2025-05-24 20:58:51.372269,0 days 00:00:06.160706,Adam,0.10543029127591193,,0.0008390351246929221,,,,,6,,5.417004460809813,,,PRUNED
756,756,33.333333333333336,2025-05-24 20:58:51.415795,2025-05-24 20:58:57.638981,0 days 00:00:06.223186,AdamW,0.4257770249925287,,,6.720085113063031e-05,,,,8,,,0.0004539231165805943,,PRUNED
757,757,37.5,2025-05-24 20:58:57.687869,2025-05-24 20:59:03.878762,0 days 00:00:06.190893,AdamW,0.12917428147695467,,,0.0001598539607836257,,,,3,,,0.0005823381436803365,,PRUNED
758,758,33.333333333333336,2025-05-24 20:59:03.922567,2025-05-24 20:59:10.022538,0 days 00:00:06.099971,AdamW,0.33287018319936734,,,8.040197804494774e-05,,,,8,,,0.0019567481471660588,,PRUNED
759,759,,2025-05-24 20:59:10.065883,2025-05-24 20:59:15.500089,0 days 00:00:05.434206,SGD,0.19432112691036815,,,,0.008946397694743152,43.27239176727756,False,2,,,,1.2862495132408527,PRUNED
760,760,39.583333333333336,2025-05-24 20:59:15.542220,2025-05-24 20:59:21.728031,0 days 00:00:06.185811,AdamW,0.36071602106233175,,,0.0001223396604759423,,,,7,,,0.0003942658806435402,,PRUNED
761,761,31.25,2025-05-24 20:59:21.771092,2025-05-24 20:59:27.898130,0 days 00:00:06.127038,AdamW,0.09403136435951202,,,3.926603878565486e-05,,,,5,,,0.0008437793944391698,,PRUNED
762,762,33.333333333333336,2025-05-24 20:59:27.943260,2025-05-24 20:59:34.085497,0 days 00:00:06.142237,AdamW,0.11549579032975146,,,4.865473495121279e-05,,,,8,,,0.0014671218190905064,,PRUNED
763,763,41.666666666666664,2025-05-24 20:59:34.130239,2025-05-24 20:59:40.257927,0 days 00:00:06.127688,AdamW,0.14633811775290198,,,2.620600975707683e-05,,,,4,,,0.002081293894168819,,PRUNED
764,764,33.333333333333336,2025-05-24 20:59:40.300623,2025-05-24 20:59:46.547754,0 days 00:00:06.247131,AdamW,0.0697638814125483,,,0.0004657002512209371,,,,9,,,0.0007019427656803698,,PRUNED
765,765,35.416666666666664,2025-05-24 20:59:46.591713,2025-05-24 20:59:52.754571,0 days 00:00:06.162858,AdamW,0.0854162363218792,,,9.779859569184585e-05,,,,9,,,0.0017599295991154614,,PRUNED
766,766,33.333333333333336,2025-05-24 20:59:52.798282,2025-05-24 20:59:59.080239,0 days 00:00:06.281957,AdamW,0.21929186270810513,,,0.0032566113565451566,,,,3,,,0.002519933344975415,,PRUNED
767,767,33.333333333333336,2025-05-24 20:59:59.124024,2025-05-24 21:00:05.356795,0 days 00:00:06.232771,AdamW,0.18515987937451645,,,6.642627007289099e-05,,,,8,,,0.0005011491958696828,,PRUNED
768,768,37.5,2025-05-24 21:00:05.399978,2025-05-24 21:00:11.547789,0 days 00:00:06.147811,AdamW,0.2439232401368388,,,7.96062664504114e-05,,,,10,,,0.002170710420743641,,PRUNED
769,769,56.25,2025-05-24 21:00:11.591603,2025-05-24 21:00:23.309546,0 days 00:00:11.717943,AdamW,0.10622075982215044,,,5.823291142855945e-05,,,,7,,,0.0013575137783380375,,COMPLETE
770,770,37.5,2025-05-24 21:00:23.369772,2025-05-24 21:00:29.496457,0 days 00:00:06.126685,AdamW,0.4156538873095701,,,4.558298837257362e-05,,,,7,,,0.0012125366560018609,,PRUNED
771,771,39.583333333333336,2025-05-24 21:00:29.540896,2025-05-24 21:00:35.746456,0 days 00:00:06.205560,AdamW,0.10303335155929198,,,5.238529436071244e-05,,,,7,,,0.0013447322000346307,,PRUNED
772,772,37.5,2025-05-24 21:00:35.789226,2025-05-24 21:00:41.949713,0 days 00:00:06.160487,AdamW,0.08881347233629407,,,5.991848094135496e-05,,,,7,,,0.001286567870683821,,PRUNED
773,773,29.166666666666668,2025-05-24 21:00:41.993475,2025-05-24 21:00:48.131092,0 days 00:00:06.137617,AdamW,0.0997807503308054,,,3.552502665231843e-05,,,,7,,,0.001160519315388972,,PRUNED
774,774,33.333333333333336,2025-05-24 21:00:48.174175,2025-05-24 21:00:54.363867,0 days 00:00:06.189692,AdamW,0.25256566824931986,,,4.358425937705629e-05,,,,7,,,0.0006530551711360858,,PRUNED
775,775,39.583333333333336,2025-05-24 21:00:54.409906,2025-05-24 21:01:00.560951,0 days 00:00:06.151045,AdamW,0.20005173800668508,,,5.9965879173398605e-05,,,,6,,,0.0013329235273616981,,PRUNED
776,776,33.333333333333336,2025-05-24 21:01:00.604587,2025-05-24 21:01:06.868410,0 days 00:00:06.263823,AdamW,0.3455672423997115,,,2.2274973695729473e-05,,,,7,,,0.0010614835113709432,,PRUNED
777,777,41.666666666666664,2025-05-24 21:01:06.911414,2025-05-24 21:01:13.037927,0 days 00:00:06.126513,AdamW,0.08004843558806049,,,1.5830083571570165e-05,,,,7,,,0.001390788891423444,,PRUNED
778,778,33.333333333333336,2025-05-24 21:01:13.081751,2025-05-24 21:01:19.195591,0 days 00:00:06.113840,Adadelta,0.10741809967376939,1.5051873523148038,,,,,,8,8.265245281022619,,,,PRUNED
779,779,31.25,2025-05-24 21:01:19.238926,2025-05-24 21:01:25.399159,0 days 00:00:06.160233,AdamW,0.06613871473761146,,,3.0344736400068812e-05,,,,7,,,0.001504358865721655,,PRUNED
780,780,33.333333333333336,2025-05-24 21:01:25.441941,2025-05-24 21:01:31.549552,0 days 00:00:06.107611,Adam,0.15539791251321095,,0.002192610508759916,,,,,6,,43.58544896709497,,,PRUNED
781,781,31.25,2025-05-24 21:01:31.592422,2025-05-24 21:01:37.779537,0 days 00:00:06.187115,AdamW,0.3036691311729587,,,5.245232759461159e-05,,,,7,,,0.0011348501268745922,,PRUNED
782,782,39.583333333333336,2025-05-24 21:01:37.822187,2025-05-24 21:01:43.936371,0 days 00:00:06.114184,AdamW,0.09341926146715258,,,6.813352338315143e-05,,,,8,,,0.0013970309492127616,,PRUNED
783,783,35.416666666666664,2025-05-24 21:01:43.978967,2025-05-24 21:01:50.154185,0 days 00:00:06.175218,AdamW,0.18078854817656895,,,0.00018910416992716915,,,,7,,,0.001286669368282518,,PRUNED
784,784,,2025-05-24 21:01:50.197364,2025-05-24 21:01:55.778681,0 days 00:00:05.581317,SGD,0.2337964438792756,,,,0.00037125268563938265,52.47462487894751,True,9,,,,0.22970498890109867,PRUNED
785,785,35.416666666666664,2025-05-24 21:01:55.820337,2025-05-24 21:02:02.010788,0 days 00:00:06.190451,AdamW,0.1661555947603244,,,3.706144863880365e-05,,,,6,,,0.0009656858645571655,,PRUNED
786,786,35.416666666666664,2025-05-24 21:02:02.059883,2025-05-24 21:02:08.174384,0 days 00:00:06.114501,AdamW,0.3210010756103551,,,5.611578894657243e-05,,,,10,,,0.0005631869612883751,,PRUNED
787,787,56.25,2025-05-24 21:02:08.216744,2025-05-24 21:02:19.654277,0 days 00:00:11.437533,AdamW,0.21035901871125362,,,7.395624773148618e-05,,,,5,,,0.0014841365912197793,,COMPLETE
788,788,33.333333333333336,2025-05-24 21:02:19.714665,2025-05-24 21:02:25.870822,0 days 00:00:06.156157,AdamW,0.21647773583142613,,,7.95929886200142e-05,,,,5,,,0.0014309803976817635,,PRUNED
789,789,39.583333333333336,2025-05-24 21:02:25.913233,2025-05-24 21:02:32.056521,0 days 00:00:06.143288,AdamW,0.21136672714808286,,,6.957909338101083e-05,,,,6,,,0.001247230962868946,,PRUNED
790,790,37.5,2025-05-24 21:02:32.101585,2025-05-24 21:02:39.276242,0 days 00:00:07.174657,AdamW,0.18909392934633248,,,9.318291559861998e-05,,,,5,,,0.001470825533464062,,PRUNED
791,791,33.333333333333336,2025-05-24 21:02:39.319679,2025-05-24 21:02:45.344659,0 days 00:00:06.024980,AdamW,0.22723123166473624,,,8.345416792354878e-05,,,,5,,,0.0014598312414163305,,PRUNED
792,792,39.583333333333336,2025-05-24 21:02:45.387153,2025-05-24 21:02:51.505121,0 days 00:00:06.117968,AdamW,0.20555653263039658,,,6.26568845193615e-05,,,,5,,,0.0016386669263909479,,PRUNED
793,793,33.333333333333336,2025-05-24 21:02:51.581187,2025-05-24 21:02:57.672200,0 days 00:00:06.091013,AdamW,0.20075372204257655,,,0.00010954781996143053,,,,5,,,0.0013899008643910287,,PRUNED
794,794,31.25,2025-05-24 21:02:57.715774,2025-05-24 21:03:03.796171,0 days 00:00:06.080397,AdamW,0.22364833958310237,,,6.830377108386845e-05,,,,6,,,0.0012462679930346375,,PRUNED
795,795,35.416666666666664,2025-05-24 21:03:03.839600,2025-05-24 21:03:08.792778,0 days 00:00:04.953178,AdamW,0.18906907437690706,,,4.722551701178139e-05,,,,7,,,0.0010965153481230137,,PRUNED
796,796,37.5,2025-05-24 21:03:08.831407,2025-05-24 21:03:11.038329,0 days 00:00:02.206922,AdamW,0.21752318331708312,,,0.0001371017547548199,,,,8,,,0.001616806606251894,,PRUNED
797,797,41.666666666666664,2025-05-24 21:03:11.069511,2025-05-24 21:03:17.027065,0 days 00:00:05.957554,AdamW,0.20298064660809853,,,8.007446240508452e-05,,,,5,,,0.0015474830779708742,,PRUNED
798,798,41.666666666666664,2025-05-24 21:03:17.072080,2025-05-24 21:03:23.217432,0 days 00:00:06.145352,AdamW,0.19679366995775044,,,0.00010085277058645805,,,,5,,,0.0012081585518030995,,PRUNED
799,799,39.583333333333336,2025-05-24 21:03:23.262546,2025-05-24 21:03:29.560270,0 days 00:00:06.297724,AdamW,0.21915391581468094,,,5.515372834935612e-05,,,,5,,,0.000763489131235288,,PRUNED
800,800,41.666666666666664,2025-05-24 21:03:29.603649,2025-05-24 21:03:34.414661,0 days 00:00:04.811012,AdamW,0.39187929759836687,,,0.0001643544590209856,,,,9,,,0.0014945496660572837,,PRUNED
801,801,39.583333333333336,2025-05-24 21:03:34.453149,2025-05-24 21:03:38.232794,0 days 00:00:03.779645,AdamW,0.24071376965752384,,,7.314026986214358e-05,,,,6,,,0.0005196001198645391,,PRUNED
802,802,33.333333333333336,2025-05-24 21:03:38.262187,2025-05-24 21:03:40.362799,0 days 00:00:02.100612,AdamW,0.177030275911327,,,0.00012184190481881502,,,,8,,,0.0013296319304818187,,PRUNED
803,803,39.583333333333336,2025-05-24 21:03:40.392066,2025-05-24 21:03:42.488142,0 days 00:00:02.096076,AdamW,0.37273374392611874,,,9.171275688044382e-05,,,,9,,,0.0006468514754608974,,PRUNED
804,804,33.333333333333336,2025-05-24 21:03:42.755815,2025-05-24 21:03:45.039927,0 days 00:00:02.284112,Adam,0.44987699838303696,,0.09102234697554686,,,,,7,,0.39752957312763393,,,PRUNED
805,805,33.333333333333336,2025-05-24 21:03:45.073133,2025-05-24 21:03:49.170072,0 days 00:00:04.096939,Adadelta,0.20774709960580953,84.61979731364879,,,,,,8,0.025520533269260348,,,,PRUNED
806,806,39.583333333333336,2025-05-24 21:03:49.212893,2025-05-24 21:03:55.348228,0 days 00:00:06.135335,AdamW,0.22940327442785166,,,5.590673112732831e-05,,,,7,,,0.0016116925998250155,,PRUNED
807,807,33.333333333333336,2025-05-24 21:03:55.392742,2025-05-24 21:04:01.545139,0 days 00:00:06.152397,AdamW,0.1208873535152343,,,0.0005753457842376002,,,,8,,,0.00045426544865011486,,PRUNED
808,808,50.0,2025-05-24 21:04:01.587686,2025-05-24 21:04:12.996471,0 days 00:00:11.408785,AdamW,0.21082154666691427,,,6.4179687607151e-05,,,,6,,,0.0005958336744896307,,PRUNED
809,809,,2025-05-24 21:04:13.040114,2025-05-24 21:04:18.420423,0 days 00:00:05.380309,SGD,0.43446916409198166,,,,0.05659679792371799,92.25393650398502,False,9,,,,2.469156949920664,PRUNED
810,810,33.333333333333336,2025-05-24 21:04:18.462059,2025-05-24 21:04:24.700868,0 days 00:00:06.238809,AdamW,0.08541316568805943,,,0.00011105608117568818,,,,5,,,0.0011711910550707672,,PRUNED
811,811,43.75,2025-05-24 21:04:24.741140,2025-05-24 21:04:32.900432,0 days 00:00:08.159292,AdamW,0.10744834861589907,,,8.426379119424047e-05,,,,10,,,0.0032951894684271213,,PRUNED
812,812,35.416666666666664,2025-05-24 21:04:32.945040,2025-05-24 21:04:39.105586,0 days 00:00:06.160546,AdamW,0.17099734586684315,,,0.00015851839734258067,,,,5,,,0.000903707500922415,,PRUNED
813,813,39.583333333333336,2025-05-24 21:04:39.149084,2025-05-24 21:04:45.391193,0 days 00:00:06.242109,AdamW,0.19361479664689638,,,4.583006382508191e-05,,,,9,,,0.0016616193928924554,,PRUNED
814,814,39.583333333333336,2025-05-24 21:04:45.435106,2025-05-24 21:04:51.459776,0 days 00:00:06.024670,AdamW,0.09300339639943131,,,7.667663403188488e-05,,,,7,,,0.001020974271977603,,PRUNED
815,815,37.5,2025-05-24 21:04:51.537372,2025-05-24 21:04:57.693751,0 days 00:00:06.156379,AdamW,0.09887826876919342,,,2.4975419273225266e-05,,,,8,,,0.004435166525453324,,PRUNED
816,816,37.5,2025-05-24 21:04:57.735730,2025-05-24 21:05:03.907627,0 days 00:00:06.171897,AdamW,0.11279545662557126,,,0.00013022131541926384,,,,8,,,0.0007353724364593538,,PRUNED
817,817,33.333333333333336,2025-05-24 21:05:03.951225,2025-05-24 21:05:10.107534,0 days 00:00:06.156309,AdamW,0.08026877075596184,,,0.07001626647794681,,,,9,,,0.0013963346680274744,,PRUNED
818,818,33.333333333333336,2025-05-24 21:05:10.150423,2025-05-24 21:05:16.317405,0 days 00:00:06.166982,AdamW,0.15590162719104694,,,6.150578436505565e-05,,,,6,,,0.0004961901862659658,,PRUNED
819,819,33.333333333333336,2025-05-24 21:05:16.361271,2025-05-24 21:05:22.515414,0 days 00:00:06.154143,AdamW,0.1818930132462141,,,9.735070190678375e-05,,,,9,,,0.0006743686754974481,,PRUNED
820,820,39.583333333333336,2025-05-24 21:05:22.559277,2025-05-24 21:05:28.804034,0 days 00:00:06.244757,AdamW,0.05612289973073109,,,4.091847894636682e-05,,,,10,,,0.0005735512211930442,,PRUNED
821,821,39.583333333333336,2025-05-24 21:05:28.847477,2025-05-24 21:05:35.011870,0 days 00:00:06.164393,AdamW,0.238006728443903,,,0.00010549126701670344,,,,7,,,0.003993411140536585,,PRUNED
822,822,31.25,2025-05-24 21:05:35.055265,2025-05-24 21:05:41.222795,0 days 00:00:06.167530,AdamW,0.21989541054599038,,,2.8858176443722826e-05,,,,5,,,0.0008055497361668177,,PRUNED
823,823,39.583333333333336,2025-05-24 21:05:41.267988,2025-05-24 21:05:47.385145,0 days 00:00:06.117157,AdamW,0.35682233976244304,,,7.086283011162546e-05,,,,8,,,0.0014991022408364265,,PRUNED
824,824,37.5,2025-05-24 21:05:47.428013,2025-05-24 21:05:53.620682,0 days 00:00:06.192669,AdamW,0.1964631840143133,,,0.00019364766811139764,,,,9,,,0.0017538639703339283,,PRUNED
825,825,41.666666666666664,2025-05-24 21:05:53.663271,2025-05-24 21:05:59.781564,0 days 00:00:06.118293,AdamW,0.2508956302141435,,,2.06882901607446e-05,,,,10,,,0.001284158353565696,,PRUNED
826,826,31.25,2025-05-24 21:05:59.825229,2025-05-24 21:06:05.993931,0 days 00:00:06.168702,AdamW,0.3781373914056963,,,0.0001403843236650066,,,,5,,,0.002922204835318583,,PRUNED
827,827,33.333333333333336,2025-05-24 21:06:06.039516,2025-05-24 21:06:12.183905,0 days 00:00:06.144389,AdamW,0.09881023415568398,,,8.999195045174717e-05,,,,7,,,0.007779151444262793,,PRUNED
828,828,33.333333333333336,2025-05-24 21:06:12.227625,2025-05-24 21:06:18.409034,0 days 00:00:06.181409,Adadelta,0.12444668823041836,0.09129808450111865,,,,,,9,1.0759118847502305,,,,PRUNED
829,829,27.083333333333332,2025-05-24 21:06:18.452890,2025-05-24 21:06:24.733720,0 days 00:00:06.280830,AdamW,0.07150991243202465,,,5.899940779249984e-05,,,,8,,,0.0003243172371296198,,PRUNED
830,830,33.333333333333336,2025-05-24 21:06:24.779036,2025-05-24 21:06:30.895110,0 days 00:00:06.116074,Adam,0.21011920266120257,,0.0054242343463554955,,,,,6,,0.05374018101707528,,,PRUNED
831,831,35.416666666666664,2025-05-24 21:06:30.938618,2025-05-24 21:06:37.186548,0 days 00:00:06.247930,AdamW,0.029519714712425704,,,4.959886267295108e-05,,,,8,,,0.0003596762028551692,,PRUNED
832,832,54.166666666666664,2025-05-24 21:06:37.230391,2025-05-24 21:06:48.831600,0 days 00:00:11.601209,AdamW,0.1650988352141335,,,0.0001193728382822195,,,,9,,,0.0006201718707069124,,COMPLETE
833,833,,2025-05-24 21:06:48.893982,2025-05-24 21:06:54.368242,0 days 00:00:05.474260,SGD,0.1126562393896105,,,,0.0012983915493250879,27.318023193902985,True,7,,,,11.413963336969447,PRUNED
834,834,31.25,2025-05-24 21:06:54.409648,2025-05-24 21:07:00.602365,0 days 00:00:06.192717,AdamW,0.174618104916202,,,0.0002844747853244721,,,,5,,,0.001094921153823353,,PRUNED
835,835,37.5,2025-05-24 21:07:00.644778,2025-05-24 21:07:06.829913,0 days 00:00:06.185135,AdamW,0.13878779551047266,,,7.748627292088736e-05,,,,8,,,0.0015713894177817962,,PRUNED
836,836,31.25,2025-05-24 21:07:06.873182,2025-05-24 21:07:13.077406,0 days 00:00:06.204224,AdamW,0.4071128685433367,,,3.175490936771164e-05,,,,9,,,0.00042826802034065693,,PRUNED
837,837,35.416666666666664,2025-05-24 21:07:13.121809,2025-05-24 21:07:19.281325,0 days 00:00:06.159516,AdamW,0.10300107367091053,,,9.942395317885556e-05,,,,10,,,0.0013366193062501709,,PRUNED
838,838,29.166666666666668,2025-05-24 21:07:19.325023,2025-05-24 21:07:25.494433,0 days 00:00:06.169410,AdamW,0.19124904319442115,,,7.122662159984835e-05,,,,7,,,0.0005507110235376284,,PRUNED
839,839,39.583333333333336,2025-05-24 21:07:25.538913,2025-05-24 21:07:31.698840,0 days 00:00:06.159927,AdamW,0.08951666170459265,,,0.00014732194327212955,,,,6,,,0.00279011065346449,,PRUNED
840,840,33.333333333333336,2025-05-24 21:07:31.743437,2025-05-24 21:07:37.864466,0 days 00:00:06.121029,AdamW,0.18220220659014605,,,0.000178891692093063,,,,8,,,0.0009634114075273504,,PRUNED
841,841,39.583333333333336,2025-05-24 21:07:37.907830,2025-05-24 21:07:44.035537,0 days 00:00:06.127707,AdamW,0.22566951131332116,,,5.152705973119357e-05,,,,5,,,0.001726391218002678,,PRUNED
842,842,37.5,2025-05-24 21:07:44.080234,2025-05-24 21:07:50.076851,0 days 00:00:05.996617,AdamW,0.2425057400516059,,,8.700038180836997e-05,,,,9,,,0.00083739992112281,,PRUNED
843,843,64.58333333333333,2025-05-24 21:07:50.119747,2025-05-24 21:08:01.194010,0 days 00:00:11.074263,AdamW,0.10947337964935257,,,0.0001202580194134861,,,,10,,,0.0011635317378611456,,COMPLETE
844,844,54.166666666666664,2025-05-24 21:08:01.255139,2025-05-24 21:08:12.649248,0 days 00:00:11.394109,AdamW,0.1290525627469253,,,0.00012235080182380057,,,,10,,,0.0012088227415783213,,COMPLETE
845,845,35.416666666666664,2025-05-24 21:08:12.709412,2025-05-24 21:08:18.974017,0 days 00:00:06.264605,AdamW,0.11552178667654125,,,0.00011756392214451405,,,,9,,,0.0012055848695760264,,PRUNED
846,846,37.5,2025-05-24 21:08:19.017923,2025-05-24 21:08:24.746121,0 days 00:00:05.728198,AdamW,0.11402438836175602,,,0.00015101157189652774,,,,10,,,0.001055246789341795,,PRUNED
847,847,35.416666666666664,2025-05-24 21:08:24.789115,2025-05-24 21:08:30.899315,0 days 00:00:06.110200,AdamW,0.12618058593330342,,,0.00013907223001591548,,,,10,,,0.001142744244355353,,PRUNED
848,848,39.583333333333336,2025-05-24 21:08:30.942819,2025-05-24 21:08:37.078038,0 days 00:00:06.135219,AdamW,0.12238123572370833,,,0.00010760701596196592,,,,11,,,0.0013297359156769016,,PRUNED
849,849,33.333333333333336,2025-05-24 21:08:37.121137,2025-05-24 21:08:41.996493,0 days 00:00:04.875356,AdamW,0.14588359637064707,,,0.00017853095229504985,,,,10,,,0.0011640434752614726,,PRUNED
850,850,33.333333333333336,2025-05-24 21:08:42.038955,2025-05-24 21:08:47.733725,0 days 00:00:05.694770,AdamW,0.1026449120275439,,,9.818226522635423e-05,,,,10,,,0.001386599355676413,,PRUNED
851,851,33.333333333333336,2025-05-24 21:08:47.774840,2025-05-24 21:08:52.033203,0 days 00:00:04.258363,AdamW,0.2592047138927181,,,0.0002270306061514622,,,,10,,,0.00047839443546374556,,PRUNED
852,852,35.416666666666664,2025-05-24 21:08:52.073185,2025-05-24 21:08:54.773226,0 days 00:00:02.700041,AdamW,0.13368926177948573,,,0.00011594319357882263,,,,11,,,0.00026547798370409335,,PRUNED
853,853,31.25,2025-05-24 21:08:54.803179,2025-05-24 21:08:57.156904,0 days 00:00:02.353725,Adadelta,0.16149478525705144,0.013085477513787958,,,,,,10,0.06892008184083365,,,,PRUNED
854,854,33.333333333333336,2025-05-24 21:08:57.199156,2025-05-24 21:09:00.033652,0 days 00:00:02.834496,AdamW,0.11078939395937154,,,0.00016549317045691037,,,,10,,,0.0014651934689513806,,PRUNED
855,855,37.5,2025-05-24 21:09:00.064768,2025-05-24 21:09:02.169055,0 days 00:00:02.104287,AdamW,0.21184962856589706,,,0.00013437882670303876,,,,10,,,0.0012811285632178347,,PRUNED
856,856,33.333333333333336,2025-05-24 21:09:02.199354,2025-05-24 21:09:04.344697,0 days 00:00:02.145343,Adam,0.23385863348813474,,0.03313949990847007,,,,,1,,1.4971249512287017,,,PRUNED
857,857,35.416666666666664,2025-05-24 21:09:04.374599,2025-05-24 21:09:07.463958,0 days 00:00:03.089359,AdamW,0.19587243745233743,,,9.042086472670373e-05,,,,9,,,0.0011001202350335222,,PRUNED
858,858,35.416666666666664,2025-05-24 21:09:07.493582,2025-05-24 21:09:09.644026,0 days 00:00:02.150444,AdamW,0.12000618020385594,,,0.0001080582326820089,,,,10,,,0.001531493178903616,,PRUNED
859,859,31.25,2025-05-24 21:09:09.673882,2025-05-24 21:09:12.499739,0 days 00:00:02.825857,AdamW,0.18506487814390826,,,8.117507962554965e-05,,,,9,,,0.0026067246425669588,,PRUNED
860,860,,2025-05-24 21:09:12.541795,2025-05-24 21:09:17.183087,0 days 00:00:04.641292,SGD,0.1072685725069245,,,,0.00018800474646923172,65.73399906943934,False,11,,,,23.73377263865075,PRUNED
861,861,33.333333333333336,2025-05-24 21:09:17.225000,2025-05-24 21:09:23.401740,0 days 00:00:06.176740,AdamW,0.20427579553009925,,,0.0003835721377193252,,,,10,,,0.0061301880092169405,,PRUNED
862,862,33.333333333333336,2025-05-24 21:09:23.447258,2025-05-24 21:09:29.567930,0 days 00:00:06.120672,AdamW,0.17120928901764612,,,0.00013016568712348253,,,,8,,,0.0016952158185432882,,PRUNED
863,863,35.416666666666664,2025-05-24 21:09:29.612358,2025-05-24 21:09:34.593650,0 days 00:00:04.981292,AdamW,0.22310783777988907,,,9.345595569756775e-05,,,,7,,,0.003503807149582526,,PRUNED
864,864,33.333333333333336,2025-05-24 21:09:34.632104,2025-05-24 21:09:39.633347,0 days 00:00:05.001243,AdamW,0.09713284385508787,,,0.00020808142208225987,,,,6,,,0.000525698861405091,,PRUNED
865,865,37.5,2025-05-24 21:09:39.664158,2025-05-24 21:09:41.877360,0 days 00:00:02.213202,AdamW,0.4198458859663026,,,1.9555783125226808e-05,,,,9,,,0.0012524195723192769,,PRUNED
866,866,35.416666666666664,2025-05-24 21:09:41.908243,2025-05-24 21:09:44.047865,0 days 00:00:02.139622,AdamW,0.3986247302380111,,,8.0751464895335e-05,,,,7,,,0.0010411893215327387,,PRUNED
867,867,35.416666666666664,2025-05-24 21:09:44.077607,2025-05-24 21:09:46.475165,0 days 00:00:02.397558,AdamW,0.24517749461705782,,,0.00011238748780150703,,,,8,,,0.0019073615431416961,,PRUNED
868,868,33.333333333333336,2025-05-24 21:09:46.505943,2025-05-24 21:09:48.594193,0 days 00:00:02.088250,AdamW,0.36491975977793356,,,0.0001490569562726554,,,,10,,,0.0014193481123304377,,PRUNED
869,869,33.333333333333336,2025-05-24 21:09:48.623673,2025-05-24 21:09:51.301259,0 days 00:00:02.677586,AdamW,0.1559091408320163,,,9.24112651314951e-05,,,,9,,,0.003019381631946249,,PRUNED
870,870,35.416666666666664,2025-05-24 21:09:51.343628,2025-05-24 21:09:57.457881,0 days 00:00:06.114253,AdamW,0.3482040718240731,,,6.545015219825333e-05,,,,9,,,0.0016077356516334006,,PRUNED
871,871,37.5,2025-05-24 21:09:57.501496,2025-05-24 21:10:04.651351,0 days 00:00:07.149855,AdamW,0.10590309575118975,,,7.658058483850831e-05,,,,7,,,0.00048391667950878575,,PRUNED
872,872,33.333333333333336,2025-05-24 21:10:04.694892,2025-05-24 21:10:10.929311,0 days 00:00:06.234419,AdamW,0.3844842710254713,,,0.0001245611091385423,,,,6,,,0.0018365951052344018,,PRUNED
873,873,37.5,2025-05-24 21:10:10.972490,2025-05-24 21:10:17.088018,0 days 00:00:06.115528,AdamW,0.12102061110923434,,,2.3941435002735486e-05,,,,13,,,0.00251013041921934,,PRUNED
874,874,35.416666666666664,2025-05-24 21:10:17.133281,2025-05-24 21:10:23.337868,0 days 00:00:06.204587,AdamW,0.13922247169320143,,,0.00010581117523000137,,,,11,,,0.0013238411597400984,,PRUNED
875,875,35.416666666666664,2025-05-24 21:10:23.381279,2025-05-24 21:10:29.558592,0 days 00:00:06.177313,AdamW,0.17903168291536303,,,0.00017007731706405164,,,,8,,,0.004938920809043835,,PRUNED
876,876,33.333333333333336,2025-05-24 21:10:29.602710,2025-05-24 21:10:35.731910,0 days 00:00:06.129200,Adadelta,0.26375573087258997,12.255723417982617,,,,,,10,0.010837563516749343,,,,PRUNED
877,877,33.333333333333336,2025-05-24 21:10:35.775101,2025-05-24 21:10:41.936113,0 days 00:00:06.161012,AdamW,0.20137401913794983,,,6.995432737749987e-05,,,,9,,,0.0011831588996669958,,PRUNED
878,878,35.416666666666664,2025-05-24 21:10:41.991160,2025-05-24 21:10:48.178538,0 days 00:00:06.187378,AdamW,0.09086952496993936,,,9.456147422041153e-05,,,,8,,,0.0004184026035873502,,PRUNED
879,879,33.333333333333336,2025-05-24 21:10:48.221723,2025-05-24 21:10:54.490220,0 days 00:00:06.268497,Adam,0.18833063018071744,,0.00027490041676606574,,,,,7,,0.8202801767358591,,,PRUNED
880,880,33.333333333333336,2025-05-24 21:10:54.535792,2025-05-24 21:11:00.717464,0 days 00:00:06.181672,AdamW,0.23132193150110933,,,0.00013669528198871874,,,,9,,,0.001522515202959883,,PRUNED
881,881,33.333333333333336,2025-05-24 21:11:00.761357,2025-05-24 21:11:07.067394,0 days 00:00:06.306037,AdamW,0.1092732509386852,,,8.181271736032725e-05,,,,8,,,0.0017061161856783485,,PRUNED
882,882,,2025-05-24 21:11:07.111892,2025-05-24 21:11:12.745860,0 days 00:00:05.633968,SGD,0.16886913907958212,,,,1.3855670619287797e-05,53.92122932243956,True,7,,,,0.016261598531066127,PRUNED
883,883,39.583333333333336,2025-05-24 21:11:12.788120,2025-05-24 21:11:18.960442,0 days 00:00:06.172322,AdamW,0.25369913986977766,,,0.0002519867212486165,,,,10,,,0.0023561594514482846,,PRUNED
884,884,41.666666666666664,2025-05-24 21:11:19.003840,2025-05-24 21:11:25.173284,0 days 00:00:06.169444,AdamW,0.09816035597533372,,,0.00011053849516630564,,,,11,,,0.0005442912629905207,,PRUNED
885,885,39.583333333333336,2025-05-24 21:11:25.217199,2025-05-24 21:11:31.440362,0 days 00:00:06.223163,AdamW,0.2188565895930115,,,0.0001883841861219598,,,,8,,,0.002041392370273684,,PRUNED
886,886,41.666666666666664,2025-05-24 21:11:31.485480,2025-05-24 21:11:37.607278,0 days 00:00:06.121798,AdamW,0.193549673110172,,,6.118274385514366e-05,,,,13,,,0.001120158030403475,,PRUNED
887,887,33.333333333333336,2025-05-24 21:11:37.652049,2025-05-24 21:11:43.781466,0 days 00:00:06.129417,AdamW,0.11746771483240218,,,7.210441752321683e-05,,,,5,,,0.0005896949047786828,,PRUNED
888,888,39.583333333333336,2025-05-24 21:11:43.826517,2025-05-24 21:11:50.020003,0 days 00:00:06.193486,AdamW,0.21021581452650306,,,9.629747383542301e-05,,,,2,,,0.0038253951592764402,,PRUNED
889,889,35.416666666666664,2025-05-24 21:11:50.064599,2025-05-24 21:11:56.293945,0 days 00:00:06.229346,AdamW,0.10388138737522952,,,0.00014474959097771954,,,,9,,,0.001374842436469987,,PRUNED
890,890,45.833333333333336,2025-05-24 21:11:56.337992,2025-05-24 21:12:05.941643,0 days 00:00:09.603651,AdamW,0.15176892790720287,,,2.565620242200203e-05,,,,6,,,0.0010091888222710241,,PRUNED
891,891,35.416666666666664,2025-05-24 21:12:05.986596,2025-05-24 21:12:11.955026,0 days 00:00:05.968430,AdamW,0.46595766513255166,,,0.00012205759011562074,,,,7,,,0.0027637191893021135,,PRUNED
892,892,35.416666666666664,2025-05-24 21:12:11.995061,2025-05-24 21:12:18.120565,0 days 00:00:06.125504,AdamW,0.34071052511080857,,,8.44270337376516e-05,,,,10,,,0.0017658980171600972,,PRUNED
893,893,35.416666666666664,2025-05-24 21:12:18.166947,2025-05-24 21:12:24.206710,0 days 00:00:06.039763,AdamW,0.13374720481891608,,,2.129046988021432e-05,,,,9,,,0.0004611445194080335,,PRUNED
894,894,35.416666666666664,2025-05-24 21:12:24.251139,2025-05-24 21:12:30.353268,0 days 00:00:06.102129,AdamW,0.17783112861369663,,,6.471489489518299e-05,,,,8,,,0.0015478468988822732,,PRUNED
895,895,37.5,2025-05-24 21:12:30.397312,2025-05-24 21:12:36.536600,0 days 00:00:06.139288,AdamW,0.08643009609070208,,,0.00010256903904101303,,,,8,,,0.002262406210966896,,PRUNED
896,896,37.5,2025-05-24 21:12:36.581707,2025-05-24 21:12:42.759632,0 days 00:00:06.177925,AdamW,0.16183942868585233,,,0.00015248498843270768,,,,6,,,0.0019797943910727874,,PRUNED
897,897,39.583333333333336,2025-05-24 21:12:42.804257,2025-05-24 21:12:48.919047,0 days 00:00:06.114790,AdamW,0.23992921749982224,,,7.80296461027503e-05,,,,5,,,0.00123288211218644,,PRUNED
898,898,27.083333333333332,2025-05-24 21:12:48.964142,2025-05-24 21:12:55.318342,0 days 00:00:06.354200,AdamW,0.11361000181771409,,,1.6906821814143627e-05,,,,9,,,0.00020446674823248852,,PRUNED
899,899,35.416666666666664,2025-05-24 21:12:55.363926,2025-05-24 21:13:01.515903,0 days 00:00:06.151977,AdamW,0.09451709225916319,,,0.00011935775913326763,,,,8,,,0.00319508201004382,,PRUNED
900,900,33.333333333333336,2025-05-24 21:13:01.559970,2025-05-24 21:13:07.728232,0 days 00:00:06.168262,Adadelta,0.355670733459058,3.691337459610031,,,,,,5,0.26776622944742023,,,,PRUNED
901,901,37.5,2025-05-24 21:13:07.771394,2025-05-24 21:13:13.966895,0 days 00:00:06.195501,AdamW,0.33132147688725533,,,6.14222517061986e-05,,,,7,,,0.0014650654041495552,,PRUNED
902,902,35.416666666666664,2025-05-24 21:13:14.011124,2025-05-24 21:13:20.157211,0 days 00:00:06.146087,AdamW,0.2010169258600408,,,0.00020489074513116892,,,,9,,,0.0006142747027742969,,PRUNED
903,903,39.583333333333336,2025-05-24 21:13:20.200986,2025-05-24 21:13:26.429599,0 days 00:00:06.228613,AdamW,0.22963433638452235,,,9.752094342776073e-05,,,,10,,,0.0005307341318590949,,PRUNED
904,904,41.666666666666664,2025-05-24 21:13:26.474172,2025-05-24 21:13:32.568985,0 days 00:00:06.094813,Adam,0.12387319650098744,,0.00013518019160104665,,,,,11,,13.27304838732023,,,PRUNED
905,905,33.333333333333336,2025-05-24 21:13:32.613896,2025-05-24 21:13:38.817227,0 days 00:00:06.203331,AdamW,0.18666350067766135,,,0.00031875745382375925,,,,7,,,0.0024928867370469193,,PRUNED
906,906,31.25,2025-05-24 21:13:38.861938,2025-05-24 21:13:44.968115,0 days 00:00:06.106177,AdamW,0.08034144229973239,,,3.357131263474389e-05,,,,9,,,0.0016919055603877434,,PRUNED
907,907,,2025-05-24 21:13:45.014377,2025-05-24 21:13:50.553551,0 days 00:00:05.539174,SGD,0.21461796374269132,,,,0.09123735640510511,14.142969791782114,False,10,,,,0.07602886741465863,PRUNED
908,908,35.416666666666664,2025-05-24 21:13:50.596817,2025-05-24 21:13:56.829044,0 days 00:00:06.232227,AdamW,0.3672540838671918,,,5.409771691424874e-05,,,,1,,,0.006752737877986107,,PRUNED
909,909,35.416666666666664,2025-05-24 21:13:56.873260,2025-05-24 21:14:03.019526,0 days 00:00:06.146266,AdamW,0.10377950661465932,,,8.112043269076158e-05,,,,8,,,0.002069383994801705,,PRUNED
910,910,39.583333333333336,2025-05-24 21:14:03.063213,2025-05-24 21:14:09.220724,0 days 00:00:06.157511,AdamW,0.25092097443601163,,,0.0001676680232018647,,,,6,,,0.0005036102461684975,,PRUNED
911,911,33.333333333333336,2025-05-24 21:14:09.264914,2025-05-24 21:14:15.396722,0 days 00:00:06.131808,AdamW,0.17316223600521707,,,0.00012949274450909978,,,,5,,,0.0019159853827841967,,PRUNED
912,912,33.333333333333336,2025-05-24 21:14:15.440517,2025-05-24 21:14:21.638210,0 days 00:00:06.197693,AdamW,0.11074641399580683,,,4.214864578895472e-05,,,,7,,,0.004380514493317412,,PRUNED
913,913,31.25,2025-05-24 21:14:21.681871,2025-05-24 21:14:27.860594,0 days 00:00:06.178723,AdamW,0.14446913446669946,,,2.7710229448344e-05,,,,9,,,0.0013898702923587482,,PRUNED
914,914,33.333333333333336,2025-05-24 21:14:27.904409,2025-05-24 21:14:34.052470,0 days 00:00:06.148061,AdamW,0.19146731477839343,,,7.285742218408913e-05,,,,8,,,0.0009844783962092286,,PRUNED
915,915,35.416666666666664,2025-05-24 21:14:34.098587,2025-05-24 21:14:38.655081,0 days 00:00:04.556494,AdamW,0.1300452586827139,,,8.995475133645845e-05,,,,6,,,0.002233846389602952,,PRUNED
916,916,35.416666666666664,2025-05-24 21:14:38.695214,2025-05-24 21:14:42.819858,0 days 00:00:04.124644,AdamW,0.0961285960541931,,,0.00011127942131596954,,,,8,,,0.001808341053405976,,PRUNED
917,917,37.5,2025-05-24 21:14:42.849729,2025-05-24 21:14:44.984231,0 days 00:00:02.134502,AdamW,0.2229426188502672,,,5.278582831318428e-05,,,,9,,,0.005343213025474488,,PRUNED
918,918,37.5,2025-05-24 21:14:45.014667,2025-05-24 21:14:48.104124,0 days 00:00:03.089457,AdamW,0.41054162655595083,,,6.724465862430347e-05,,,,10,,,0.0015969070414321032,,PRUNED
919,919,33.333333333333336,2025-05-24 21:14:48.133905,2025-05-24 21:14:50.295886,0 days 00:00:02.161981,AdamW,0.20188728247252485,,,0.00014589253477799107,,,,5,,,0.0013085554220512478,,PRUNED
920,920,54.166666666666664,2025-05-24 21:14:50.327621,2025-05-24 21:15:01.782314,0 days 00:00:11.454693,AdamW,0.23738061490407103,,,1.832704779771219e-05,,,,7,,,0.0027553933540687757,,COMPLETE
921,921,35.416666666666664,2025-05-24 21:15:01.843230,2025-05-24 21:15:07.860602,0 days 00:00:06.017372,AdamW,0.163711768058271,,,0.0004894344736815877,,,,13,,,0.0003966542902014938,,PRUNED
922,922,54.166666666666664,2025-05-24 21:15:07.901940,2025-05-24 21:15:15.672699,0 days 00:00:07.770759,AdamW,0.432897922866945,,,9.197890186811867e-05,,,,8,,,0.001172671192417594,,COMPLETE
923,923,35.416666666666664,2025-05-24 21:15:15.715101,2025-05-24 21:15:18.902966,0 days 00:00:03.187865,AdamW,0.11870094138488707,,,0.00010811581546982123,,,,10,,,0.0006391090495189225,,PRUNED
924,924,33.333333333333336,2025-05-24 21:15:18.943210,2025-05-24 21:15:23.803684,0 days 00:00:04.860474,AdamW,0.17864698829879394,,,7.587205800742996e-05,,,,9,,,0.002392218360734058,,PRUNED
925,925,33.333333333333336,2025-05-24 21:15:23.847618,2025-05-24 21:15:30.010738,0 days 00:00:06.163120,Adadelta,0.08488701275278916,0.010923191079625716,,,,,,0,28.919354950369247,,,,PRUNED
926,926,33.333333333333336,2025-05-24 21:15:30.055673,2025-05-24 21:15:36.292034,0 days 00:00:06.236361,AdamW,0.2631290499629956,,,0.0001820338643788139,,,,7,,,0.0005845945507408285,,PRUNED
927,927,33.333333333333336,2025-05-24 21:15:36.337491,2025-05-24 21:15:42.477144,0 days 00:00:06.139653,Adam,0.10072454483292681,,0.06817793204676696,,,,,2,,0.03257912190534018,,,PRUNED
928,928,35.416666666666664,2025-05-24 21:15:42.527113,2025-05-24 21:15:48.558785,0 days 00:00:06.031672,AdamW,0.39281297816266736,,,0.00012878665219906798,,,,6,,,0.0015895725626879134,,PRUNED
929,929,37.5,2025-05-24 21:15:48.603967,2025-05-24 21:15:54.901021,0 days 00:00:06.297054,AdamW,0.10591389656204199,,,2.2093665895308153e-05,,,,8,,,0.0011042067392076508,,PRUNED
930,930,29.166666666666668,2025-05-24 21:15:54.946868,2025-05-24 21:16:01.095004,0 days 00:00:06.148136,AdamW,0.20679355362969126,,,3.86506146954947e-05,,,,9,,,0.0018296364576938667,,PRUNED
931,931,37.5,2025-05-24 21:16:01.139386,2025-05-24 21:16:07.361793,0 days 00:00:06.222407,AdamW,0.0906074240658879,,,8.879970960925332e-05,,,,11,,,0.0014646553396126935,,PRUNED
932,932,,2025-05-24 21:16:07.406183,2025-05-24 21:16:12.996022,0 days 00:00:05.589839,SGD,0.3781804073326559,,,,7.51533093366152e-05,6.836754030180629,True,5,,,,47.73294562762041,PRUNED
933,933,33.333333333333336,2025-05-24 21:16:13.041004,2025-05-24 21:16:19.510987,0 days 00:00:06.469983,AdamW,0.18666619834618275,,,6.126470865561591e-05,,,,8,,,0.00045851791267148843,,PRUNED
934,934,39.583333333333336,2025-05-24 21:16:19.558721,2025-05-24 21:16:25.770422,0 days 00:00:06.211701,AdamW,0.1255430893473601,,,0.00010767266473421144,,,,7,,,0.0025777520299900742,,PRUNED
935,935,33.333333333333336,2025-05-24 21:16:25.814778,2025-05-24 21:16:31.872507,0 days 00:00:06.057729,AdamW,0.2465933962276222,,,0.00022291429926135574,,,,9,,,0.0021937417911163976,,PRUNED
936,936,35.416666666666664,2025-05-24 21:16:31.916236,2025-05-24 21:16:38.093020,0 days 00:00:06.176784,AdamW,0.15481170890449242,,,0.00016180095826554797,,,,10,,,0.0012662069561784463,,PRUNED
937,937,33.333333333333336,2025-05-24 21:16:38.136572,2025-05-24 21:16:44.398401,0 days 00:00:06.261829,AdamW,0.34805956097915025,,,5.0999355095963034e-05,,,,9,,,0.002997754394368213,,PRUNED
938,938,33.333333333333336,2025-05-24 21:16:44.445222,2025-05-24 21:16:50.577535,0 days 00:00:06.132313,AdamW,0.1134957080653199,,,7.196300083162797e-05,,,,11,,,0.0005584241094325903,,PRUNED
939,939,31.25,2025-05-24 21:16:50.620784,2025-05-24 21:16:56.728355,0 days 00:00:06.107571,AdamW,0.17341654746288493,,,0.00012469539924593695,,,,8,,,0.0019910447105624006,,PRUNED
940,940,37.5,2025-05-24 21:16:56.773194,2025-05-24 21:17:02.971182,0 days 00:00:06.197988,AdamW,0.04376878244916095,,,0.0001012075035943017,,,,5,,,0.0016936590244314336,,PRUNED
941,941,39.583333333333336,2025-05-24 21:17:03.016376,2025-05-24 21:17:09.218795,0 days 00:00:06.202419,AdamW,0.21208350418411978,,,8.32645308332576e-05,,,,6,,,0.0036969575561396667,,PRUNED
942,942,39.583333333333336,2025-05-24 21:17:09.264728,2025-05-24 21:17:15.347629,0 days 00:00:06.082901,AdamW,0.0765273216024562,,,3.3040316461519555e-05,,,,8,,,0.0013673780773786485,,PRUNED
943,943,35.416666666666664,2025-05-24 21:17:15.391665,2025-05-24 21:17:21.589104,0 days 00:00:06.197439,AdamW,0.19189882230773556,,,5.832437059726925e-05,,,,7,,,0.0010299238874460917,,PRUNED
944,944,43.75,2025-05-24 21:17:21.634733,2025-05-24 21:17:28.942515,0 days 00:00:07.307782,AdamW,0.22365647370181344,,,0.00014072169220235046,,,,9,,,0.0015525447265642396,,PRUNED
945,945,33.333333333333336,2025-05-24 21:17:28.986258,2025-05-24 21:17:35.081940,0 days 00:00:06.095682,AdamW,0.09370702969773187,,,0.03252767872390923,,,,10,,,0.0004905240955456301,,PRUNED
946,946,33.333333333333336,2025-05-24 21:17:35.125571,2025-05-24 21:17:41.270823,0 days 00:00:06.145252,AdamW,0.32756037873320776,,,0.00026353509265868565,,,,9,,,0.000705549203431089,,PRUNED
947,947,35.416666666666664,2025-05-24 21:17:41.314445,2025-05-24 21:17:47.491322,0 days 00:00:06.176877,AdamW,0.14011086582148274,,,2.8792372115453287e-05,,,,13,,,0.0021082051469906104,,PRUNED
948,948,33.333333333333336,2025-05-24 21:17:47.538084,2025-05-24 21:17:53.724868,0 days 00:00:06.186784,AdamW,0.23600614457978508,,,4.5943473155322116e-05,,,,8,,,0.001196879509543506,,PRUNED
949,949,33.333333333333336,2025-05-24 21:17:53.769185,2025-05-24 21:17:59.978125,0 days 00:00:06.208940,AdamW,0.10513805114585438,,,8.991394971345061e-05,,,,6,,,0.0018589403222059565,,PRUNED
950,950,39.583333333333336,2025-05-24 21:18:00.021531,2025-05-24 21:18:06.191262,0 days 00:00:06.169731,Adam,0.27343439694934957,,0.0004528978776473664,,,,,7,,0.07369184174243565,,,PRUNED
951,951,33.333333333333336,2025-05-24 21:18:06.238146,2025-05-24 21:18:12.419432,0 days 00:00:06.181286,AdamW,0.11791196915754337,,,6.742383309920949e-05,,,,10,,,0.000915438868815468,,PRUNED
952,952,33.333333333333336,2025-05-24 21:18:12.465256,2025-05-24 21:18:18.633257,0 days 00:00:06.168001,Adadelta,0.44926641991419014,0.6635153205900407,,,,,,7,8.358638291603445,,,,PRUNED
953,953,41.666666666666664,2025-05-24 21:18:18.678060,2025-05-24 21:18:24.984414,0 days 00:00:06.306354,AdamW,0.19873007741202722,,,0.0001149855598970823,,,,9,,,0.002588537727655714,,PRUNED
954,954,33.333333333333336,2025-05-24 21:18:25.028932,2025-05-24 21:18:31.179796,0 days 00:00:06.150864,AdamW,0.16658634795650964,,,0.006908831010279254,,,,8,,,0.0006429620100258719,,PRUNED
955,955,39.583333333333336,2025-05-24 21:18:31.228512,2025-05-24 21:18:37.455257,0 days 00:00:06.226745,AdamW,0.0879908552010334,,,8.331506914564967e-05,,,,5,,,0.0005325121020508189,,PRUNED
956,956,,2025-05-24 21:18:37.500698,2025-05-24 21:18:43.123389,0 days 00:00:05.622691,SGD,0.10205489034640995,,,,2.5994428918765152e-05,75.11437497109542,False,2,,,,0.30947221605274405,PRUNED
957,957,35.416666666666664,2025-05-24 21:18:43.175638,2025-05-24 21:18:49.484589,0 days 00:00:06.308951,AdamW,0.21554312644816273,,,0.00016714934729748237,,,,10,,,0.0004287442196101045,,PRUNED
958,958,33.333333333333336,2025-05-24 21:18:49.528765,2025-05-24 21:18:55.784839,0 days 00:00:06.256074,AdamW,0.2563454650818398,,,5.9805432747146474e-05,,,,9,,,0.003225566006764792,,PRUNED
959,959,35.416666666666664,2025-05-24 21:18:55.830401,2025-05-24 21:19:02.016995,0 days 00:00:06.186594,AdamW,0.1767782139261279,,,2.266657606632997e-05,,,,3,,,0.0014485225133866898,,PRUNED
960,960,33.333333333333336,2025-05-24 21:19:02.060616,2025-05-24 21:19:08.231032,0 days 00:00:06.170416,AdamW,0.18433400170880887,,,0.004446502063746404,,,,5,,,0.004656353104154027,,PRUNED
961,961,39.583333333333336,2025-05-24 21:19:08.275487,2025-05-24 21:19:14.436385,0 days 00:00:06.160898,AdamW,0.06742978590568963,,,9.625761950427222e-05,,,,13,,,0.002348722658103728,,PRUNED
962,962,41.666666666666664,2025-05-24 21:19:14.480274,2025-05-24 21:19:21.752700,0 days 00:00:07.272426,AdamW,0.33705852543198633,,,7.406053056314396e-05,,,,7,,,0.0010911350155250752,,PRUNED
963,963,33.333333333333336,2025-05-24 21:19:21.796590,2025-05-24 21:19:27.958078,0 days 00:00:06.161488,AdamW,0.15294143561664186,,,0.00013951254395366843,,,,6,,,0.0012706779470999766,,PRUNED
964,964,35.416666666666664,2025-05-24 21:19:28.002480,2025-05-24 21:19:34.257531,0 days 00:00:06.255051,AdamW,0.11113559382378183,,,0.00011608954659824326,,,,11,,,0.0017757723855879762,,PRUNED
965,965,43.75,2025-05-24 21:19:34.301961,2025-05-24 21:19:42.558226,0 days 00:00:08.256265,AdamW,0.13407337063402325,,,3.810440753105477e-05,,,,8,,,0.001631578478299705,,PRUNED
966,966,39.583333333333336,2025-05-24 21:19:42.603204,2025-05-24 21:19:48.776963,0 days 00:00:06.173759,AdamW,0.12207646444931453,,,7.179966477800277e-05,,,,9,,,0.002093809809874723,,PRUNED
967,967,33.333333333333336,2025-05-24 21:19:48.821117,2025-05-24 21:19:55.045532,0 days 00:00:06.224415,AdamW,0.19700640723372262,,,0.00018952333685450152,,,,5,,,0.00918645704149286,,PRUNED
968,968,37.5,2025-05-24 21:19:55.090082,2025-05-24 21:20:01.418114,0 days 00:00:06.328032,AdamW,0.36296850864554386,,,9.84216003957865e-05,,,,8,,,0.0028604764921104637,,PRUNED
969,969,31.25,2025-05-24 21:20:01.463022,2025-05-24 21:20:07.575668,0 days 00:00:06.112646,AdamW,0.08021470091721508,,,1.6753616075419318e-05,,,,9,,,0.00012054872580576061,,PRUNED
970,970,45.833333333333336,2025-05-24 21:20:07.619357,2025-05-24 21:20:19.039035,0 days 00:00:11.419678,AdamW,0.22536191128519417,,,4.633229559010828e-05,,,,6,,,0.0005962145327048622,,PRUNED
971,971,33.333333333333336,2025-05-24 21:20:19.080139,2025-05-24 21:20:22.427141,0 days 00:00:03.347002,AdamW,0.24558262313413065,,,5.749465033135672e-05,,,,7,,,0.00038508416656201033,,PRUNED
972,972,33.333333333333336,2025-05-24 21:20:22.457094,2025-05-24 21:20:24.989197,0 days 00:00:02.532103,AdamW,0.09805088958724922,,,0.00012898360491910861,,,,10,,,0.007230622362995759,,PRUNED
973,973,33.333333333333336,2025-05-24 21:20:25.033911,2025-05-24 21:20:31.268625,0 days 00:00:06.234714,Adadelta,0.16181620018093934,37.33180997133663,,,,,,3,0.13684008406810455,,,,PRUNED
974,974,31.25,2025-05-24 21:20:31.312276,2025-05-24 21:20:37.472731,0 days 00:00:06.160455,AdamW,0.20683714929398,,,2.5126548749148484e-05,,,,8,,,0.0006926763177817636,,PRUNED
975,975,41.666666666666664,2025-05-24 21:20:37.516912,2025-05-24 21:20:42.633240,0 days 00:00:05.116328,AdamW,0.2329172995830164,,,8.426863960623915e-05,,,,9,,,0.0019081834392740047,,PRUNED
976,976,33.333333333333336,2025-05-24 21:20:42.672601,2025-05-24 21:20:44.784619,0 days 00:00:02.112018,AdamW,0.11061542162905683,,,0.00011046960524110582,,,,10,,,0.0023728480303869684,,PRUNED
977,977,33.333333333333336,2025-05-24 21:20:44.814958,2025-05-24 21:20:47.401510,0 days 00:00:02.586552,AdamW,0.3878457188723968,,,0.00040729650153139207,,,,7,,,0.0013957184431747066,,PRUNED
978,978,33.333333333333336,2025-05-24 21:20:47.431482,2025-05-24 21:20:49.506124,0 days 00:00:02.074642,Adam,0.18184736058560957,,0.0008375376116999241,,,,,5,,0.018739522894575696,,,PRUNED
979,979,33.333333333333336,2025-05-24 21:20:49.536873,2025-05-24 21:20:52.191859,0 days 00:00:02.654986,AdamW,0.17089302645711343,,,0.0006027356776716226,,,,4,,,0.0009671486408750377,,PRUNED
980,980,,2025-05-24 21:20:52.221948,2025-05-24 21:20:53.953529,0 days 00:00:01.731581,SGD,0.41906311782572797,,,,0.018705064561322496,21.260883211431576,True,13,,,,96.4395968379699,PRUNED
981,981,41.666666666666664,2025-05-24 21:20:53.982531,2025-05-24 21:20:57.514198,0 days 00:00:03.531667,AdamW,0.09768081495232711,,,0.00022761027849419762,,,,9,,,0.0016492206280848904,,PRUNED
982,982,35.416666666666664,2025-05-24 21:20:57.560089,2025-05-24 21:21:03.706476,0 days 00:00:06.146387,AdamW,0.08935589728295182,,,6.620179352652244e-05,,,,7,,,0.0005099602053035485,,PRUNED
983,983,41.666666666666664,2025-05-24 21:21:03.750641,2025-05-24 21:21:09.909004,0 days 00:00:06.158363,AdamW,0.1909634506653674,,,0.0001444336258612049,,,,8,,,0.0011701910186930193,,PRUNED
984,984,37.5,2025-05-24 21:21:09.952460,2025-05-24 21:21:16.188402,0 days 00:00:06.235942,AdamW,0.12608316692753418,,,8.338746580057623e-05,,,,3,,,0.005691912193964249,,PRUNED
985,985,27.083333333333332,2025-05-24 21:21:16.233442,2025-05-24 21:21:22.480101,0 days 00:00:06.246659,AdamW,0.1471505057987575,,,1.932385038306117e-05,,,,9,,,0.002170802284326597,,PRUNED
986,986,31.25,2025-05-24 21:21:22.523801,2025-05-24 21:21:28.776914,0 days 00:00:06.253113,AdamW,0.4025211949821048,,,0.00010141868645062874,,,,11,,,0.0015112899931991693,,PRUNED
987,987,41.666666666666664,2025-05-24 21:21:28.823336,2025-05-24 21:21:34.994616,0 days 00:00:06.171280,AdamW,0.10668679814821239,,,2.9016712312361267e-05,,,,9,,,0.00400681168146141,,PRUNED
988,988,37.5,2025-05-24 21:21:35.040176,2025-05-24 21:21:41.235533,0 days 00:00:06.195357,AdamW,0.21779806514411543,,,5.3774936797004814e-05,,,,6,,,0.0025717066318097304,,PRUNED
989,989,31.25,2025-05-24 21:21:41.279378,2025-05-24 21:21:47.442658,0 days 00:00:06.163280,AdamW,0.35249413201372204,,,0.00016631538703088376,,,,8,,,0.0005604195550383413,,PRUNED
990,990,35.416666666666664,2025-05-24 21:21:47.488096,2025-05-24 21:21:53.726663,0 days 00:00:06.238567,AdamW,0.31996003463490563,,,7.488600978929167e-05,,,,8,,,0.0034465610723090285,,PRUNED
991,991,37.5,2025-05-24 21:21:53.770784,2025-05-24 21:22:01.057617,0 days 00:00:07.286833,AdamW,0.2618511022986105,,,4.0969311112703606e-05,,,,10,,,0.001778414352784326,,PRUNED
992,992,39.583333333333336,2025-05-24 21:22:01.102587,2025-05-24 21:22:07.321723,0 days 00:00:06.219136,AdamW,0.20799656952627207,,,0.00012156845180636218,,,,5,,,0.0013015098154669556,,PRUNED
993,993,37.5,2025-05-24 21:22:07.370134,2025-05-24 21:22:13.515242,0 days 00:00:06.145108,AdamW,0.3725145588958718,,,8.807091789144571e-05,,,,7,,,0.001983851174025464,,PRUNED
994,994,39.583333333333336,2025-05-24 21:22:13.570079,2025-05-24 21:22:20.876887,0 days 00:00:07.306808,AdamW,0.11765426962864198,,,0.00010036888041335856,,,,4,,,0.00046470162139646405,,PRUNED
995,995,45.833333333333336,2025-05-24 21:22:20.922448,2025-05-24 21:22:29.253181,0 days 00:00:08.330733,AdamW,0.08215280073633636,,,0.00020022873246255417,,,,6,,,0.0006272464876654722,,PRUNED
996,996,31.25,2025-05-24 21:22:29.297820,2025-05-24 21:22:35.477407,0 days 00:00:06.179587,AdamW,0.2416123263266584,,,6.641648621214514e-05,,,,3,,,0.002267740095102103,,PRUNED
997,997,43.75,2025-05-24 21:22:35.523091,2025-05-24 21:22:42.785777,0 days 00:00:07.262686,AdamW,0.18561744190123378,,,0.00013335765840351158,,,,5,,,0.0011109960992873426,,PRUNED
998,998,33.333333333333336,2025-05-24 21:22:42.830291,2025-05-24 21:22:48.981914,0 days 00:00:06.151623,Adadelta,0.4812111515893959,0.2033017917295968,,,,,,2,58.75375617439875,,,,PRUNED
999,999,39.583333333333336,2025-05-24 21:22:49.027331,2025-05-24 21:22:55.309011,0 days 00:00:06.281680,AdamW,0.09716710979786586,,,4.948803577137149e-05,,,,10,,,0.0015391503360297977,,PRUNED
