,number,value,datetime_start,datetime_complete,duration,params_algorithm,params_dropout_rate,params_lr_Adadelta,params_lr_Adam,params_lr_AdamW,params_lr_SGD,params_momentum_SGD,params_nesterov_SGD,params_suggested_freeze,params_weight_decay_Adadelta,params_weight_decay_Adam,params_weight_decay_AdamW,params_weight_decay_SGD,state
0,0,37.5,2025-05-25 10:05:41.242030,2025-05-25 10:05:52.791200,0 days 00:00:11.549170,Adadelta,0.4753571532049581,0.017073967431528128,,,,,,5,29.154431891537552,,,,COMPLETE
1,1,50.0,2025-05-25 10:05:52.849128,2025-05-25 10:06:03.852491,0 days 00:00:11.003363,Adam,0.35403628889802274,,5.3370327626039544e-05,,,,,8,,0.05415244119402541,,,COMPLETE
2,2,47.916666666666664,2025-05-25 10:06:03.902500,2025-05-25 10:06:15.039460,0 days 00:00:11.136960,AdamW,0.2623782158161189,,,0.00014742753159914678,,,,4,,,0.0005404103854647331,,COMPLETE
3,3,33.333333333333336,2025-05-25 10:06:15.089362,2025-05-25 10:06:26.198952,0 days 00:00:11.109590,AdamW,0.3925879806965068,,,0.0026926469100861782,,,,6,,,0.00021930485556643703,,COMPLETE
4,4,33.333333333333336,2025-05-25 10:06:26.248530,2025-05-25 10:06:37.465163,0 days 00:00:11.216633,Adadelta,0.4744427686266666,5.456725485601478,,,,,,0,0.5762487216478605,,,,COMPLETE
5,5,35.416666666666664,2025-05-25 10:06:37.514885,2025-05-25 10:06:48.593955,0 days 00:00:11.079070,Adam,0.2475884550556351,,0.00017654048052495074,,,,,1,,1.2030178871154673,,,COMPLETE
6,6,33.333333333333336,2025-05-25 10:06:48.642870,2025-05-25 10:06:57.748211,0 days 00:00:09.105341,Adadelta,0.09242722776276352,2.463768595899747,,,,,,7,48.696409415209004,,,,PRUNED
7,7,33.333333333333336,2025-05-25 10:06:57.782522,2025-05-25 10:07:06.730073,0 days 00:00:08.947551,AdamW,0.0979914312095726,,,0.02065142557895925,,,,1,,,0.0005170191786366995,,PRUNED
8,8,33.333333333333336,2025-05-25 10:07:06.764570,2025-05-25 10:07:15.674855,0 days 00:00:08.910285,SGD,0.27134804157912423,,,,0.012273800987852962,0.5621564911890039,True,3,,,,0.06235377135673159,PRUNED
9,9,,2025-05-25 10:07:15.709977,2025-05-25 10:07:21.525806,0 days 00:00:05.815829,SGD,0.38563517334297287,,,,0.0031130959561221226,6.365199445099503,False,10,,,,0.2106648601704221,PRUNED
10,10,31.25,2025-05-25 10:07:21.585746,2025-05-25 10:07:27.513369,0 days 00:00:05.927623,Adam,0.0029985914779085965,,1.1799062523159256e-05,,,,,13,,0.011627478296224469,,,PRUNED
11,11,29.166666666666668,2025-05-25 10:07:27.548493,2025-05-25 10:07:36.595922,0 days 00:00:09.047429,Adam,0.2687772072034616,,0.06135465318705142,,,,,9,,0.020123694972889298,,,PRUNED
12,12,56.25,2025-05-25 10:07:36.630095,2025-05-25 10:07:47.789230,0 days 00:00:11.159135,AdamW,0.33917540003066937,,,2.031973943675742e-05,,,,4,,,0.008383621437420495,,COMPLETE
13,13,31.25,2025-05-25 10:07:47.838339,2025-05-25 10:07:53.288811,0 days 00:00:05.450472,Adam,0.3542164736360214,,0.00026931176066398395,,,,,8,,37.639965874722925,,,PRUNED
14,14,52.083333333333336,2025-05-25 10:07:53.322421,2025-05-25 10:08:01.472441,0 days 00:00:08.150020,AdamW,0.34476830056032093,,,1.5192830160460168e-05,,,,11,,,0.009180512189609047,,COMPLETE
15,15,33.333333333333336,2025-05-25 10:08:01.522328,2025-05-25 10:08:10.483374,0 days 00:00:08.961046,AdamW,0.18189443592807747,,,1.5439717330315257e-05,,,,12,,,0.009639093552392489,,PRUNED
16,16,33.333333333333336,2025-05-25 10:08:10.518554,2025-05-25 10:08:16.421413,0 days 00:00:05.902859,AdamW,0.3244085375265818,,,1.392137862025427e-05,,,,11,,,0.009880588533888778,,PRUNED
17,17,35.416666666666664,2025-05-25 10:08:16.455410,2025-05-25 10:08:23.192345,0 days 00:00:06.736935,AdamW,0.42794027956218794,,,0.00015678605890211963,,,,3,,,0.0029936200869893704,,PRUNED
18,18,33.333333333333336,2025-05-25 10:08:23.226081,2025-05-25 10:08:25.618692,0 days 00:00:02.392611,AdamW,0.19527068919872193,,,6.353596102654242e-05,,,,6,,,0.0028062449195582866,,PRUNED
19,19,33.333333333333336,2025-05-25 10:08:25.645458,2025-05-25 10:08:27.921947,0 days 00:00:02.276489,AdamW,0.3308851073086485,,,0.0010909477444468072,,,,10,,,0.0029528977673212915,,PRUNED
20,20,,2025-05-25 10:08:27.949072,2025-05-25 10:08:30.669370,0 days 00:00:02.720298,SGD,0.43146366092662647,,,,2.025934909325147e-05,88.37749112170019,True,13,,,,71.38393633927497,PRUNED
21,21,31.25,2025-05-25 10:08:30.702426,2025-05-25 10:08:36.649459,0 days 00:00:05.947033,Adam,0.3146643330149076,,1.0092510080927751e-05,,,,,8,,0.3469358819028498,,,PRUNED
22,22,33.333333333333336,2025-05-25 10:08:36.686083,2025-05-25 10:08:42.597662,0 days 00:00:05.911579,Adam,0.379376137937382,,0.006223444635816401,,,,,8,,0.2749461091626755,,,PRUNED
23,23,54.166666666666664,2025-05-25 10:08:42.632738,2025-05-25 10:08:53.717453,0 days 00:00:11.084715,AdamW,0.3006100111148764,,,1.3970734935405238e-05,,,,11,,,0.0051088003270523125,,COMPLETE
24,24,31.25,2025-05-25 10:08:53.768428,2025-05-25 10:09:02.744574,0 days 00:00:08.976146,AdamW,0.20290819947002905,,,1.0036240708078846e-05,,,,11,,,0.005357892114041758,,PRUNED
25,25,47.916666666666664,2025-05-25 10:09:02.779348,2025-05-25 10:09:13.822050,0 days 00:00:11.042702,AdamW,0.29894843056066406,,,4.74596847963918e-05,,,,11,,,0.005510426028518221,,COMPLETE
26,26,54.166666666666664,2025-05-25 10:09:13.872756,2025-05-25 10:09:25.204415,0 days 00:00:11.331659,AdamW,0.23475084634686694,,,5.0001661763933946e-05,,,,4,,,0.005531348116724926,,COMPLETE
27,27,54.166666666666664,2025-05-25 10:09:25.254024,2025-05-25 10:09:36.419711,0 days 00:00:11.165687,AdamW,0.14618991401199255,,,6.775342753653531e-05,,,,4,,,0.0014055588056137117,,COMPLETE
28,28,33.333333333333336,2025-05-25 10:09:36.470632,2025-05-25 10:09:42.390908,0 days 00:00:05.920276,AdamW,0.24188355223985702,,,0.0003648363846844233,,,,2,,,0.004126991221962181,,PRUNED
29,29,33.333333333333336,2025-05-25 10:09:42.424783,2025-05-25 10:09:48.361167,0 days 00:00:05.936384,Adadelta,0.2231993814100855,64.45644666931992,,,,,,5,0.01286892803974938,,,,PRUNED
30,30,35.416666666666664,2025-05-25 10:09:48.397470,2025-05-25 10:09:54.382327,0 days 00:00:05.984857,AdamW,0.15502842471462705,,,3.777975437849437e-05,,,,5,,,0.001544948888891324,,PRUNED
31,31,33.333333333333336,2025-05-25 10:09:54.416794,2025-05-25 10:10:00.377069,0 days 00:00:05.960275,AdamW,0.13996812746114407,,,5.430804097462278e-05,,,,4,,,0.0012490142268242806,,PRUNED
32,32,35.416666666666664,2025-05-25 10:10:00.412946,2025-05-25 10:10:06.335089,0 days 00:00:05.922143,AdamW,0.11129153576191063,,,3.195232538086553e-05,,,,4,,,0.005651460551742822,,PRUNED
33,33,47.916666666666664,2025-05-25 10:10:06.370549,2025-05-25 10:10:17.693783,0 days 00:00:11.323234,AdamW,0.29169789942567037,,,0.00015398329437817386,,,,3,,,0.0021799372706884186,,PRUNED
34,34,52.083333333333336,2025-05-25 10:10:17.730420,2025-05-25 10:10:28.923852,0 days 00:00:11.193432,AdamW,0.06803668022402384,,,2.8083433326867697e-05,,,,6,,,0.0008403991127384979,,COMPLETE
35,35,33.333333333333336,2025-05-25 10:10:28.974236,2025-05-25 10:10:34.942857,0 days 00:00:05.968621,Adadelta,0.1703958190593637,0.019088210580947403,,,,,,2,0.013380939940168727,,,,PRUNED
36,36,29.166666666666668,2025-05-25 10:10:34.978284,2025-05-25 10:10:40.899461,0 days 00:00:05.921177,AdamW,0.21834605831927242,,,8.378763988031478e-05,,,,5,,,0.00010433696140601205,,PRUNED
37,37,,2025-05-25 10:10:40.935160,2025-05-25 10:10:46.249105,0 days 00:00:05.313945,SGD,0.04721737775545698,,,,1.0144058778624823e-05,95.45733560554316,False,7,,,,14.688686511696513,PRUNED
38,38,33.333333333333336,2025-05-25 10:10:46.282539,2025-05-25 10:10:52.273005,0 days 00:00:05.990466,AdamW,0.2414339135252332,,,0.0005080405898545492,,,,4,,,0.006498758589204362,,PRUNED
39,39,33.333333333333336,2025-05-25 10:10:52.307931,2025-05-25 10:10:58.269596,0 days 00:00:05.961665,Adadelta,0.1377395650453972,0.2697998746826366,,,,,,2,1.2731205051110535,,,,PRUNED
40,40,60.416666666666664,2025-05-25 10:10:58.305022,2025-05-25 10:11:09.500851,0 days 00:00:11.195829,AdamW,0.2871574055686184,,,2.147762049493491e-05,,,,0,,,0.003720561311304489,,COMPLETE
41,41,35.416666666666664,2025-05-25 10:11:09.551230,2025-05-25 10:11:15.532231,0 days 00:00:05.981001,AdamW,0.2978564232554323,,,2.294445495177369e-05,,,,0,,,0.0039468726219332425,,PRUNED
42,42,50.0,2025-05-25 10:11:15.569036,2025-05-25 10:11:26.849523,0 days 00:00:11.280487,AdamW,0.2585851953593351,,,2.6764015585258727e-05,,,,1,,,0.001977107177090047,,COMPLETE
43,43,35.416666666666664,2025-05-25 10:11:26.899848,2025-05-25 10:11:32.967783,0 days 00:00:06.067935,AdamW,0.3678568872784426,,,1.0489812464088019e-05,,,,0,,,0.0070171110314307256,,PRUNED
44,44,50.0,2025-05-25 10:11:33.004217,2025-05-25 10:11:44.227664,0 days 00:00:11.223447,AdamW,0.4126624024590751,,,9.446574617683816e-05,,,,5,,,0.004039439928631255,,COMPLETE
45,45,,2025-05-25 10:11:44.278009,2025-05-25 10:11:49.448591,0 days 00:00:05.170582,SGD,0.2866106776330739,,,,0.07697336416909212,50.556122432111465,False,3,,,,0.014941059416646479,PRUNED
46,46,33.333333333333336,2025-05-25 10:11:49.482071,2025-05-25 10:11:55.528142,0 days 00:00:06.046071,AdamW,0.3377546194923831,,,2.5567070303076573e-05,,,,7,,,0.004182037225140581,,PRUNED
47,47,33.333333333333336,2025-05-25 10:11:55.563587,2025-05-25 10:12:01.502093,0 days 00:00:05.938506,AdamW,0.2700674321872577,,,0.09843155468624189,,,,1,,,0.006977152759475859,,PRUNED
48,48,52.083333333333336,2025-05-25 10:12:01.536481,2025-05-25 10:12:12.836386,0 days 00:00:11.299905,AdamW,0.47635514056864386,,,8.517337932324344e-05,,,,2,,,0.0007594162269539257,,COMPLETE
49,49,33.333333333333336,2025-05-25 10:12:12.887522,2025-05-25 10:12:18.811977,0 days 00:00:05.924455,Adadelta,0.22810945242157527,95.61311598960178,,,,,,9,0.5053832131184154,,,,PRUNED
50,50,33.333333333333336,2025-05-25 10:12:18.845915,2025-05-25 10:12:24.874416,0 days 00:00:06.028501,AdamW,0.30571010529365744,,,0.00023986803295775232,,,,6,,,0.0005481854050298365,,PRUNED
51,51,39.583333333333336,2025-05-25 10:12:24.908585,2025-05-25 10:12:33.914960,0 days 00:00:09.006375,AdamW,0.3496152747292197,,,1.7496235054364685e-05,,,,10,,,0.008477824311880081,,PRUNED
52,52,33.333333333333336,2025-05-25 10:12:33.950528,2025-05-25 10:12:39.886074,0 days 00:00:05.935546,AdamW,0.40348821161313086,,,1.809229536404757e-05,,,,9,,,0.007640683012972201,,PRUNED
53,53,35.416666666666664,2025-05-25 10:12:39.922499,2025-05-25 10:12:45.838908,0 days 00:00:05.916409,AdamW,0.34081519500423096,,,4.408351748637256e-05,,,,12,,,0.004948183995043967,,PRUNED
54,54,33.333333333333336,2025-05-25 10:12:45.875502,2025-05-25 10:12:51.845168,0 days 00:00:05.969666,AdamW,0.37170167271628035,,,0.006075013141662347,,,,12,,,0.007139392778998346,,PRUNED
55,55,33.333333333333336,2025-05-25 10:12:51.880532,2025-05-25 10:12:57.848620,0 days 00:00:05.968088,Adam,0.3187231055221246,,0.004698602405888743,,,,,4,,63.58466387206514,,,PRUNED
56,56,,2025-05-25 10:12:57.884519,2025-05-25 10:13:03.318758,0 days 00:00:05.434239,SGD,0.2763569454897993,,,,0.00023157658815185116,51.4427435384869,True,13,,,,2.5777506692584136,PRUNED
57,57,33.333333333333336,2025-05-25 10:13:03.351820,2025-05-25 10:13:09.288583,0 days 00:00:05.936763,AdamW,0.35539339079812593,,,1.0859012588685611e-05,,,,3,,,0.009424211887928972,,PRUNED
58,58,35.416666666666664,2025-05-25 10:13:09.325619,2025-05-25 10:13:15.235211,0 days 00:00:05.909592,AdamW,0.4499293572956007,,,1.9641884514913177e-05,,,,10,,,0.00035772904575805033,,PRUNED
59,59,35.416666666666664,2025-05-25 10:13:15.277955,2025-05-25 10:13:20.238339,0 days 00:00:04.960384,AdamW,0.20030847381596745,,,3.7747281447285965e-05,,,,11,,,0.003252735112359871,,PRUNED
60,60,33.333333333333336,2025-05-25 10:13:20.266164,2025-05-25 10:13:22.799896,0 days 00:00:02.533732,Adam,0.3915110758236399,,0.07228331346383857,,,,,8,,8.159831276618172,,,PRUNED
61,61,37.5,2025-05-25 10:13:22.835895,2025-05-25 10:13:28.764583,0 days 00:00:05.928688,AdamW,0.060081162471842586,,,1.8400854321079385e-05,,,,6,,,0.0007849816411577329,,PRUNED
62,62,33.333333333333336,2025-05-25 10:13:28.801618,2025-05-25 10:13:34.731985,0 days 00:00:05.930367,AdamW,0.061895683265833015,,,2.9002098321430805e-05,,,,5,,,0.0009670047463120651,,PRUNED
63,63,54.166666666666664,2025-05-25 10:13:34.767645,2025-05-25 10:13:44.796653,0 days 00:00:10.029008,AdamW,0.036271608961891875,,,1.5052155964180895e-05,,,,6,,,0.002131477765889883,,COMPLETE
64,64,56.25,2025-05-25 10:13:44.848796,2025-05-25 10:13:50.022812,0 days 00:00:05.174016,AdamW,0.09338354387010711,,,1.2382618749940406e-05,,,,4,,,0.0022840467191810147,,COMPLETE
65,65,52.083333333333336,2025-05-25 10:13:50.063680,2025-05-25 10:14:00.459795,0 days 00:00:10.396115,AdamW,0.0032934025783225435,,,1.3767342248962932e-05,,,,7,,,0.0022473818277994385,,COMPLETE
66,66,35.416666666666664,2025-05-25 10:14:00.512729,2025-05-25 10:14:06.454942,0 days 00:00:05.942213,AdamW,0.09344033378132248,,,6.508403987143022e-05,,,,4,,,0.0014556750807833323,,PRUNED
67,67,37.5,2025-05-25 10:14:06.490052,2025-05-25 10:14:12.421200,0 days 00:00:05.931148,AdamW,0.01855057443841264,,,1.4737753805963336e-05,,,,3,,,0.0018318063188928785,,PRUNED
68,68,37.5,2025-05-25 10:14:12.539145,2025-05-25 10:14:18.583882,0 days 00:00:06.044737,AdamW,0.11532701429346986,,,1.0249581696721652e-05,,,,6,,,0.002485383330117164,,PRUNED
69,69,33.333333333333336,2025-05-25 10:14:18.619488,2025-05-25 10:14:24.693972,0 days 00:00:06.074484,Adadelta,0.0376904974401916,0.24925247345003218,,,,,,3,8.396148259479292,,,,PRUNED
70,70,,2025-05-25 10:14:24.728617,2025-05-25 10:14:30.008825,0 days 00:00:05.280208,SGD,0.08609923215062332,,,,0.00022589205489563976,24.761212396917543,True,5,,,,1.1072077330342096,PRUNED
71,71,35.416666666666664,2025-05-25 10:14:30.042996,2025-05-25 10:14:35.973485,0 days 00:00:05.930489,AdamW,0.32369908934691966,,,1.7465927850336876e-05,,,,4,,,0.0033287626209043313,,PRUNED
72,72,33.333333333333336,2025-05-25 10:14:36.007430,2025-05-25 10:14:42.028731,0 days 00:00:06.021301,AdamW,0.08023620085536892,,,4.303529128267128e-05,,,,4,,,0.005515741256031156,,PRUNED
73,73,33.333333333333336,2025-05-25 10:14:42.064795,2025-05-25 10:14:47.989464,0 days 00:00:05.924669,AdamW,0.12374531995276114,,,1.4113744383444599e-05,,,,7,,,0.001508053935598339,,PRUNED
74,74,33.333333333333336,2025-05-25 10:14:48.025689,2025-05-25 10:14:54.032960,0 days 00:00:06.007271,AdamW,0.24975796855185664,,,2.6567987806512207e-05,,,,9,,,0.0099233219042989,,PRUNED
75,75,37.5,2025-05-25 10:14:54.067523,2025-05-25 10:15:00.046026,0 days 00:00:05.978503,AdamW,0.49854393606930536,,,5.1063219653636536e-05,,,,1,,,0.0025533054192827752,,PRUNED
76,76,37.5,2025-05-25 10:15:00.080363,2025-05-25 10:15:06.051808,0 days 00:00:05.971445,AdamW,0.3086539618480079,,,0.00011072034327111261,,,,5,,,0.004658107516141721,,PRUNED
77,77,33.333333333333336,2025-05-25 10:15:06.086003,2025-05-25 10:15:12.016886,0 days 00:00:05.930883,AdamW,0.18189626972639927,,,0.0019966193821541692,,,,2,,,0.006313669332564248,,PRUNED
78,78,33.333333333333336,2025-05-25 10:15:12.052262,2025-05-25 10:15:17.977883,0 days 00:00:05.925621,Adam,0.16004332939495675,,0.0037563790906469793,,,,,12,,4.189740435370202,,,PRUNED
79,79,35.416666666666664,2025-05-25 10:15:18.011822,2025-05-25 10:15:24.080186,0 days 00:00:06.068364,AdamW,0.025587740664307555,,,3.407480120120297e-05,,,,4,,,0.0011320509461915976,,PRUNED
80,80,37.5,2025-05-25 10:15:24.115176,2025-05-25 10:15:30.050986,0 days 00:00:05.935810,AdamW,0.2629966482843127,,,6.14224467442632e-05,,,,6,,,0.002907846895805228,,PRUNED
81,81,37.5,2025-05-25 10:15:30.089213,2025-05-25 10:15:36.042535,0 days 00:00:05.953322,AdamW,0.057053048961912205,,,2.4199216553749528e-05,,,,5,,,0.0016771556676488024,,PRUNED
82,82,31.25,2025-05-25 10:15:36.078205,2025-05-25 10:15:42.064955,0 days 00:00:05.986750,AdamW,0.28391149580018654,,,1.4857752774467734e-05,,,,11,,,0.008232494896995254,,PRUNED
83,83,33.333333333333336,2025-05-25 10:15:42.098801,2025-05-25 10:15:48.084543,0 days 00:00:05.985742,AdamW,0.07361423150082813,,,3.317789279359121e-05,,,,6,,,0.0036124159006519496,,PRUNED
84,84,33.333333333333336,2025-05-25 10:15:48.121720,2025-05-25 10:15:54.137412,0 days 00:00:06.015692,AdamW,0.10531824530755693,,,2.2257967203939593e-05,,,,3,,,0.0012286674450360194,,PRUNED
85,85,33.333333333333336,2025-05-25 10:15:54.173037,2025-05-25 10:16:00.115782,0 days 00:00:05.942745,Adadelta,0.1382329968032403,11.909419283350534,,,,,,8,0.1086270079831175,,,,PRUNED
86,86,29.166666666666668,2025-05-25 10:16:00.154275,2025-05-25 10:16:06.113210,0 days 00:00:05.958935,AdamW,0.0407531666448432,,,1.0336595612252792e-05,,,,5,,,0.0008764955701369,,PRUNED
87,87,31.25,2025-05-25 10:16:06.150597,2025-05-25 10:16:12.153529,0 days 00:00:06.002932,AdamW,0.3640711469486208,,,2.1772742054595736e-05,,,,6,,,0.006032065780239276,,PRUNED
88,88,,2025-05-25 10:16:12.188145,2025-05-25 10:16:17.398989,0 days 00:00:05.210844,SGD,0.2145266771110564,,,,0.03822927253823338,64.03392489483738,False,7,,,,6.489648692471902,PRUNED
89,89,29.166666666666668,2025-05-25 10:16:17.432349,2025-05-25 10:16:23.450796,0 days 00:00:06.018447,AdamW,0.33986077992958885,,,1.3421037885341015e-05,,,,10,,,0.004666519419988979,,PRUNED
90,90,41.666666666666664,2025-05-25 10:16:23.485939,2025-05-25 10:16:31.608548,0 days 00:00:08.122609,AdamW,0.30795558283799407,,,6.67237070090605e-05,,,,0,,,0.0020078841776869773,,PRUNED
91,91,35.416666666666664,2025-05-25 10:16:31.644487,2025-05-25 10:16:37.653244,0 days 00:00:06.008757,AdamW,0.4547379098527441,,,0.000128692600699195,,,,2,,,0.0004771364783586047,,PRUNED
92,92,33.333333333333336,2025-05-25 10:16:37.690139,2025-05-25 10:16:43.660716,0 days 00:00:05.970577,AdamW,0.12652312563946508,,,0.0002757673146768576,,,,2,,,0.0006086167940208803,,PRUNED
93,93,37.5,2025-05-25 10:16:43.697157,2025-05-25 10:16:49.648953,0 days 00:00:05.951796,AdamW,0.23425714480673104,,,3.5559197582778416e-05,,,,1,,,0.0006564721711302862,,PRUNED
94,94,39.583333333333336,2025-05-25 10:16:49.684070,2025-05-25 10:16:55.759596,0 days 00:00:06.075526,AdamW,0.07007345129423936,,,7.366898038944489e-05,,,,2,,,0.0007648964406713195,,PRUNED
95,95,47.916666666666664,2025-05-25 10:16:55.796156,2025-05-25 10:17:07.006344,0 days 00:00:11.210188,AdamW,0.29558963908716734,,,2.6936864445910454e-05,,,,4,,,0.008710649076708817,,COMPLETE
96,96,31.25,2025-05-25 10:17:07.056634,2025-05-25 10:17:13.071430,0 days 00:00:06.014796,AdamW,0.32983551212333934,,,5.056113220080974e-05,,,,1,,,0.0013886532881348288,,PRUNED
97,97,39.583333333333336,2025-05-25 10:17:13.107326,2025-05-25 10:17:19.088969,0 days 00:00:05.981643,Adam,0.42197487327394234,,0.0009749536913735565,,,,,0,,0.09249797233124378,,,PRUNED
98,98,33.333333333333336,2025-05-25 10:17:19.125670,2025-05-25 10:17:25.129904,0 days 00:00:06.004234,AdamW,0.09900945554501442,,,9.38878830117859e-05,,,,3,,,0.0010179427411776368,,PRUNED
99,99,33.333333333333336,2025-05-25 10:17:25.165414,2025-05-25 10:17:31.162988,0 days 00:00:05.997574,AdamW,0.02906563107673416,,,0.00018036790011730533,,,,3,,,0.00045317772595480547,,PRUNED
100,100,33.333333333333336,2025-05-25 10:17:31.208073,2025-05-25 10:17:37.212116,0 days 00:00:06.004043,Adadelta,0.3822710206776795,0.14348854720522328,,,,,,4,3.7895102440099517,,,,PRUNED
101,101,31.25,2025-05-25 10:17:37.247720,2025-05-25 10:17:43.209139,0 days 00:00:05.961419,AdamW,0.01871574455615617,,,1.4807706852028079e-05,,,,7,,,0.002440828875856764,,PRUNED
102,102,29.166666666666668,2025-05-25 10:17:43.244063,2025-05-25 10:17:49.220964,0 days 00:00:05.976901,AdamW,0.008749858964187764,,,1.308824807375509e-05,,,,5,,,0.002210595418716481,,PRUNED
103,103,50.0,2025-05-25 10:17:49.256395,2025-05-25 10:18:00.582936,0 days 00:00:11.326541,AdamW,0.040910754924831046,,,1.966237108039074e-05,,,,4,,,0.001834791569470229,,PRUNED
104,104,58.333333333333336,2025-05-25 10:18:00.620267,2025-05-25 10:18:11.714415,0 days 00:00:11.094148,AdamW,0.003671937752101506,,,1.2228053898822109e-05,,,,9,,,0.003714938444573141,,COMPLETE
105,105,47.916666666666664,2025-05-25 10:18:11.765379,2025-05-25 10:18:22.946985,0 days 00:00:11.181606,AdamW,0.05366411111582834,,,1.978406410421764e-05,,,,9,,,0.0037765238217012612,,COMPLETE
106,106,33.333333333333336,2025-05-25 10:18:22.998606,2025-05-25 10:18:28.971027,0 days 00:00:05.972421,AdamW,0.2745901954978551,,,1.1992373768354837e-05,,,,12,,,0.005114610692910095,,PRUNED
107,107,33.333333333333336,2025-05-25 10:18:29.007215,2025-05-25 10:18:34.968565,0 days 00:00:05.961350,AdamW,0.1843826795313682,,,0.007061795457071586,,,,11,,,0.003330182766914061,,PRUNED
108,108,,2025-05-25 10:18:35.003366,2025-05-25 10:18:40.188410,0 days 00:00:05.185044,SGD,0.15238295226948712,,,,0.000840463647952095,72.1949632095048,True,10,,,,0.2638107846204855,PRUNED
109,109,37.5,2025-05-25 10:18:40.215115,2025-05-25 10:18:42.869874,0 days 00:00:02.654759,AdamW,0.2563662058780906,,,4.5073602284372115e-05,,,,8,,,0.007594229789664099,,PRUNED
110,110,37.5,2025-05-25 10:18:42.897516,2025-05-25 10:18:47.337524,0 days 00:00:04.440008,AdamW,0.013399371092986306,,,2.8828663948384088e-05,,,,6,,,0.004564232841311672,,PRUNED
111,111,27.083333333333332,2025-05-25 10:18:47.374826,2025-05-25 10:18:53.444243,0 days 00:00:06.069417,AdamW,0.034216314187827175,,,1.5363185211661124e-05,,,,7,,,0.0026586954080067312,,PRUNED
112,112,35.416666666666664,2025-05-25 10:18:53.480377,2025-05-25 10:18:59.437367,0 days 00:00:05.956990,AdamW,0.050506409180320344,,,1.7658272319304e-05,,,,10,,,0.0022175391645372247,,PRUNED
113,113,31.25,2025-05-25 10:18:59.471568,2025-05-25 10:19:04.577667,0 days 00:00:05.106099,AdamW,0.0043407185472230676,,,1.1632251336363434e-05,,,,5,,,0.006577173629985945,,PRUNED
114,114,31.25,2025-05-25 10:19:04.610846,2025-05-25 10:19:08.711834,0 days 00:00:04.100988,AdamW,0.02149259832187364,,,1.0151744238485853e-05,,,,13,,,0.004258458722070277,,PRUNED
115,115,27.083333333333332,2025-05-25 10:19:08.739515,2025-05-25 10:19:10.803096,0 days 00:00:02.063581,AdamW,0.006342497984619822,,,2.3187567613197807e-05,,,,9,,,0.005526791283038019,,PRUNED
116,116,37.5,2025-05-25 10:19:10.830151,2025-05-25 10:19:13.119687,0 days 00:00:02.289536,AdamW,0.3188177516863929,,,1.589943671217269e-05,,,,11,,,0.0008009046618725312,,PRUNED
117,117,33.333333333333336,2025-05-25 10:19:13.154259,2025-05-25 10:19:19.105026,0 days 00:00:05.950767,AdamW,0.06515185264751534,,,3.510902389806518e-05,,,,6,,,0.0001167353760458405,,PRUNED
118,118,47.916666666666664,2025-05-25 10:19:19.139769,2025-05-25 10:19:30.399137,0 days 00:00:11.259368,AdamW,0.0003539189051072599,,,2.615355828865955e-05,,,,4,,,0.0030037158612681745,,COMPLETE
119,119,35.416666666666664,2025-05-25 10:19:30.450111,2025-05-25 10:19:36.495860,0 days 00:00:06.045749,AdamW,0.08253789782085602,,,1.2794859799465186e-05,,,,5,,,0.0012350903137086373,,PRUNED
120,120,33.333333333333336,2025-05-25 10:19:36.533822,2025-05-25 10:19:42.531538,0 days 00:00:05.997716,Adam,0.4891550998050476,,0.01230268987695053,,,,,3,,7.3798664816391275,,,PRUNED
121,121,31.25,2025-05-25 10:19:42.567462,2025-05-25 10:19:48.546056,0 days 00:00:05.978594,Adam,0.3550595070698338,,6.552731859273825e-05,,,,,8,,0.06891260550327048,,,PRUNED
122,122,33.333333333333336,2025-05-25 10:19:48.581046,2025-05-25 10:19:56.721066,0 days 00:00:08.140020,Adam,0.2837497763185704,,6.288204206825251e-05,,,,,7,,0.04738300904506988,,,PRUNED
123,123,33.333333333333336,2025-05-25 10:19:56.757086,2025-05-25 10:20:02.709206,0 days 00:00:05.952120,Adam,0.3463452308205102,,0.0008869031052262668,,,,,8,,0.8538654986700931,,,PRUNED
124,124,29.166666666666668,2025-05-25 10:20:02.746566,2025-05-25 10:20:08.718448,0 days 00:00:05.971882,Adam,0.39727386134225984,,3.9103807982357224e-05,,,,,7,,0.2035927748952814,,,PRUNED
125,125,37.5,2025-05-25 10:20:08.754344,2025-05-25 10:20:14.756091,0 days 00:00:06.001747,Adadelta,0.4570315366815477,0.927930399203296,,,,,,7,0.08603354970189857,,,,PRUNED
126,126,33.333333333333336,2025-05-25 10:20:14.791348,2025-05-25 10:20:20.796951,0 days 00:00:06.005603,AdamW,0.3691115941040255,,,0.07004646124294021,,,,8,,,0.0010258688636205964,,PRUNED
127,127,33.333333333333336,2025-05-25 10:20:20.833080,2025-05-25 10:20:26.831931,0 days 00:00:05.998851,AdamW,0.04548747252164386,,,0.0007664307380320478,,,,9,,,0.0035300611841493604,,PRUNED
128,128,37.5,2025-05-25 10:20:26.866520,2025-05-25 10:20:32.793698,0 days 00:00:05.927178,AdamW,0.3267947727746417,,,4.1106827667799086e-05,,,,12,,,0.0017073613240905091,,PRUNED
129,129,,2025-05-25 10:20:32.829957,2025-05-25 10:20:38.198836,0 days 00:00:05.368879,SGD,0.30572248192176577,,,,9.328407545423606e-05,29.33962881365636,False,6,,,,0.011603890672012182,PRUNED
130,130,33.333333333333336,2025-05-25 10:20:38.232840,2025-05-25 10:20:44.208148,0 days 00:00:05.975308,AdamW,0.03203143617956691,,,1.6816685533653274e-05,,,,0,,,0.009231133947958969,,PRUNED
131,131,54.166666666666664,2025-05-25 10:20:44.242598,2025-05-25 10:20:55.536465,0 days 00:00:11.293867,AdamW,0.26388393841508617,,,2.1633736328728724e-05,,,,1,,,0.002151533494916518,,COMPLETE
132,132,37.5,2025-05-25 10:20:55.587042,2025-05-25 10:21:01.620871,0 days 00:00:06.033829,AdamW,0.2657184319653955,,,2.1846210412497752e-05,,,,2,,,0.0029978117607708525,,PRUNED
133,133,56.25,2025-05-25 10:21:01.655604,2025-05-25 10:21:12.826001,0 days 00:00:11.170397,AdamW,0.23758879682995412,,,3.0944542982855104e-05,,,,1,,,0.002003200593789821,,COMPLETE
134,134,39.583333333333336,2025-05-25 10:21:12.876817,2025-05-25 10:21:18.856055,0 days 00:00:05.979238,AdamW,0.24020286329143,,,2.9951883979086184e-05,,,,1,,,0.0020301028897109423,,PRUNED
135,135,31.25,2025-05-25 10:21:18.891870,2025-05-25 10:21:24.936348,0 days 00:00:06.044478,AdamW,0.22776189167243552,,,1.9994024562571034e-05,,,,0,,,0.0023698954474275623,,PRUNED
136,136,50.0,2025-05-25 10:21:24.974922,2025-05-25 10:21:35.112780,0 days 00:00:10.137858,AdamW,0.21228845055140538,,,5.481174750195368e-05,,,,1,,,0.0015796487875803789,,PRUNED
137,137,37.5,2025-05-25 10:21:35.149607,2025-05-25 10:21:41.099321,0 days 00:00:05.949714,AdamW,0.2498918117041568,,,1.2454086730654652e-05,,,,1,,,0.0013321649250442342,,PRUNED
138,138,54.166666666666664,2025-05-25 10:21:41.134091,2025-05-25 10:21:52.416077,0 days 00:00:11.281986,AdamW,0.29488348906085093,,,8.194445093720374e-05,,,,0,,,0.0027774066855275918,,COMPLETE
139,139,35.416666666666664,2025-05-25 10:21:52.467958,2025-05-25 10:21:58.428606,0 days 00:00:05.960648,AdamW,0.28761929774134654,,,7.266565113472509e-05,,,,0,,,0.002782633086185006,,PRUNED
140,140,50.0,2025-05-25 10:21:58.465583,2025-05-25 10:22:09.686018,0 days 00:00:11.220435,AdamW,0.2941508596396028,,,8.886186506237498e-05,,,,0,,,0.0018313955650965939,,COMPLETE
141,141,35.416666666666664,2025-05-25 10:22:09.737010,2025-05-25 10:22:15.710698,0 days 00:00:05.973688,AdamW,0.27688815426122726,,,1.7122835002703428e-05,,,,1,,,0.002319359500818145,,PRUNED
142,142,41.666666666666664,2025-05-25 10:22:15.747736,2025-05-25 10:22:21.759068,0 days 00:00:06.011332,AdamW,0.26067016766673173,,,2.3532169590057107e-05,,,,0,,,0.0007049164638095547,,PRUNED
143,143,33.333333333333336,2025-05-25 10:22:21.795058,2025-05-25 10:22:27.741451,0 days 00:00:05.946393,AdamW,0.27923428067543493,,,3.863427415366546e-05,,,,1,,,0.0025908488118167807,,PRUNED
144,144,31.25,2025-05-25 10:22:27.777175,2025-05-25 10:22:33.752381,0 days 00:00:05.975206,AdamW,0.23703527270503194,,,0.0001214218027902139,,,,11,,,0.001989228910668281,,PRUNED
145,145,33.333333333333336,2025-05-25 10:22:33.786802,2025-05-25 10:22:39.764975,0 days 00:00:05.978173,AdamW,0.30870371236452837,,,3.2246375375518615e-05,,,,2,,,0.0008869084288886798,,PRUNED
146,146,31.25,2025-05-25 10:22:39.800122,2025-05-25 10:22:45.740068,0 days 00:00:05.939946,AdamW,0.19344826955424305,,,1.386977688778381e-05,,,,4,,,0.004023208420778374,,PRUNED
147,147,33.333333333333336,2025-05-25 10:22:45.774235,2025-05-25 10:22:51.785898,0 days 00:00:06.011663,AdamW,0.4380435211402879,,,5.994419243036434e-05,,,,0,,,0.0020811260860673945,,PRUNED
148,148,33.333333333333336,2025-05-25 10:22:51.821577,2025-05-25 10:22:57.842971,0 days 00:00:06.021394,AdamW,0.015697035262512843,,,1.8318385433446396e-05,,,,1,,,0.007663265222336453,,PRUNED
149,149,33.333333333333336,2025-05-25 10:22:57.879392,2025-05-25 10:23:03.852156,0 days 00:00:05.972764,AdamW,0.2992612758863621,,,2.6652187035696492e-05,,,,0,,,0.003032216984428527,,PRUNED
150,150,35.416666666666664,2025-05-25 10:23:03.888452,2025-05-25 10:23:09.833630,0 days 00:00:05.945178,AdamW,0.25232091909470106,,,4.528478859461113e-05,,,,5,,,0.0032335927505826867,,PRUNED
151,151,33.333333333333336,2025-05-25 10:23:09.869831,2025-05-25 10:23:15.855921,0 days 00:00:05.986090,Adam,0.33459535646855687,,0.00027369691430407335,,,,,2,,0.031055624299294707,,,PRUNED
152,152,31.25,2025-05-25 10:23:15.892212,2025-05-25 10:23:21.935319,0 days 00:00:06.043107,AdamW,0.3176992923049852,,,1.1904956653264408e-05,,,,8,,,0.006153508841370032,,PRUNED
153,153,33.333333333333336,2025-05-25 10:23:21.970808,2025-05-25 10:23:27.921225,0 days 00:00:05.950417,AdamW,0.2680703676035728,,,1.0126384389891032e-05,,,,4,,,0.0016885220768245585,,PRUNED
154,154,37.5,2025-05-25 10:23:27.958352,2025-05-25 10:23:33.927154,0 days 00:00:05.968802,AdamW,0.08977383686977056,,,1.5785058038033376e-05,,,,3,,,0.0018728277589316416,,PRUNED
155,155,33.333333333333336,2025-05-25 10:23:33.964071,2025-05-25 10:23:39.964121,0 days 00:00:06.000050,Adadelta,0.11787683689779539,18.323736764014896,,,,,,7,0.1440774149764522,,,,PRUNED
156,156,58.333333333333336,2025-05-25 10:23:40.001264,2025-05-25 10:23:51.197014,0 days 00:00:11.195750,AdamW,0.025774403605365506,,,1.9638053333487184e-05,,,,6,,,0.0025675693329848064,,COMPLETE
157,157,31.25,2025-05-25 10:23:51.251474,2025-05-25 10:23:57.283723,0 days 00:00:06.032249,AdamW,0.02068242000886551,,,2.271662793064206e-05,,,,6,,,0.0027197572301762107,,PRUNED
158,158,31.25,2025-05-25 10:23:57.320452,2025-05-25 10:24:02.650611,0 days 00:00:05.330159,AdamW,0.02454990638807725,,,1.97922096622512e-05,,,,6,,,0.0021552457696502395,,PRUNED
159,159,60.416666666666664,2025-05-25 10:24:02.677330,2025-05-25 10:24:10.921272,0 days 00:00:08.243942,AdamW,0.07224548107500442,,,3.109400933019916e-05,,,,5,,,0.0044264092761606725,,COMPLETE
160,160,33.333333333333336,2025-05-25 10:24:10.973516,2025-05-25 10:24:16.945022,0 days 00:00:05.971506,AdamW,0.07259956210799795,,,2.7938933960847434e-05,,,,5,,,0.005238284329587457,,PRUNED
161,161,50.0,2025-05-25 10:24:16.981761,2025-05-25 10:24:26.721503,0 days 00:00:09.739742,AdamW,0.05227435208540904,,,1.4240457072846136e-05,,,,6,,,0.003749011679316707,,PRUNED
162,162,43.75,2025-05-25 10:24:26.755692,2025-05-25 10:24:30.808547,0 days 00:00:04.052855,AdamW,0.09919012913106699,,,3.177258803593542e-05,,,,4,,,0.0043842850157979965,,PRUNED
163,163,33.333333333333336,2025-05-25 10:24:30.840948,2025-05-25 10:24:34.696380,0 days 00:00:03.855432,AdamW,0.04262558283173904,,,8.162189538368077e-05,,,,5,,,0.00486199264834583,,PRUNED
164,164,33.333333333333336,2025-05-25 10:24:34.732906,2025-05-25 10:24:40.785825,0 days 00:00:06.052919,AdamW,0.00122676825391305,,,4.966948827942134e-05,,,,6,,,0.0024325078688217238,,PRUNED
165,165,33.333333333333336,2025-05-25 10:24:40.822534,2025-05-25 10:24:47.032398,0 days 00:00:06.209864,AdamW,0.06890987448306102,,,3.781214028099823e-05,,,,4,,,0.0032880327024878515,,PRUNED
166,166,52.083333333333336,2025-05-25 10:24:47.070100,2025-05-25 10:24:58.412046,0 days 00:00:11.341946,AdamW,0.01003488320194994,,,2.0728154130867586e-05,,,,5,,,0.00834829689079251,,COMPLETE
167,167,41.666666666666664,2025-05-25 10:24:58.465237,2025-05-25 10:25:04.545163,0 days 00:00:06.079926,AdamW,0.16257322597833257,,,0.00010292472137437498,,,,10,,,0.005726570170709256,,PRUNED
168,168,39.583333333333336,2025-05-25 10:25:04.700437,2025-05-25 10:25:10.771850,0 days 00:00:06.071413,AdamW,0.029268924748238195,,,1.7574933200970073e-05,,,,5,,,0.004121633312566067,,PRUNED
169,169,,2025-05-25 10:25:10.810846,2025-05-25 10:25:16.090983,0 days 00:00:05.280137,SGD,0.05920354157078459,,,,0.004071571703847033,27.28065840396886,True,4,,,,79.16647378891251,PRUNED
170,170,37.5,2025-05-25 10:25:16.126154,2025-05-25 10:25:22.169842,0 days 00:00:06.043688,AdamW,0.03710143101599962,,,1.227905594562265e-05,,,,11,,,0.006758249047275269,,PRUNED
171,171,37.5,2025-05-25 10:25:22.204654,2025-05-25 10:25:28.154185,0 days 00:00:05.949531,AdamW,0.012540570252248251,,,2.3531978614319645e-05,,,,6,,,0.009235530355306481,,PRUNED
172,172,37.5,2025-05-25 10:25:28.189921,2025-05-25 10:25:34.189728,0 days 00:00:05.999807,AdamW,0.08188350115441385,,,1.984067973204144e-05,,,,5,,,0.008470385165179534,,PRUNED
173,173,35.416666666666664,2025-05-25 10:25:34.226291,2025-05-25 10:25:40.224388,0 days 00:00:05.998097,AdamW,0.010335413754553723,,,0.00018183237727849476,,,,4,,,0.007108029087687071,,PRUNED
174,174,29.166666666666668,2025-05-25 10:25:40.263932,2025-05-25 10:25:46.264366,0 days 00:00:06.000434,AdamW,0.02664425877895217,,,1.4356443369957784e-05,,,,6,,,0.002270296038413205,,PRUNED
175,175,47.916666666666664,2025-05-25 10:25:46.302710,2025-05-25 10:25:57.559485,0 days 00:00:11.256775,AdamW,0.40829236316708106,,,2.580961042170156e-05,,,,5,,,0.009716813704047526,,PRUNED
176,176,47.916666666666664,2025-05-25 10:25:57.595410,2025-05-25 10:26:08.789170,0 days 00:00:11.193760,AdamW,0.20778545914114988,,,1.9974174108646116e-05,,,,3,,,0.008060151401542558,,COMPLETE
177,177,39.583333333333336,2025-05-25 10:26:08.840116,2025-05-25 10:26:14.857937,0 days 00:00:06.017821,AdamW,0.13111845921155327,,,1.584081871576707e-05,,,,0,,,0.0008664343257077507,,PRUNED
178,178,33.333333333333336,2025-05-25 10:26:14.894742,2025-05-25 10:26:20.870581,0 days 00:00:05.975839,AdamW,0.47202686751069317,,,3.207116568002769e-05,,,,3,,,0.0011423805142740722,,PRUNED
179,179,31.25,2025-05-25 10:26:20.910471,2025-05-25 10:26:26.939229,0 days 00:00:06.028758,AdamW,0.220384265860821,,,1.1927174928100784e-05,,,,1,,,0.0005656029279647184,,PRUNED
180,180,37.5,2025-05-25 10:26:26.977259,2025-05-25 10:26:32.973967,0 days 00:00:05.996708,AdamW,0.0010157001371804489,,,2.2723324163373684e-05,,,,5,,,0.0035311565302702376,,PRUNED
181,181,37.5,2025-05-25 10:26:33.010677,2025-05-25 10:26:38.989929,0 days 00:00:05.979252,AdamW,0.35439804781158973,,,4.1129832352792924e-05,,,,7,,,0.002543233681494215,,PRUNED
182,182,45.833333333333336,2025-05-25 10:26:39.026807,2025-05-25 10:26:47.055113,0 days 00:00:08.028306,AdamW,0.14667967482535826,,,6.0297630474479545e-05,,,,7,,,0.00282821450293103,,PRUNED
183,183,43.75,2025-05-25 10:26:47.093401,2025-05-25 10:26:55.199824,0 days 00:00:08.106423,Adam,0.2884984181226472,,2.7198356970003822e-05,,,,,6,,1.519729734393297,,,PRUNED
184,184,58.333333333333336,2025-05-25 10:26:55.237676,2025-05-25 10:27:06.334937,0 days 00:00:11.097261,Adam,0.3652081738417006,,0.00014625712269151944,,,,,11,,0.11103500800679378,,,COMPLETE
185,185,33.333333333333336,2025-05-25 10:27:06.392059,2025-05-25 10:27:12.349281,0 days 00:00:05.957222,Adam,0.33819360483055544,,0.018680328796199686,,,,,11,,0.562117800313982,,,PRUNED
186,186,33.333333333333336,2025-05-25 10:27:12.385895,2025-05-25 10:27:18.338937,0 days 00:00:05.953042,AdamW,0.38423844807446633,,,1.5779306670455048e-05,,,,11,,,0.0045055184888086975,,PRUNED
187,187,39.583333333333336,2025-05-25 10:27:18.376514,2025-05-25 10:27:24.374825,0 days 00:00:05.998311,AdamW,0.015583427670221656,,,1.0147708992658282e-05,,,,12,,,0.0006690539847601374,,PRUNED
188,188,45.833333333333336,2025-05-25 10:27:24.411168,2025-05-25 10:27:32.481849,0 days 00:00:08.070681,Adadelta,0.27445899415141084,0.06680307729883954,,,,,,11,93.10499839864464,,,,PRUNED
189,189,39.583333333333336,2025-05-25 10:27:32.519548,2025-05-25 10:27:38.486359,0 days 00:00:05.966811,AdamW,0.30059716079083987,,,2.9290412976700745e-05,,,,10,,,0.0015968292097482148,,PRUNED
190,190,29.166666666666668,2025-05-25 10:27:38.523624,2025-05-25 10:27:44.501207,0 days 00:00:05.977583,AdamW,0.36370481064392707,,,0.002865612636516218,,,,4,,,0.001857041792987837,,PRUNED
191,191,37.5,2025-05-25 10:27:44.539660,2025-05-25 10:27:50.504475,0 days 00:00:05.964815,Adam,0.3287097038688058,,9.134378106327963e-05,,,,,1,,0.13631249913473562,,,PRUNED
192,192,39.583333333333336,2025-05-25 10:27:50.541987,2025-05-25 10:27:56.637218,0 days 00:00:06.095231,Adam,0.3443417194761988,,0.0005303030038506828,,,,,9,,0.01587419871428935,,,PRUNED
193,193,35.416666666666664,2025-05-25 10:27:56.674867,2025-05-25 10:28:02.636944,0 days 00:00:05.962077,Adam,0.24572200095125582,,0.002202940981169177,,,,,7,,0.04539507273489977,,,PRUNED
194,194,35.416666666666664,2025-05-25 10:28:02.675005,2025-05-25 10:28:08.695788,0 days 00:00:06.020783,Adam,0.10721935000747188,,2.835578018048297e-05,,,,,0,,0.12015252891205867,,,PRUNED
195,195,37.5,2025-05-25 10:28:08.732498,2025-05-25 10:28:14.674564,0 days 00:00:05.942066,AdamW,0.3778135330941631,,,1.3688672808554106e-05,,,,12,,,0.005010781132252061,,PRUNED
196,196,,2025-05-25 10:28:14.711780,2025-05-25 10:28:20.118823,0 days 00:00:05.407043,SGD,0.3593832050667204,,,,3.715741459426118e-05,77.40967915376712,False,6,,,,0.2081852710339642,PRUNED
197,197,50.0,2025-05-25 10:28:20.154246,2025-05-25 10:28:31.421507,0 days 00:00:11.267261,AdamW,0.03428467969400085,,,1.7842063540768333e-05,,,,2,,,0.0076099145073065585,,PRUNED
198,198,41.666666666666664,2025-05-25 10:28:31.458127,2025-05-25 10:28:39.527859,0 days 00:00:08.069732,Adam,0.31042300403164746,,0.0001569266206514814,,,,,6,,2.32267519147805,,,PRUNED
199,199,41.666666666666664,2025-05-25 10:28:39.566462,2025-05-25 10:28:45.564034,0 days 00:00:05.997572,AdamW,0.3197054611011182,,,2.2071742095626214e-05,,,,5,,,0.002298763186563994,,PRUNED
200,200,39.583333333333336,2025-05-25 10:28:45.601572,2025-05-25 10:28:51.630140,0 days 00:00:06.028568,AdamW,0.04896553165163524,,,3.528153955463366e-05,,,,4,,,0.000741610874445185,,PRUNED
201,201,29.166666666666668,2025-05-25 10:28:51.668582,2025-05-25 10:28:57.666468,0 days 00:00:05.997886,AdamW,0.23127326279774754,,,2.6311715958518684e-05,,,,1,,,0.002110524975451828,,PRUNED
202,202,47.916666666666664,2025-05-25 10:28:57.702079,2025-05-25 10:29:06.821759,0 days 00:00:09.119680,AdamW,0.26435596766040653,,,4.81948952357368e-05,,,,1,,,0.0009460213275404487,,PRUNED
203,203,33.333333333333336,2025-05-25 10:29:06.859468,2025-05-25 10:29:12.830442,0 days 00:00:05.970974,AdamW,0.34983359759878613,,,7.513684897666349e-05,,,,0,,,0.0014564072779685198,,PRUNED
204,204,54.166666666666664,2025-05-25 10:29:12.868011,2025-05-25 10:29:22.606776,0 days 00:00:09.738765,AdamW,0.2833756579706374,,,1.5692120748304318e-05,,,,8,,,0.001985715436854984,,COMPLETE
205,205,35.416666666666664,2025-05-25 10:29:22.645941,2025-05-25 10:29:25.609069,0 days 00:00:02.963128,AdamW,0.29021903664844106,,,1.678773006914909e-05,,,,8,,,0.0019274237403956239,,PRUNED
206,206,37.5,2025-05-25 10:29:25.635343,2025-05-25 10:29:28.292202,0 days 00:00:02.656859,AdamW,0.2812958119201595,,,1.2496184539260741e-05,,,,9,,,0.003910225667077063,,PRUNED
207,207,35.416666666666664,2025-05-25 10:29:28.328321,2025-05-25 10:29:34.286227,0 days 00:00:05.957906,AdamW,0.17206987192186585,,,0.0004028518562689238,,,,8,,,0.0030893666689780362,,PRUNED
208,208,41.666666666666664,2025-05-25 10:29:34.323322,2025-05-25 10:29:40.292528,0 days 00:00:05.969206,AdamW,0.021328044867295056,,,1.9680152408932386e-05,,,,7,,,0.0026597313485429543,,PRUNED
209,209,18.75,2025-05-25 10:29:40.330041,2025-05-25 10:29:46.221401,0 days 00:00:05.891360,AdamW,0.010544952271068313,,,1.5156546971904593e-05,,,,10,,,0.006107138920451267,,PRUNED
210,210,37.5,2025-05-25 10:29:46.258860,2025-05-25 10:29:50.771717,0 days 00:00:04.512857,AdamW,0.25729898228977033,,,1.1668402131872666e-05,,,,8,,,0.0017355342351443015,,PRUNED
211,211,31.25,2025-05-25 10:29:50.800035,2025-05-25 10:29:53.682895,0 days 00:00:02.882860,AdamW,0.27009115181388904,,,2.5177808813372454e-05,,,,11,,,0.0020596855683762856,,PRUNED
212,212,33.333333333333336,2025-05-25 10:29:53.714310,2025-05-25 10:29:59.196278,0 days 00:00:05.481968,AdamW,0.25136442846694246,,,1.9218798404966202e-05,,,,1,,,0.002422694928300282,,PRUNED
213,213,31.25,2025-05-25 10:29:59.234553,2025-05-25 10:30:05.248813,0 days 00:00:06.014260,AdamW,0.2929262279306534,,,3.3474323448626896e-05,,,,6,,,0.0021570417330020694,,PRUNED
214,214,41.666666666666664,2025-05-25 10:30:05.286715,2025-05-25 10:30:11.284999,0 days 00:00:05.998284,AdamW,0.2396859582249642,,,1.4482098525773887e-05,,,,2,,,0.0019178878017036018,,PRUNED
215,215,47.916666666666664,2025-05-25 10:30:11.322599,2025-05-25 10:30:22.670641,0 days 00:00:11.348042,AdamW,0.27510503474206716,,,2.6685833742899657e-05,,,,0,,,0.008501047496703317,,COMPLETE
216,216,33.333333333333336,2025-05-25 10:30:22.724203,2025-05-25 10:30:28.740289,0 days 00:00:06.016086,AdamW,0.3014993190528907,,,2.0917991419549734e-05,,,,4,,,0.0025071501005162196,,PRUNED
217,217,35.416666666666664,2025-05-25 10:30:28.798543,2025-05-25 10:30:34.776635,0 days 00:00:05.978092,AdamW,0.3719624255689772,,,1.0034345160243868e-05,,,,7,,,0.003457372627409388,,PRUNED
218,218,33.333333333333336,2025-05-25 10:30:34.814439,2025-05-25 10:30:40.773250,0 days 00:00:05.958811,Adam,0.0002128587340894314,,0.00036906787968007184,,,,,4,,0.5022145065002727,,,PRUNED
219,219,33.333333333333336,2025-05-25 10:30:40.810829,2025-05-25 10:30:46.792057,0 days 00:00:05.981228,AdamW,0.421760916238645,,,1.675785587489668e-05,,,,11,,,0.0022235083854205834,,PRUNED
220,220,37.5,2025-05-25 10:30:46.829028,2025-05-25 10:30:52.883743,0 days 00:00:06.054715,AdamW,0.2601473365176795,,,4.096613383911166e-05,,,,0,,,0.0017621150344027435,,PRUNED
221,221,37.5,2025-05-25 10:30:52.921573,2025-05-25 10:30:58.899134,0 days 00:00:05.977561,AdamW,0.44089002116024284,,,0.00011584830985747268,,,,5,,,0.004016360075284667,,PRUNED
222,222,33.333333333333336,2025-05-25 10:30:58.936015,2025-05-25 10:31:04.913356,0 days 00:00:05.977341,AdamW,0.4103571561003501,,,6.484519807525903e-05,,,,5,,,0.004589449404333493,,PRUNED
223,223,33.333333333333336,2025-05-25 10:31:04.950580,2025-05-25 10:31:10.948931,0 days 00:00:05.998351,AdamW,0.07837690640836441,,,8.924210065042934e-05,,,,5,,,0.005507643926591625,,PRUNED
224,224,41.666666666666664,2025-05-25 10:31:10.987921,2025-05-25 10:31:16.959279,0 days 00:00:05.971358,AdamW,0.33481644591861487,,,2.266554201604795e-05,,,,6,,,0.0008336665705458524,,PRUNED
225,225,33.333333333333336,2025-05-25 10:31:16.997766,2025-05-25 10:31:23.045973,0 days 00:00:06.048207,Adadelta,0.3926854992543103,1.266279767154346,,,,,,4,10.162084148768711,,,,PRUNED
226,226,41.666666666666664,2025-05-25 10:31:23.082969,2025-05-25 10:31:29.083685,0 days 00:00:06.000716,AdamW,0.01762865432099984,,,0.00015520029145375632,,,,1,,,0.0037198592344527353,,PRUNED
227,227,50.0,2025-05-25 10:31:29.120912,2025-05-25 10:31:40.331606,0 days 00:00:11.210694,AdamW,0.09148764174271773,,,5.451048035045043e-05,,,,6,,,0.0029327407526814025,,COMPLETE
228,228,37.5,2025-05-25 10:31:40.386096,2025-05-25 10:31:46.414800,0 days 00:00:06.028704,AdamW,0.49578803204092137,,,1.287388063563971e-05,,,,5,,,0.00018380789265556543,,PRUNED
229,229,41.666666666666664,2025-05-25 10:31:46.452451,2025-05-25 10:31:54.637020,0 days 00:00:08.184569,AdamW,0.06250557691206325,,,2.963974934955448e-05,,,,2,,,0.004163333673798548,,PRUNED
230,230,,2025-05-25 10:31:54.674446,2025-05-25 10:31:59.956886,0 days 00:00:05.282440,SGD,0.3499943644527068,,,,0.0010835166217191509,37.1976756895657,False,4,,,,18.720405020346192,PRUNED
231,231,31.25,2025-05-25 10:31:59.993708,2025-05-25 10:32:05.970478,0 days 00:00:05.976770,AdamW,0.4626492235732287,,,9.620467228113395e-05,,,,0,,,0.0019793416651858907,,PRUNED
232,232,37.5,2025-05-25 10:32:06.009640,2025-05-25 10:32:11.986221,0 days 00:00:05.976581,AdamW,0.2966491982486807,,,9.6284931335438e-05,,,,0,,,0.0018202330137547902,,PRUNED
233,233,33.333333333333336,2025-05-25 10:32:12.023848,2025-05-25 10:32:18.048597,0 days 00:00:06.024749,AdamW,0.2881801205470403,,,7.197352102218144e-05,,,,0,,,0.001611156376747828,,PRUNED
234,234,31.25,2025-05-25 10:32:18.087525,2025-05-25 10:32:24.124924,0 days 00:00:06.037399,AdamW,0.2822119310823727,,,8.614828196089863e-05,,,,1,,,0.002396158046725944,,PRUNED
235,235,41.666666666666664,2025-05-25 10:32:24.164844,2025-05-25 10:32:30.162976,0 days 00:00:05.998132,AdamW,0.31248627090199427,,,0.00012644499842339347,,,,0,,,0.0021692828860262925,,PRUNED
236,236,33.333333333333336,2025-05-25 10:32:30.204389,2025-05-25 10:32:36.156848,0 days 00:00:05.952459,Adam,0.007268236064003911,,0.0017419397071553543,,,,,9,,0.17688262844965313,,,PRUNED
237,237,33.333333333333336,2025-05-25 10:32:36.195098,2025-05-25 10:32:42.223192,0 days 00:00:06.028094,AdamW,0.27555106653059935,,,0.020197976456034272,,,,6,,,0.001344664036368603,,PRUNED
238,238,41.666666666666664,2025-05-25 10:32:42.260324,2025-05-25 10:32:48.237161,0 days 00:00:05.976837,AdamW,0.2977407474057401,,,1.7628490339168684e-05,,,,3,,,0.009145456854797864,,PRUNED
239,239,33.333333333333336,2025-05-25 10:32:48.275431,2025-05-25 10:32:54.285574,0 days 00:00:06.010143,AdamW,0.26820167154243485,,,1.4864541413363712e-05,,,,11,,,0.001994111275881787,,PRUNED
240,240,25.0,2025-05-25 10:32:54.322951,2025-05-25 10:33:00.328362,0 days 00:00:06.005411,AdamW,0.3256058718529328,,,2.273886442915389e-05,,,,1,,,0.004869966965491284,,PRUNED
241,241,41.666666666666664,2025-05-25 10:33:00.364335,2025-05-25 10:33:06.395929,0 days 00:00:06.031594,AdamW,0.07241613512313982,,,5.3505825891373984e-05,,,,6,,,0.002938992389169491,,PRUNED
242,242,37.5,2025-05-25 10:33:06.434908,2025-05-25 10:33:12.403082,0 days 00:00:05.968174,AdamW,0.09942142528089523,,,6.859710138312789e-05,,,,6,,,0.009961386903694875,,PRUNED
243,243,39.583333333333336,2025-05-25 10:33:12.443334,2025-05-25 10:33:18.410835,0 days 00:00:05.967501,AdamW,0.09131697381025565,,,5.684922531822363e-05,,,,5,,,0.0028092768526439592,,PRUNED
244,244,50.0,2025-05-25 10:33:18.449239,2025-05-25 10:33:29.748292,0 days 00:00:11.299053,AdamW,0.08770556010982092,,,4.9877536565814095e-05,,,,6,,,0.0032662633133873774,,COMPLETE
245,245,37.5,2025-05-25 10:33:29.801740,2025-05-25 10:33:35.794749,0 days 00:00:05.993009,AdamW,0.47871923283720735,,,8.076924307588302e-05,,,,6,,,0.002544295150845591,,PRUNED
246,246,33.333333333333336,2025-05-25 10:33:35.832552,2025-05-25 10:33:41.836977,0 days 00:00:06.004425,AdamW,0.3611612600355347,,,3.568349582111247e-05,,,,8,,,0.002710592725648756,,PRUNED
247,247,33.333333333333336,2025-05-25 10:33:41.876459,2025-05-25 10:33:47.966102,0 days 00:00:06.089643,AdamW,0.028733477676299524,,,1.3110941631504498e-05,,,,7,,,0.0022385959814881624,,PRUNED
248,248,39.583333333333336,2025-05-25 10:33:48.002271,2025-05-25 10:33:54.054834,0 days 00:00:06.052563,AdamW,0.34107220570664126,,,1.9376801581424106e-05,,,,5,,,0.003800654849133859,,PRUNED
249,249,35.416666666666664,2025-05-25 10:33:54.092976,2025-05-25 10:34:00.064231,0 days 00:00:05.971255,Adam,0.24869332817559328,,0.0001248176213625867,,,,,0,,20.279879771280264,,,PRUNED
250,250,35.416666666666664,2025-05-25 10:34:00.102250,2025-05-25 10:34:06.132018,0 days 00:00:06.029768,AdamW,0.11863816623120792,,,4.494219083252773e-05,,,,0,,,0.00706493164992439,,PRUNED
251,251,37.5,2025-05-25 10:34:06.168482,2025-05-25 10:34:12.199856,0 days 00:00:06.031374,AdamW,0.015824174600677074,,,2.6708546737078983e-05,,,,11,,,0.00807515757408415,,PRUNED
252,252,35.416666666666664,2025-05-25 10:34:12.237436,2025-05-25 10:34:18.252632,0 days 00:00:06.015196,AdamW,0.28867250050728144,,,1.5089088127285348e-05,,,,6,,,0.004496134132868813,,PRUNED
253,253,41.666666666666664,2025-05-25 10:34:18.292560,2025-05-25 10:34:24.330527,0 days 00:00:06.037967,AdamW,0.30618775843037294,,,6.200022313183559e-05,,,,1,,,0.00111586497759567,,PRUNED
254,254,45.833333333333336,2025-05-25 10:34:24.368832,2025-05-25 10:34:32.473473,0 days 00:00:08.104641,AdamW,0.040035260468448484,,,1.894486031524536e-05,,,,7,,,0.0030573884496633915,,PRUNED
255,255,35.416666666666664,2025-05-25 10:34:32.511424,2025-05-25 10:34:38.535922,0 days 00:00:06.024498,AdamW,0.37626077129349345,,,1.2083630405614181e-05,,,,13,,,0.0007686724293831411,,PRUNED
256,256,27.083333333333332,2025-05-25 10:34:38.572784,2025-05-25 10:34:44.221421,0 days 00:00:05.648637,AdamW,0.10256523024345977,,,2.9942992663219533e-05,,,,4,,,0.0024396662504166562,,PRUNED
257,257,50.0,2025-05-25 10:34:44.254750,2025-05-25 10:34:52.202182,0 days 00:00:07.947432,Adadelta,0.05928032515502429,0.049138373090304166,,,,,,8,0.041077841006214755,,,,COMPLETE
258,258,33.333333333333336,2025-05-25 10:34:52.255413,2025-05-25 10:34:58.251553,0 days 00:00:05.996140,Adam,0.22840670389782677,,0.0005652533828266132,,,,,5,,0.024143256291007355,,,PRUNED
259,259,41.666666666666664,2025-05-25 10:34:58.290557,2025-05-25 10:35:04.280937,0 days 00:00:05.990380,AdamW,0.08065912435438488,,,2.2798747209225108e-05,,,,12,,,0.0017970613019945554,,PRUNED
260,260,31.25,2025-05-25 10:35:04.318041,2025-05-25 10:35:10.275881,0 days 00:00:05.957840,AdamW,0.0001260108308107381,,,1.6728251969730606e-05,,,,6,,,0.0020245988083323805,,PRUNED
261,261,33.333333333333336,2025-05-25 10:35:10.311693,2025-05-25 10:35:13.646640,0 days 00:00:03.334947,AdamW,0.2571966320852357,,,0.0017232071090531565,,,,4,,,0.0035208243105220908,,PRUNED
262,262,35.416666666666664,2025-05-25 10:35:13.674750,2025-05-25 10:35:15.750456,0 days 00:00:02.075706,AdamW,0.3167226772932588,,,4.089396629078663e-05,,,,10,,,0.0015763136055844764,,PRUNED
263,263,,2025-05-25 10:35:15.777954,2025-05-25 10:35:18.330557,0 days 00:00:02.552603,SGD,0.022148915728257293,,,,0.01639384466194318,10.157632255027906,True,0,,,,0.042064054653325286,PRUNED
264,264,47.916666666666664,2025-05-25 10:35:18.365469,2025-05-25 10:35:29.663707,0 days 00:00:11.298238,AdamW,0.11193360397350936,,,0.00010957642028984722,,,,1,,,0.005430351445187571,,COMPLETE
265,265,41.666666666666664,2025-05-25 10:35:29.717667,2025-05-25 10:35:35.761862,0 days 00:00:06.044195,AdamW,0.2827123262732983,,,8.23364126511111e-05,,,,3,,,0.0022071445204171663,,PRUNED
266,266,39.583333333333336,2025-05-25 10:35:35.801011,2025-05-25 10:35:41.802074,0 days 00:00:06.001063,AdamW,0.4314575470913592,,,1.1153615507755398e-05,,,,2,,,0.004269457577722468,,PRUNED
267,267,41.666666666666664,2025-05-25 10:35:41.845999,2025-05-25 10:35:47.823896,0 days 00:00:05.977897,AdamW,0.41559267211909773,,,2.4996157986968098e-05,,,,6,,,0.0006207573149897241,,PRUNED
268,268,31.25,2025-05-25 10:35:47.860177,2025-05-25 10:35:53.879270,0 days 00:00:06.019093,Adam,0.00906373199196137,,1.8499138913741208e-05,,,,,5,,0.010269866028708406,,,PRUNED
269,269,33.333333333333336,2025-05-25 10:35:53.917154,2025-05-25 10:35:59.939655,0 days 00:00:06.022501,AdamW,0.44689862367241573,,,1.3897906305447048e-05,,,,7,,,0.00270227143820104,,PRUNED
270,270,35.416666666666664,2025-05-25 10:35:59.978123,2025-05-25 10:36:05.960699,0 days 00:00:05.982576,AdamW,0.3498815157908864,,,0.0007036314278278545,,,,0,,,0.002385749889640392,,PRUNED
271,271,27.083333333333332,2025-05-25 10:36:05.999092,2025-05-25 10:36:11.973259,0 days 00:00:05.974167,AdamW,0.04900222676503008,,,3.158883240582436e-05,,,,4,,,0.0033382964532119815,,PRUNED
272,272,37.5,2025-05-25 10:36:12.011811,2025-05-25 10:36:18.026351,0 days 00:00:06.014540,AdamW,0.1958434971315807,,,1.7667957620766574e-05,,,,9,,,0.0019004720381840714,,PRUNED
273,273,35.416666666666664,2025-05-25 10:36:18.064048,2025-05-25 10:36:24.132602,0 days 00:00:06.068554,AdamW,0.27108262938406835,,,2.0283313476408448e-05,,,,11,,,0.002099376597934033,,PRUNED
274,274,35.416666666666664,2025-05-25 10:36:24.171220,2025-05-25 10:36:30.154699,0 days 00:00:05.983479,AdamW,0.36315426247501653,,,5.8075357346216205e-05,,,,6,,,0.006589594870792989,,PRUNED
275,275,27.083333333333332,2025-05-25 10:36:30.190360,2025-05-25 10:36:36.158707,0 days 00:00:05.968347,AdamW,0.2960472551013011,,,1.535309786219466e-05,,,,10,,,0.004978961437756943,,PRUNED
276,276,35.416666666666664,2025-05-25 10:36:36.200471,2025-05-25 10:36:44.314158,0 days 00:00:08.113687,Adam,0.24513430185734575,,4.818116532184827e-05,,,,,4,,0.067006058541795,,,PRUNED
277,277,37.5,2025-05-25 10:36:44.353087,2025-05-25 10:36:50.369891,0 days 00:00:06.016804,AdamW,0.032745631405317735,,,2.3101151922551096e-05,,,,5,,,0.0009669108364469745,,PRUNED
278,278,33.333333333333336,2025-05-25 10:36:50.408386,2025-05-25 10:36:56.475605,0 days 00:00:06.067219,AdamW,0.40207225303779626,,,1.011741707122352e-05,,,,7,,,0.0017367287071173214,,PRUNED
279,279,33.333333333333336,2025-05-25 10:36:56.514185,2025-05-25 10:37:02.513026,0 days 00:00:05.998841,AdamW,0.06769833022912145,,,0.0001978687980494885,,,,8,,,0.008506878327257605,,PRUNED
280,280,33.333333333333336,2025-05-25 10:37:02.552340,2025-05-25 10:37:08.548744,0 days 00:00:05.996404,AdamW,0.3341926402295756,,,0.0001337752154214599,,,,1,,,0.003753290735048511,,PRUNED
281,281,47.916666666666664,2025-05-25 10:37:08.588155,2025-05-25 10:37:17.731489,0 days 00:00:09.143334,AdamW,0.13473875567885635,,,3.7427368951365207e-05,,,,5,,,0.00749473109617205,,PRUNED
282,282,35.416666666666664,2025-05-25 10:37:17.771229,2025-05-25 10:37:23.992128,0 days 00:00:06.220899,AdamW,0.2675125504342996,,,2.731492331540735e-05,,,,2,,,0.0029204414149822254,,PRUNED
283,283,47.916666666666664,2025-05-25 10:37:24.031436,2025-05-25 10:37:35.300326,0 days 00:00:11.268890,AdamW,0.00956895487245369,,,7.072859990716147e-05,,,,0,,,0.0006961812660829453,,COMPLETE
284,284,33.333333333333336,2025-05-25 10:37:35.355979,2025-05-25 10:37:41.363148,0 days 00:00:06.007169,Adadelta,0.28206322675881,24.844787967274698,,,,,,3,1.7188749979460796,,,,PRUNED
285,285,39.583333333333336,2025-05-25 10:37:41.400570,2025-05-25 10:37:47.454268,0 days 00:00:06.053698,AdamW,0.38686391002430415,,,1.3021413893575323e-05,,,,6,,,0.001460555612410002,,PRUNED
286,286,33.333333333333336,2025-05-25 10:37:47.496911,2025-05-25 10:37:53.530828,0 days 00:00:06.033917,Adam,0.31304707130335113,,0.00018248067622311508,,,,,11,,0.03580421080356594,,,PRUNED
287,287,41.666666666666664,2025-05-25 10:37:53.569143,2025-05-25 10:37:59.550391,0 days 00:00:05.981248,AdamW,0.08882252315695538,,,1.731049070481194e-05,,,,6,,,0.002611095689166183,,PRUNED
288,288,,2025-05-25 10:37:59.587988,2025-05-25 10:38:04.903549,0 days 00:00:05.315561,SGD,0.23828475580705788,,,,0.0007353153467079998,84.12539758520788,False,1,,,,0.6724738502013963,PRUNED
289,289,33.333333333333336,2025-05-25 10:38:04.939131,2025-05-25 10:38:10.947002,0 days 00:00:06.007871,AdamW,0.22037473909617816,,,2.0600881968105735e-05,,,,5,,,0.006122821125166701,,PRUNED
290,290,56.25,2025-05-25 10:38:10.985652,2025-05-25 10:38:22.293844,0 days 00:00:11.308192,AdamW,0.2611694844315357,,,4.545206765941615e-05,,,,0,,,0.0020245480785927887,,COMPLETE
291,291,56.25,2025-05-25 10:38:22.347019,2025-05-25 10:38:33.662350,0 days 00:00:11.315331,AdamW,0.26102888937699825,,,3.3392577182609414e-05,,,,0,,,0.002036699292852967,,COMPLETE
292,292,37.5,2025-05-25 10:38:33.718720,2025-05-25 10:38:39.720532,0 days 00:00:06.001812,AdamW,0.2562804608485461,,,3.538692168290702e-05,,,,0,,,0.0022813411285528876,,PRUNED
293,293,35.416666666666664,2025-05-25 10:38:39.757575,2025-05-25 10:38:45.785867,0 days 00:00:06.028292,AdamW,0.2561281459171995,,,4.2840214431516376e-05,,,,0,,,0.0020472253836301127,,PRUNED
294,294,33.333333333333336,2025-05-25 10:38:45.824856,2025-05-25 10:38:51.876535,0 days 00:00:06.051679,AdamW,0.26037272883517065,,,3.0437756363152984e-05,,,,9,,,0.0019612382897051415,,PRUNED
295,295,35.416666666666664,2025-05-25 10:38:51.914508,2025-05-25 10:38:57.907538,0 days 00:00:05.993030,AdamW,0.26372054297381137,,,2.564219190117828e-05,,,,0,,,0.001645451931072203,,PRUNED
296,296,31.25,2025-05-25 10:38:57.945357,2025-05-25 10:39:03.980063,0 days 00:00:06.034706,Adam,0.24864242228754907,,1.6512190276969992e-05,,,,,0,,1.1210799143419152,,,PRUNED
297,297,37.5,2025-05-25 10:39:04.018289,2025-05-25 10:39:10.037073,0 days 00:00:06.018784,AdamW,0.27437033137037437,,,4.7328185630304224e-05,,,,4,,,0.008908660699723967,,PRUNED
298,298,39.583333333333336,2025-05-25 10:39:10.076340,2025-05-25 10:39:16.063473,0 days 00:00:05.987133,AdamW,0.021742111758541217,,,3.260540926106509e-05,,,,1,,,0.002344179409884528,,PRUNED
299,299,37.5,2025-05-25 10:39:16.103274,2025-05-25 10:39:22.171735,0 days 00:00:06.068461,AdamW,0.24504057133068774,,,2.0871160964766903e-05,,,,0,,,0.004133579968185693,,PRUNED
300,300,27.083333333333332,2025-05-25 10:39:22.211003,2025-05-25 10:39:28.233623,0 days 00:00:06.022620,AdamW,0.3700608332077012,,,1.67044561927692e-05,,,,4,,,0.0021628321620295104,,PRUNED
301,301,37.5,2025-05-25 10:39:28.273647,2025-05-25 10:39:34.323929,0 days 00:00:06.050282,AdamW,0.2296802903791757,,,1.2747633499857263e-05,,,,0,,,0.0008996592876018003,,PRUNED
302,302,33.333333333333336,2025-05-25 10:39:34.364320,2025-05-25 10:39:40.333229,0 days 00:00:05.968909,AdamW,0.3431569134809831,,,3.829019121536047e-05,,,,11,,,0.000804346535684304,,PRUNED
303,303,35.416666666666664,2025-05-25 10:39:40.370383,2025-05-25 10:39:46.382022,0 days 00:00:06.011639,AdamW,0.04236895301426581,,,2.7464764356392216e-05,,,,1,,,0.00464591231296604,,PRUNED
304,304,33.333333333333336,2025-05-25 10:39:46.419630,2025-05-25 10:39:52.542173,0 days 00:00:06.122543,Adam,0.2660257441195613,,0.00010905247478718942,,,,,8,,0.015511280789394925,,,PRUNED
305,305,33.333333333333336,2025-05-25 10:39:52.580790,2025-05-25 10:39:58.598220,0 days 00:00:06.017430,AdamW,0.27689837183855226,,,1.4741859815943153e-05,,,,2,,,0.0018379217122424334,,PRUNED
306,306,33.333333333333336,2025-05-25 10:39:58.637048,2025-05-25 10:40:04.650455,0 days 00:00:06.013407,AdamW,0.35564390691154185,,,2.2539572122408502e-05,,,,0,,,0.0025246338828672685,,PRUNED
307,307,33.333333333333336,2025-05-25 10:40:04.688053,2025-05-25 10:40:08.400669,0 days 00:00:03.712616,Adadelta,0.46974132314466555,0.4203351325017922,,,,,,1,0.2512199649233773,,,,PRUNED
308,308,29.166666666666668,2025-05-25 10:40:08.429108,2025-05-25 10:40:11.054926,0 days 00:00:02.625818,AdamW,0.4834890108471944,,,1.13222506597698e-05,,,,3,,,0.005860681190995054,,PRUNED
309,309,37.5,2025-05-25 10:40:11.091469,2025-05-25 10:40:17.065485,0 days 00:00:05.974016,AdamW,0.32654363011350285,,,1.839515726582211e-05,,,,7,,,0.002099225668639738,,PRUNED
310,310,39.583333333333336,2025-05-25 10:40:17.105530,2025-05-25 10:40:23.157566,0 days 00:00:06.052036,AdamW,0.009487655038540831,,,3.1494451793369996e-05,,,,12,,,0.0019111172813146146,,PRUNED
311,311,43.75,2025-05-25 10:40:23.193814,2025-05-25 10:40:29.200017,0 days 00:00:06.006203,AdamW,0.02713985323667678,,,1.4515795560436528e-05,,,,4,,,0.0010880836308792988,,PRUNED
312,312,29.166666666666668,2025-05-25 10:40:29.236979,2025-05-25 10:40:34.621426,0 days 00:00:05.384447,AdamW,0.28835858922757435,,,4.6362493522147534e-05,,,,5,,,0.005156773222028368,,PRUNED
313,313,,2025-05-25 10:40:34.650145,2025-05-25 10:40:36.485147,0 days 00:00:01.835002,SGD,0.1743886686008736,,,,0.004462726215650464,63.79246643766908,True,0,,,,4.83367645783897,PRUNED
314,314,37.5,2025-05-25 10:40:36.510750,2025-05-25 10:40:38.534555,0 days 00:00:02.023805,AdamW,0.015811407468841084,,,2.5108707146950392e-05,,,,9,,,0.0023313206503822225,,PRUNED
315,315,33.333333333333336,2025-05-25 10:40:38.561266,2025-05-25 10:40:43.509578,0 days 00:00:04.948312,Adam,0.23855131451128508,,0.001807489719729266,,,,,5,,0.4699072872732499,,,PRUNED
316,316,29.166666666666668,2025-05-25 10:40:43.546107,2025-05-25 10:40:49.603829,0 days 00:00:06.057722,AdamW,0.30322236268460223,,,1.957697646642149e-05,,,,1,,,0.0012618160679243346,,PRUNED
317,317,43.75,2025-05-25 10:40:49.640587,2025-05-25 10:40:55.714853,0 days 00:00:06.074266,AdamW,0.25982811624484003,,,1.624445737962674e-05,,,,4,,,0.009437066560598568,,PRUNED
318,318,35.416666666666664,2025-05-25 10:40:55.756738,2025-05-25 10:41:01.766790,0 days 00:00:06.010052,AdamW,0.03558134858071172,,,3.569078818998327e-05,,,,8,,,0.003952220307608855,,PRUNED
319,319,43.75,2025-05-25 10:41:01.804585,2025-05-25 10:41:07.780430,0 days 00:00:05.975845,AdamW,0.0046565241936949026,,,1.2028196965092888e-05,,,,11,,,0.0003680875764058968,,PRUNED
320,320,35.416666666666664,2025-05-25 10:41:07.818396,2025-05-25 10:41:13.883110,0 days 00:00:06.064714,AdamW,0.1476873277296225,,,2.33194193393222e-05,,,,0,,,0.007602684798426972,,PRUNED
321,321,37.5,2025-05-25 10:41:13.921724,2025-05-25 10:41:19.926694,0 days 00:00:06.004970,AdamW,0.052288924753592314,,,2.840274834302752e-05,,,,5,,,0.00433487555405202,,PRUNED
322,322,33.333333333333336,2025-05-25 10:41:19.963793,2025-05-25 10:41:25.981219,0 days 00:00:06.017426,AdamW,0.25234458054664083,,,5.6767496265045056e-05,,,,11,,,0.001689832515349131,,PRUNED
323,323,33.333333333333336,2025-05-25 10:41:26.019946,2025-05-25 10:41:32.034826,0 days 00:00:06.014880,Adam,0.27283982579613664,,1.0311450301678388e-05,,,,,4,,0.24835879544849138,,,PRUNED
324,324,41.666666666666664,2025-05-25 10:41:32.074419,2025-05-25 10:41:38.155786,0 days 00:00:06.081367,AdamW,0.346697875387755,,,0.0003020687828962721,,,,3,,,0.0036338378505688333,,PRUNED
325,325,27.083333333333332,2025-05-25 10:41:38.193924,2025-05-25 10:41:44.161203,0 days 00:00:05.967279,AdamW,0.2816284243446134,,,1.8070105503947333e-05,,,,10,,,0.0015170951697073753,,PRUNED
326,326,37.5,2025-05-25 10:41:44.199321,2025-05-25 10:41:50.199952,0 days 00:00:06.000631,AdamW,0.025193697033981527,,,4.0983184238848086e-05,,,,1,,,0.0020312313530658015,,PRUNED
327,327,37.5,2025-05-25 10:41:50.236593,2025-05-25 10:41:56.377622,0 days 00:00:06.141029,AdamW,0.06317717659687824,,,1.4175887592761217e-05,,,,0,,,0.002524278598322465,,PRUNED
328,328,33.333333333333336,2025-05-25 10:41:56.416782,2025-05-25 10:42:02.422004,0 days 00:00:06.005222,AdamW,0.29268504586337174,,,0.016614805939852408,,,,7,,,0.009940677742255563,,PRUNED
329,329,35.416666666666664,2025-05-25 10:42:02.461067,2025-05-25 10:42:08.446814,0 days 00:00:05.985747,AdamW,0.3660906751888224,,,2.1612591727368397e-05,,,,5,,,0.0033417730166409422,,PRUNED
330,330,37.5,2025-05-25 10:42:08.486209,2025-05-25 10:42:14.481665,0 days 00:00:05.995456,AdamW,0.21245406062146982,,,1.1350126367959672e-05,,,,3,,,0.0022198223910041706,,PRUNED
331,331,33.333333333333336,2025-05-25 10:42:14.518313,2025-05-25 10:42:20.603532,0 days 00:00:06.085219,Adadelta,0.0016695240813943562,2.6992138249553195,,,,,,7,0.04225902607719045,,,,PRUNED
332,332,27.083333333333332,2025-05-25 10:42:20.639960,2025-05-25 10:42:26.682451,0 days 00:00:06.042491,AdamW,0.33082723289378735,,,2.976452146358779e-05,,,,6,,,0.002735391632643614,,PRUNED
333,333,33.333333333333336,2025-05-25 10:42:26.719496,2025-05-25 10:42:32.705455,0 days 00:00:05.985959,Adam,0.015847450566207656,,0.027676024084304557,,,,,1,,2.5733808898660078,,,PRUNED
334,334,33.333333333333336,2025-05-25 10:42:32.744613,2025-05-25 10:42:38.749663,0 days 00:00:06.005050,AdamW,0.39633853718704803,,,6.925637644002409e-05,,,,8,,,0.004867926909974694,,PRUNED
335,335,37.5,2025-05-25 10:42:38.787924,2025-05-25 10:42:44.832769,0 days 00:00:06.044845,AdamW,0.2685646325792952,,,1.6720272310229574e-05,,,,4,,,0.006906667754590457,,PRUNED
336,336,35.416666666666664,2025-05-25 10:42:44.870801,2025-05-25 10:42:50.874752,0 days 00:00:06.003951,AdamW,0.4262780323108228,,,5.1609579053689174e-05,,,,0,,,0.0017678152463176486,,PRUNED
337,337,33.333333333333336,2025-05-25 10:42:50.912742,2025-05-25 10:42:56.961828,0 days 00:00:06.049086,AdamW,0.38310980535373873,,,2.517356378575461e-05,,,,2,,,0.008179525926859504,,PRUNED
338,338,33.333333333333336,2025-05-25 10:42:57.000413,2025-05-25 10:43:03.027575,0 days 00:00:06.027162,AdamW,0.23644548647947725,,,0.04344685227535544,,,,10,,,0.0007338558112817921,,PRUNED
339,339,,2025-05-25 10:43:03.067450,2025-05-25 10:43:08.282629,0 days 00:00:05.215179,SGD,0.2516457154967044,,,,0.089209359796022,98.54452158992967,True,12,,,,24.610928549151858,PRUNED
340,340,39.583333333333336,2025-05-25 10:43:08.320798,2025-05-25 10:43:14.332335,0 days 00:00:06.011537,AdamW,0.2818112568846061,,,1.3216339876996181e-05,,,,11,,,0.0019118708048838755,,PRUNED
341,341,31.25,2025-05-25 10:43:14.369384,2025-05-25 10:43:20.380998,0 days 00:00:06.011614,AdamW,0.3064353277504529,,,0.00010422195840376816,,,,6,,,0.005532497650788512,,PRUNED
342,342,33.333333333333336,2025-05-25 10:43:20.418622,2025-05-25 10:43:31.726550,0 days 00:00:11.307928,Adam,0.34060545222839506,,0.00023645635752732924,,,,,5,,20.361714490778574,,,PRUNED
343,343,50.0,2025-05-25 10:43:31.764034,2025-05-25 10:43:42.896370,0 days 00:00:11.132336,AdamW,0.03024263288068257,,,2.0548552863381317e-05,,,,9,,,0.002345534304069382,,COMPLETE
344,344,41.666666666666664,2025-05-25 10:43:42.949803,2025-05-25 10:43:48.965782,0 days 00:00:06.015979,AdamW,0.07604034239729437,,,3.479262372859436e-05,,,,2,,,0.002109657687635989,,PRUNED
345,345,31.25,2025-05-25 10:43:49.004758,2025-05-25 10:43:55.059046,0 days 00:00:06.054288,AdamW,0.35804205329406913,,,1.0412052136070256e-05,,,,0,,,0.0031347056236169083,,PRUNED
346,346,47.916666666666664,2025-05-25 10:43:55.095834,2025-05-25 10:44:04.229556,0 days 00:00:09.133722,AdamW,0.3177049702066897,,,1.6038614968739196e-05,,,,4,,,0.004464801299146238,,PRUNED
347,347,43.75,2025-05-25 10:44:04.266759,2025-05-25 10:44:10.255459,0 days 00:00:05.988700,AdamW,0.2626848219872165,,,1.9303628837120096e-05,,,,6,,,0.002602226404808784,,PRUNED
348,348,35.416666666666664,2025-05-25 10:44:10.292272,2025-05-25 10:44:16.315737,0 days 00:00:06.023465,AdamW,0.014151510037839807,,,8.069891069296091e-05,,,,0,,,0.003925159234410484,,PRUNED
349,349,41.666666666666664,2025-05-25 10:44:16.354640,2025-05-25 10:44:22.434064,0 days 00:00:06.079424,AdamW,0.24242184105006806,,,2.5149423869819993e-05,,,,1,,,0.002326936368703342,,PRUNED
350,350,39.583333333333336,2025-05-25 10:44:22.473886,2025-05-25 10:44:28.454513,0 days 00:00:05.980627,AdamW,0.0425078802243945,,,4.2109135610311615e-05,,,,7,,,0.008708123463075335,,PRUNED
351,351,33.333333333333336,2025-05-25 10:44:28.492062,2025-05-25 10:44:34.507070,0 days 00:00:06.015008,Adam,0.296220683999682,,0.00046340571753339117,,,,,5,,0.08531292284256857,,,PRUNED
352,352,35.416666666666664,2025-05-25 10:44:34.545320,2025-05-25 10:44:40.634881,0 days 00:00:06.089561,AdamW,0.27407690726172346,,,1.3857814468800567e-05,,,,8,,,0.0019433689673529363,,PRUNED
353,353,37.5,2025-05-25 10:44:40.672012,2025-05-25 10:44:46.711392,0 days 00:00:06.039380,AdamW,0.438162724890198,,,3.144710833218329e-05,,,,4,,,0.0016292572629549402,,PRUNED
354,354,43.75,2025-05-25 10:44:46.750261,2025-05-25 10:44:55.935631,0 days 00:00:09.185370,AdamW,0.258436140796221,,,5.980041714163194e-05,,,,3,,,0.0028555248675626666,,PRUNED
355,355,39.583333333333336,2025-05-25 10:44:55.973574,2025-05-25 10:45:01.972933,0 days 00:00:05.999359,AdamW,0.05461227618706527,,,2.0759330240402843e-05,,,,0,,,0.000814754063427931,,PRUNED
356,356,37.5,2025-05-25 10:45:02.010391,2025-05-25 10:45:07.996954,0 days 00:00:05.986563,AdamW,0.28731746950829334,,,1.4792222428490807e-05,,,,13,,,0.006406081758784111,,PRUNED
357,357,33.333333333333336,2025-05-25 10:45:08.035023,2025-05-25 10:45:14.089258,0 days 00:00:06.054235,AdamW,0.2265931485080156,,,0.0053290707944878574,,,,1,,,0.0006238602473508203,,PRUNED
358,358,31.25,2025-05-25 10:45:14.128153,2025-05-25 10:45:20.153900,0 days 00:00:06.025747,AdamW,0.0012921787122343494,,,4.858383496903338e-05,,,,6,,,0.0021952519022662297,,PRUNED
359,359,33.333333333333336,2025-05-25 10:45:20.192933,2025-05-25 10:45:26.226201,0 days 00:00:06.033268,Adam,0.022332555985951616,,8.32320653908278e-05,,,,,4,,83.59926644042068,,,PRUNED
360,360,33.333333333333336,2025-05-25 10:45:26.265354,2025-05-25 10:45:30.121793,0 days 00:00:03.856439,Adadelta,0.3704194271647683,0.059446231497180646,,,,,,7,16.696617566520473,,,,PRUNED
361,361,33.333333333333336,2025-05-25 10:45:30.149532,2025-05-25 10:45:35.377585,0 days 00:00:05.228053,AdamW,0.25040198026458604,,,1.0157153373235812e-05,,,,5,,,0.0035611384633884,,PRUNED
362,362,41.666666666666664,2025-05-25 10:45:35.414601,2025-05-25 10:45:41.437310,0 days 00:00:06.022709,AdamW,0.18414542090228272,,,2.7293304707628244e-05,,,,2,,,0.0017606104132341061,,PRUNED
363,363,,2025-05-25 10:45:41.476311,2025-05-25 10:45:46.901564,0 days 00:00:05.425253,SGD,0.49939576484995507,,,,6.246639291750548e-05,41.596429550308535,False,1,,,,0.07490814834054763,PRUNED
364,364,35.416666666666664,2025-05-25 10:45:46.938197,2025-05-25 10:45:52.693041,0 days 00:00:05.754844,AdamW,0.3525970616024325,,,1.7736818998358e-05,,,,0,,,0.0024830310265005436,,PRUNED
365,365,37.5,2025-05-25 10:45:52.728256,2025-05-25 10:45:55.621782,0 days 00:00:02.893526,AdamW,0.2647027267417251,,,0.0011953186507090534,,,,11,,,0.0013894091784356969,,PRUNED
366,366,31.25,2025-05-25 10:45:55.649181,2025-05-25 10:45:59.388121,0 days 00:00:03.738940,AdamW,0.32304607837054655,,,1.2619342825722633e-05,,,,9,,,0.0009752400571632,,PRUNED
367,367,33.333333333333336,2025-05-25 10:45:59.424538,2025-05-25 10:46:05.439935,0 days 00:00:06.015397,AdamW,0.45736285345045163,,,3.5217404130938246e-05,,,,6,,,0.0052859616498883485,,PRUNED
368,368,41.666666666666664,2025-05-25 10:46:05.478767,2025-05-25 10:46:11.500371,0 days 00:00:06.021604,AdamW,0.30529861644106043,,,2.3087707013345236e-05,,,,5,,,0.0020473052003232464,,PRUNED
369,369,39.583333333333336,2025-05-25 10:46:11.539393,2025-05-25 10:46:17.581137,0 days 00:00:06.041744,AdamW,0.4160198000458987,,,1.6519575425207367e-05,,,,4,,,0.007633772888628086,,PRUNED
370,370,56.25,2025-05-25 10:46:17.619915,2025-05-25 10:46:28.846267,0 days 00:00:11.226352,Adam,0.009238500918641255,,3.3166957256015476e-05,,,,,10,,0.32327032058950683,,,COMPLETE
371,371,33.333333333333336,2025-05-25 10:46:28.900997,2025-05-25 10:46:34.923997,0 days 00:00:06.023000,Adam,0.014039522994201557,,3.449309192846652e-05,,,,,10,,0.3136680829453039,,,PRUNED
372,372,29.166666666666668,2025-05-25 10:46:34.962380,2025-05-25 10:46:41.037762,0 days 00:00:06.075382,Adam,0.00764071579502371,,1.4090485759457808e-05,,,,,11,,0.6929210658097077,,,PRUNED
373,373,27.083333333333332,2025-05-25 10:46:41.078928,2025-05-25 10:46:47.056601,0 days 00:00:05.977673,Adam,0.02891989561312742,,2.401507390572619e-05,,,,,10,,0.14034192438713913,,,PRUNED
374,374,33.333333333333336,2025-05-25 10:46:47.095275,2025-05-25 10:46:53.133958,0 days 00:00:06.038683,Adam,0.20512829287645748,,5.368876830121682e-05,,,,,9,,0.05776633937125546,,,PRUNED
375,375,33.333333333333336,2025-05-25 10:46:53.173424,2025-05-25 10:46:59.191277,0 days 00:00:06.017853,Adam,0.1276599086368395,,0.0007713957362695152,,,,,11,,0.3841148257258807,,,PRUNED
376,376,37.5,2025-05-25 10:46:59.230330,2025-05-25 10:47:05.237385,0 days 00:00:06.007055,Adam,0.0003273033794334852,,0.00027703455776961983,,,,,10,,0.026011988165193872,,,PRUNED
377,377,37.5,2025-05-25 10:47:05.276927,2025-05-25 10:47:11.309075,0 days 00:00:06.032148,Adam,0.02273443790301036,,6.927614996317211e-05,,,,,10,,0.10138575358499459,,,PRUNED
378,378,39.583333333333336,2025-05-25 10:47:11.346256,2025-05-25 10:47:17.328154,0 days 00:00:05.981898,Adam,0.040488978890926966,,0.00014853763394026377,,,,,11,,1.456085792683718,,,PRUNED
379,379,37.5,2025-05-25 10:47:17.365842,2025-05-25 10:47:23.466279,0 days 00:00:06.100437,AdamW,0.2779333246631275,,,3.913247952334183e-05,,,,8,,,0.0031515125941720514,,PRUNED
380,380,35.416666666666664,2025-05-25 10:47:23.505041,2025-05-25 10:47:29.513239,0 days 00:00:06.008198,AdamW,0.022358061738721825,,,3.0256848086126835e-05,,,,0,,,0.0015133874944631251,,PRUNED
381,381,33.333333333333336,2025-05-25 10:47:29.553529,2025-05-25 10:47:35.593829,0 days 00:00:06.040300,Adadelta,0.16340015952508197,43.267040424292475,,,,,,9,3.502835636933517,,,,PRUNED
382,382,35.416666666666664,2025-05-25 10:47:35.631675,2025-05-25 10:47:41.644874,0 days 00:00:06.013199,AdamW,0.01176120317606183,,,2.3002098576519422e-05,,,,12,,,0.002684316850683134,,PRUNED
383,383,29.166666666666668,2025-05-25 10:47:41.683406,2025-05-25 10:47:47.804318,0 days 00:00:06.120912,AdamW,0.07601804309137529,,,1.3180103612829443e-05,,,,1,,,0.00022161480065953316,,PRUNED
384,384,43.75,2025-05-25 10:47:47.844583,2025-05-25 10:47:53.913842,0 days 00:00:06.069259,AdamW,0.0340421118374597,,,1.8190884153527146e-05,,,,0,,,0.0008970740054980912,,PRUNED
385,385,35.416666666666664,2025-05-25 10:47:53.952437,2025-05-25 10:47:59.940221,0 days 00:00:05.987784,Adam,0.010498086725670371,,2.2235775670408085e-05,,,,,10,,0.19175546712163422,,,PRUNED
386,386,43.75,2025-05-25 10:47:59.979486,2025-05-25 10:48:06.051882,0 days 00:00:06.072396,AdamW,0.24293555509151382,,,2.5123373786675958e-05,,,,8,,,0.0018518033338530422,,PRUNED
387,387,,2025-05-25 10:48:06.092168,2025-05-25 10:48:11.484651,0 days 00:00:05.392483,SGD,0.10885577388391704,,,,0.00028384142803431297,17.659607835800095,True,3,,,,1.1447416391535743,PRUNED
388,388,39.583333333333336,2025-05-25 10:48:11.521447,2025-05-25 10:48:17.539117,0 days 00:00:06.017670,AdamW,4.8333096515378385e-05,,,2.0113750764493436e-05,,,,9,,,0.002363676672933432,,PRUNED
389,389,35.416666666666664,2025-05-25 10:48:17.578278,2025-05-25 10:48:23.675541,0 days 00:00:06.097263,AdamW,0.06557784350578554,,,1.4960067937023643e-05,,,,0,,,0.002166460987078825,,PRUNED
390,390,33.333333333333336,2025-05-25 10:48:23.714119,2025-05-25 10:48:29.760988,0 days 00:00:06.046869,AdamW,0.2930032853415109,,,2.94234547042323e-05,,,,12,,,0.0019894984768550257,,PRUNED
391,391,35.416666666666664,2025-05-25 10:48:29.800581,2025-05-25 10:48:35.802108,0 days 00:00:06.001527,AdamW,0.2712278220953425,,,4.468109983499742e-05,,,,7,,,0.007225102789485169,,PRUNED
392,392,31.25,2025-05-25 10:48:35.841086,2025-05-25 10:48:41.829814,0 days 00:00:05.988728,AdamW,0.2567811092125662,,,1.116139793742622e-05,,,,11,,,0.009187195012662708,,PRUNED
393,393,54.166666666666664,2025-05-25 10:48:41.867834,2025-05-25 10:48:53.207496,0 days 00:00:11.339662,AdamW,0.28550064975965994,,,1.5794988325466705e-05,,,,1,,,0.005951393944882713,,COMPLETE
394,394,33.333333333333336,2025-05-25 10:48:53.263606,2025-05-25 10:48:59.300831,0 days 00:00:06.037225,Adam,0.3016842445823692,,0.007000182626410537,,,,,1,,7.665091867953369,,,PRUNED
395,395,33.333333333333336,2025-05-25 10:48:59.340569,2025-05-25 10:49:05.339100,0 days 00:00:05.998531,AdamW,0.28644907128017827,,,1.2407589927960753e-05,,,,6,,,0.004993925107244632,,PRUNED
396,396,35.416666666666664,2025-05-25 10:49:05.378646,2025-05-25 10:49:11.425451,0 days 00:00:06.046805,AdamW,0.287694629123165,,,1.5803465054598266e-05,,,,4,,,0.005953223203096993,,PRUNED
397,397,39.583333333333336,2025-05-25 10:49:11.464692,2025-05-25 10:49:17.493271,0 days 00:00:06.028579,AdamW,0.016537308809728327,,,1.799106785616712e-05,,,,8,,,0.006291188710521875,,PRUNED
398,398,37.5,2025-05-25 10:49:17.532672,2025-05-25 10:49:23.599168,0 days 00:00:06.066496,AdamW,0.3115072846150976,,,1.3144576742550514e-05,,,,0,,,0.005508179568395667,,PRUNED
399,399,35.416666666666664,2025-05-25 10:49:23.636595,2025-05-25 10:49:29.672760,0 days 00:00:06.036165,AdamW,0.33395156854387165,,,1.5470794623324412e-05,,,,2,,,0.00829052022644931,,PRUNED
400,400,45.833333333333336,2025-05-25 10:49:29.712647,2025-05-25 10:49:38.814354,0 days 00:00:09.101707,AdamW,0.2987752586529776,,,0.0005592009029459123,,,,11,,,0.0068811122344053155,,PRUNED
401,401,33.333333333333336,2025-05-25 10:49:38.852067,2025-05-25 10:49:44.866142,0 days 00:00:06.014075,Adam,0.05139568091167386,,0.08952297930436832,,,,,0,,4.1286771610498745,,,PRUNED
402,402,35.416666666666664,2025-05-25 10:49:44.905174,2025-05-25 10:49:50.912434,0 days 00:00:06.007260,AdamW,0.28157860482617963,,,2.038893667074197e-05,,,,1,,,0.004213221824110613,,PRUNED
403,403,37.5,2025-05-25 10:49:50.949924,2025-05-25 10:49:57.043377,0 days 00:00:06.093453,AdamW,0.09764057442568608,,,2.245858035161241e-05,,,,4,,,0.005622556511070592,,PRUNED
404,404,35.416666666666664,2025-05-25 10:49:57.083063,2025-05-25 10:50:03.093272,0 days 00:00:06.010209,AdamW,0.27259145560808995,,,1.0471514246671356e-05,,,,6,,,0.004749169862194403,,PRUNED
405,405,43.75,2025-05-25 10:50:03.136476,2025-05-25 10:50:09.177121,0 days 00:00:06.040645,AdamW,0.3428134536023754,,,1.7563428282585612e-05,,,,3,,,0.0007194718689422449,,PRUNED
406,406,31.25,2025-05-25 10:50:09.216537,2025-05-25 10:50:15.243119,0 days 00:00:06.026582,AdamW,0.029918801211718818,,,3.88102353455955e-05,,,,7,,,0.0027751312862873555,,PRUNED
407,407,33.333333333333336,2025-05-25 10:50:15.283615,2025-05-25 10:50:21.303066,0 days 00:00:06.019451,Adadelta,0.013128633012005564,0.010027888373106551,,,,,,2,3.5315679614404147,,,,PRUNED
408,408,41.666666666666664,2025-05-25 10:50:21.343388,2025-05-25 10:50:27.446743,0 days 00:00:06.103355,AdamW,0.22176653019546552,,,2.6496530465907645e-05,,,,0,,,0.0012202204738799302,,PRUNED
409,409,35.416666666666664,2025-05-25 10:50:27.488524,2025-05-25 10:50:33.520107,0 days 00:00:06.031583,Adam,0.3211515662121547,,4.21418481864247e-05,,,,,1,,0.04421339023747559,,,PRUNED
410,410,37.5,2025-05-25 10:50:33.560356,2025-05-25 10:50:39.591149,0 days 00:00:06.030793,AdamW,0.29618712042617246,,,1.3452474085583902e-05,,,,6,,,0.006514829060863068,,PRUNED
411,411,33.333333333333336,2025-05-25 10:50:39.631591,2025-05-25 10:50:45.437635,0 days 00:00:05.806044,AdamW,0.28229107846349766,,,5.951001212747832e-05,,,,1,,,0.002510340689554648,,PRUNED
412,412,35.416666666666664,2025-05-25 10:50:45.475004,2025-05-25 10:50:49.306237,0 days 00:00:03.831233,AdamW,0.2692350732249776,,,1.0004177437346747e-05,,,,10,,,0.0010569143388440012,,PRUNED
413,413,43.75,2025-05-25 10:50:49.334421,2025-05-25 10:50:51.592808,0 days 00:00:02.258387,AdamW,0.08352361059652033,,,1.5103014408165595e-05,,,,9,,,0.009929162767218554,,PRUNED
414,414,35.416666666666664,2025-05-25 10:50:51.622005,2025-05-25 10:50:57.620785,0 days 00:00:05.998780,AdamW,0.04078248763816741,,,3.425413130200187e-05,,,,6,,,0.0029955134745686465,,PRUNED
415,415,,2025-05-25 10:50:57.658968,2025-05-25 10:51:02.965457,0 days 00:00:05.306489,SGD,0.00023916174709609668,,,,0.01083430157317263,60.52704299679841,False,7,,,,0.49219337949498115,PRUNED
416,416,41.666666666666664,2025-05-25 10:51:03.003412,2025-05-25 10:51:09.096829,0 days 00:00:06.093417,Adam,0.01935053390016224,,0.00022389551764646947,,,,,11,,0.016498647183403266,,,PRUNED
417,417,35.416666666666664,2025-05-25 10:51:09.135783,2025-05-25 10:51:13.622833,0 days 00:00:04.487050,AdamW,0.3574698601755698,,,4.9940185999807386e-05,,,,10,,,0.004655919832177655,,PRUNED
418,418,41.666666666666664,2025-05-25 10:51:13.660323,2025-05-25 10:51:16.091794,0 days 00:00:02.431471,AdamW,0.19244068858200722,,,1.8362640568886896e-05,,,,0,,,0.008228088936246832,,PRUNED
419,419,33.333333333333336,2025-05-25 10:51:16.120151,2025-05-25 10:51:19.847085,0 days 00:00:03.726934,AdamW,0.06281314582592766,,,2.2497029587314422e-05,,,,4,,,0.0016921840540667283,,PRUNED
420,420,27.083333333333332,2025-05-25 10:51:19.874997,2025-05-25 10:51:24.910522,0 days 00:00:05.035525,AdamW,0.23119427668963521,,,1.2455697645335004e-05,,,,1,,,0.005218923448825268,,PRUNED
421,421,33.333333333333336,2025-05-25 10:51:24.950102,2025-05-25 10:51:31.033283,0 days 00:00:06.083181,AdamW,0.26248846161283446,,,7.418089519517092e-05,,,,9,,,0.002236463373682233,,PRUNED
422,422,39.583333333333336,2025-05-25 10:51:31.072587,2025-05-25 10:51:37.116278,0 days 00:00:06.043691,AdamW,0.013232501741393475,,,2.9005722537266977e-05,,,,0,,,0.0074118635017473905,,PRUNED
423,423,33.333333333333336,2025-05-25 10:51:37.155555,2025-05-25 10:51:43.159641,0 days 00:00:06.004086,Adam,0.2894172862847911,,0.00010150919691991643,,,,,4,,0.8023251427596444,,,PRUNED
424,424,35.416666666666664,2025-05-25 10:51:43.199183,2025-05-25 10:51:49.263587,0 days 00:00:06.064404,AdamW,0.11903868618485684,,,1.593357285013195e-05,,,,3,,,0.001843285274355497,,PRUNED
425,425,41.666666666666664,2025-05-25 10:51:49.301801,2025-05-25 10:51:57.560344,0 days 00:00:08.258543,AdamW,0.30425988884574084,,,2.0491315152612273e-05,,,,6,,,0.0005696832749667077,,PRUNED
426,426,37.5,2025-05-25 10:51:57.599050,2025-05-25 10:52:03.685800,0 days 00:00:06.086750,AdamW,0.031155782665666945,,,1.219387100995624e-05,,,,2,,,0.0008408506475006074,,PRUNED
427,427,35.416666666666664,2025-05-25 10:52:03.726435,2025-05-25 10:52:09.745626,0 days 00:00:06.019191,AdamW,0.3297993781973821,,,3.9278346985324803e-05,,,,8,,,0.0036544301126413253,,PRUNED
428,428,41.666666666666664,2025-05-25 10:52:09.785545,2025-05-25 10:52:15.789871,0 days 00:00:06.004326,AdamW,0.31391377589172154,,,2.3182090561862682e-05,,,,11,,,0.0006680261741743037,,PRUNED
429,429,33.333333333333336,2025-05-25 10:52:15.828186,2025-05-25 10:52:21.970221,0 days 00:00:06.142035,Adam,0.00916658867797663,,0.042063535351073385,,,,,0,,0.08554005029851358,,,PRUNED
430,430,37.5,2025-05-25 10:52:22.010405,2025-05-25 10:52:28.112994,0 days 00:00:06.102589,AdamW,0.1463056492045131,,,1.4952415358697556e-05,,,,4,,,0.0033157851563655164,,PRUNED
431,431,33.333333333333336,2025-05-25 10:52:28.150597,2025-05-25 10:52:34.161496,0 days 00:00:06.010899,Adadelta,0.24931521770520704,7.945431620862739,,,,,,7,0.032110221887675205,,,,PRUNED
432,432,33.333333333333336,2025-05-25 10:52:34.199614,2025-05-25 10:52:40.486482,0 days 00:00:06.286868,AdamW,0.27816985356384666,,,1.8882654568604875e-05,,,,0,,,0.00884432760374358,,PRUNED
433,433,37.5,2025-05-25 10:52:40.528045,2025-05-25 10:52:46.577516,0 days 00:00:06.049471,AdamW,0.021807950789637792,,,2.688402257817916e-05,,,,5,,,0.0020981371153736407,,PRUNED
434,434,35.416666666666664,2025-05-25 10:52:46.616446,2025-05-25 10:52:52.716017,0 days 00:00:06.099571,AdamW,0.04390393435657754,,,3.3923231789307874e-05,,,,11,,,0.0024290245508427925,,PRUNED
435,435,35.416666666666664,2025-05-25 10:52:52.755720,2025-05-25 10:52:58.794901,0 days 00:00:06.039181,AdamW,0.27068724837374275,,,4.5470368284126e-05,,,,6,,,0.005844529697981428,,PRUNED
436,436,,2025-05-25 10:52:58.835678,2025-05-25 10:53:04.267799,0 days 00:00:05.432121,SGD,0.07220037586872652,,,,0.0021170453882532617,40.1367495824425,False,8,,,,0.02991522289802287,PRUNED
437,437,41.666666666666664,2025-05-25 10:53:04.304968,2025-05-25 10:53:10.344454,0 days 00:00:06.039486,AdamW,0.34950008681203604,,,1.204800566139535e-05,,,,12,,,0.0026979000106537145,,PRUNED
438,438,33.333333333333336,2025-05-25 10:53:10.383814,2025-05-25 10:53:16.426184,0 days 00:00:06.042370,Adam,0.376635271247617,,0.00035362085297496986,,,,,0,,0.2349249578173316,,,PRUNED
439,439,39.583333333333336,2025-05-25 10:53:16.469930,2025-05-25 10:53:22.594727,0 days 00:00:06.124797,AdamW,0.29112055917956453,,,6.500713907361263e-05,,,,1,,,0.001959035318316714,,PRUNED
440,440,39.583333333333336,2025-05-25 10:53:22.633657,2025-05-25 10:53:28.702037,0 days 00:00:06.068380,AdamW,0.26045146561755933,,,1.7127084504891014e-05,,,,5,,,0.0005045472650204873,,PRUNED
441,441,33.333333333333336,2025-05-25 10:53:28.741138,2025-05-25 10:53:34.856051,0 days 00:00:06.114913,AdamW,0.24004340452579243,,,0.0029915996657173677,,,,1,,,0.0022889298149614008,,PRUNED
442,442,31.25,2025-05-25 10:53:34.896720,2025-05-25 10:53:40.922634,0 days 00:00:06.025914,AdamW,0.005620792947932383,,,2.5282230725207216e-05,,,,9,,,0.0041724845012924665,,PRUNED
443,443,43.75,2025-05-25 10:53:40.963803,2025-05-25 10:53:46.990221,0 days 00:00:06.026418,AdamW,0.054533962514078875,,,9.496158685414239e-05,,,,6,,,0.000770428765786352,,PRUNED
444,444,39.583333333333336,2025-05-25 10:53:47.031461,2025-05-25 10:53:53.153191,0 days 00:00:06.121730,Adam,0.3361436871154763,,7.042574334362692e-05,,,,,4,,2.068263597289885,,,PRUNED
445,445,29.166666666666668,2025-05-25 10:53:53.193127,2025-05-25 10:53:59.305278,0 days 00:00:06.112151,AdamW,0.02126896115463498,,,1.419170113780784e-05,,,,3,,,0.001591086780561057,,PRUNED
446,446,31.25,2025-05-25 10:53:59.344672,2025-05-25 10:54:05.382830,0 days 00:00:06.038158,AdamW,0.03567789764092863,,,2.0355337775467157e-05,,,,0,,,0.00692427497534091,,PRUNED
447,447,43.75,2025-05-25 10:54:05.422217,2025-05-25 10:54:11.464027,0 days 00:00:06.041810,AdamW,0.28008455146637945,,,0.0002275093946578999,,,,7,,,0.005032127794019999,,PRUNED
448,448,33.333333333333336,2025-05-25 10:54:11.502602,2025-05-25 10:54:17.556373,0 days 00:00:06.053771,AdamW,0.093851963781464,,,0.01179915689485363,,,,10,,,0.004483689488414002,,PRUNED
449,449,29.166666666666668,2025-05-25 10:54:17.596609,2025-05-25 10:54:23.740698,0 days 00:00:06.144089,AdamW,0.30098467000910967,,,3.1650212157077256e-05,,,,11,,,0.0030671462287142834,,PRUNED
450,450,35.416666666666664,2025-05-25 10:54:23.781699,2025-05-25 10:54:29.806325,0 days 00:00:06.024626,AdamW,0.2515800219751157,,,5.340573739705702e-05,,,,6,,,0.002137386319267044,,PRUNED
451,451,33.333333333333336,2025-05-25 10:54:29.845546,2025-05-25 10:54:35.874578,0 days 00:00:06.029032,Adam,0.3606417817120351,,0.002971691258172836,,,,,8,,0.14414118778987042,,,PRUNED
452,452,39.583333333333336,2025-05-25 10:54:35.912602,2025-05-25 10:54:41.955939,0 days 00:00:06.043337,AdamW,0.2180918007666992,,,1.705981394817737e-05,,,,5,,,0.008062081336811352,,PRUNED
453,453,43.75,2025-05-25 10:54:42.041599,2025-05-25 10:54:48.098878,0 days 00:00:06.057279,AdamW,0.0826536324187128,,,1.0146971796214206e-05,,,,1,,,0.002521637881735229,,PRUNED
454,454,41.666666666666664,2025-05-25 10:54:48.139330,2025-05-25 10:54:54.248733,0 days 00:00:06.109403,AdamW,0.31285080240779817,,,2.1438282017053767e-05,,,,0,,,0.0001343894039550475,,PRUNED
455,455,31.25,2025-05-25 10:54:54.289235,2025-05-25 10:55:00.334250,0 days 00:00:06.045015,AdamW,0.011341222428756093,,,1.4313699197318575e-05,,,,4,,,0.003847642855464873,,PRUNED
456,456,33.333333333333336,2025-05-25 10:55:00.373630,2025-05-25 10:55:06.438578,0 days 00:00:06.064948,Adadelta,0.000354265214283285,0.6786657343914574,,,,,,2,62.50761447559582,,,,PRUNED
457,457,31.25,2025-05-25 10:55:06.478560,2025-05-25 10:55:12.505354,0 days 00:00:06.026794,AdamW,0.34568770518862174,,,0.00014960226227457387,,,,4,,,0.0017783803598812767,,PRUNED
458,458,35.416666666666664,2025-05-25 10:55:12.547999,2025-05-25 10:55:18.563018,0 days 00:00:06.015019,Adam,0.26930773893177773,,3.387744297888571e-05,,,,,11,,0.3952772032555356,,,PRUNED
459,459,33.333333333333336,2025-05-25 10:55:18.600806,2025-05-25 10:55:24.720808,0 days 00:00:06.120002,AdamW,0.02906874157368491,,,2.7253887705906e-05,,,,10,,,0.0009720122116616048,,PRUNED
460,460,41.666666666666664,2025-05-25 10:55:24.759320,2025-05-25 10:55:30.852124,0 days 00:00:06.092804,AdamW,0.32330668394784023,,,3.5215725100452453e-05,,,,0,,,0.00626869195831334,,PRUNED
461,461,37.5,2025-05-25 10:55:30.890768,2025-05-25 10:55:36.937589,0 days 00:00:06.046821,AdamW,0.28549083514505974,,,1.8550023865808035e-05,,,,6,,,0.00136707183384274,,PRUNED
462,462,,2025-05-25 10:55:36.977740,2025-05-25 10:55:42.292938,0 days 00:00:05.315198,SGD,0.057693599707865556,,,,0.03063344551864346,16.230205081898596,True,8,,,,2.1355280251871243,PRUNED
463,463,50.0,2025-05-25 10:55:42.331598,2025-05-25 10:55:53.764544,0 days 00:00:11.432946,AdamW,0.01872447002880659,,,1.2137105573581438e-05,,,,5,,,0.001990580924908973,,COMPLETE
464,464,33.333333333333336,2025-05-25 10:55:53.819877,2025-05-25 10:55:59.842662,0 days 00:00:06.022785,AdamW,0.36696892999822617,,,4.314839839244385e-05,,,,7,,,0.0029013695634296723,,PRUNED
465,465,35.416666666666664,2025-05-25 10:55:59.883246,2025-05-25 10:56:05.946012,0 days 00:00:06.062766,AdamW,0.13848903811504154,,,2.3849671794777937e-05,,,,0,,,0.0023059071941380453,,PRUNED
466,466,33.333333333333336,2025-05-25 10:56:05.984989,2025-05-25 10:56:11.351455,0 days 00:00:05.366466,Adam,0.2925888315759601,,0.0007377847855121725,,,,,1,,0.6118007890233759,,,PRUNED
467,467,37.5,2025-05-25 10:56:11.378577,2025-05-25 10:56:14.606855,0 days 00:00:03.228278,AdamW,0.2770264493796539,,,1.4915533492582522e-05,,,,3,,,0.002605168034086636,,PRUNED
468,468,39.583333333333336,2025-05-25 10:56:14.645623,2025-05-25 10:56:20.661859,0 days 00:00:06.016236,AdamW,0.04893720706002218,,,3.145585239411966e-05,,,,11,,,0.005667732252856174,,PRUNED
469,469,31.25,2025-05-25 10:56:20.702218,2025-05-25 10:56:26.792684,0 days 00:00:06.090466,AdamW,0.15784478191588253,,,6.559875806380596e-05,,,,4,,,0.0021390864827447154,,PRUNED
470,470,35.416666666666664,2025-05-25 10:56:26.834150,2025-05-25 10:56:32.530492,0 days 00:00:05.696342,AdamW,0.2616348016152595,,,1.9425303114935517e-05,,,,1,,,0.008881519287462895,,PRUNED
471,471,33.333333333333336,2025-05-25 10:56:32.566999,2025-05-25 10:56:36.589517,0 days 00:00:04.022518,AdamW,0.10926324681844635,,,1.2023989096048827e-05,,,,12,,,0.0034367637506151527,,PRUNED
472,472,35.416666666666664,2025-05-25 10:56:36.616946,2025-05-25 10:56:42.197895,0 days 00:00:05.580949,Adam,0.23462365038036967,,1.4179864741774568e-05,,,,,2,,0.032784696746735516,,,PRUNED
473,473,35.416666666666664,2025-05-25 10:56:42.235891,2025-05-25 10:56:48.272373,0 days 00:00:06.036482,AdamW,0.39147958273151534,,,8.178668595859385e-05,,,,9,,,0.007764199004429498,,PRUNED
474,474,33.333333333333336,2025-05-25 10:56:48.311450,2025-05-25 10:56:54.417452,0 days 00:00:06.106002,AdamW,0.06964079699297729,,,2.385558648379524e-05,,,,7,,,0.0011592637253763467,,PRUNED
475,475,33.333333333333336,2025-05-25 10:56:54.456533,2025-05-25 10:57:00.537905,0 days 00:00:06.081372,AdamW,0.010257737534158689,,,1.468638194854071e-05,,,,6,,,0.0018395604847607795,,PRUNED
476,476,43.75,2025-05-25 10:57:00.577184,2025-05-25 10:57:06.629859,0 days 00:00:06.052675,AdamW,0.17356341947471127,,,5.4365506131256804e-05,,,,0,,,0.001674074131678333,,PRUNED
477,477,37.5,2025-05-25 10:57:06.671224,2025-05-25 10:57:12.707610,0 days 00:00:06.036386,AdamW,0.2522299330423088,,,1.62781887963117e-05,,,,5,,,0.005005648889908244,,PRUNED
478,478,37.5,2025-05-25 10:57:12.747756,2025-05-25 10:57:18.808118,0 days 00:00:06.060362,AdamW,0.30108723107776536,,,2.608563863535692e-05,,,,1,,,0.002354781691578587,,PRUNED
479,479,33.333333333333336,2025-05-25 10:57:18.848615,2025-05-25 10:57:25.012365,0 days 00:00:06.163750,Adam,0.025553602405000056,,0.0012188059626180936,,,,,8,,11.053478446988352,,,PRUNED
480,480,33.333333333333336,2025-05-25 10:57:25.053879,2025-05-25 10:57:31.095529,0 days 00:00:06.041650,Adadelta,0.03781213330693751,3.4117270446162964,,,,,,6,0.39011025952372963,,,,PRUNED
481,481,50.0,2025-05-25 10:57:31.134741,2025-05-25 10:57:42.424330,0 days 00:00:11.289589,AdamW,0.3506741439881859,,,3.951839475959413e-05,,,,4,,,0.003932797059690285,,PRUNED
482,482,33.333333333333336,2025-05-25 10:57:42.463815,2025-05-25 10:57:48.528705,0 days 00:00:06.064890,AdamW,0.26646654709519724,,,0.05152322930937913,,,,9,,,0.00992624612117341,,PRUNED
483,483,39.583333333333336,2025-05-25 10:57:48.567211,2025-05-25 10:57:54.664149,0 days 00:00:06.096938,AdamW,0.3348364580815067,,,1.8477841270934015e-05,,,,0,,,0.004369238212568646,,PRUNED
484,484,35.416666666666664,2025-05-25 10:57:54.704856,2025-05-25 10:58:00.736983,0 days 00:00:06.032127,AdamW,0.2790340834145332,,,1.190819414802217e-05,,,,5,,,0.002814497003376747,,PRUNED
485,485,43.75,2025-05-25 10:58:00.777361,2025-05-25 10:58:06.957412,0 days 00:00:06.180051,AdamW,0.008438003884015239,,,0.00037832823043362735,,,,11,,,0.001960012846651201,,PRUNED
486,486,,2025-05-25 10:58:06.997354,2025-05-25 10:58:12.395475,0 days 00:00:05.398121,SGD,0.24374088951409012,,,,0.00011355001258170079,71.84324860046738,False,6,,,,0.12829501560100495,PRUNED
487,487,52.083333333333336,2025-05-25 10:58:12.435053,2025-05-25 10:58:23.685099,0 days 00:00:11.250046,Adam,0.20054139962285794,,0.0001480408434461791,,,,,10,,0.05462854729678636,,,COMPLETE
488,488,33.333333333333336,2025-05-25 10:58:23.741278,2025-05-25 10:58:29.778991,0 days 00:00:06.037713,Adam,0.20534530065201606,,0.0012004636265859614,,,,,10,,4.854411230963512,,,PRUNED
489,489,31.25,2025-05-25 10:58:29.821803,2025-05-25 10:58:35.838427,0 days 00:00:06.016624,AdamW,0.18253082144288982,,,1.0053397013083004e-05,,,,11,,,0.0009043032178250094,,PRUNED
490,490,52.083333333333336,2025-05-25 10:58:35.878239,2025-05-25 10:58:47.113200,0 days 00:00:11.234961,AdamW,0.23626018467070345,,,2.953524126340896e-05,,,,10,,,0.0014926933438563056,,COMPLETE
491,491,33.333333333333336,2025-05-25 10:58:47.169967,2025-05-25 10:58:53.263099,0 days 00:00:06.093132,AdamW,0.25019981928269247,,,0.00012013734732870042,,,,10,,,0.0068134298358587635,,PRUNED
492,492,31.25,2025-05-25 10:58:53.303632,2025-05-25 10:58:59.328465,0 days 00:00:06.024833,AdamW,0.19696946778702235,,,2.140271685619453e-05,,,,10,,,0.0031902733920283247,,PRUNED
493,493,20.833333333333332,2025-05-25 10:58:59.369901,2025-05-25 10:59:05.486586,0 days 00:00:06.116685,AdamW,0.16957857860002992,,,1.3949075925538034e-05,,,,3,,,0.0021542751142511023,,PRUNED
494,494,39.583333333333336,2025-05-25 10:59:05.524803,2025-05-25 10:59:11.598574,0 days 00:00:06.073771,AdamW,0.21186686082152115,,,1.699703499551177e-05,,,,2,,,0.0024751722839338264,,PRUNED
495,495,35.416666666666664,2025-05-25 10:59:11.637352,2025-05-25 10:59:17.677942,0 days 00:00:06.040590,Adam,0.22103081294714813,,0.0001897345856050457,,,,,1,,0.014041628912785863,,,PRUNED
496,496,33.333333333333336,2025-05-25 10:59:17.717186,2025-05-25 10:59:23.835236,0 days 00:00:06.118050,AdamW,0.2617481875030701,,,4.7473406538325666e-05,,,,0,,,0.0059529299098473615,,PRUNED
497,497,35.416666666666664,2025-05-25 10:59:23.874375,2025-05-25 10:59:29.919953,0 days 00:00:06.045578,AdamW,0.28512655287401595,,,3.569657771166538e-05,,,,11,,,0.004586032486549096,,PRUNED
498,498,43.75,2025-05-25 10:59:29.960665,2025-05-25 10:59:36.031862,0 days 00:00:06.071197,AdamW,0.22958345780536488,,,2.0611353598267426e-05,,,,11,,,0.0018330847200678166,,PRUNED
499,499,35.416666666666664,2025-05-25 10:59:36.072656,2025-05-25 10:59:42.124251,0 days 00:00:06.051595,AdamW,0.023152226066994536,,,2.8052619063067036e-05,,,,1,,,0.00867411482610726,,PRUNED
500,500,31.25,2025-05-25 10:59:42.165179,2025-05-25 10:59:48.231870,0 days 00:00:06.066691,AdamW,0.2933568750673807,,,1.394621921333256e-05,,,,10,,,0.007386416319754133,,PRUNED
501,501,33.333333333333336,2025-05-25 10:59:48.272260,2025-05-25 10:59:54.433445,0 days 00:00:06.161185,Adam,0.09958239244012701,,0.008685254879596893,,,,,5,,0.057666487706901144,,,PRUNED
502,502,33.333333333333336,2025-05-25 10:59:54.475420,2025-05-25 11:00:00.524384,0 days 00:00:06.048964,AdamW,0.1270175520327514,,,2.3028374026293045e-05,,,,4,,,0.002263042450397022,,PRUNED
503,503,35.416666666666664,2025-05-25 11:00:00.562907,2025-05-25 11:00:06.582236,0 days 00:00:06.019329,AdamW,0.19396618036821833,,,7.076432765258779e-05,,,,12,,,0.005128804592941436,,PRUNED
504,504,33.333333333333336,2025-05-25 11:00:06.623481,2025-05-25 11:00:12.677255,0 days 00:00:06.053774,AdamW,0.27379040309128266,,,0.003778681240796649,,,,0,,,0.0008072011171786887,,PRUNED
505,505,33.333333333333336,2025-05-25 11:00:12.717188,2025-05-25 11:00:18.815278,0 days 00:00:06.098090,AdamW,0.30776764752260444,,,0.0010148342977582688,,,,0,,,0.002700644611813021,,PRUNED
506,506,35.416666666666664,2025-05-25 11:00:18.855875,2025-05-25 11:00:24.991724,0 days 00:00:06.135849,AdamW,0.2577444259590648,,,1.6719761667274242e-05,,,,4,,,0.003602774444825339,,PRUNED
507,507,33.333333333333336,2025-05-25 11:00:25.031218,2025-05-25 11:00:31.094468,0 days 00:00:06.063250,Adam,0.24406519792251924,,0.00035524516980775625,,,,,3,,0.020719352527557057,,,PRUNED
508,508,41.666666666666664,2025-05-25 11:00:31.133374,2025-05-25 11:00:37.199005,0 days 00:00:06.065631,AdamW,0.01203358478343437,,,1.1993307814685931e-05,,,,9,,,0.001986515695138889,,PRUNED
509,509,35.416666666666664,2025-05-25 11:00:37.238546,2025-05-25 11:00:43.362163,0 days 00:00:06.123617,AdamW,0.4849781106602641,,,4.187478016493593e-05,,,,1,,,0.001702937463258713,,PRUNED
510,510,,2025-05-25 11:00:43.444420,2025-05-25 11:00:48.978711,0 days 00:00:05.534291,SGD,0.000621414914183948,,,,1.775659012511882e-05,56.88934608272585,True,11,,,,29.458595180637133,PRUNED
511,511,39.583333333333336,2025-05-25 11:00:49.015811,2025-05-25 11:00:55.149611,0 days 00:00:06.133800,Adadelta,0.2260104044502572,0.03342470107521774,,,,,,5,1.9190831103205455,,,,PRUNED
512,512,37.5,2025-05-25 11:00:55.190961,2025-05-25 11:01:01.301994,0 days 00:00:06.111033,AdamW,0.15272727611775733,,,1.9611348536451544e-05,,,,6,,,0.0024037350363204325,,PRUNED
513,513,33.333333333333336,2025-05-25 11:01:01.342185,2025-05-25 11:01:07.394542,0 days 00:00:06.052357,AdamW,0.03080290260669103,,,0.0018745234567196097,,,,0,,,0.0020520566010597758,,PRUNED
514,514,33.333333333333336,2025-05-25 11:01:07.434405,2025-05-25 11:01:13.478480,0 days 00:00:06.044075,AdamW,0.08338308566713284,,,3.274609340701349e-05,,,,4,,,0.0007017452864576479,,PRUNED
515,515,33.333333333333336,2025-05-25 11:01:13.565686,2025-05-25 11:01:19.632125,0 days 00:00:06.066439,AdamW,0.04443867155701883,,,5.5297250865364095e-05,,,,10,,,0.005475421121560907,,PRUNED
516,516,31.25,2025-05-25 11:01:19.673988,2025-05-25 11:01:25.787093,0 days 00:00:06.113105,Adam,0.2929341674003348,,0.00012790825880571604,,,,,6,,0.17338469590892508,,,PRUNED
517,517,31.25,2025-05-25 11:01:25.829694,2025-05-25 11:01:31.367450,0 days 00:00:05.537756,AdamW,0.26827474338345436,,,2.4897073655933114e-05,,,,2,,,0.009209404924070885,,PRUNED
518,518,33.333333333333336,2025-05-25 11:01:31.404869,2025-05-25 11:01:34.767645,0 days 00:00:03.362776,AdamW,0.4466984922073709,,,9.200102311142769e-05,,,,0,,,0.0029497695206708906,,PRUNED
519,519,35.416666666666664,2025-05-25 11:01:34.806807,2025-05-25 11:01:40.833541,0 days 00:00:06.026734,AdamW,0.016222720800511813,,,1.682251064006407e-05,,,,9,,,0.003937097651452755,,PRUNED
520,520,31.25,2025-05-25 11:01:40.871973,2025-05-25 11:01:46.914143,0 days 00:00:06.042170,AdamW,0.2793005420224801,,,1.299098726565435e-05,,,,6,,,0.0012644885129580261,,PRUNED
521,521,39.583333333333336,2025-05-25 11:01:46.954428,2025-05-25 11:01:52.916464,0 days 00:00:05.962036,AdamW,0.061325902576047885,,,2.8412205479951446e-05,,,,4,,,0.007981828664248495,,PRUNED
522,522,35.416666666666664,2025-05-25 11:01:52.954404,2025-05-25 11:01:56.753442,0 days 00:00:03.799038,Adam,0.2539811643234454,,5.361232760176696e-05,,,,,11,,0.31553565021763624,,,PRUNED
523,523,43.75,2025-05-25 11:01:56.781421,2025-05-25 11:02:01.310537,0 days 00:00:04.529116,AdamW,0.3158004214599649,,,2.203362953876767e-05,,,,0,,,0.0015813901230942002,,PRUNED
524,524,39.583333333333336,2025-05-25 11:02:01.338786,2025-05-25 11:02:03.795180,0 days 00:00:02.456394,AdamW,0.07495973013293565,,,1.4965889326960364e-05,,,,12,,,0.006390417667197844,,PRUNED
525,525,33.333333333333336,2025-05-25 11:02:03.833219,2025-05-25 11:02:09.904896,0 days 00:00:06.071677,AdamW,0.11727203327193722,,,0.0012755142965287423,,,,5,,,0.00330659639360058,,PRUNED
526,526,33.333333333333336,2025-05-25 11:02:09.944985,2025-05-25 11:02:16.033686,0 days 00:00:06.088701,AdamW,0.3019513464138992,,,3.8400444462841916e-05,,,,1,,,0.002231634514519006,,PRUNED
527,527,41.666666666666664,2025-05-25 11:02:16.073372,2025-05-25 11:02:22.223118,0 days 00:00:06.149746,AdamW,0.21069672712250176,,,1.010129888417937e-05,,,,3,,,0.004259976656220429,,PRUNED
528,528,33.333333333333336,2025-05-25 11:02:22.262961,2025-05-25 11:02:28.358196,0 days 00:00:06.095235,AdamW,0.2349392638396146,,,1.7829582058529628e-05,,,,1,,,0.00027193012595011533,,PRUNED
529,529,43.75,2025-05-25 11:02:28.396872,2025-05-25 11:02:34.438017,0 days 00:00:06.041145,Adam,0.008205599533252665,,1.9894909116638124e-05,,,,,2,,1.0253291547384247,,,PRUNED
530,530,33.333333333333336,2025-05-25 11:02:34.476679,2025-05-25 11:02:40.541461,0 days 00:00:06.064782,Adadelta,0.0002471203446672704,32.83736714161535,,,,,,6,22.637455143283084,,,,PRUNED
531,531,54.166666666666664,2025-05-25 11:02:40.580512,2025-05-25 11:02:52.040231,0 days 00:00:11.459719,AdamW,0.27003213782295377,,,4.599853432562369e-05,,,,0,,,0.002613097037827625,,COMPLETE
532,532,33.333333333333336,2025-05-25 11:02:52.097737,2025-05-25 11:02:58.162477,0 days 00:00:06.064740,AdamW,0.2712363534452347,,,4.94164550801451e-05,,,,0,,,0.0024824844458228973,,PRUNED
533,533,35.416666666666664,2025-05-25 11:02:58.202528,2025-05-25 11:03:04.298916,0 days 00:00:06.096388,AdamW,0.28179597902176584,,,7.124032677637717e-05,,,,0,,,0.002644370475330147,,PRUNED
534,534,37.5,2025-05-25 11:03:04.337254,2025-05-25 11:03:10.484602,0 days 00:00:06.147348,AdamW,0.28466388112949575,,,5.563921415998079e-05,,,,0,,,0.0025713125238702953,,PRUNED
535,535,35.416666666666664,2025-05-25 11:03:10.524412,2025-05-25 11:03:16.588335,0 days 00:00:06.063923,AdamW,0.2603962975599193,,,6.194896818974236e-05,,,,0,,,0.002256966793483057,,PRUNED
536,536,45.833333333333336,2025-05-25 11:03:16.628416,2025-05-25 11:03:24.842726,0 days 00:00:08.214310,AdamW,0.26767564129236365,,,4.074878518874135e-05,,,,0,,,0.0028789410856660067,,PRUNED
537,537,35.416666666666664,2025-05-25 11:03:24.881920,2025-05-25 11:03:30.972185,0 days 00:00:06.090265,AdamW,0.2906038136522704,,,4.7739782783051565e-05,,,,0,,,0.0020465814887870347,,PRUNED
538,538,54.166666666666664,2025-05-25 11:03:31.012621,2025-05-25 11:03:42.315491,0 days 00:00:11.302870,AdamW,0.27714210015544527,,,3.4094662379433945e-05,,,,1,,,0.0023428159256466356,,COMPLETE
539,539,39.583333333333336,2025-05-25 11:03:42.372940,2025-05-25 11:03:48.434044,0 days 00:00:06.061104,AdamW,0.2715855348366925,,,3.4699739899326684e-05,,,,1,,,0.0024421591931464235,,PRUNED
540,540,39.583333333333336,2025-05-25 11:03:48.473398,2025-05-25 11:03:54.603225,0 days 00:00:06.129827,AdamW,0.2963499176033182,,,4.440883477932397e-05,,,,1,,,0.0018921581522415647,,PRUNED
541,541,39.583333333333336,2025-05-25 11:03:54.643911,2025-05-25 11:04:00.789068,0 days 00:00:06.145157,AdamW,0.2799013231512812,,,3.3637092392204676e-05,,,,1,,,0.00310890561334417,,PRUNED
542,542,43.75,2025-05-25 11:04:00.831674,2025-05-25 11:04:06.924742,0 days 00:00:06.093068,AdamW,0.26180130216158415,,,2.9699381304499624e-05,,,,1,,,0.00216143281535251,,PRUNED
543,543,33.333333333333336,2025-05-25 11:04:06.966045,2025-05-25 11:04:13.047392,0 days 00:00:06.081347,AdamW,0.2771660594946326,,,8.042540357999278e-05,,,,1,,,0.0028005407692924156,,PRUNED
544,544,31.25,2025-05-25 11:04:13.086547,2025-05-25 11:04:19.157748,0 days 00:00:06.071201,AdamW,0.2890418059195916,,,3.874693381460952e-05,,,,0,,,0.002512520006657497,,PRUNED
545,545,41.666666666666664,2025-05-25 11:04:19.199256,2025-05-25 11:04:25.477108,0 days 00:00:06.277852,AdamW,0.3101049624544063,,,5.8938905119952035e-05,,,,1,,,0.0022325574286110247,,PRUNED
546,546,,2025-05-25 11:04:25.517603,2025-05-25 11:04:30.791872,0 days 00:00:05.274269,SGD,0.4049704722750362,,,,0.00046123242439295335,88.19731977758542,True,1,,,,6.771875126344055,PRUNED
547,547,39.583333333333336,2025-05-25 11:04:30.831231,2025-05-25 11:04:36.885664,0 days 00:00:06.054433,AdamW,0.26705251785326056,,,4.5921926587515967e-05,,,,0,,,0.0020109920381971343,,PRUNED
548,548,39.583333333333336,2025-05-25 11:04:36.924169,2025-05-25 11:04:43.056170,0 days 00:00:06.132001,AdamW,0.255440338872,,,2.5858668711719847e-05,,,,1,,,0.004739609671453486,,PRUNED
549,549,31.25,2025-05-25 11:04:43.095823,2025-05-25 11:04:49.197052,0 days 00:00:06.101229,AdamW,0.2754170420368057,,,1.3091534066261308e-05,,,,2,,,0.0010249526793722013,,PRUNED
550,550,58.333333333333336,2025-05-25 11:04:49.238500,2025-05-25 11:05:00.658206,0 days 00:00:11.419706,AdamW,0.46635450655934163,,,3.1055644189425436e-05,,,,0,,,0.002699245981692816,,COMPLETE
551,551,27.083333333333332,2025-05-25 11:05:00.714956,2025-05-25 11:05:06.844255,0 days 00:00:06.129299,AdamW,0.4868300811402308,,,3.607521587614693e-05,,,,0,,,0.0031329237561545536,,PRUNED
552,552,41.666666666666664,2025-05-25 11:05:06.885291,2025-05-25 11:05:15.078939,0 days 00:00:08.193648,AdamW,0.4680152891187605,,,3.137462154463442e-05,,,,0,,,0.00284931702085315,,PRUNED
553,553,33.333333333333336,2025-05-25 11:05:15.120091,2025-05-25 11:05:21.211964,0 days 00:00:06.091873,AdamW,0.4866507667740059,,,2.8826017560997322e-05,,,,0,,,0.003439477994911048,,PRUNED
554,554,35.416666666666664,2025-05-25 11:05:21.253309,2025-05-25 11:05:27.382245,0 days 00:00:06.128936,AdamW,0.2454281594695345,,,4.214227954898408e-05,,,,0,,,0.0026545652364360567,,PRUNED
555,555,33.333333333333336,2025-05-25 11:05:27.422256,2025-05-25 11:05:33.526143,0 days 00:00:06.103887,AdamW,0.4986821448520289,,,5.313457398061867e-05,,,,0,,,0.0024616511082696355,,PRUNED
556,556,25.0,2025-05-25 11:05:33.580322,2025-05-25 11:05:39.655195,0 days 00:00:06.074873,AdamW,0.4707139272916494,,,2.4682932596704392e-05,,,,0,,,0.0029453458427402706,,PRUNED
557,557,39.583333333333336,2025-05-25 11:05:39.694164,2025-05-25 11:05:45.774409,0 days 00:00:06.080245,AdamW,0.30077068971052184,,,0.00010722419087412216,,,,0,,,0.003721780142600681,,PRUNED
558,558,33.333333333333336,2025-05-25 11:05:45.815794,2025-05-25 11:05:51.968240,0 days 00:00:06.152446,AdamW,0.47621843313001155,,,3.39834120849939e-05,,,,0,,,0.0007545102687787161,,PRUNED
559,559,35.416666666666664,2025-05-25 11:05:52.007423,2025-05-25 11:05:58.117171,0 days 00:00:06.109748,AdamW,0.4792643443795382,,,2.8280773210087266e-05,,,,1,,,0.0023412161825015973,,PRUNED
560,560,43.75,2025-05-25 11:05:58.157383,2025-05-25 11:06:04.263741,0 days 00:00:06.106358,AdamW,0.2847209215155726,,,3.785282217478642e-05,,,,1,,,0.0017861920149383384,,PRUNED
561,561,54.166666666666664,2025-05-25 11:06:04.306567,2025-05-25 11:06:15.655085,0 days 00:00:11.348518,AdamW,0.264854249059873,,,6.679312454010442e-05,,,,0,,,0.0008816520347046648,,COMPLETE
562,562,56.25,2025-05-25 11:06:15.711690,2025-05-25 11:06:27.120409,0 days 00:00:11.408719,AdamW,0.27264628951523423,,,6.38677048956998e-05,,,,0,,,0.0010806118829060662,,COMPLETE
563,563,41.666666666666664,2025-05-25 11:06:27.176467,2025-05-25 11:06:33.236698,0 days 00:00:06.060231,AdamW,0.2645055985853193,,,6.547668899555505e-05,,,,0,,,0.0011519464896285133,,PRUNED
564,564,33.333333333333336,2025-05-25 11:06:33.277012,2025-05-25 11:06:39.386773,0 days 00:00:06.109761,Adadelta,0.25458457644448823,0.1257063464163817,,,,,,0,7.1808680246404615,,,,PRUNED
565,565,37.5,2025-05-25 11:06:39.427028,2025-05-25 11:06:45.447206,0 days 00:00:06.020178,AdamW,0.27332200280284485,,,5.0550416856015434e-05,,,,0,,,0.0010916497883908607,,PRUNED
566,566,37.5,2025-05-25 11:06:45.491609,2025-05-25 11:06:51.607096,0 days 00:00:06.115487,AdamW,0.2668114951570378,,,6.931921732110141e-05,,,,0,,,0.0013971523524782862,,PRUNED
567,567,35.416666666666664,2025-05-25 11:06:51.643773,2025-05-25 11:06:56.271928,0 days 00:00:04.628155,AdamW,0.2760406905221485,,,5.694120973354153e-05,,,,0,,,0.001260289146491895,,PRUNED
568,568,33.333333333333336,2025-05-25 11:06:56.313629,2025-05-25 11:07:02.421963,0 days 00:00:06.108334,AdamW,0.25651249203610665,,,8.490330985359098e-05,,,,0,,,0.0009249793918721444,,PRUNED
569,569,35.416666666666664,2025-05-25 11:07:02.462977,2025-05-25 11:07:08.532055,0 days 00:00:06.069078,AdamW,0.28349405309810805,,,4.7374139059900406e-05,,,,0,,,0.002617450308224085,,PRUNED
570,570,41.666666666666664,2025-05-25 11:07:08.572335,2025-05-25 11:07:14.648794,0 days 00:00:06.076459,AdamW,0.24866151475812373,,,6.355262153408375e-05,,,,0,,,0.005348247303182832,,PRUNED
571,571,41.666666666666664,2025-05-25 11:07:14.689272,2025-05-25 11:07:20.455721,0 days 00:00:05.766449,AdamW,0.29365553308440695,,,4.580313931266579e-05,,,,0,,,0.0033299209217322436,,PRUNED
572,572,,2025-05-25 11:07:20.483891,2025-05-25 11:07:22.502035,0 days 00:00:02.018144,SGD,0.268783815143463,,,,0.001634811575949039,44.435081765534704,False,0,,,,0.025529544421508486,PRUNED
573,573,33.333333333333336,2025-05-25 11:07:22.529852,2025-05-25 11:07:25.134641,0 days 00:00:02.604789,AdamW,0.2856468696670589,,,0.0004778231874655917,,,,0,,,0.0020986460313434656,,PRUNED
574,574,43.75,2025-05-25 11:07:25.173113,2025-05-25 11:07:31.259067,0 days 00:00:06.085954,AdamW,0.2617215535347508,,,5.645620859956587e-05,,,,0,,,0.0017139548527791962,,PRUNED
575,575,52.083333333333336,2025-05-25 11:07:31.299350,2025-05-25 11:07:42.665817,0 days 00:00:11.366467,AdamW,0.27546775032375165,,,8.129502998809999e-05,,,,0,,,0.0010360200249355644,,COMPLETE
576,576,33.333333333333336,2025-05-25 11:07:42.722986,2025-05-25 11:07:48.788688,0 days 00:00:06.065702,AdamW,0.24377887091167225,,,0.0008017192896405448,,,,0,,,0.0014693610300333805,,PRUNED
577,577,43.75,2025-05-25 11:07:48.829938,2025-05-25 11:07:54.951927,0 days 00:00:06.121989,AdamW,0.2967895278805822,,,4.185925562173565e-05,,,,0,,,0.004165091479283278,,PRUNED
578,578,43.75,2025-05-25 11:07:54.992787,2025-05-25 11:08:03.164452,0 days 00:00:08.171665,AdamW,0.2614213755091407,,,2.009083588696865e-05,,,,1,,,0.0027457228615956155,,PRUNED
579,579,37.5,2025-05-25 11:08:03.205561,2025-05-25 11:08:11.400131,0 days 00:00:08.194570,AdamW,0.2776559529970151,,,7.214205875245763e-05,,,,0,,,0.0018928248499437757,,PRUNED
580,580,39.583333333333336,2025-05-25 11:08:11.441635,2025-05-25 11:08:17.542076,0 days 00:00:06.100441,AdamW,0.3070834182876436,,,2.3098024615562926e-05,,,,0,,,0.002306737398202235,,PRUNED
581,581,41.666666666666664,2025-05-25 11:08:17.583779,2025-05-25 11:08:23.750057,0 days 00:00:06.166278,AdamW,0.324149588274937,,,3.549721384842911e-05,,,,0,,,0.002390898027622872,,PRUNED
582,582,31.25,2025-05-25 11:08:23.792038,2025-05-25 11:08:29.849408,0 days 00:00:06.057370,AdamW,0.2529530292214403,,,1.5994472410198054e-05,,,,1,,,0.002982107964405024,,PRUNED
583,583,43.75,2025-05-25 11:08:29.890048,2025-05-25 11:08:35.957713,0 days 00:00:06.067665,AdamW,0.2660538659404134,,,5.061411017868859e-05,,,,0,,,0.0021046175286490157,,PRUNED
584,584,35.416666666666664,2025-05-25 11:08:35.998727,2025-05-25 11:08:42.071256,0 days 00:00:06.072529,AdamW,0.2884018519955566,,,1.9737374477731736e-05,,,,0,,,0.004616113812741968,,PRUNED
585,585,37.5,2025-05-25 11:08:42.112382,2025-05-25 11:08:48.183888,0 days 00:00:06.071506,AdamW,0.27535785013073405,,,3.02240388593104e-05,,,,1,,,0.005992425328991068,,PRUNED
586,586,33.333333333333336,2025-05-25 11:08:48.225334,2025-05-25 11:08:54.346692,0 days 00:00:06.121358,Adadelta,0.2859721029336011,1.2706314248368569,,,,,,1,0.8446634146686873,,,,PRUNED
587,587,41.666666666666664,2025-05-25 11:08:54.387133,2025-05-25 11:09:00.481630,0 days 00:00:06.094497,AdamW,0.24158468837579847,,,5.991730739675412e-05,,,,0,,,0.002691905976894538,,PRUNED
588,588,33.333333333333336,2025-05-25 11:09:00.521670,2025-05-25 11:09:06.574606,0 days 00:00:06.052936,AdamW,0.25609220287766127,,,1.1690607722779076e-05,,,,11,,,0.0018954799789983464,,PRUNED
589,589,31.25,2025-05-25 11:09:06.615071,2025-05-25 11:09:12.727988,0 days 00:00:06.112917,AdamW,0.30298907177011564,,,2.4086693309225303e-05,,,,0,,,0.003651715652556463,,PRUNED
590,590,33.333333333333336,2025-05-25 11:09:12.769199,2025-05-25 11:09:18.807473,0 days 00:00:06.038274,AdamW,0.26979518506496414,,,1.4673666827371817e-05,,,,11,,,0.003178815639226352,,PRUNED
591,591,,2025-05-25 11:09:18.847081,2025-05-25 11:09:24.345463,0 days 00:00:05.498382,SGD,0.2901581091104623,,,,0.012729978162325954,1.1499895551299986,True,1,,,,0.07909512500181418,PRUNED
592,592,39.583333333333336,2025-05-25 11:09:24.385025,2025-05-25 11:09:30.522714,0 days 00:00:06.137689,AdamW,0.27954993434893805,,,4.133420529050083e-05,,,,4,,,0.004966953666134513,,PRUNED
593,593,43.75,2025-05-25 11:09:30.563726,2025-05-25 11:09:36.663152,0 days 00:00:06.099426,AdamW,0.31569381799103297,,,1.8026344205744544e-05,,,,0,,,0.0016091985991677717,,PRUNED
594,594,39.583333333333336,2025-05-25 11:09:36.704516,2025-05-25 11:09:42.772636,0 days 00:00:06.068120,AdamW,0.26147566767241603,,,3.5013124901789444e-05,,,,0,,,0.0021652621803809596,,PRUNED
595,595,43.75,2025-05-25 11:09:42.813421,2025-05-25 11:09:48.873721,0 days 00:00:06.060300,AdamW,0.29684271331513984,,,2.135271628762055e-05,,,,12,,,0.004018567441138182,,PRUNED
596,596,33.333333333333336,2025-05-25 11:09:48.913630,2025-05-25 11:09:55.084690,0 days 00:00:06.171060,AdamW,0.4305174562569479,,,9.659828869478069e-05,,,,1,,,0.00252730029825694,,PRUNED
597,597,35.416666666666664,2025-05-25 11:09:55.126187,2025-05-25 11:10:01.193033,0 days 00:00:06.066846,AdamW,0.24471909335667932,,,1.2821135724597578e-05,,,,0,,,0.005354123346439349,,PRUNED
598,598,31.25,2025-05-25 11:10:01.234483,2025-05-25 11:10:07.373453,0 days 00:00:06.138970,AdamW,0.26570170600731113,,,2.6813856502976303e-05,,,,4,,,0.002322213657582602,,PRUNED
599,599,25.0,2025-05-25 11:10:07.414481,2025-05-25 11:10:13.485969,0 days 00:00:06.071488,AdamW,0.3796456913840517,,,1.5883904939850082e-05,,,,0,,,0.0013342381383394375,,PRUNED
600,600,35.416666666666664,2025-05-25 11:10:13.528163,2025-05-25 11:10:19.609563,0 days 00:00:06.081400,AdamW,0.27723068286755365,,,5.0633082745044386e-05,,,,1,,,0.0020612123329607694,,PRUNED
601,601,39.583333333333336,2025-05-25 11:10:19.650600,2025-05-25 11:10:25.773946,0 days 00:00:06.123346,AdamW,0.25504516253202375,,,7.105663618406821e-05,,,,11,,,0.0018151347532716672,,PRUNED
602,602,33.333333333333336,2025-05-25 11:10:25.813701,2025-05-25 11:10:31.942744,0 days 00:00:06.129043,AdamW,0.2848153406216686,,,0.01060763745712749,,,,0,,,0.004370578337681649,,PRUNED
603,603,37.5,2025-05-25 11:10:31.984966,2025-05-25 11:10:38.079217,0 days 00:00:06.094251,AdamW,0.3275948013264562,,,3.0430226957631906e-05,,,,1,,,0.0034694686316374254,,PRUNED
604,604,33.333333333333336,2025-05-25 11:10:38.120223,2025-05-25 11:10:44.228050,0 days 00:00:06.107827,AdamW,0.2688563541195444,,,4.2367823728882186e-05,,,,0,,,0.0029822720839215483,,PRUNED
605,605,33.333333333333336,2025-05-25 11:10:44.268805,2025-05-25 11:10:50.335016,0 days 00:00:06.066211,AdamW,0.2361199194525931,,,1.8547782856087407e-05,,,,0,,,0.0008729273667285549,,PRUNED
606,606,35.416666666666664,2025-05-25 11:10:50.375462,2025-05-25 11:10:56.515788,0 days 00:00:06.140326,AdamW,0.3080404189952904,,,1.1502746483970121e-05,,,,11,,,0.0025925284103398244,,PRUNED
607,607,37.5,2025-05-25 11:10:56.557187,2025-05-25 11:11:02.627278,0 days 00:00:06.070091,AdamW,0.29711361609526205,,,2.349002050428886e-05,,,,0,,,0.001959006198088142,,PRUNED
608,608,43.75,2025-05-25 11:11:02.668829,2025-05-25 11:11:08.774243,0 days 00:00:06.105414,AdamW,0.25373800654308915,,,1.3528324031985897e-05,,,,3,,,0.005778847621026088,,PRUNED
609,609,33.333333333333336,2025-05-25 11:11:08.816167,2025-05-25 11:11:14.891558,0 days 00:00:06.075391,AdamW,0.2736283840324588,,,0.0306596614348069,,,,4,,,0.002221457197092521,,PRUNED
610,610,37.5,2025-05-25 11:11:14.932217,2025-05-25 11:11:21.020835,0 days 00:00:06.088618,Adadelta,0.28657471860822864,0.010200058148515231,,,,,,1,0.21494956766187484,,,,PRUNED
611,611,37.5,2025-05-25 11:11:21.062240,2025-05-25 11:11:27.198259,0 days 00:00:06.136019,AdamW,0.24725928107531658,,,3.786142113826794e-05,,,,0,,,0.0015707750601837097,,PRUNED
612,612,33.333333333333336,2025-05-25 11:11:27.238980,2025-05-25 11:11:33.301201,0 days 00:00:06.062221,AdamW,0.3387903773324703,,,0.08577929359423592,,,,4,,,0.002437429029230523,,PRUNED
613,613,33.333333333333336,2025-05-25 11:11:33.342398,2025-05-25 11:11:39.455181,0 days 00:00:06.112783,AdamW,0.2651864103716345,,,5.6603116740264374e-05,,,,0,,,0.004817703069267829,,PRUNED
614,614,,2025-05-25 11:11:39.495913,2025-05-25 11:11:44.789230,0 days 00:00:05.293317,SGD,0.31859702149233393,,,,0.007281699055035833,35.23655335810288,False,1,,,,49.4130575244936,PRUNED
615,615,33.333333333333336,2025-05-25 11:11:44.827451,2025-05-25 11:11:50.901227,0 days 00:00:06.073776,AdamW,0.131483669823247,,,1.551245170030526e-05,,,,0,,,0.0009746275460663886,,PRUNED
616,616,41.666666666666664,2025-05-25 11:11:50.944046,2025-05-25 11:11:57.126477,0 days 00:00:06.182431,AdamW,0.27494537052926526,,,3.13368706661103e-05,,,,12,,,0.0016942411762335934,,PRUNED
617,617,35.416666666666664,2025-05-25 11:11:57.166334,2025-05-25 11:12:03.259701,0 days 00:00:06.093367,AdamW,0.2918594839335237,,,2.0621435802708494e-05,,,,10,,,0.0027448740662095747,,PRUNED
618,618,33.333333333333336,2025-05-25 11:12:03.301432,2025-05-25 11:12:09.128419,0 days 00:00:05.826987,AdamW,0.10393460153337142,,,2.534311057373642e-05,,,,1,,,0.0011496987598860393,,PRUNED
619,619,50.0,2025-05-25 11:12:09.165068,2025-05-25 11:12:16.966324,0 days 00:00:07.801256,AdamW,0.4156332876985033,,,6.705041263304845e-05,,,,11,,,0.0022992059227569055,,COMPLETE
620,620,35.416666666666664,2025-05-25 11:12:17.024755,2025-05-25 11:12:20.869237,0 days 00:00:03.844482,AdamW,0.2318117554314611,,,1.726370051323252e-05,,,,4,,,0.00043710198132184905,,PRUNED
621,621,31.25,2025-05-25 11:12:20.909613,2025-05-25 11:12:27.082069,0 days 00:00:06.172456,AdamW,0.28217819475944084,,,1.0237537669445962e-05,,,,0,,,0.0037585490292404576,,PRUNED
622,622,35.416666666666664,2025-05-25 11:12:27.123931,2025-05-25 11:12:33.229083,0 days 00:00:06.105152,AdamW,0.2598416829927281,,,5.0583860941974064e-05,,,,0,,,0.0020098395344590857,,PRUNED
623,623,33.333333333333336,2025-05-25 11:12:33.277748,2025-05-25 11:12:39.388880,0 days 00:00:06.111132,Adam,0.3041059751179649,,0.003911700780042504,,,,,2,,56.18448382149584,,,PRUNED
624,624,37.5,2025-05-25 11:12:39.430673,2025-05-25 11:12:44.928582,0 days 00:00:05.497909,AdamW,0.035938539709357335,,,8.217406097256957e-05,,,,11,,,0.006746440161336718,,PRUNED
625,625,37.5,2025-05-25 11:12:44.957009,2025-05-25 11:12:48.813703,0 days 00:00:03.856694,AdamW,0.2688770508772952,,,4.160618833787245e-05,,,,9,,,0.003342670795727532,,PRUNED
626,626,29.166666666666668,2025-05-25 11:12:48.854712,2025-05-25 11:12:54.987115,0 days 00:00:06.132403,AdamW,0.25131661372707786,,,3.3119327410143586e-05,,,,0,,,0.002839173915191032,,PRUNED
627,627,33.333333333333336,2025-05-25 11:12:55.027746,2025-05-25 11:13:01.111191,0 days 00:00:06.083445,AdamW,0.2809895850743633,,,1.4276188709550489e-05,,,,1,,,0.001795346180400345,,PRUNED
628,628,50.0,2025-05-25 11:13:01.151668,2025-05-25 11:13:12.517694,0 days 00:00:11.366026,AdamW,0.145372988045679,,,2.5130087782148038e-05,,,,3,,,0.0024928118301583376,,COMPLETE
629,629,39.583333333333336,2025-05-25 11:13:12.577970,2025-05-25 11:13:18.659875,0 days 00:00:06.081905,AdamW,0.3600453945487984,,,2.129110033071803e-05,,,,10,,,0.002167233964773733,,PRUNED
630,630,35.416666666666664,2025-05-25 11:13:18.701853,2025-05-25 11:13:24.825542,0 days 00:00:06.123689,AdamW,0.2944486701353802,,,1.769243414638253e-05,,,,1,,,0.004649238297789272,,PRUNED
631,631,33.333333333333336,2025-05-25 11:13:24.866960,2025-05-25 11:13:30.991035,0 days 00:00:06.124075,Adadelta,0.2739649535262563,6.978017194836371,,,,,,11,38.76494353026186,,,,PRUNED
632,632,33.333333333333336,2025-05-25 11:13:31.031943,2025-05-25 11:13:37.088414,0 days 00:00:06.056471,Adam,0.2630443329038242,,0.002610568162031503,,,,,4,,14.565408298861362,,,PRUNED
633,633,35.416666666666664,2025-05-25 11:13:37.129925,2025-05-25 11:13:43.211206,0 days 00:00:06.081281,AdamW,0.34469105935509414,,,1.1753315216104223e-05,,,,0,,,0.004227595016138446,,PRUNED
634,634,39.583333333333336,2025-05-25 11:13:43.253093,2025-05-25 11:13:49.354037,0 days 00:00:06.100944,AdamW,0.457875725626282,,,3.030816287229664e-05,,,,0,,,0.0030733437525619287,,PRUNED
635,635,37.5,2025-05-25 11:13:49.396640,2025-05-25 11:13:55.574216,0 days 00:00:06.177576,AdamW,0.2478629436703541,,,4.606438212190883e-05,,,,0,,,0.0019555248145583996,,PRUNED
636,636,33.333333333333336,2025-05-25 11:13:55.614975,2025-05-25 11:14:01.685450,0 days 00:00:06.070475,AdamW,0.22084523371153153,,,0.0003216493323990308,,,,1,,,0.006065132409658171,,PRUNED
637,637,,2025-05-25 11:14:01.727675,2025-05-25 11:14:07.027667,0 days 00:00:05.299992,SGD,0.04755702938499792,,,,0.03540155796329005,18.241351342611708,True,5,,,,0.43233368619836066,PRUNED
638,638,35.416666666666664,2025-05-25 11:14:07.066271,2025-05-25 11:14:13.206929,0 days 00:00:06.140658,AdamW,0.3932271210980601,,,1.4188239743637686e-05,,,,0,,,0.0024138288042277237,,PRUNED
639,639,43.75,2025-05-25 11:14:13.247508,2025-05-25 11:14:19.356343,0 days 00:00:06.108835,AdamW,0.3097746818568581,,,5.9304414046263e-05,,,,4,,,0.00013922582041026472,,PRUNED
640,640,27.083333333333332,2025-05-25 11:14:19.397891,2025-05-25 11:14:25.520370,0 days 00:00:06.122479,AdamW,0.29143986614468775,,,1.9005557903480103e-05,,,,13,,,0.002731359532464826,,PRUNED
641,641,33.333333333333336,2025-05-25 11:14:25.561938,2025-05-25 11:14:31.626624,0 days 00:00:06.064686,Adam,0.3330294565204391,,0.011848522004556212,,,,,0,,39.93813989414292,,,PRUNED
642,642,41.666666666666664,2025-05-25 11:14:31.698254,2025-05-25 11:14:37.844634,0 days 00:00:06.146380,AdamW,0.28229157163705665,,,0.00010353008432519683,,,,9,,,0.005399568600519641,,PRUNED
643,643,29.166666666666668,2025-05-25 11:14:37.886575,2025-05-25 11:14:43.973074,0 days 00:00:06.086499,AdamW,0.26049881172074574,,,3.773239772986672e-05,,,,12,,,0.001452307460661781,,PRUNED
644,644,43.75,2025-05-25 11:14:44.013626,2025-05-25 11:14:50.107008,0 days 00:00:06.093382,AdamW,0.0910505868292747,,,2.5886012119704883e-05,,,,2,,,0.009940941215833976,,PRUNED
645,645,33.333333333333336,2025-05-25 11:14:50.148854,2025-05-25 11:14:56.275127,0 days 00:00:06.126273,AdamW,0.2388753732077965,,,1.5822917049748133e-05,,,,3,,,0.002116330729670892,,PRUNED
646,646,25.0,2025-05-25 11:14:56.316413,2025-05-25 11:15:02.451412,0 days 00:00:06.134999,AdamW,0.2727227709395754,,,2.0914868213853848e-05,,,,1,,,0.002286470105660549,,PRUNED
647,647,35.416666666666664,2025-05-25 11:15:02.493482,2025-05-25 11:15:08.588079,0 days 00:00:06.094597,AdamW,0.3723059063203185,,,0.00012942251106724548,,,,5,,,0.0018861209536946695,,PRUNED
648,648,35.416666666666664,2025-05-25 11:15:08.628766,2025-05-25 11:15:14.703644,0 days 00:00:06.074878,AdamW,0.3223750869640048,,,1.275786865617494e-05,,,,0,,,0.007172005491766009,,PRUNED
649,649,35.416666666666664,2025-05-25 11:15:14.744425,2025-05-25 11:15:20.824715,0 days 00:00:06.080290,AdamW,0.027103968345098782,,,3.440248727897792e-05,,,,10,,,0.004078444700089947,,PRUNED
650,650,33.333333333333336,2025-05-25 11:15:20.865186,2025-05-25 11:15:27.026726,0 days 00:00:06.161540,Adam,0.29818532349442556,,2.904996779495379e-05,,,,,0,,1.7891879872042367,,,PRUNED
651,651,41.666666666666664,2025-05-25 11:15:27.068608,2025-05-25 11:15:33.126697,0 days 00:00:06.058089,AdamW,0.2558196361797595,,,7.166368362647583e-05,,,,11,,,0.004912616669191884,,PRUNED
652,652,33.333333333333336,2025-05-25 11:15:33.168588,2025-05-25 11:15:39.239985,0 days 00:00:06.071397,AdamW,0.28168140132871333,,,2.7901415207886837e-05,,,,1,,,0.002604028801683022,,PRUNED
653,653,37.5,2025-05-25 11:15:39.282569,2025-05-25 11:15:45.399395,0 days 00:00:06.116826,AdamW,0.2703314408615973,,,5.002022013181348e-05,,,,4,,,0.0032264334243858085,,PRUNED
654,654,27.083333333333332,2025-05-25 11:15:45.440104,2025-05-25 11:15:51.608908,0 days 00:00:06.168804,AdamW,0.28950879406666835,,,2.2742359849807297e-05,,,,5,,,0.0017124627596466107,,PRUNED
655,655,52.083333333333336,2025-05-25 11:15:51.650148,2025-05-25 11:16:03.121388,0 days 00:00:11.471240,Adadelta,0.03793693255991601,0.022889374116826025,,,,,,0,0.019973890931364556,,,,COMPLETE
656,656,39.583333333333336,2025-05-25 11:16:03.178752,2025-05-25 11:16:09.260583,0 days 00:00:06.081831,AdamW,0.3047560339342819,,,1.714974790390857e-05,,,,0,,,0.0036592137375150093,,PRUNED
657,657,37.5,2025-05-25 11:16:09.302906,2025-05-25 11:16:15.396731,0 days 00:00:06.093825,AdamW,0.25924688307328975,,,4.3988491717283223e-05,,,,1,,,0.0012824557766193787,,PRUNED
658,658,41.666666666666664,2025-05-25 11:16:15.438207,2025-05-25 11:16:21.559809,0 days 00:00:06.121602,AdamW,0.11283721000239044,,,1.0915865857546904e-05,,,,11,,,0.0020492817077416878,,PRUNED
659,659,33.333333333333336,2025-05-25 11:16:21.615851,2025-05-25 11:16:27.684085,0 days 00:00:06.068234,Adam,0.020056871594753188,,0.01951980141202971,,,,,0,,3.1945500730833345,,,PRUNED
660,660,33.333333333333336,2025-05-25 11:16:27.723488,2025-05-25 11:16:33.840503,0 days 00:00:06.117015,AdamW,0.2293382953984039,,,1.3911508774005593e-05,,,,2,,,0.0010415132633773555,,PRUNED
661,661,,2025-05-25 11:16:33.882269,2025-05-25 11:16:39.304523,0 days 00:00:05.422254,SGD,0.24505620795010905,,,,2.3572184658264747e-05,78.90757523770934,False,4,,,,11.977316401872333,PRUNED
662,662,39.583333333333336,2025-05-25 11:16:39.344558,2025-05-25 11:16:45.419255,0 days 00:00:06.074697,AdamW,0.16412705494571622,,,6.0637548191366225e-05,,,,1,,,0.002280030164127497,,PRUNED
663,663,35.416666666666664,2025-05-25 11:16:45.460338,2025-05-25 11:16:51.600238,0 days 00:00:06.139900,AdamW,0.27035635945260234,,,2.987436387616911e-05,,,,10,,,0.009008275191838238,,PRUNED
664,664,37.5,2025-05-25 11:16:51.642775,2025-05-25 11:16:57.807354,0 days 00:00:06.164579,AdamW,0.0553830057404896,,,1.9115856244813424e-05,,,,0,,,0.0008507468603810826,,PRUNED
665,665,37.5,2025-05-25 11:16:57.848110,2025-05-25 11:17:03.986448,0 days 00:00:06.138338,AdamW,0.3527405423139248,,,3.900914491069642e-05,,,,0,,,0.002962721243045075,,PRUNED
666,666,33.333333333333336,2025-05-25 11:17:04.027987,2025-05-25 11:17:10.080641,0 days 00:00:06.052654,AdamW,0.284098881064504,,,2.4421570071309103e-05,,,,9,,,0.002496863848577663,,PRUNED
667,667,33.333333333333336,2025-05-25 11:17:10.121550,2025-05-25 11:17:16.194508,0 days 00:00:06.072958,AdamW,0.29449470299234687,,,8.378447098913751e-05,,,,1,,,0.0015848161867983155,,PRUNED
668,668,60.416666666666664,2025-05-25 11:17:16.235052,2025-05-25 11:17:27.535747,0 days 00:00:11.300695,AdamW,0.3852267669944421,,,0.00019278585241489817,,,,11,,,0.005659814790793686,,COMPLETE
669,669,31.25,2025-05-25 11:17:27.593079,2025-05-25 11:17:33.671012,0 days 00:00:06.077933,AdamW,0.40649769314571593,,,6.818740368933141e-05,,,,3,,,0.004963295921061688,,PRUNED
670,670,35.416666666666664,2025-05-25 11:17:33.711641,2025-05-25 11:17:38.637739,0 days 00:00:04.926098,Adam,0.373138242250724,,0.0005162892256797772,,,,,0,,0.04100479599256967,,,PRUNED
671,671,33.333333333333336,2025-05-25 11:17:38.674760,2025-05-25 11:17:44.268983,0 days 00:00:05.594223,AdamW,0.3852733180530367,,,0.00010232891713864152,,,,2,,,0.005646755435371015,,PRUNED
672,672,43.75,2025-05-25 11:17:44.310565,2025-05-25 11:17:50.402655,0 days 00:00:06.092090,AdamW,0.26186600247077807,,,8.979796649976784e-05,,,,4,,,0.006731919344305221,,PRUNED
673,673,39.583333333333336,2025-05-25 11:17:50.444050,2025-05-25 11:17:56.656373,0 days 00:00:06.212323,AdamW,0.3988401059138961,,,0.0001318810091243201,,,,0,,,0.00606253480630009,,PRUNED
674,674,43.75,2025-05-25 11:17:56.697114,2025-05-25 11:18:01.727405,0 days 00:00:05.030291,AdamW,0.3836990900686397,,,5.2925932972734244e-05,,,,1,,,0.005340891994412055,,PRUNED
675,675,33.333333333333336,2025-05-25 11:18:01.763772,2025-05-25 11:18:04.074554,0 days 00:00:02.310782,AdamW,0.42281511486703993,,,3.474808729617631e-05,,,,11,,,0.004471101848561224,,PRUNED
676,676,50.0,2025-05-25 11:18:04.104696,2025-05-25 11:18:11.908046,0 days 00:00:07.803350,AdamW,0.36581791348435977,,,0.00018380852792584945,,,,10,,,0.005885874819545379,,COMPLETE
677,677,33.333333333333336,2025-05-25 11:18:11.968096,2025-05-25 11:18:18.095830,0 days 00:00:06.127734,AdamW,0.27675649884990394,,,0.0005197673228033294,,,,0,,,0.005121301966777654,,PRUNED
678,678,33.333333333333336,2025-05-25 11:18:18.138332,2025-05-25 11:18:24.274941,0 days 00:00:06.136609,Adam,0.12508064529431834,,1.2034111983613751e-05,,,,,4,,0.1155200249821533,,,PRUNED
679,679,35.416666666666664,2025-05-25 11:18:24.319801,2025-05-25 11:18:30.408281,0 days 00:00:06.088480,AdamW,0.2659811143607266,,,0.0002179708215184062,,,,1,,,0.003956481419561007,,PRUNED
680,680,33.333333333333336,2025-05-25 11:18:30.450818,2025-05-25 11:18:36.580124,0 days 00:00:06.129306,Adadelta,0.2498312552732268,0.1294504666493766,,,,,,0,0.07335540911937376,,,,PRUNED
681,681,41.666666666666664,2025-05-25 11:18:36.622567,2025-05-25 11:18:42.747852,0 days 00:00:06.125285,AdamW,0.024758608608226852,,,4.4065326593028946e-05,,,,7,,,0.0021335077890972725,,PRUNED
682,682,43.75,2025-05-25 11:18:42.790734,2025-05-25 11:18:48.863060,0 days 00:00:06.072326,AdamW,0.23696759634517423,,,6.179682033219833e-05,,,,5,,,0.006221297735035091,,PRUNED
683,683,37.5,2025-05-25 11:18:48.905761,2025-05-25 11:18:55.020644,0 days 00:00:06.114883,AdamW,0.2878087001524419,,,7.738364016721743e-05,,,,11,,,0.004547185411355974,,PRUNED
684,684,31.25,2025-05-25 11:18:55.063789,2025-05-25 11:19:01.186993,0 days 00:00:06.123204,AdamW,0.4393195567296867,,,0.00024638626423175943,,,,0,,,0.00186146988957498,,PRUNED
685,685,33.333333333333336,2025-05-25 11:19:01.231235,2025-05-25 11:19:07.329224,0 days 00:00:06.097989,AdamW,0.27573896409499304,,,5.018628117924755e-05,,,,12,,,0.0056348752423804474,,PRUNED
686,686,,2025-05-25 11:19:07.371475,2025-05-25 11:19:12.797072,0 days 00:00:05.425597,SGD,0.29946426402224363,,,,4.773649473809595e-05,92.80717142782129,True,1,,,,1.985199334907853,PRUNED
687,687,33.333333333333336,2025-05-25 11:19:12.836221,2025-05-25 11:19:18.988401,0 days 00:00:06.152180,AdamW,0.2554939236151353,,,0.0006552423939783767,,,,0,,,0.00276577337110312,,PRUNED
688,688,43.75,2025-05-25 11:19:19.030548,2025-05-25 11:19:25.188343,0 days 00:00:06.157795,AdamW,0.03375366918285918,,,3.563785928612678e-05,,,,9,,,0.0034380912018911088,,PRUNED
689,689,33.333333333333336,2025-05-25 11:19:25.229691,2025-05-25 11:19:31.311641,0 days 00:00:06.081950,Adam,0.06653968579735528,,0.0011841085736557363,,,,,4,,1.42361223545881,,,PRUNED
690,690,39.583333333333336,2025-05-25 11:19:31.352947,2025-05-25 11:19:37.462623,0 days 00:00:06.109676,AdamW,0.014883853395335883,,,0.00015831874311985898,,,,6,,,0.001200925448680546,,PRUNED
691,691,31.25,2025-05-25 11:19:37.503427,2025-05-25 11:19:43.633774,0 days 00:00:06.130347,AdamW,0.44729280551086553,,,2.7625289089143754e-05,,,,0,,,0.0025905659780847226,,PRUNED
692,692,37.5,2025-05-25 11:19:43.674869,2025-05-25 11:19:49.818389,0 days 00:00:06.143520,AdamW,0.314871904367589,,,4.2087545701827556e-05,,,,5,,,0.0023364684407904185,,PRUNED
693,693,35.416666666666664,2025-05-25 11:19:49.860009,2025-05-25 11:19:56.023903,0 days 00:00:06.163894,AdamW,0.27847842787997107,,,3.2817053312303066e-05,,,,0,,,0.005131179821581951,,PRUNED
694,694,41.666666666666664,2025-05-25 11:19:56.065169,2025-05-25 11:20:02.130430,0 days 00:00:06.065261,AdamW,0.26986151329727176,,,6.04186781515383e-05,,,,10,,,0.0065047064194315215,,PRUNED
695,695,33.333333333333336,2025-05-25 11:20:02.171912,2025-05-25 11:20:08.293882,0 days 00:00:06.121970,AdamW,0.04819286851162001,,,0.001564028441181805,,,,1,,,0.0019783910041032806,,PRUNED
696,696,35.416666666666664,2025-05-25 11:20:08.334765,2025-05-25 11:20:14.462727,0 days 00:00:06.127962,AdamW,0.2873662098183099,,,2.1921308369143218e-05,,,,3,,,0.0031071626652863253,,PRUNED
697,697,33.333333333333336,2025-05-25 11:20:14.504150,2025-05-25 11:20:20.571078,0 days 00:00:06.066928,Adam,0.2474069349238886,,8.147453132408626e-05,,,,,11,,0.46961980039152884,,,PRUNED
698,698,37.5,2025-05-25 11:20:20.613722,2025-05-25 11:20:26.744621,0 days 00:00:06.130899,AdamW,0.263304186942942,,,2.555308619042168e-05,,,,8,,,0.0009316992731492361,,PRUNED
699,699,33.333333333333336,2025-05-25 11:20:26.785725,2025-05-25 11:20:32.943094,0 days 00:00:06.157369,AdamW,0.2961986617684571,,,0.00011761473565354028,,,,0,,,0.001758394025303417,,PRUNED
700,700,39.583333333333336,2025-05-25 11:20:32.984677,2025-05-25 11:20:39.197664,0 days 00:00:06.212987,AdamW,0.2816476843222974,,,5.050064227905581e-05,,,,1,,,0.0022042350720426233,,PRUNED
701,701,37.5,2025-05-25 11:20:39.239839,2025-05-25 11:20:45.349391,0 days 00:00:06.109552,AdamW,0.3095919558026236,,,3.0319582830867595e-05,,,,0,,,0.0024277700781177147,,PRUNED
702,702,35.416666666666664,2025-05-25 11:20:45.392170,2025-05-25 11:20:51.466951,0 days 00:00:06.074781,AdamW,0.2579497762163642,,,1.765254122840341e-05,,,,7,,,0.002832625790592495,,PRUNED
703,703,33.333333333333336,2025-05-25 11:20:51.543626,2025-05-25 11:20:57.665206,0 days 00:00:06.121580,AdamW,0.08169542442357357,,,4.035706407847536e-05,,,,11,,,0.004373978201511271,,PRUNED
704,704,33.333333333333336,2025-05-25 11:20:57.706505,2025-05-25 11:21:03.845540,0 days 00:00:06.139035,Adadelta,0.2691341382396426,15.356856680924464,,,,,,5,99.11593084243131,,,,PRUNED
705,705,35.416666666666664,2025-05-25 11:21:03.887348,2025-05-25 11:21:09.990798,0 days 00:00:06.103450,AdamW,0.3753709296919105,,,6.846063632992845e-05,,,,0,,,0.0014049693576629835,,PRUNED
706,706,35.416666666666664,2025-05-25 11:21:10.032410,2025-05-25 11:21:16.123416,0 days 00:00:06.091006,AdamW,0.2275629362122624,,,2.1065840465213392e-05,,,,1,,,0.003799285638211623,,PRUNED
707,707,33.333333333333336,2025-05-25 11:21:16.166011,2025-05-25 11:21:22.331113,0 days 00:00:06.165102,Adam,0.18724272299713304,,0.000619766717665348,,,,,4,,4.997709632007373,,,PRUNED
708,708,43.75,2025-05-25 11:21:22.372765,2025-05-25 11:21:28.484106,0 days 00:00:06.111341,AdamW,0.13855664595279435,,,1.6473078822418756e-05,,,,6,,,0.002043839385011119,,PRUNED
709,709,33.333333333333336,2025-05-25 11:21:28.526424,2025-05-25 11:21:34.630779,0 days 00:00:06.104355,AdamW,0.016653573822095803,,,1.2344405179768247e-05,,,,0,,,0.0047881502627582515,,PRUNED
710,710,31.25,2025-05-25 11:21:34.673095,2025-05-25 11:21:40.771230,0 days 00:00:06.098135,AdamW,0.27733113156267325,,,2.6689933794727515e-05,,,,4,,,0.002591527997965238,,PRUNED
711,711,,2025-05-25 11:21:40.812524,2025-05-25 11:21:46.384511,0 days 00:00:05.571987,SGD,0.2439434498239318,,,,0.00011182154003614735,8.706029837834464,False,3,,,,52.15474806318808,PRUNED
712,712,35.416666666666664,2025-05-25 11:21:46.425241,2025-05-25 11:21:52.614077,0 days 00:00:06.188836,AdamW,0.286895434513291,,,8.105060725615101e-05,,,,0,,,0.0053114805175745105,,PRUNED
713,713,31.25,2025-05-25 11:21:52.656359,2025-05-25 11:21:58.759944,0 days 00:00:06.103585,AdamW,0.3892479440641113,,,1.0249071389841085e-05,,,,2,,,0.002303584302432867,,PRUNED
714,714,39.583333333333336,2025-05-25 11:21:58.801884,2025-05-25 11:22:04.907901,0 days 00:00:06.106017,AdamW,0.02875218425166292,,,3.787123369742241e-05,,,,1,,,0.001874115202557636,,PRUNED
715,715,35.416666666666664,2025-05-25 11:22:04.948927,2025-05-25 11:22:11.030159,0 days 00:00:06.081232,AdamW,0.09768907980365582,,,0.00015625215005259384,,,,10,,,0.003466260974568055,,PRUNED
716,716,33.333333333333336,2025-05-25 11:22:11.072520,2025-05-25 11:22:17.178617,0 days 00:00:06.106097,Adam,0.009265394570893969,,0.05608424769512039,,,,,13,,0.07192123515290486,,,PRUNED
717,717,41.666666666666664,2025-05-25 11:22:17.220197,2025-05-25 11:22:23.385839,0 days 00:00:06.165642,AdamW,0.4106412380708252,,,1.4786772618473408e-05,,,,0,,,0.004011598230442674,,PRUNED
718,718,43.75,2025-05-25 11:22:23.427983,2025-05-25 11:22:29.574502,0 days 00:00:06.146519,AdamW,0.300204001764697,,,5.2750779877201495e-05,,,,11,,,0.0015750081231778864,,PRUNED
719,719,39.583333333333336,2025-05-25 11:22:29.615761,2025-05-25 11:22:35.751036,0 days 00:00:06.135275,AdamW,0.039209241848447,,,3.0378931090748267e-05,,,,5,,,0.0029229744256889607,,PRUNED
720,720,31.25,2025-05-25 11:22:35.793271,2025-05-25 11:22:41.873902,0 days 00:00:06.080631,AdamW,0.25297573950650576,,,2.2295134923714883e-05,,,,9,,,0.005676668005823578,,PRUNED
721,721,47.916666666666664,2025-05-25 11:22:41.916355,2025-05-25 11:22:53.265418,0 days 00:00:11.349063,AdamW,0.26494476783073756,,,4.309912459266569e-05,,,,0,,,0.0010871703971799733,,COMPLETE
722,722,33.333333333333336,2025-05-25 11:22:53.318914,2025-05-25 11:22:57.207915,0 days 00:00:03.889001,AdamW,0.27417021508074885,,,1.954458976978781e-05,,,,1,,,0.0021173978529835176,,PRUNED
723,723,35.416666666666664,2025-05-25 11:22:57.236828,2025-05-25 11:23:00.226547,0 days 00:00:02.989719,AdamW,0.21776782971574377,,,0.00010052704912851165,,,,0,,,0.0017043865612611946,,PRUNED
724,724,43.75,2025-05-25 11:23:00.255545,2025-05-25 11:23:03.011937,0 days 00:00:02.756392,AdamW,0.0005271695961781351,,,5.762116310815995e-05,,,,6,,,0.0025342157067082304,,PRUNED
725,725,35.416666666666664,2025-05-25 11:23:03.053617,2025-05-25 11:23:09.141245,0 days 00:00:06.087628,Adam,0.3580320209982488,,0.0004319427185720757,,,,,4,,0.8587003509888651,,,PRUNED
726,726,39.583333333333336,2025-05-25 11:23:09.184278,2025-05-25 11:23:15.288019,0 days 00:00:06.103741,AdamW,0.23687367576480423,,,1.5714288481185174e-05,,,,0,,,0.002299609215929665,,PRUNED
727,727,56.25,2025-05-25 11:23:15.329408,2025-05-25 11:23:26.203698,0 days 00:00:10.874290,AdamW,0.29534136686908435,,,3.439851171948123e-05,,,,1,,,0.004565767864820403,,COMPLETE
728,728,37.5,2025-05-25 11:23:26.244856,2025-05-25 11:23:30.081944,0 days 00:00:03.837088,AdamW,0.30977931390088903,,,3.127378076671074e-05,,,,1,,,0.004334309001386327,,PRUNED
729,729,33.333333333333336,2025-05-25 11:23:30.123480,2025-05-25 11:23:36.261129,0 days 00:00:06.137649,Adadelta,0.30270876192404683,4.476286276001673,,,,,,2,0.010895460557292529,,,,PRUNED
730,730,54.166666666666664,2025-05-25 11:23:36.302581,2025-05-25 11:23:47.666517,0 days 00:00:11.363936,AdamW,0.31959136051197196,,,3.455683876835261e-05,,,,1,,,0.004059177830160961,,COMPLETE
731,731,37.5,2025-05-25 11:23:47.725831,2025-05-25 11:23:53.921817,0 days 00:00:06.195986,AdamW,0.31134398936536056,,,2.450024840236055e-05,,,,1,,,0.004897676886832864,,PRUNED
732,732,37.5,2025-05-25 11:23:53.966033,2025-05-25 11:24:00.064393,0 days 00:00:06.098360,AdamW,0.2924203014943223,,,3.603630675813877e-05,,,,1,,,0.004734044441740617,,PRUNED
733,733,39.583333333333336,2025-05-25 11:24:00.106286,2025-05-25 11:24:06.200850,0 days 00:00:06.094564,AdamW,0.2952731978911963,,,2.8987178344769226e-05,,,,2,,,0.005456391303446078,,PRUNED
734,734,43.75,2025-05-25 11:24:06.242185,2025-05-25 11:24:12.438572,0 days 00:00:06.196387,SGD,0.30272773043930357,,,,1.1071023423749761e-05,2.0547692133571687,True,1,,,,0.021968752717338943,PRUNED
735,735,33.333333333333336,2025-05-25 11:24:12.481317,2025-05-25 11:24:18.562192,0 days 00:00:06.080875,Adam,0.28523253216890165,,0.005068074182869582,,,,,1,,0.011404952864675763,,,PRUNED
736,736,37.5,2025-05-25 11:24:18.604769,2025-05-25 11:24:24.739823,0 days 00:00:06.135054,AdamW,0.2919228248430439,,,2.5868962958705255e-05,,,,12,,,0.003632226781104595,,PRUNED
737,737,37.5,2025-05-25 11:24:24.781671,2025-05-25 11:24:30.913171,0 days 00:00:06.131500,AdamW,0.024056766337066875,,,4.2558358754804104e-05,,,,1,,,0.004490087742776364,,PRUNED
738,738,33.333333333333336,2025-05-25 11:24:30.955240,2025-05-25 11:24:37.115805,0 days 00:00:06.160565,AdamW,0.325985296452594,,,1.8899594698312784e-05,,,,8,,,0.006347923202768443,,PRUNED
739,739,35.416666666666664,2025-05-25 11:24:37.157510,2025-05-25 11:24:43.237160,0 days 00:00:06.079650,AdamW,0.3025224998599712,,,2.3088053170629042e-05,,,,11,,,0.0031400496605368347,,PRUNED
740,740,43.75,2025-05-25 11:24:43.280612,2025-05-25 11:24:49.373778,0 days 00:00:06.093166,AdamW,0.04820829966001835,,,1.344722795291676e-05,,,,2,,,0.0040357589248561955,,PRUNED
741,741,33.333333333333336,2025-05-25 11:24:49.415275,2025-05-25 11:24:55.595421,0 days 00:00:06.180146,AdamW,0.061272159486751236,,,3.445144303383729e-05,,,,10,,,0.005311736801295262,,PRUNED
742,742,43.75,2025-05-25 11:24:55.637411,2025-05-25 11:25:01.796883,0 days 00:00:06.159472,AdamW,0.40101218474997924,,,4.516564263944227e-05,,,,4,,,0.004731913103830084,,PRUNED
743,743,33.333333333333336,2025-05-25 11:25:01.838920,2025-05-25 11:25:07.931117,0 days 00:00:06.092197,AdamW,0.28573544966378084,,,2.670125374636277e-05,,,,1,,,0.0027224485167823913,,PRUNED
744,744,33.333333333333336,2025-05-25 11:25:07.973852,2025-05-25 11:25:14.082769,0 days 00:00:06.108917,Adam,0.31552923766275454,,0.001572174193536713,,,,,6,,0.2611996464852392,,,PRUNED
745,745,39.583333333333336,2025-05-25 11:25:14.124407,2025-05-25 11:25:20.311600,0 days 00:00:06.187193,AdamW,0.10864286998391615,,,1.180163117616272e-05,,,,7,,,0.0019595039879702746,,PRUNED
746,746,35.416666666666664,2025-05-25 11:25:20.353515,2025-05-25 11:25:26.521016,0 days 00:00:06.167501,AdamW,0.4297165377785952,,,1.640306504627586e-05,,,,9,,,0.005921190022324903,,PRUNED
747,747,37.5,2025-05-25 11:25:26.567027,2025-05-25 11:25:32.663924,0 days 00:00:06.096897,AdamW,0.28070865445467236,,,1.984328055698072e-05,,,,3,,,0.0021647653196681066,,PRUNED
748,748,37.5,2025-05-25 11:25:32.705599,2025-05-25 11:25:38.794797,0 days 00:00:06.089198,AdamW,0.3399240761185166,,,3.099910209328777e-05,,,,2,,,0.0033763855339496297,,PRUNED
749,749,35.416666666666664,2025-05-25 11:25:38.836869,2025-05-25 11:25:44.986630,0 days 00:00:06.149761,AdamW,0.017096611664570795,,,1.3863819873287773e-05,,,,5,,,0.004411457387841646,,PRUNED
750,750,37.5,2025-05-25 11:25:45.028901,2025-05-25 11:25:51.154889,0 days 00:00:06.125988,AdamW,0.29018059281962455,,,1.002120028041266e-05,,,,1,,,0.0002693246222219975,,PRUNED
751,751,33.333333333333336,2025-05-25 11:25:51.198563,2025-05-25 11:25:57.332315,0 days 00:00:06.133752,AdamW,0.46230470775129506,,,3.7937029281185955e-05,,,,11,,,0.0018427989568912968,,PRUNED
752,752,35.416666666666664,2025-05-25 11:25:57.374631,2025-05-25 11:26:03.453779,0 days 00:00:06.079148,Adam,0.15404813323209543,,0.00011552760448327536,,,,,1,,6.14630954759245,,,PRUNED
753,753,31.25,2025-05-25 11:26:03.496360,2025-05-25 11:26:09.624634,0 days 00:00:06.128274,AdamW,0.2988036575105265,,,2.3517597360341035e-05,,,,5,,,0.00010170461909231278,,PRUNED
754,754,33.333333333333336,2025-05-25 11:26:09.666509,2025-05-25 11:26:15.804669,0 days 00:00:06.138160,Adadelta,0.2768580266276247,1.8246483308304597,,,,,,10,14.755574924385487,,,,PRUNED
755,755,39.583333333333336,2025-05-25 11:26:15.847954,2025-05-25 11:26:22.009719,0 days 00:00:06.161765,AdamW,0.007239146060601956,,,4.8284669855491876e-05,,,,4,,,0.0023796847544985205,,PRUNED
756,756,39.583333333333336,2025-05-25 11:26:22.052377,2025-05-25 11:26:28.140623,0 days 00:00:06.088246,AdamW,0.0895946432935113,,,1.7513149318929495e-05,,,,1,,,0.005116348384446909,,PRUNED
757,757,43.75,2025-05-25 11:26:28.182530,2025-05-25 11:26:34.325076,0 days 00:00:06.142546,AdamW,0.07452393730042636,,,0.00028978665987673566,,,,7,,,0.0028854263782975825,,PRUNED
758,758,41.666666666666664,2025-05-25 11:26:34.368639,2025-05-25 11:26:40.477483,0 days 00:00:06.108844,AdamW,0.12034634104593328,,,3.033464328148157e-05,,,,12,,,0.003702216610239073,,PRUNED
759,759,,2025-05-25 11:26:40.520254,2025-05-25 11:26:45.897047,0 days 00:00:05.376793,SGD,0.03484614740775971,,,,0.002734335047201192,46.96899533891199,False,6,,,,3.9718639960854407,PRUNED
760,760,29.166666666666668,2025-05-25 11:26:45.937809,2025-05-25 11:26:52.132712,0 days 00:00:06.194903,AdamW,0.30727749989589065,,,2.139086131243332e-05,,,,5,,,0.002574451893592786,,PRUNED
761,761,33.333333333333336,2025-05-25 11:26:52.177470,2025-05-25 11:26:58.312524,0 days 00:00:06.135054,AdamW,0.37862113860677293,,,1.5050735778414046e-05,,,,4,,,0.0065001000827043815,,PRUNED
762,762,43.75,2025-05-25 11:26:58.357909,2025-05-25 11:27:04.506147,0 days 00:00:06.148238,AdamW,0.2738637153080421,,,3.712285205350451e-05,,,,8,,,0.002111600069482316,,PRUNED
763,763,31.25,2025-05-25 11:27:04.551168,2025-05-25 11:27:10.768497,0 days 00:00:06.217329,Adam,0.289201633608698,,4.329226011146676e-05,,,,,2,,3.1107485557342884,,,PRUNED
764,764,33.333333333333336,2025-05-25 11:27:10.811430,2025-05-25 11:27:16.945538,0 days 00:00:06.134108,AdamW,0.023768030522241662,,,0.005593252946729887,,,,1,,,0.001689473198580538,,PRUNED
765,765,39.583333333333336,2025-05-25 11:27:16.987840,2025-05-25 11:27:23.134995,0 days 00:00:06.147155,AdamW,0.3243422332288234,,,2.612967468348053e-05,,,,11,,,0.0014796198035336176,,PRUNED
766,766,31.25,2025-05-25 11:27:23.177919,2025-05-25 11:27:29.302779,0 days 00:00:06.124860,AdamW,0.17712707274111728,,,1.3108192662812044e-05,,,,1,,,0.007204506139518416,,PRUNED
767,767,27.083333333333332,2025-05-25 11:27:29.345691,2025-05-25 11:27:35.437247,0 days 00:00:06.091556,AdamW,0.3645728950658905,,,4.536335455916395e-05,,,,4,,,0.0031266076057915523,,PRUNED
768,768,43.75,2025-05-25 11:27:35.478651,2025-05-25 11:27:41.623413,0 days 00:00:06.144762,AdamW,0.28200262405887977,,,1.8956593974864898e-05,,,,0,,,0.0024041267147612328,,PRUNED
769,769,31.25,2025-05-25 11:27:41.665282,2025-05-25 11:27:47.769869,0 days 00:00:06.104587,AdamW,0.25637333494547737,,,1.1804927467046866e-05,,,,11,,,0.004283740145819717,,PRUNED
770,770,43.75,2025-05-25 11:27:47.814771,2025-05-25 11:27:53.987115,0 days 00:00:06.172344,AdamW,0.2688245457510396,,,3.0597605440422276e-05,,,,1,,,0.001978445875603516,,PRUNED
771,771,39.583333333333336,2025-05-25 11:27:54.029227,2025-05-25 11:28:00.107689,0 days 00:00:06.078462,Adam,0.2875333478564831,,0.00029970117974625747,,,,,3,,23.946484788039115,,,PRUNED
772,772,35.416666666666664,2025-05-25 11:28:00.149671,2025-05-25 11:28:06.265426,0 days 00:00:06.115755,AdamW,0.29619866392347766,,,3.942925099989565e-05,,,,6,,,0.005758691971319049,,PRUNED
773,773,33.333333333333336,2025-05-25 11:28:06.308887,2025-05-25 11:28:12.437593,0 days 00:00:06.128706,AdamW,0.05242183386886501,,,0.00431414732433218,,,,0,,,0.0026963070600365246,,PRUNED
774,774,35.416666666666664,2025-05-25 11:28:12.481721,2025-05-25 11:28:18.551817,0 days 00:00:06.070096,AdamW,0.3923751090594192,,,2.2878852532265774e-05,,,,12,,,0.004931682098833853,,PRUNED
775,775,20.833333333333332,2025-05-25 11:28:18.594797,2025-05-25 11:28:21.054856,0 days 00:00:02.460059,AdamW,0.010149530495065243,,,1.5465427509801924e-05,,,,10,,,0.0022350734133796232,,PRUNED
776,776,37.5,2025-05-25 11:28:21.096078,2025-05-25 11:28:23.685768,0 days 00:00:02.589690,AdamW,0.24405379660997484,,,5.35169045612583e-05,,,,4,,,0.003774919749492364,,PRUNED
777,777,33.333333333333336,2025-05-25 11:28:23.730934,2025-05-25 11:28:29.818229,0 days 00:00:06.087295,Adadelta,0.2754981609963132,0.4599284627499968,,,,,,8,0.9122275758136802,,,,PRUNED
778,778,37.5,2025-05-25 11:28:29.862455,2025-05-25 11:28:35.963252,0 days 00:00:06.100797,AdamW,0.3073235056494071,,,1.8736933957277193e-05,,,,1,,,0.0017772771977153613,,PRUNED
779,779,33.333333333333336,2025-05-25 11:28:36.005789,2025-05-25 11:28:41.888099,0 days 00:00:05.882310,AdamW,0.331250481647324,,,2.8213383459539718e-05,,,,0,,,0.002010402614204083,,PRUNED
780,780,33.333333333333336,2025-05-25 11:28:41.926461,2025-05-25 11:28:45.680378,0 days 00:00:03.753917,AdamW,0.3496666489396636,,,0.002192610508759916,,,,9,,,0.0032911429521260854,,PRUNED
781,781,35.416666666666664,2025-05-25 11:28:45.719586,2025-05-25 11:28:48.557512,0 days 00:00:02.837926,Adam,0.2649031196048391,,1.7333753403077116e-05,,,,,5,,0.023477621365433972,,,PRUNED
782,782,25.0,2025-05-25 11:28:48.590118,2025-05-25 11:28:50.675816,0 days 00:00:02.085698,AdamW,0.00017292843019353459,,,3.583658233105732e-05,,,,11,,,0.002369009763623412,,PRUNED
783,783,27.083333333333332,2025-05-25 11:28:50.706145,2025-05-25 11:28:53.313654,0 days 00:00:02.607509,AdamW,0.03331968217850657,,,2.2324733998959586e-05,,,,2,,,0.005256818432078928,,PRUNED
784,784,,2025-05-25 11:28:53.355839,2025-05-25 11:28:58.629505,0 days 00:00:05.273666,SGD,0.2545879972440293,,,,0.05576258162952781,52.47462487894751,True,1,,,,9.728001111569336,PRUNED
785,785,50.0,2025-05-25 11:28:58.671952,2025-05-25 11:29:10.168132,0 days 00:00:11.496180,AdamW,0.016999679202357523,,,4.5499562900561835e-05,,,,0,,,0.0028420650456638832,,COMPLETE
786,786,35.416666666666664,2025-05-25 11:29:10.227793,2025-05-25 11:29:16.321886,0 days 00:00:06.094093,AdamW,0.29653972834259207,,,0.0004021210694290403,,,,6,,,0.00474065205399512,,PRUNED
787,787,39.583333333333336,2025-05-25 11:29:16.366951,2025-05-25 11:29:22.537582,0 days 00:00:06.170631,AdamW,0.28163713196208107,,,1.613006518142966e-05,,,,3,,,0.004123182307144575,,PRUNED
788,788,39.583333333333336,2025-05-25 11:29:22.582482,2025-05-25 11:29:28.731259,0 days 00:00:06.148777,AdamW,0.22731030372558217,,,1.2249500054692633e-05,,,,0,,,0.002107578580049858,,PRUNED
789,789,33.333333333333336,2025-05-25 11:29:28.773775,2025-05-25 11:29:34.923922,0 days 00:00:06.150147,AdamW,0.4191384416919048,,,2.5102584288500325e-05,,,,7,,,0.001316401026780027,,PRUNED
790,790,27.083333333333332,2025-05-25 11:29:34.968801,2025-05-25 11:29:41.127760,0 days 00:00:06.158959,Adam,0.2038061607426745,,5.646564583634365e-05,,,,,1,,10.039457306595086,,,PRUNED
791,791,33.333333333333336,2025-05-25 11:29:41.172662,2025-05-25 11:29:47.291107,0 days 00:00:06.118445,AdamW,0.271771936218721,,,0.008476627374771888,,,,0,,,0.00262205185588436,,PRUNED
792,792,35.416666666666664,2025-05-25 11:29:47.335161,2025-05-25 11:29:53.556125,0 days 00:00:06.220964,AdamW,0.2885854401494237,,,1.0071141256613623e-05,,,,4,,,0.0015680475638124238,,PRUNED
793,793,33.333333333333336,2025-05-25 11:29:53.600016,2025-05-25 11:29:59.743619,0 days 00:00:06.143603,AdamW,0.07091012441315898,,,3.4597387247837164e-05,,,,10,,,0.006091397076211121,,PRUNED
794,794,35.416666666666664,2025-05-25 11:29:59.786742,2025-05-25 11:30:05.906709,0 days 00:00:06.119967,AdamW,0.3171868866171804,,,1.9777340054488485e-05,,,,0,,,0.0018272789512517194,,PRUNED
795,795,39.583333333333336,2025-05-25 11:30:05.949860,2025-05-25 11:30:12.056334,0 days 00:00:06.106474,AdamW,0.0401721504249161,,,5.308936653834179e-05,,,,1,,,0.0024402869933471166,,PRUNED
796,796,35.416666666666664,2025-05-25 11:30:12.100837,2025-05-25 11:30:18.223031,0 days 00:00:06.122194,AdamW,0.2655268226118399,,,1.3534706937597435e-05,,,,11,,,0.002253304405219587,,PRUNED
797,797,35.416666666666664,2025-05-25 11:30:18.266141,2025-05-25 11:30:24.482995,0 days 00:00:06.216854,AdamW,0.24979731994303117,,,2.7892953259486372e-05,,,,0,,,0.004424701044079328,,PRUNED
798,798,29.166666666666668,2025-05-25 11:30:24.527970,2025-05-25 11:30:30.626973,0 days 00:00:06.099003,AdamW,0.4515495178534062,,,4.1623040337718244e-05,,,,6,,,0.0030598567055311857,,PRUNED
799,799,33.333333333333336,2025-05-25 11:30:30.669749,2025-05-25 11:30:36.840061,0 days 00:00:06.170312,Adam,0.13282623612380154,,0.00021031115015161168,,,,,0,,0.6964945831508813,,,PRUNED
800,800,33.333333333333336,2025-05-25 11:30:36.886021,2025-05-25 11:30:42.998370,0 days 00:00:06.112349,AdamW,0.30551656261338334,,,0.0008416046134114256,,,,5,,,0.003471546263275525,,PRUNED
801,801,33.333333333333336,2025-05-25 11:30:43.043385,2025-05-25 11:30:49.158020,0 days 00:00:06.114635,Adadelta,0.2822744649569735,58.580825705261205,,,,,,1,0.355641159661845,,,,PRUNED
802,802,35.416666666666664,2025-05-25 11:30:49.201251,2025-05-25 11:30:55.356989,0 days 00:00:06.155738,AdamW,0.2577374245286213,,,1.7174932030978033e-05,,,,9,,,0.005590051095729563,,PRUNED
803,803,41.666666666666664,2025-05-25 11:30:55.399423,2025-05-25 11:31:03.617226,0 days 00:00:08.217803,AdamW,0.026834701594952937,,,3.1900810611682246e-05,,,,6,,,0.0018860858599839504,,PRUNED
804,804,25.0,2025-05-25 11:31:03.663186,2025-05-25 11:31:09.789178,0 days 00:00:06.125992,AdamW,0.24093361651270795,,,6.621653565205363e-05,,,,11,,,0.0071543232990279575,,PRUNED
805,805,33.333333333333336,2025-05-25 11:31:09.832496,2025-05-25 11:31:15.967949,0 days 00:00:06.135453,AdamW,0.27443842945317193,,,2.3012849798708767e-05,,,,1,,,0.002148356832534524,,PRUNED
806,806,33.333333333333336,2025-05-25 11:31:16.011838,2025-05-25 11:31:22.182163,0 days 00:00:06.170325,AdamW,0.0976588884726212,,,1.5466483293930873e-05,,,,4,,,0.0025747612586415948,,PRUNED
807,807,,2025-05-25 11:31:22.230335,2025-05-25 11:31:27.679530,0 days 00:00:05.449195,SGD,0.010839387305645596,,,,0.0004178449434261928,31.852840653014965,False,2,,,,0.1657427239771749,PRUNED
808,808,54.166666666666664,2025-05-25 11:31:27.721177,2025-05-25 11:31:39.150446,0 days 00:00:11.429269,AdamW,0.36293099323556344,,,5.743036826793887e-05,,,,0,,,0.004038570400534465,,COMPLETE
809,809,33.333333333333336,2025-05-25 11:31:39.212564,2025-05-25 11:31:45.308816,0 days 00:00:06.096252,Adam,0.2935895925862522,,8.856660677552401e-05,,,,,0,,0.030124222006253854,,,PRUNED
810,810,39.583333333333336,2025-05-25 11:31:45.351317,2025-05-25 11:31:51.500737,0 days 00:00:06.149420,AdamW,0.2631591007684473,,,1.98271556115735e-05,,,,5,,,0.001977543389889423,,PRUNED
811,811,35.416666666666664,2025-05-25 11:31:51.584365,2025-05-25 11:31:57.743360,0 days 00:00:06.158995,AdamW,0.057042475486145966,,,3.960951616645159e-05,,,,10,,,0.005201280644216301,,PRUNED
812,812,35.416666666666664,2025-05-25 11:31:57.786355,2025-05-25 11:32:03.958805,0 days 00:00:06.172450,AdamW,0.2971681170485376,,,2.7169799036531202e-05,,,,0,,,0.0016505601943836996,,PRUNED
813,813,35.416666666666664,2025-05-25 11:32:04.003265,2025-05-25 11:32:10.126996,0 days 00:00:06.123731,AdamW,0.3424371455988383,,,3.1822716204487265e-05,,,,2,,,0.0028647545184751592,,PRUNED
814,814,33.333333333333336,2025-05-25 11:32:10.169716,2025-05-25 11:32:16.276805,0 days 00:00:06.107089,AdamW,0.23535946091339305,,,1.3447031291232221e-05,,,,4,,,0.006448008575416519,,PRUNED
815,815,43.75,2025-05-25 11:32:16.320149,2025-05-25 11:32:22.517747,0 days 00:00:06.197598,AdamW,0.2838943652280828,,,4.700794040466353e-05,,,,12,,,0.0023449846634893026,,PRUNED
816,816,33.333333333333336,2025-05-25 11:32:22.562249,2025-05-25 11:32:28.707597,0 days 00:00:06.145348,AdamW,0.08596540340213872,,,8.163588085019124e-05,,,,1,,,0.0036900552381933585,,PRUNED
817,817,33.333333333333336,2025-05-25 11:32:28.750671,2025-05-25 11:32:34.865747,0 days 00:00:06.115076,AdamW,0.38511498130327015,,,1.7228243575437135e-05,,,,0,,,0.004764740830370905,,PRUNED
818,818,41.666666666666664,2025-05-25 11:32:34.908545,2025-05-25 11:32:41.050704,0 days 00:00:06.142159,AdamW,0.019041838231012548,,,2.215708218314596e-05,,,,4,,,0.002166477105244383,,PRUNED
819,819,33.333333333333336,2025-05-25 11:32:41.093289,2025-05-25 11:32:47.172469,0 days 00:00:06.079180,Adam,0.27310291676229553,,0.000903843493378373,,,,,11,,0.10490071108373607,,,PRUNED
820,820,35.416666666666664,2025-05-25 11:32:47.216330,2025-05-25 11:32:53.407029,0 days 00:00:06.190699,AdamW,0.30693719446879464,,,1.1708239002654893e-05,,,,8,,,0.0031193824549566175,,PRUNED
821,821,43.75,2025-05-25 11:32:53.449839,2025-05-25 11:32:59.559783,0 days 00:00:06.109944,AdamW,0.255690054301914,,,3.493085232086652e-05,,,,1,,,0.0026642598781895874,,PRUNED
822,822,41.666666666666664,2025-05-25 11:32:59.602472,2025-05-25 11:33:05.784386,0 days 00:00:06.181914,AdamW,0.21467977061769924,,,2.6093305638123154e-05,,,,3,,,0.0024311504602463944,,PRUNED
823,823,39.583333333333336,2025-05-25 11:33:05.827259,2025-05-25 11:33:11.991601,0 days 00:00:06.164342,AdamW,0.2765281626973073,,,6.145797544024822e-05,,,,0,,,0.005738926485966283,,PRUNED
824,824,43.75,2025-05-25 11:33:12.034897,2025-05-25 11:33:18.161704,0 days 00:00:06.126807,AdamW,0.2638454660121491,,,1.8067472772716817e-05,,,,9,,,0.001971263355823037,,PRUNED
825,825,33.333333333333336,2025-05-25 11:33:18.204613,2025-05-25 11:33:24.379884,0 days 00:00:06.175271,AdamW,0.04557907062502117,,,4.7578529324889703e-05,,,,7,,,0.004320212150110583,,PRUNED
826,826,35.416666666666664,2025-05-25 11:33:24.422455,2025-05-25 11:33:30.554274,0 days 00:00:06.131819,Adam,0.29174188294174364,,2.611162525369848e-05,,,,,1,,0.16127786708482417,,,PRUNED
827,827,43.75,2025-05-25 11:33:30.597883,2025-05-25 11:33:36.714200,0 days 00:00:06.116317,AdamW,0.31506087062869326,,,1.3784646745190404e-05,,,,5,,,0.0014061246040847444,,PRUNED
828,828,33.333333333333336,2025-05-25 11:33:36.757325,2025-05-25 11:33:41.072029,0 days 00:00:04.314704,Adadelta,0.1443813950416974,0.31363912701889635,,,,,,11,5.427331262895865,,,,PRUNED
829,829,41.666666666666664,2025-05-25 11:33:41.101144,2025-05-25 11:33:43.867980,0 days 00:00:02.766836,AdamW,0.24996708045566257,,,2.230647305574131e-05,,,,0,,,0.0033440074277067363,,PRUNED
830,830,54.166666666666664,2025-05-25 11:33:43.910207,2025-05-25 11:33:51.972991,0 days 00:00:08.062784,AdamW,0.16619214611556898,,,3.257611118681537e-05,,,,3,,,0.0017504248305664335,,COMPLETE
831,831,31.25,2025-05-25 11:33:52.034401,2025-05-25 11:33:58.172233,0 days 00:00:06.137832,AdamW,0.37055758804033545,,,3.968473949299495e-05,,,,6,,,0.001212803954187948,,PRUNED
832,832,,2025-05-25 11:33:58.216487,2025-05-25 11:34:03.614256,0 days 00:00:05.397769,SGD,0.008468679142342391,,,,0.006563932284445411,23.66717737643841,True,1,,,,0.04419918935936531,PRUNED
833,833,37.5,2025-05-25 11:34:03.655884,2025-05-25 11:34:07.930041,0 days 00:00:04.274157,AdamW,0.33064407054233735,,,1.5358898308453513e-05,,,,0,,,0.002214387396181707,,PRUNED
834,834,35.416666666666664,2025-05-25 11:34:07.971501,2025-05-25 11:34:10.516134,0 days 00:00:02.544633,AdamW,0.00032458395521633076,,,2.6999702419751887e-05,,,,4,,,0.007642081612406559,,PRUNED
835,835,37.5,2025-05-25 11:34:10.557045,2025-05-25 11:34:13.669083,0 days 00:00:03.112038,AdamW,0.10491123044224994,,,5.294154678137609e-05,,,,0,,,0.003834606019410534,,PRUNED
836,836,25.0,2025-05-25 11:34:13.706221,2025-05-25 11:34:18.970807,0 days 00:00:05.264586,AdamW,0.28071718504300364,,,1.954173790819199e-05,,,,10,,,0.005101558076980564,,PRUNED
837,837,33.333333333333336,2025-05-25 11:34:19.014202,2025-05-25 11:34:25.249676,0 days 00:00:06.235474,Adam,0.02666640935696419,,3.19196780421009e-05,,,,,9,,0.21395995381578056,,,PRUNED
838,838,37.5,2025-05-25 11:34:25.293837,2025-05-25 11:34:31.457501,0 days 00:00:06.163664,AdamW,0.4404088397008458,,,1.006423956108959e-05,,,,0,,,0.0028063935073429592,,PRUNED
839,839,33.333333333333336,2025-05-25 11:34:31.502221,2025-05-25 11:34:37.622455,0 days 00:00:06.120234,AdamW,0.3535075343491938,,,7.322348937076311e-05,,,,1,,,0.0024326408382324416,,PRUNED
840,840,41.666666666666664,2025-05-25 11:34:37.665900,2025-05-25 11:34:43.816517,0 days 00:00:06.150617,AdamW,0.2990298382423513,,,3.9290865256312046e-05,,,,7,,,0.004712829025832725,,PRUNED
841,841,35.416666666666664,2025-05-25 11:34:43.859185,2025-05-25 11:34:50.051444,0 days 00:00:06.192259,AdamW,0.2681361078623006,,,1.2294691819781392e-05,,,,0,,,0.0019249124695068826,,PRUNED
842,842,41.666666666666664,2025-05-25 11:34:50.094735,2025-05-25 11:34:56.257861,0 days 00:00:06.163126,AdamW,0.2849981840771768,,,2.9854511240841154e-05,,,,10,,,0.002156867680724884,,PRUNED
843,843,33.333333333333336,2025-05-25 11:34:56.301842,2025-05-25 11:35:02.527462,0 days 00:00:06.225620,AdamW,0.40427953320576365,,,9.656252457023292e-05,,,,5,,,0.0026263494928327642,,PRUNED
844,844,31.25,2025-05-25 11:35:02.571378,2025-05-25 11:35:08.744112,0 days 00:00:06.172734,AdamW,0.259841601631203,,,1.6502081207788936e-05,,,,1,,,0.006492717690557499,,PRUNED
845,845,33.333333333333336,2025-05-25 11:35:08.788749,2025-05-25 11:35:14.944620,0 days 00:00:06.155871,Adam,0.2734108787100799,,1.1723270432086905e-05,,,,,6,,0.07619008636245368,,,PRUNED
846,846,45.833333333333336,2025-05-25 11:35:14.988570,2025-05-25 11:35:21.078354,0 days 00:00:06.089784,AdamW,0.23939234373487248,,,2.571378722156144e-05,,,,11,,,0.002952020651497976,,PRUNED
847,847,33.333333333333336,2025-05-25 11:35:21.122437,2025-05-25 11:35:27.308343,0 days 00:00:06.185906,AdamW,0.22694698541882272,,,2.1922565222347643e-05,,,,4,,,0.005487763163873544,,PRUNED
848,848,33.333333333333336,2025-05-25 11:35:27.352042,2025-05-25 11:35:33.528949,0 days 00:00:06.176907,AdamW,0.01671392778886186,,,0.027756582454229198,,,,2,,,0.0015998571078276718,,PRUNED
849,849,33.333333333333336,2025-05-25 11:35:33.572065,2025-05-25 11:35:39.729263,0 days 00:00:06.157198,AdamW,0.11894267645905798,,,4.625763713979128e-05,,,,0,,,0.002063437648352028,,PRUNED
850,850,33.333333333333336,2025-05-25 11:35:39.773071,2025-05-25 11:35:45.898798,0 days 00:00:06.125727,Adadelta,0.2918459844579518,0.20130207404108225,,,,,,1,0.6122119841296289,,,,PRUNED
851,851,33.333333333333336,2025-05-25 11:35:45.943531,2025-05-25 11:35:52.130143,0 days 00:00:06.186612,AdamW,0.031767623931079896,,,0.0001724158544225932,,,,0,,,0.004351000184913495,,PRUNED
852,852,33.333333333333336,2025-05-25 11:35:52.174342,2025-05-25 11:35:58.328198,0 days 00:00:06.153856,AdamW,0.06516245608616666,,,3.48686397394862e-05,,,,0,,,0.0035144814885981427,,PRUNED
853,853,29.166666666666668,2025-05-25 11:35:58.371196,2025-05-25 11:36:04.511014,0 days 00:00:06.139818,AdamW,0.3201863963586776,,,1.519664367006565e-05,,,,12,,,0.0023553858203623867,,PRUNED
854,854,31.25,2025-05-25 11:36:04.557778,2025-05-25 11:36:10.659730,0 days 00:00:06.101952,AdamW,0.2776870167876241,,,6.047917781014648e-05,,,,11,,,0.0018878221198979912,,PRUNED
855,855,33.333333333333336,2025-05-25 11:36:10.704320,2025-05-25 11:36:16.804126,0 days 00:00:06.099806,Adam,0.2491048980490915,,0.0006485280432588094,,,,,1,,1.2520183782332612,,,PRUNED
856,856,37.5,2025-05-25 11:36:16.864005,2025-05-25 11:36:23.073741,0 days 00:00:06.209736,AdamW,0.29767280219120745,,,1.808109341349019e-05,,,,4,,,0.0058699055048139544,,PRUNED
857,857,,2025-05-25 11:36:23.117342,2025-05-25 11:36:28.518046,0 days 00:00:05.400704,SGD,0.30951499161123575,,,,0.023104728208783676,68.67594091163392,False,0,,,,0.010555803146702807,PRUNED
858,858,37.5,2025-05-25 11:36:28.560513,2025-05-25 11:36:34.683048,0 days 00:00:06.122535,AdamW,0.2681785047197245,,,1.2470770982986967e-05,,,,3,,,0.0025681927352327835,,PRUNED
859,859,37.5,2025-05-25 11:36:34.727845,2025-05-25 11:36:40.846358,0 days 00:00:06.118513,AdamW,0.28504918400771584,,,2.186630358839378e-05,,,,6,,,0.0031242115280269316,,PRUNED
860,860,41.666666666666664,2025-05-25 11:36:40.891064,2025-05-25 11:36:47.037683,0 days 00:00:06.146619,AdamW,0.3784649469345326,,,0.00012129627293768357,,,,10,,,0.003968589385437185,,PRUNED
861,861,37.5,2025-05-25 11:36:47.081116,2025-05-25 11:36:53.331873,0 days 00:00:06.250757,AdamW,0.2575676429641832,,,2.8835278800822517e-05,,,,5,,,0.0014725968373846966,,PRUNED
862,862,45.833333333333336,2025-05-25 11:36:53.374459,2025-05-25 11:36:59.721787,0 days 00:00:06.347328,AdamW,0.022220757972779413,,,3.980959057165893e-05,,,,2,,,0.00508285062423718,,PRUNED
863,863,33.333333333333336,2025-05-25 11:36:59.765418,2025-05-25 11:37:05.885277,0 days 00:00:06.119859,AdamW,0.07849128934235837,,,4.63431788003258e-05,,,,8,,,0.0017901701140394695,,PRUNED
864,864,33.333333333333336,2025-05-25 11:37:05.928618,2025-05-25 11:37:12.114159,0 days 00:00:06.185541,Adam,0.3002494742071505,,0.00015255278089399768,,,,,0,,0.37800883882228925,,,PRUNED
865,865,31.25,2025-05-25 11:37:12.157808,2025-05-25 11:37:18.340194,0 days 00:00:06.182386,AdamW,0.2689744146479475,,,1.389069521205439e-05,,,,4,,,0.002125412283252349,,PRUNED
866,866,45.833333333333336,2025-05-25 11:37:18.385198,2025-05-25 11:37:24.574375,0 days 00:00:06.189177,AdamW,0.042835390769306134,,,1.907280796509564e-05,,,,1,,,0.0001593470535159976,,PRUNED
867,867,43.75,2025-05-25 11:37:24.617183,2025-05-25 11:37:30.732509,0 days 00:00:06.115326,AdamW,0.28274867684409155,,,5.422839397735557e-05,,,,5,,,0.006831714065719758,,PRUNED
868,868,43.75,2025-05-25 11:37:30.775939,2025-05-25 11:37:36.916016,0 days 00:00:06.140077,AdamW,0.339887144257101,,,7.484800372015649e-05,,,,7,,,0.0023678634564378823,,PRUNED
869,869,35.416666666666664,2025-05-25 11:37:36.959685,2025-05-25 11:37:43.183488,0 days 00:00:06.223803,AdamW,0.275864446789703,,,2.5892116578937075e-05,,,,0,,,0.004572644090525697,,PRUNED
870,870,62.5,2025-05-25 11:37:43.228038,2025-05-25 11:37:54.693069,0 days 00:00:11.465031,AdamW,0.49450928435744584,,,3.2813856334991265e-05,,,,1,,,0.0028378069877034264,,COMPLETE
871,871,29.166666666666668,2025-05-25 11:37:54.753957,2025-05-25 11:38:00.892082,0 days 00:00:06.138125,AdamW,0.49111110902514993,,,2.2537307587918316e-05,,,,11,,,0.00315595034506902,,PRUNED
872,872,33.333333333333336,2025-05-25 11:38:00.935154,2025-05-25 11:38:07.096882,0 days 00:00:06.161728,AdamW,0.4966812714625847,,,3.1860399583444596e-05,,,,0,,,0.0034251540426052467,,PRUNED
873,873,33.333333333333336,2025-05-25 11:38:07.141719,2025-05-25 11:38:13.250724,0 days 00:00:06.109005,Adam,0.48449074076940174,,0.0022099313754116727,,,,,1,,89.87548012383104,,,PRUNED
874,874,35.416666666666664,2025-05-25 11:38:13.294894,2025-05-25 11:38:19.477855,0 days 00:00:06.182961,AdamW,0.4769049410729139,,,1.1638775413892063e-05,,,,0,,,0.002887358596149289,,PRUNED
875,875,35.416666666666664,2025-05-25 11:38:19.521116,2025-05-25 11:38:25.708574,0 days 00:00:06.187458,AdamW,0.45150605674550753,,,1.669374418707634e-05,,,,4,,,0.0027761922290452843,,PRUNED
876,876,33.333333333333336,2025-05-25 11:38:25.752127,2025-05-25 11:38:31.901859,0 days 00:00:06.149732,Adadelta,0.43034180221832635,89.75940091039028,,,,,,6,0.019434844281719103,,,,PRUNED
877,877,33.333333333333336,2025-05-25 11:38:31.945849,2025-05-25 11:38:38.036501,0 days 00:00:06.090652,AdamW,0.47390362256004803,,,1.0002099597712373e-05,,,,11,,,0.0037252600284204142,,PRUNED
878,878,31.25,2025-05-25 11:38:38.079757,2025-05-25 11:38:44.244019,0 days 00:00:06.164262,AdamW,0.4605436187049101,,,0.00033632472580552987,,,,9,,,0.0030502587858594597,,PRUNED
879,879,31.25,2025-05-25 11:38:44.287090,2025-05-25 11:38:50.418550,0 days 00:00:06.131460,AdamW,0.4971594870933585,,,1.5064614601620577e-05,,,,10,,,0.003393766797751042,,PRUNED
880,880,,2025-05-25 11:38:50.463410,2025-05-25 11:38:55.946765,0 days 00:00:05.483355,SGD,0.491319452827195,,,,0.00016842309807577364,81.58921284452916,True,1,,,,1.4034900713614462,PRUNED
881,881,39.583333333333336,2025-05-25 11:38:55.991124,2025-05-25 11:39:01.192181,0 days 00:00:05.201057,AdamW,0.4863953024117503,,,2.0033312914717947e-05,,,,0,,,0.004195497874818624,,PRUNED
882,882,35.416666666666664,2025-05-25 11:39:01.230653,2025-05-25 11:39:04.908550,0 days 00:00:03.677897,AdamW,0.007962687907280719,,,3.937242473713628e-05,,,,8,,,0.0027367400238674983,,PRUNED
883,883,33.333333333333336,2025-05-25 11:39:04.938495,2025-05-25 11:39:07.884365,0 days 00:00:02.945870,Adam,0.4742258417331246,,0.030113707556806934,,,,,1,,0.5375656236230187,,,PRUNED
884,884,45.833333333333336,2025-05-25 11:39:07.916462,2025-05-25 11:39:12.836327,0 days 00:00:04.919865,AdamW,0.46607190802166343,,,2.996982115694799e-05,,,,0,,,0.0025760537440222353,,PRUNED
885,885,31.25,2025-05-25 11:39:12.879686,2025-05-25 11:39:19.030278,0 days 00:00:06.150592,AdamW,0.05388429698160671,,,0.00020824841859572806,,,,2,,,0.0061605922841983345,,PRUNED
886,886,33.333333333333336,2025-05-25 11:39:19.073761,2025-05-25 11:39:25.281059,0 days 00:00:06.207298,AdamW,0.0161726534619673,,,6.51982831312324e-05,,,,3,,,0.004809214145991883,,PRUNED
887,887,35.416666666666664,2025-05-25 11:39:25.327779,2025-05-25 11:39:30.191234,0 days 00:00:04.863455,AdamW,0.48380507316624627,,,2.3733848194002405e-05,,,,0,,,0.00392983815112964,,PRUNED
888,888,45.833333333333336,2025-05-25 11:39:30.231711,2025-05-25 11:39:32.658912,0 days 00:00:02.427201,AdamW,0.45682635665165305,,,5.0706051925413444e-05,,,,5,,,0.005364682807809614,,PRUNED
889,889,41.666666666666664,2025-05-25 11:39:32.700154,2025-05-25 11:39:36.206607,0 days 00:00:03.506453,AdamW,0.3561646419709293,,,3.5142965160906285e-05,,,,1,,,0.0032572486277998324,,PRUNED
890,890,35.416666666666664,2025-05-25 11:39:36.249418,2025-05-25 11:39:42.336203,0 days 00:00:06.086785,AdamW,0.49152455124874217,,,9.24354427100767e-05,,,,4,,,0.002976159605425549,,PRUNED
891,891,35.416666666666664,2025-05-25 11:39:42.380744,2025-05-25 11:39:48.600534,0 days 00:00:06.219790,AdamW,0.18790149417405677,,,1.8251324106667806e-05,,,,7,,,0.002478555082390437,,PRUNED
892,892,25.0,2025-05-25 11:39:48.644861,2025-05-25 11:39:54.901935,0 days 00:00:06.257074,Adam,0.4692297755873872,,3.7888999325541514e-05,,,,,0,,29.31609654390746,,,PRUNED
893,893,22.916666666666668,2025-05-25 11:39:54.945680,2025-05-25 11:40:01.066635,0 days 00:00:06.120955,AdamW,0.03361460463483447,,,2.573001655273321e-05,,,,6,,,0.004615538472547834,,PRUNED
894,894,33.333333333333336,2025-05-25 11:40:01.112476,2025-05-25 11:40:07.216896,0 days 00:00:06.104420,AdamW,0.2195548313880635,,,1.2416079131389527e-05,,,,11,,,0.003530523360466596,,PRUNED
895,895,31.25,2025-05-25 11:40:07.261528,2025-05-25 11:40:13.427642,0 days 00:00:06.166114,AdamW,0.23888065122454638,,,1.5023558890992612e-05,,,,1,,,0.0027602656730944665,,PRUNED
896,896,33.333333333333336,2025-05-25 11:40:13.471717,2025-05-25 11:40:19.643430,0 days 00:00:06.171713,AdamW,0.0888162215114291,,,4.286476145023723e-05,,,,0,,,0.007980085089533046,,PRUNED
897,897,33.333333333333336,2025-05-25 11:40:19.686943,2025-05-25 11:40:25.854341,0 days 00:00:06.167398,AdamW,0.4976614470708337,,,2.0595097422848843e-05,,,,10,,,0.0016595731849164237,,PRUNED
898,898,33.333333333333336,2025-05-25 11:40:25.899447,2025-05-25 11:40:32.003764,0 days 00:00:06.104317,Adadelta,0.3952541155784363,9.853681302611491,,,,,,12,0.15636589288845695,,,,PRUNED
899,899,37.5,2025-05-25 11:40:32.048697,2025-05-25 11:40:38.193968,0 days 00:00:06.145271,AdamW,0.317883584449245,,,2.847348084412164e-05,,,,9,,,0.002253915552458582,,PRUNED
900,900,35.416666666666664,2025-05-25 11:40:38.239001,2025-05-25 11:40:44.439574,0 days 00:00:06.200573,AdamW,0.006025753737307196,,,6.321027218533234e-05,,,,2,,,0.0013023088808277441,,PRUNED
901,901,31.25,2025-05-25 11:40:44.484972,2025-05-25 11:40:50.608420,0 days 00:00:06.123448,Adam,0.47935606512320894,,2.1861315036254824e-05,,,,,0,,1.839600723965123,,,PRUNED
902,902,33.333333333333336,2025-05-25 11:40:50.652376,2025-05-25 11:40:56.813600,0 days 00:00:06.161224,AdamW,0.4129947218567443,,,3.538512355731152e-05,,,,11,,,0.002015142799657964,,PRUNED
903,903,33.333333333333336,2025-05-25 11:40:56.857056,2025-05-25 11:41:03.044976,0 days 00:00:06.187920,AdamW,0.15564212445047282,,,1.3887068647753102e-05,,,,4,,,0.005868779779482587,,PRUNED
904,904,43.75,2025-05-25 11:41:03.111680,2025-05-25 11:41:09.280561,0 days 00:00:06.168881,AdamW,0.44372512156361626,,,1.750080878351756e-05,,,,5,,,0.0011645724707345516,,PRUNED
905,905,,2025-05-25 11:41:09.325825,2025-05-25 11:41:14.751152,0 days 00:00:05.425327,SGD,0.2471642641673156,,,,0.0014715823252064053,94.60114639262032,False,1,,,,0.3433550421921026,PRUNED
906,906,54.166666666666664,2025-05-25 11:41:14.793249,2025-05-25 11:41:26.301238,0 days 00:00:11.507989,AdamW,0.042927231734482325,,,5.1116986444239826e-05,,,,0,,,0.004228133889972962,,COMPLETE
907,907,41.666666666666664,2025-05-25 11:41:26.364997,2025-05-25 11:41:32.518616,0 days 00:00:06.153619,AdamW,0.32881334806556634,,,2.5773569565380386e-05,,,,0,,,0.0025604633701377857,,PRUNED
908,908,41.666666666666664,2025-05-25 11:41:32.562395,2025-05-25 11:41:38.701235,0 days 00:00:06.138840,AdamW,0.3704206975032777,,,7.565675184043329e-05,,,,1,,,0.00509591207773469,,PRUNED
909,909,39.583333333333336,2025-05-25 11:41:38.746237,2025-05-25 11:41:44.902669,0 days 00:00:06.156432,AdamW,0.3086052175667052,,,2.260919737201217e-05,,,,6,,,0.00034175213622621734,,PRUNED
910,910,45.833333333333336,2025-05-25 11:41:44.947022,2025-05-25 11:41:51.131095,0 days 00:00:06.184073,AdamW,0.025212773490167942,,,4.28526825372062e-05,,,,3,,,0.0017662771946705782,,PRUNED
911,911,37.5,2025-05-25 11:41:51.174933,2025-05-25 11:41:57.360612,0 days 00:00:06.185679,Adam,0.23529878000438184,,7.117284339524377e-05,,,,,4,,0.28540750676404986,,,PRUNED
912,912,45.833333333333336,2025-05-25 11:41:57.404688,2025-05-25 11:42:03.550503,0 days 00:00:06.145815,AdamW,0.2558825768769437,,,3.37976189636877e-05,,,,0,,,0.0037576031300639904,,PRUNED
913,913,33.333333333333336,2025-05-25 11:42:03.596214,2025-05-25 11:42:09.759732,0 days 00:00:06.163518,AdamW,0.06517605371089472,,,1.2304025186150679e-05,,,,1,,,0.007079645063889705,,PRUNED
914,914,22.916666666666668,2025-05-25 11:42:09.803629,2025-05-25 11:42:15.964061,0 days 00:00:06.160432,AdamW,0.30333826690726023,,,1.671351552585455e-05,,,,11,,,0.0029766223018106138,,PRUNED
915,915,39.583333333333336,2025-05-25 11:42:16.007761,2025-05-25 11:42:22.204221,0 days 00:00:06.196460,AdamW,0.3442451750580337,,,2.9651257515437828e-05,,,,10,,,0.002189870777813878,,PRUNED
916,916,31.25,2025-05-25 11:42:22.251030,2025-05-25 11:42:28.402233,0 days 00:00:06.151203,AdamW,0.29359686306638283,,,1.9808565969441927e-05,,,,0,,,0.005651727798160898,,PRUNED
917,917,31.25,2025-05-25 11:42:28.447211,2025-05-25 11:42:34.566239,0 days 00:00:06.119028,AdamW,0.46504520390900633,,,0.00024290266068911396,,,,4,,,0.0019154207415647074,,PRUNED
918,918,35.416666666666664,2025-05-25 11:42:34.610821,2025-05-25 11:42:40.777338,0 days 00:00:06.166517,AdamW,0.07594161238867754,,,5.790441530057294e-05,,,,6,,,0.003236400880212659,,PRUNED
919,919,33.333333333333336,2025-05-25 11:42:40.821697,2025-05-25 11:42:46.959785,0 days 00:00:06.138088,Adam,0.28875727920943495,,0.00043639686740984184,,,,,0,,0.018690488456008642,,,PRUNED
920,920,35.416666666666664,2025-05-25 11:42:47.005585,2025-05-25 11:42:53.192988,0 days 00:00:06.187403,AdamW,0.2044311794736118,,,4.179042156097757e-05,,,,7,,,0.0026782100614766782,,PRUNED
921,921,41.666666666666664,2025-05-25 11:42:53.237203,2025-05-25 11:42:59.391477,0 days 00:00:06.154274,AdamW,0.10752586778340575,,,1.3984931560648123e-05,,,,9,,,0.0023773643848922126,,PRUNED
922,922,41.666666666666664,2025-05-25 11:42:59.436841,2025-05-25 11:43:05.647345,0 days 00:00:06.210504,AdamW,0.01627428646336998,,,2.2514740758835654e-05,,,,1,,,0.006559245317590526,,PRUNED
923,923,39.583333333333336,2025-05-25 11:43:05.692694,2025-05-25 11:43:11.849334,0 days 00:00:06.156640,AdamW,0.2601040656616091,,,2.9261684783581094e-05,,,,0,,,0.0020593728729832957,,PRUNED
924,924,33.333333333333336,2025-05-25 11:43:11.893451,2025-05-25 11:43:18.024962,0 days 00:00:06.131511,AdamW,0.00048030963238275895,,,1.1839367297940399e-05,,,,2,,,0.004508947428567349,,PRUNED
925,925,35.416666666666664,2025-05-25 11:43:18.068334,2025-05-25 11:43:24.261589,0 days 00:00:06.193255,Adadelta,0.24922289654182153,0.08227316627337514,,,,,,3,31.193079150841076,,,,PRUNED
926,926,37.5,2025-05-25 11:43:24.304911,2025-05-25 11:43:30.547208,0 days 00:00:06.242297,AdamW,0.12774418260696443,,,1.6658335486101792e-05,,,,8,,,0.003970898225729019,,PRUNED
927,927,29.166666666666668,2025-05-25 11:43:30.591559,2025-05-25 11:43:36.730047,0 days 00:00:06.138488,AdamW,0.2675251828494743,,,4.9669824283077946e-05,,,,1,,,0.0015513924706355192,,PRUNED
928,928,,2025-05-25 11:43:36.774955,2025-05-25 11:43:42.126094,0 days 00:00:05.351139,SGD,0.36018149283507095,,,,0.0005938160044656836,56.12885742622375,True,5,,,,95.394033837307,PRUNED
929,929,29.166666666666668,2025-05-25 11:43:42.169098,2025-05-25 11:43:48.309659,0 days 00:00:06.140561,AdamW,0.314502352327537,,,3.5374496200991676e-05,,,,12,,,0.004957051962721634,,PRUNED
930,930,37.5,2025-05-25 11:43:48.353527,2025-05-25 11:43:54.524663,0 days 00:00:06.171136,Adam,0.03715854580907477,,0.00030205115301779094,,,,,13,,0.1346410497931902,,,PRUNED
931,931,41.666666666666664,2025-05-25 11:43:54.581017,2025-05-25 11:44:00.706476,0 days 00:00:06.125459,AdamW,0.2897005124708272,,,8.964223047077209e-05,,,,11,,,0.0022615449521761173,,PRUNED
932,932,37.5,2025-05-25 11:44:00.750828,2025-05-25 11:44:06.940367,0 days 00:00:06.189539,AdamW,0.4997849056640397,,,2.520977231624658e-05,,,,0,,,0.002736649962470686,,PRUNED
933,933,33.333333333333336,2025-05-25 11:44:06.983803,2025-05-25 11:44:13.146801,0 days 00:00:06.162998,AdamW,0.22699994373547386,,,2.0140629090334733e-05,,,,1,,,0.0010439774088900904,,PRUNED
934,934,35.416666666666664,2025-05-25 11:44:13.190855,2025-05-25 11:44:19.382874,0 days 00:00:06.192019,AdamW,0.026518013522357838,,,1.4667110164758675e-05,,,,0,,,0.0017959205825380678,,PRUNED
935,935,41.666666666666664,2025-05-25 11:44:19.428833,2025-05-25 11:44:24.036263,0 days 00:00:04.607430,AdamW,0.09671987044377572,,,4.075654467399833e-05,,,,11,,,0.005340538891817531,,PRUNED
936,936,35.416666666666664,2025-05-25 11:44:24.066559,2025-05-25 11:44:26.176570,0 days 00:00:02.110011,AdamW,0.011305007446029997,,,0.00014151096391075047,,,,5,,,0.0034792903779803327,,PRUNED
937,937,33.333333333333336,2025-05-25 11:44:26.207086,2025-05-25 11:44:28.346522,0 days 00:00:02.139436,AdamW,0.3350809846315091,,,6.6175592535319e-05,,,,0,,,0.0029952028148654912,,PRUNED
938,938,33.333333333333336,2025-05-25 11:44:28.376530,2025-05-25 11:44:32.699975,0 days 00:00:04.323445,AdamW,0.4207918347559779,,,0.00010944642308699932,,,,6,,,0.0024765786689716425,,PRUNED
939,939,33.333333333333336,2025-05-25 11:44:32.744974,2025-05-25 11:44:38.939800,0 days 00:00:06.194826,Adam,0.3852967018476319,,0.010834169979149095,,,,,10,,2.739349832164986,,,PRUNED
940,940,41.666666666666664,2025-05-25 11:44:38.983893,2025-05-25 11:44:45.123459,0 days 00:00:06.139566,AdamW,0.17890615843861768,,,3.1106974671005e-05,,,,1,,,0.0020268889054962415,,PRUNED
941,941,33.333333333333336,2025-05-25 11:44:45.167706,2025-05-25 11:44:49.629891,0 days 00:00:04.462185,AdamW,0.05705221308071633,,,1.0000436020645183e-05,,,,4,,,0.0013754159292010252,,PRUNED
942,942,33.333333333333336,2025-05-25 11:44:49.670528,2025-05-25 11:44:52.466897,0 days 00:00:02.796369,AdamW,0.26345521444739034,,,1.863909000960978e-05,,,,2,,,0.004180638238161998,,PRUNED
943,943,37.5,2025-05-25 11:44:52.499703,2025-05-25 11:44:54.677913,0 days 00:00:02.178210,AdamW,0.301846668397855,,,2.513333996169619e-05,,,,0,,,0.0024823116777294946,,PRUNED
944,944,43.75,2025-05-25 11:44:54.707848,2025-05-25 11:44:56.831165,0 days 00:00:02.123317,AdamW,0.2777717805383813,,,5.47218861408246e-05,,,,0,,,0.006106049874310246,,PRUNED
945,945,33.333333333333336,2025-05-25 11:44:56.860250,2025-05-25 11:44:59.518397,0 days 00:00:02.658147,AdamW,0.24695647109515845,,,0.015247898669417424,,,,7,,,0.007543805291122812,,PRUNED
946,946,33.333333333333336,2025-05-25 11:44:59.563973,2025-05-25 11:45:05.695080,0 days 00:00:06.131107,Adadelta,0.2920297804467476,0.03473608035036613,,,,,,4,2.4704619078250265,,,,PRUNED
947,947,33.333333333333336,2025-05-25 11:45:05.739027,2025-05-25 11:45:11.880040,0 days 00:00:06.141013,AdamW,0.018708181614256168,,,4.615958880357396e-05,,,,1,,,0.002233660665138996,,PRUNED
948,948,33.333333333333336,2025-05-25 11:45:11.925670,2025-05-25 11:45:18.136496,0 days 00:00:06.210826,Adam,0.27015619049752093,,0.01738297852142324,,,,,0,,0.0381091597408403,,,PRUNED
949,949,35.416666666666664,2025-05-25 11:45:18.180805,2025-05-25 11:45:24.446750,0 days 00:00:06.265945,AdamW,0.25708301436803416,,,3.666091427509398e-05,,,,8,,,0.004714588051932786,,PRUNED
950,950,27.083333333333332,2025-05-25 11:45:24.492854,2025-05-25 11:45:30.666291,0 days 00:00:06.173437,AdamW,0.28529153967879584,,,1.4902903036819237e-05,,,,1,,,0.0036680658363329936,,PRUNED
951,951,29.166666666666668,2025-05-25 11:45:30.710236,2025-05-25 11:45:36.831057,0 days 00:00:06.120821,AdamW,0.32313401652272034,,,1.1589169664364411e-05,,,,11,,,0.0019426549114631836,,PRUNED
952,952,35.416666666666664,2025-05-25 11:45:36.876534,2025-05-25 11:45:43.043668,0 days 00:00:06.167134,AdamW,0.2981955508969548,,,2.1190825821433954e-05,,,,5,,,0.002765912104489255,,PRUNED
953,953,,2025-05-25 11:45:43.090680,2025-05-25 11:45:48.542711,0 days 00:00:05.452031,SGD,0.4352494765925518,,,,0.06301653651723797,87.92437628032025,False,6,,,,0.7098992758782356,PRUNED
954,954,33.333333333333336,2025-05-25 11:45:48.585846,2025-05-25 11:45:54.788735,0 days 00:00:06.202889,AdamW,0.2334358906614765,,,7.558952664553276e-05,,,,0,,,0.00166506837076838,,PRUNED
955,955,37.5,2025-05-25 11:45:54.833778,2025-05-25 11:46:00.963544,0 days 00:00:06.129766,AdamW,0.04842169708626143,,,2.8503088777136316e-05,,,,10,,,0.00011841012205103959,,PRUNED
956,956,41.666666666666664,2025-05-25 11:46:01.008075,2025-05-25 11:46:07.242346,0 days 00:00:06.234271,AdamW,0.21194282732315406,,,0.0005789943986863449,,,,9,,,0.0031732660457903807,,PRUNED
957,957,33.333333333333336,2025-05-25 11:46:07.287215,2025-05-25 11:46:13.424068,0 days 00:00:06.136853,Adam,0.3082778467369786,,1.5132617789980809e-05,,,,,3,,0.013286498507670766,,,PRUNED
958,958,27.083333333333332,2025-05-25 11:46:13.469114,2025-05-25 11:46:19.606605,0 days 00:00:06.137491,AdamW,0.2791291647069905,,,1.7754335426614533e-05,,,,4,,,0.005511323220866302,,PRUNED
959,959,29.166666666666668,2025-05-25 11:46:19.650467,2025-05-25 11:46:25.853539,0 days 00:00:06.203072,AdamW,0.029625598583718833,,,3.520907006979503e-05,,,,0,,,0.0021354955274168093,,PRUNED
960,960,31.25,2025-05-25 11:46:25.897521,2025-05-25 11:46:32.100322,0 days 00:00:06.202801,AdamW,0.34888738934882435,,,2.4826757185632427e-05,,,,1,,,0.002510371039130489,,PRUNED
961,961,33.333333333333336,2025-05-25 11:46:32.145504,2025-05-25 11:46:38.343633,0 days 00:00:06.198129,AdamW,0.37178441394616785,,,1.2956440977107756e-05,,,,2,,,0.00021613079423742285,,PRUNED
962,962,37.5,2025-05-25 11:46:38.388553,2025-05-25 11:46:44.535593,0 days 00:00:06.147040,AdamW,0.010105038665200777,,,5.5021805657701476e-05,,,,0,,,0.004286130347498361,,PRUNED
963,963,43.75,2025-05-25 11:46:44.581518,2025-05-25 11:46:50.702349,0 days 00:00:06.120831,AdamW,0.1395474311012867,,,4.450169088333811e-05,,,,9,,,0.0018750916106018466,,PRUNED
964,964,27.083333333333332,2025-05-25 11:46:50.745949,2025-05-25 11:46:57.101769,0 days 00:00:06.355820,AdamW,0.11434020624113621,,,1.6021395450194273e-05,,,,0,,,0.0014815633697606765,,PRUNED
965,965,37.5,2025-05-25 11:46:57.146906,2025-05-25 11:47:03.350641,0 days 00:00:06.203735,AdamW,0.24238997772349122,,,2.2048667484175238e-05,,,,6,,,0.00501281126784031,,PRUNED
966,966,33.333333333333336,2025-05-25 11:47:03.394509,2025-05-25 11:47:09.530132,0 days 00:00:06.135623,Adam,0.2658618788524321,,0.0015768802936785534,,,,,11,,15.934676336781697,,,PRUNED
967,967,45.833333333333336,2025-05-25 11:47:09.574634,2025-05-25 11:47:15.720019,0 days 00:00:06.145385,AdamW,0.282899535644866,,,3.386353474618004e-05,,,,1,,,0.002251343995583959,,PRUNED
968,968,35.416666666666664,2025-05-25 11:47:15.764968,2025-05-25 11:47:22.021235,0 days 00:00:06.256267,AdamW,0.27333038751506317,,,0.0012604952223326355,,,,12,,,0.006559071713057669,,PRUNED
969,969,35.416666666666664,2025-05-25 11:47:22.067263,2025-05-25 11:47:28.253197,0 days 00:00:06.185934,AdamW,0.2566419237922209,,,2.9859681737321912e-05,,,,4,,,0.0028421719972995317,,PRUNED
970,970,31.25,2025-05-25 11:47:28.297355,2025-05-25 11:47:34.445883,0 days 00:00:06.148528,AdamW,0.001980180010843751,,,1.8727117220243852e-05,,,,1,,,0.0032498481363293767,,PRUNED
971,971,33.333333333333336,2025-05-25 11:47:34.490672,2025-05-25 11:47:40.755735,0 days 00:00:06.265063,Adadelta,0.47757230818915014,0.7048314209911195,,,,,,0,1.3428679212072183,,,,PRUNED
972,972,33.333333333333336,2025-05-25 11:47:40.800696,2025-05-25 11:47:47.000160,0 days 00:00:06.199464,AdamW,0.2998207038008048,,,0.05737893415409259,,,,5,,,0.0038786341785130613,,PRUNED
973,973,27.083333333333332,2025-05-25 11:47:47.046392,2025-05-25 11:47:53.280616,0 days 00:00:06.234224,AdamW,0.06874705311434218,,,1.3813953932469937e-05,,,,0,,,0.002061562179582486,,PRUNED
974,974,43.75,2025-05-25 11:47:53.326674,2025-05-25 11:47:59.477472,0 days 00:00:06.150798,AdamW,0.39928209743650395,,,6.129252742759315e-05,,,,10,,,0.0026085132585881503,,PRUNED
975,975,35.416666666666664,2025-05-25 11:47:59.522244,2025-05-25 11:48:05.658007,0 days 00:00:06.135763,Adam,0.019278871093598902,,4.685346706150671e-05,,,,,1,,0.04754661620452532,,,PRUNED
976,976,43.75,2025-05-25 11:48:05.704882,2025-05-25 11:48:11.930219,0 days 00:00:06.225337,AdamW,0.31391372023834746,,,4.144612033586221e-05,,,,4,,,0.005876429724309743,,PRUNED
977,977,35.416666666666664,2025-05-25 11:48:11.974923,2025-05-25 11:48:18.135794,0 days 00:00:06.160871,AdamW,7.79819770068261e-05,,,2.4640858500435256e-05,,,,7,,,0.008430195762445922,,PRUNED
978,978,,2025-05-25 11:48:18.181151,2025-05-25 11:48:23.815480,0 days 00:00:05.634329,SGD,0.2503275780849294,,,,2.173276605844709e-05,12.649104190161616,True,0,,,,3.0632710462294277,PRUNED
979,979,43.75,2025-05-25 11:48:23.858975,2025-05-25 11:48:29.979939,0 days 00:00:06.120964,AdamW,0.45760342536679904,,,0.0004503052388878877,,,,11,,,0.0017113558012132866,,PRUNED
980,980,35.416666666666664,2025-05-25 11:48:30.023990,2025-05-25 11:48:36.194329,0 days 00:00:06.170339,AdamW,0.2631876731929099,,,1.1537046696295607e-05,,,,5,,,0.0035266896064816687,,PRUNED
981,981,39.583333333333336,2025-05-25 11:48:36.240143,2025-05-25 11:48:42.457610,0 days 00:00:06.217467,AdamW,0.08346519442490911,,,8.158457647300892e-05,,,,0,,,0.00234428888414188,,PRUNED
982,982,39.583333333333336,2025-05-25 11:48:42.503029,2025-05-25 11:48:48.649364,0 days 00:00:06.146335,AdamW,0.2877333608834732,,,1.661498867300573e-05,,,,2,,,0.004618045757023501,,PRUNED
983,983,37.5,2025-05-25 11:48:48.693953,2025-05-25 11:48:54.900925,0 days 00:00:06.206972,AdamW,0.3275712274452377,,,2.014505015300253e-05,,,,1,,,0.002927057078534191,,PRUNED
984,984,35.416666666666664,2025-05-25 11:48:54.945002,2025-05-25 11:49:01.121905,0 days 00:00:06.176903,AdamW,0.2726660969956317,,,4.942919024428076e-05,,,,6,,,0.0018733957273478975,,PRUNED
985,985,39.583333333333336,2025-05-25 11:49:01.166204,2025-05-25 11:49:07.384667,0 days 00:00:06.218463,Adam,0.03313494690869069,,1.0348673463918023e-05,,,,,0,,0.9515097155716188,,,PRUNED
986,986,39.583333333333336,2025-05-25 11:49:07.430238,2025-05-25 11:49:13.587970,0 days 00:00:06.157732,AdamW,0.041939259749975796,,,2.9172125497279006e-05,,,,1,,,0.005229221533402201,,PRUNED
987,987,39.583333333333336,2025-05-25 11:49:13.632803,2025-05-25 11:49:19.810315,0 days 00:00:06.177512,AdamW,0.3791127439206949,,,3.788877468962823e-05,,,,3,,,0.0011771297361912474,,PRUNED
988,988,45.833333333333336,2025-05-25 11:49:19.854869,2025-05-25 11:49:26.092778,0 days 00:00:06.237909,AdamW,0.2940688647134412,,,2.477799414439122e-05,,,,4,,,0.0023532059835244014,,PRUNED
989,989,33.333333333333336,2025-05-25 11:49:26.138252,2025-05-25 11:49:32.364911,0 days 00:00:06.226659,AdamW,0.3541494586268716,,,1.3617761804509232e-05,,,,0,,,0.004212024152485338,,PRUNED
990,990,35.416666666666664,2025-05-25 11:49:32.411429,2025-05-25 11:49:38.561885,0 days 00:00:06.150456,AdamW,0.16182231474203185,,,6.287341179962862e-05,,,,5,,,0.0021320565018517522,,PRUNED
991,991,39.583333333333336,2025-05-25 11:49:38.607177,2025-05-25 11:49:44.746676,0 days 00:00:06.139499,AdamW,0.27898420516822425,,,1.659226954670321e-05,,,,8,,,0.0026603226646622884,,PRUNED
992,992,45.833333333333336,2025-05-25 11:49:44.791105,2025-05-25 11:49:48.621042,0 days 00:00:03.829937,AdamW,0.3039709192826421,,,3.2001978943092714e-05,,,,10,,,0.0025073279871112896,,PRUNED
993,993,35.416666666666664,2025-05-25 11:49:48.649545,2025-05-25 11:49:51.124433,0 days 00:00:02.474888,Adam,0.26681475595129944,,0.00010304967337870506,,,,,11,,0.6650658144128379,,,PRUNED
994,994,45.833333333333336,2025-05-25 11:49:51.167610,2025-05-25 11:49:57.340259,0 days 00:00:06.172649,AdamW,0.1964000930302212,,,2.0621689777044966e-05,,,,1,,,0.006080071602519327,,PRUNED
995,995,33.333333333333336,2025-05-25 11:49:57.385696,2025-05-25 11:50:03.535876,0 days 00:00:06.150180,Adadelta,0.011638523883190553,1.8817801186122567,,,,,,0,59.61353204905745,,,,PRUNED
996,996,35.416666666666664,2025-05-25 11:50:03.580680,2025-05-25 11:50:09.735499,0 days 00:00:06.154819,AdamW,0.25448026092974474,,,1.0099697336489779e-05,,,,6,,,0.0031548246518889487,,PRUNED
997,997,37.5,2025-05-25 11:50:09.780019,2025-05-25 11:50:15.844532,0 days 00:00:06.064513,AdamW,0.2426093638236475,,,4.728487589070604e-05,,,,11,,,0.00201478601812879,,PRUNED
998,998,31.25,2025-05-25 11:50:15.875419,2025-05-25 11:50:18.346793,0 days 00:00:02.471374,AdamW,0.48933996937125995,,,3.6997188682923254e-05,,,,9,,,0.0047730544758805135,,PRUNED
999,999,41.666666666666664,2025-05-25 11:50:18.377377,2025-05-25 11:50:20.721184,0 days 00:00:02.343807,AdamW,0.22966508038336764,,,2.7600174651158275e-05,,,,10,,,0.007182249890932358,,PRUNED
