,number,value,datetime_start,datetime_complete,duration,params_algorithm,params_dropout_rate,params_lr_Adadelta,params_lr_Adam,params_lr_AdamW,params_lr_SGD,params_momentum_SGD,params_nesterov_SGD,params_suggested_freeze,params_weight_decay_Adadelta,params_weight_decay_Adam,params_weight_decay_AdamW,params_weight_decay_SGD,state
0,0,43.75,2025-05-24 21:22:55.931702,2025-05-24 21:23:32.629902,0 days 00:00:36.698200,Adadelta,0.4753571532049581,0.017073967431528128,,,,,,3,29.154431891537552,,,,COMPLETE
1,1,47.916666666666664,2025-05-24 21:23:32.687722,2025-05-24 21:24:03.885872,0 days 00:00:31.198150,Adam,0.35403628889802274,,5.3370327626039544e-05,,,,,5,,0.05415244119402541,,,COMPLETE
2,2,52.083333333333336,2025-05-24 21:24:03.935078,2025-05-24 21:24:36.056702,0 days 00:00:32.121624,AdamW,0.2623782158161189,,,0.00014742753159914678,,,,2,,,0.0005404103854647331,,COMPLETE
3,3,33.333333333333336,2025-05-24 21:24:36.115266,2025-05-24 21:25:07.370055,0 days 00:00:31.254789,AdamW,0.3925879806965068,,,0.0026926469100861782,,,,4,,,0.00021930485556643703,,COMPLETE
4,4,33.333333333333336,2025-05-24 21:25:07.419598,2025-05-24 21:25:40.085126,0 days 00:00:32.665528,Adadelta,0.4744427686266666,5.456725485601478,,,,,,0,0.5762487216478605,,,,COMPLETE
5,5,52.083333333333336,2025-05-24 21:25:40.135567,2025-05-24 21:26:05.421235,0 days 00:00:25.285668,Adam,0.2475884550556351,,0.00017654048052495074,,,,,1,,1.2030178871154673,,,COMPLETE
6,6,33.333333333333336,2025-05-24 21:26:05.461026,2025-05-24 21:26:23.201407,0 days 00:00:17.740381,Adadelta,0.09242722776276352,2.463768595899747,,,,,,4,48.696409415209004,,,,PRUNED
7,7,33.333333333333336,2025-05-24 21:26:23.236070,2025-05-24 21:26:41.326330,0 days 00:00:18.090260,AdamW,0.0979914312095726,,,0.02065142557895925,,,,0,,,0.0005170191786366995,,PRUNED
8,8,33.333333333333336,2025-05-24 21:26:41.360836,2025-05-24 21:26:53.734904,0 days 00:00:12.374068,SGD,0.27134804157912423,,,,0.012273800987852962,0.5621564911890039,True,2,,,,0.06235377135673159,PRUNED
9,9,33.333333333333336,2025-05-24 21:26:53.770606,2025-05-24 21:27:10.254615,0 days 00:00:16.484009,SGD,0.38563517334297287,,,,0.0031130959561221226,6.365199445099503,False,6,,,,0.2106648601704221,PRUNED
10,10,27.083333333333332,2025-05-24 21:27:10.291238,2025-05-24 21:27:36.855789,0 days 00:00:26.564551,AdamW,0.0029985914779085965,,,1.1799062523159256e-05,,,,8,,,0.006630907782559361,,PRUNED
11,11,33.333333333333336,2025-05-24 21:27:36.895892,2025-05-24 21:28:01.254833,0 days 00:00:24.358941,Adam,0.21137566250973713,,0.009520145760425397,,,,,2,,18.077272553134513,,,PRUNED
12,12,31.25,2025-05-24 21:28:01.289698,2025-05-24 21:28:20.981151,0 days 00:00:19.691453,Adam,0.2280781684174102,,0.000145806698847743,,,,,1,,1.407703659199024,,,PRUNED
13,13,33.333333333333336,2025-05-24 21:28:21.015216,2025-05-24 21:28:45.069176,0 days 00:00:24.053960,Adam,0.28664548882561447,,0.002223892167260502,,,,,2,,0.35512137719444403,,,PRUNED
14,14,64.58333333333333,2025-05-24 21:28:45.113516,2025-05-24 21:29:16.613506,0 days 00:00:31.499990,AdamW,0.16257126696618518,,,5.107684925222934e-05,,,,1,,,0.0025253710106474536,,COMPLETE
15,15,58.333333333333336,2025-05-24 21:29:16.664563,2025-05-24 21:29:47.418475,0 days 00:00:30.753912,AdamW,0.14808317204514113,,,4.839668264505077e-05,,,,3,,,0.0021601863672613586,,COMPLETE
16,16,47.916666666666664,2025-05-24 21:29:47.468924,2025-05-24 21:30:14.832755,0 days 00:00:27.363831,AdamW,0.1399954876351523,,,3.091592599668577e-05,,,,6,,,0.003944479816467623,,PRUNED
17,17,33.333333333333336,2025-05-24 21:30:14.876522,2025-05-24 21:30:39.119083,0 days 00:00:24.242561,AdamW,0.16288708884746878,,,0.0003230170128868152,,,,3,,,0.002192593935913539,,PRUNED
18,18,56.25,2025-05-24 21:30:39.154000,2025-05-24 21:31:10.850672,0 days 00:00:31.696672,AdamW,0.01811884405994857,,,5.6861741806643255e-05,,,,1,,,0.002117035515125565,,COMPLETE
19,19,33.333333333333336,2025-05-24 21:31:10.900803,2025-05-24 21:31:33.731789,0 days 00:00:22.830986,AdamW,0.17225925216346163,,,0.0007748755752908133,,,,4,,,0.0013068856378153323,,PRUNED
20,20,31.25,2025-05-24 21:31:33.761012,2025-05-24 21:31:40.665918,0 days 00:00:06.904906,SGD,0.06335423743148177,,,,2.025934909325147e-05,88.37749112170019,True,8,,,,71.38393633927497,PRUNED
21,21,52.083333333333336,2025-05-24 21:31:40.693733,2025-05-24 21:31:54.552696,0 days 00:00:13.858963,AdamW,0.00479789600916028,,,5.999198528595586e-05,,,,1,,,0.00231748617337115,,COMPLETE
22,22,58.333333333333336,2025-05-24 21:31:54.602056,2025-05-24 21:32:23.108897,0 days 00:00:28.506841,AdamW,0.052459346547832145,,,5.288713490956668e-05,,,,0,,,0.002259368050220076,,COMPLETE
23,23,64.58333333333333,2025-05-24 21:32:23.147850,2025-05-24 21:32:41.640414,0 days 00:00:18.492564,AdamW,0.12110791015365835,,,1.3970734935405238e-05,,,,0,,,0.009723232795371139,,COMPLETE
24,24,33.333333333333336,2025-05-24 21:32:41.690655,2025-05-24 21:33:01.400226,0 days 00:00:19.709571,AdamW,0.13115647705244074,,,1.0039855794080832e-05,,,,3,,,0.00738424928402442,,PRUNED
25,25,33.333333333333336,2025-05-24 21:33:01.436042,2025-05-24 21:33:23.831186,0 days 00:00:22.395144,AdamW,0.19503905784610515,,,0.00015771930997381022,,,,0,,,0.009240781600976638,,PRUNED
26,26,33.333333333333336,2025-05-24 21:33:23.865881,2025-05-24 21:33:43.515088,0 days 00:00:19.649207,AdamW,0.10961999850084118,,,2.1989892035842425e-05,,,,1,,,0.004339805572962155,,PRUNED
27,27,33.333333333333336,2025-05-24 21:33:43.550123,2025-05-24 21:34:03.162630,0 days 00:00:19.612507,AdamW,0.3133332305410652,,,0.003206785905409232,,,,3,,,0.0008688133453199681,,PRUNED
28,28,33.333333333333336,2025-05-24 21:34:03.197445,2025-05-24 21:34:22.870353,0 days 00:00:19.672908,Adadelta,0.18046136468130622,71.09750733359516,,,,,,0,0.016987592312017272,,,,PRUNED
29,29,,2025-05-24 21:34:22.916935,2025-05-24 21:34:40.790866,0 days 00:00:17.873931,SGD,0.058541176587596,,,,1.4839113238339737e-05,95.86041307333699,False,3,,,,18.395730677410548,PRUNED
30,30,33.333333333333336,2025-05-24 21:34:40.834931,2025-05-24 21:34:59.833194,0 days 00:00:18.998263,Adadelta,0.15289783147275088,0.012327990271406086,,,,,,2,0.017620822291138413,,,,PRUNED
31,31,33.333333333333336,2025-05-24 21:34:59.876995,2025-05-24 21:35:19.324405,0 days 00:00:19.447410,AdamW,0.05258179542949669,,,5.667811878383137e-05,,,,0,,,0.003265973675646259,,PRUNED
32,32,33.333333333333336,2025-05-24 21:35:19.359255,2025-05-24 21:35:38.995381,0 days 00:00:19.636126,AdamW,0.11619551771652195,,,0.00013372501428914556,,,,0,,,0.0012717363465108442,,PRUNED
33,33,41.666666666666664,2025-05-24 21:35:39.030024,2025-05-24 21:36:05.934108,0 days 00:00:26.904084,AdamW,0.07654653822174869,,,2.7981036942194653e-05,,,,1,,,0.0017841218227286392,,PRUNED
34,34,33.333333333333336,2025-05-24 21:36:05.969920,2025-05-24 21:36:25.776626,0 days 00:00:19.806706,AdamW,0.037258891670282165,,,0.09946126450457445,,,,1,,,0.004828771810726373,,PRUNED
35,35,64.58333333333333,2025-05-24 21:36:25.811576,2025-05-24 21:36:56.424020,0 days 00:00:30.612444,AdamW,0.13366166541885696,,,2.2594550368435305e-05,,,,5,,,0.0007171366308231369,,COMPLETE
36,36,33.333333333333336,2025-05-24 21:36:56.476756,2025-05-24 21:37:15.985236,0 days 00:00:19.508480,AdamW,0.20994456138766326,,,1.9236515742174086e-05,,,,5,,,0.0005041470618034521,,PRUNED
37,37,33.333333333333336,2025-05-24 21:37:16.020317,2025-05-24 21:37:26.819444,0 days 00:00:10.799127,AdamW,0.1348175510117301,,,0.00033764033372634896,,,,5,,,0.0008152093698025733,,PRUNED
38,38,33.333333333333336,2025-05-24 21:37:26.853032,2025-05-24 21:37:45.238114,0 days 00:00:18.385082,Adadelta,0.2371061284748421,0.18442731888593034,,,,,,6,0.8870445015199778,,,,PRUNED
39,39,33.333333333333336,2025-05-24 21:37:45.264049,2025-05-24 21:37:52.234244,0 days 00:00:06.970195,AdamW,0.4717961754249553,,,1.2888374142421435e-05,,,,5,,,0.00026091747168219227,,PRUNED
40,40,33.333333333333336,2025-05-24 21:37:52.260624,2025-05-24 21:37:59.117487,0 days 00:00:06.856863,Adam,0.18705200176289077,,0.04553662854131712,,,,,4,,75.11710625573838,,,PRUNED
41,41,29.166666666666668,2025-05-24 21:37:59.144681,2025-05-24 21:38:11.321081,0 days 00:00:12.176400,AdamW,0.08138065971699036,,,4.5262708504391835e-05,,,,7,,,0.00010704401996178635,,PRUNED
42,42,33.333333333333336,2025-05-24 21:38:11.355281,2025-05-24 21:38:31.029955,0 days 00:00:19.674674,AdamW,0.10910330379566494,,,8.768640681435251e-05,,,,0,,,0.002654841325501559,,PRUNED
43,43,56.25,2025-05-24 21:38:31.064690,2025-05-24 21:39:02.702800,0 days 00:00:31.638110,AdamW,0.03741407783570083,,,3.05736417981137e-05,,,,0,,,0.0011253636029077113,,COMPLETE
44,44,35.416666666666664,2025-05-24 21:39:02.754276,2025-05-24 21:39:22.276217,0 days 00:00:19.521941,AdamW,0.09464115196973139,,,2.026038840906185e-05,,,,2,,,0.0015804343531595694,,PRUNED
45,45,,2025-05-24 21:39:22.310418,2025-05-24 21:39:40.344333,0 days 00:00:18.033915,SGD,0.14586652867964037,,,,0.07697336416909212,50.556122432111465,False,5,,,,2.1442082563972504,PRUNED
46,46,35.416666666666664,2025-05-24 21:39:40.390178,2025-05-24 21:39:59.387281,0 days 00:00:18.997103,AdamW,0.1284185137212447,,,9.460680820902994e-05,,,,2,,,0.0031935649516396116,,PRUNED
47,47,31.25,2025-05-24 21:39:59.421823,2025-05-24 21:40:17.878625,0 days 00:00:18.456802,AdamW,0.21177656686114352,,,3.748172795114231e-05,,,,7,,,0.005282521933850156,,PRUNED
48,48,33.333333333333336,2025-05-24 21:40:17.912198,2025-05-24 21:40:37.027630,0 days 00:00:19.115432,Adam,0.15982730899199543,,1.6532915747157256e-05,,,,,0,,0.012028053718166665,,,PRUNED
49,49,33.333333333333336,2025-05-24 21:40:37.062606,2025-05-24 21:40:56.283868,0 days 00:00:19.221262,Adadelta,0.08062057431363899,95.61311598960178,,,,,,4,5.561402383017114,,,,PRUNED
50,50,33.333333333333336,2025-05-24 21:40:56.318065,2025-05-24 21:41:15.432249,0 days 00:00:19.114184,AdamW,0.29000767040211445,,,0.00017749305880502937,,,,1,,,0.0006878514639672287,,PRUNED
51,51,33.333333333333336,2025-05-24 21:41:15.466254,2025-05-24 21:41:35.197123,0 days 00:00:19.730869,AdamW,0.017813823758750666,,,6.236039920397243e-05,,,,1,,,0.0018904078648513075,,PRUNED
52,52,35.416666666666664,2025-05-24 21:41:35.231195,2025-05-24 21:41:54.954730,0 days 00:00:19.723535,AdamW,0.050191051504060336,,,1.7421095740398267e-05,,,,1,,,0.0028011752886792796,,PRUNED
53,53,62.5,2025-05-24 21:41:54.991636,2025-05-24 21:42:26.690842,0 days 00:00:31.699206,AdamW,0.0376723239753725,,,4.512831791777765e-05,,,,2,,,0.0014723408271638985,,COMPLETE
54,54,33.333333333333336,2025-05-24 21:42:26.742235,2025-05-24 21:42:46.872724,0 days 00:00:20.130489,AdamW,0.10302305892459568,,,0.00010185006199950447,,,,2,,,0.0003330464283505215,,PRUNED
55,55,33.333333333333336,2025-05-24 21:42:46.907163,2025-05-24 21:42:59.178809,0 days 00:00:12.271646,AdamW,0.025856157472260107,,,0.00028555044535330857,,,,3,,,0.0013791093197244395,,PRUNED
56,56,,2025-05-24 21:42:59.212897,2025-05-24 21:43:16.817244,0 days 00:00:17.604347,SGD,0.07095297538858407,,,,0.0002436806705604994,51.4427435384869,True,3,,,,0.010401039998830923,PRUNED
57,57,35.416666666666664,2025-05-24 21:43:16.860453,2025-05-24 21:43:33.030015,0 days 00:00:16.169562,AdamW,0.1243232251293865,,,1.0229211604572777e-05,,,,2,,,0.0006159140966966798,,PRUNED
58,58,33.333333333333336,2025-05-24 21:43:33.064539,2025-05-24 21:43:52.511080,0 days 00:00:19.446541,Adam,0.25776964597980945,,0.06584146226862728,,,,,0,,10.475147952425473,,,PRUNED
59,59,35.416666666666664,2025-05-24 21:43:52.546357,2025-05-24 21:44:12.386227,0 days 00:00:19.839870,AdamW,0.16423382932781658,,,3.460504942053007e-05,,,,1,,,0.0008981155888647946,,PRUNED
60,60,33.333333333333336,2025-05-24 21:44:12.431896,2025-05-24 21:44:32.203491,0 days 00:00:19.771595,AdamW,0.09288619792424009,,,0.007410785953495469,,,,4,,,0.001712124970546016,,PRUNED
61,61,58.333333333333336,2025-05-24 21:44:32.237933,2025-05-24 21:45:04.094105,0 days 00:00:31.856172,AdamW,0.016525542214998967,,,5.397525729141721e-05,,,,1,,,0.0022048287793411557,,COMPLETE
62,62,58.333333333333336,2025-05-24 21:45:04.145053,2025-05-24 21:45:35.864597,0 days 00:00:31.719544,AdamW,0.0385177515383044,,,4.188879496896556e-05,,,,1,,,0.003409819425973793,,COMPLETE
63,63,70.83333333333333,2025-05-24 21:45:35.918520,2025-05-24 21:46:07.104343,0 days 00:00:31.185823,AdamW,0.021936266705574265,,,7.414979222147891e-05,,,,2,,,0.00224014106953968,,COMPLETE
64,64,43.75,2025-05-24 21:46:07.154713,2025-05-24 21:46:38.302581,0 days 00:00:31.147868,AdamW,0.05105216869412713,,,1.5539246404028235e-05,,,,2,,,0.00041758009769540225,,COMPLETE
65,65,54.166666666666664,2025-05-24 21:46:38.352681,2025-05-24 21:47:09.628226,0 days 00:00:31.275545,AdamW,0.0033501859251188273,,,2.5213836769129515e-05,,,,2,,,0.0010576447122442087,,COMPLETE
66,66,33.333333333333336,2025-05-24 21:47:09.683938,2025-05-24 21:47:31.526140,0 days 00:00:21.842202,AdamW,0.06634201952531744,,,8.041452713908357e-05,,,,3,,,0.002539440509260565,,PRUNED
67,67,35.416666666666664,2025-05-24 21:47:31.560543,2025-05-24 21:47:51.197839,0 days 00:00:19.637296,Adadelta,0.14245886060433297,0.13093926836268646,,,,,,0,0.10277249009041292,,,,PRUNED
68,68,,2025-05-24 21:47:51.244136,2025-05-24 21:48:09.554731,0 days 00:00:18.310595,SGD,0.11447050523140734,,,,0.00021766855810388612,22.767518884788462,True,3,,,,2.6855659464132664,PRUNED
69,69,33.333333333333336,2025-05-24 21:48:09.588278,2025-05-24 21:48:27.654734,0 days 00:00:18.066456,AdamW,0.20514999504617198,,,0.0010702902205814433,,,,0,,,0.006337195602685571,,PRUNED
70,70,60.416666666666664,2025-05-24 21:48:27.687946,2025-05-24 21:48:49.660959,0 days 00:00:21.973013,AdamW,0.02582492707627035,,,0.00023208092939181396,,,,2,,,0.0014459989322901958,,COMPLETE
71,71,35.416666666666664,2025-05-24 21:48:49.712109,2025-05-24 21:49:04.412998,0 days 00:00:14.700889,AdamW,0.030815197514239202,,,0.0001362229213263964,,,,2,,,0.0014448103467224022,,PRUNED
72,72,33.333333333333336,2025-05-24 21:49:04.439353,2025-05-24 21:49:11.037166,0 days 00:00:06.597813,AdamW,0.0020990328315344843,,,0.00023132020804604933,,,,3,,,0.001976439358482875,,PRUNED
73,73,33.333333333333336,2025-05-24 21:49:11.066096,2025-05-24 21:49:30.125467,0 days 00:00:19.059371,AdamW,0.0842912264712688,,,0.00041258043629243914,,,,1,,,0.009043109951285962,,PRUNED
74,74,33.333333333333336,2025-05-24 21:49:30.159731,2025-05-24 21:49:49.783049,0 days 00:00:19.623318,AdamW,0.17581545915267383,,,0.00059419144478383,,,,4,,,0.003808549992312709,,PRUNED
75,75,81.25,2025-05-24 21:49:49.818047,2025-05-24 21:50:21.605729,0 days 00:00:31.787682,AdamW,0.048784223208060556,,,6.0893242672069005e-05,,,,2,,,0.0012171307256175067,,COMPLETE
76,76,33.333333333333336,2025-05-24 21:50:21.654997,2025-05-24 21:50:39.805059,0 days 00:00:18.150062,AdamW,0.04363533020063532,,,6.570429614851637e-05,,,,2,,,0.0012128143754703967,,PRUNED
77,77,33.333333333333336,2025-05-24 21:50:39.839911,2025-05-24 21:50:57.491907,0 days 00:00:17.651996,Adam,0.01629032086202445,,0.0011607253714622846,,,,,2,,0.1921473791788387,,,PRUNED
78,78,41.666666666666664,2025-05-24 21:50:57.526506,2025-05-24 21:51:18.359659,0 days 00:00:20.833153,AdamW,0.06679130743655673,,,2.6445448172952988e-05,,,,2,,,0.0007307795508900119,,PRUNED
79,79,33.333333333333336,2025-05-24 21:51:18.394409,2025-05-24 21:51:37.982742,0 days 00:00:19.588333,AdamW,0.44804507706442454,,,0.00012084792837967955,,,,3,,,0.0009728953132847242,,PRUNED
80,80,33.333333333333336,2025-05-24 21:51:38.017559,2025-05-24 21:51:56.953985,0 days 00:00:18.936426,AdamW,0.19118302927828565,,,3.962048904972554e-05,,,,6,,,0.0014552676501939934,,PRUNED
81,81,33.333333333333336,2025-05-24 21:51:56.993692,2025-05-24 21:52:16.637752,0 days 00:00:19.644060,AdamW,0.3504441474286223,,,6.296778258589894e-05,,,,2,,,0.002048640349448933,,PRUNED
82,82,68.75,2025-05-24 21:52:16.672220,2025-05-24 21:52:48.216756,0 days 00:00:31.544536,AdamW,0.062158640084234454,,,1.3648937389142515e-05,,,,1,,,0.001638903950399513,,COMPLETE
83,83,37.5,2025-05-24 21:52:48.268024,2025-05-24 21:53:07.868209,0 days 00:00:19.600185,AdamW,0.05933798207744123,,,1.8659083382616775e-05,,,,1,,,0.0015571368422739487,,PRUNED
84,84,60.416666666666664,2025-05-24 21:53:07.902316,2025-05-24 21:53:39.482158,0 days 00:00:31.579842,AdamW,0.029983591916817723,,,1.359960687573194e-05,,,,2,,,0.0011778252391392722,,COMPLETE
85,85,37.5,2025-05-24 21:53:39.536213,2025-05-24 21:53:58.711599,0 days 00:00:19.175386,AdamW,0.02657400173609826,,,1.1875480517731283e-05,,,,2,,,0.0010278834237330617,,PRUNED
86,86,33.333333333333336,2025-05-24 21:53:58.746249,2025-05-24 21:54:15.305773,0 days 00:00:16.559524,Adadelta,0.041781889465021045,12.261814444251515,,,,,,2,5.4754717922017635,,,,PRUNED
87,87,31.25,2025-05-24 21:54:15.337258,2025-05-24 21:54:23.061919,0 days 00:00:07.724661,AdamW,0.013306856574464877,,,1.4311265245236913e-05,,,,1,,,0.001270233760052114,,PRUNED
88,88,33.333333333333336,2025-05-24 21:54:23.088131,2025-05-24 21:54:29.292916,0 days 00:00:06.204785,AdamW,0.09224249606008478,,,2.3094899992290653e-05,,,,5,,,0.0017068805264081038,,PRUNED
89,89,,2025-05-24 21:54:29.318098,2025-05-24 21:54:35.993686,0 days 00:00:06.675588,SGD,0.0303178560178158,,,,0.0004738107204065892,69.35801902453011,False,1,,,,0.34740101427990533,PRUNED
90,90,31.25,2025-05-24 21:54:36.025493,2025-05-24 21:54:55.106288,0 days 00:00:19.080795,AdamW,0.0765498723582563,,,1.4560013287325155e-05,,,,1,,,0.0007928967190877614,,PRUNED
91,91,33.333333333333336,2025-05-24 21:54:55.140472,2025-05-24 21:55:07.442487,0 days 00:00:12.302015,AdamW,0.12416177685790372,,,3.202439596160131e-05,,,,3,,,0.0011975764506194297,,PRUNED
92,92,39.583333333333336,2025-05-24 21:55:07.469292,2025-05-24 21:55:24.302463,0 days 00:00:16.833171,AdamW,0.054002696726257536,,,2.2826205703266725e-05,,,,2,,,0.0023701221526146762,,PRUNED
93,93,33.333333333333336,2025-05-24 21:55:24.337607,2025-05-24 21:55:44.027328,0 days 00:00:19.689721,AdamW,0.10369271982219383,,,4.574994505174373e-05,,,,3,,,0.0029669132831557634,,PRUNED
94,94,58.333333333333336,2025-05-24 21:55:44.062318,2025-05-24 21:56:15.136441,0 days 00:00:31.074123,AdamW,0.02654452617532486,,,7.670890630555269e-05,,,,2,,,0.0018318953209519834,,COMPLETE
95,95,35.416666666666664,2025-05-24 21:56:15.188479,2025-05-24 21:56:34.700272,0 days 00:00:19.511793,AdamW,0.22493343275743635,,,3.037651616234459e-05,,,,2,,,0.000499153354585563,,PRUNED
96,96,29.166666666666668,2025-05-24 21:56:34.735770,2025-05-24 21:56:53.776937,0 days 00:00:19.041167,AdamW,0.1471173733067655,,,1.012619161353807e-05,,,,6,,,0.0009290453059226994,,PRUNED
97,97,33.333333333333336,2025-05-24 21:56:53.812236,2025-05-24 21:57:14.873626,0 days 00:00:21.061390,Adam,0.1575309056889767,,0.007862719062172046,,,,,3,,0.011378582702722056,,,PRUNED
98,98,37.5,2025-05-24 21:57:14.918357,2025-05-24 21:57:34.750773,0 days 00:00:19.832416,AdamW,0.04538277027859112,,,0.00018975195183881165,,,,2,,,0.0006239155564578051,,PRUNED
99,99,37.5,2025-05-24 21:57:34.786113,2025-05-24 21:57:57.316819,0 days 00:00:22.530706,AdamW,0.008937294688531855,,,1.719101589156362e-05,,,,1,,,0.0015791704469810275,,PRUNED
100,100,35.416666666666664,2025-05-24 21:57:57.351998,2025-05-24 21:58:16.994978,0 days 00:00:19.642980,AdamW,0.16915155210790933,,,4.490371393919886e-05,,,,2,,,0.0011298659092913443,,PRUNED
101,101,75.0,2025-05-24 21:58:17.030608,2025-05-24 21:58:48.880094,0 days 00:00:31.849486,AdamW,0.05972187056315591,,,5.2069975761495826e-05,,,,1,,,0.0022625667631474286,,COMPLETE
102,102,77.08333333333333,2025-05-24 21:58:48.931575,2025-05-24 21:59:20.852810,0 days 00:00:31.921235,AdamW,0.06009847667953449,,,0.0001075367335925174,,,,1,,,0.002188787246793746,,COMPLETE
103,103,37.5,2025-05-24 21:59:20.904970,2025-05-24 21:59:40.940122,0 days 00:00:20.035152,AdamW,0.061427058092934465,,,0.00010791413013127431,,,,0,,,0.0025057317495092387,,PRUNED
104,104,39.583333333333336,2025-05-24 21:59:40.975957,2025-05-24 21:59:58.961209,0 days 00:00:17.985252,AdamW,0.0896890151870089,,,7.984892958562557e-05,,,,1,,,0.0014093323349449358,,PRUNED
105,105,33.333333333333336,2025-05-24 21:59:58.994779,2025-05-24 22:00:15.654730,0 days 00:00:16.659951,AdamW,0.034886641309254285,,,0.0014503094052056773,,,,0,,,0.0020088488695742136,,PRUNED
106,106,39.583333333333336,2025-05-24 22:00:15.690602,2025-05-24 22:00:27.751608,0 days 00:00:12.061006,AdamW,0.06600505865402968,,,5.092760949840877e-05,,,,1,,,0.0016755058435249598,,PRUNED
107,107,33.333333333333336,2025-05-24 22:00:27.778881,2025-05-24 22:00:34.297007,0 days 00:00:06.518126,Adadelta,0.07217413844492644,0.36382577227907337,,,,,,1,0.123336688924944,,,,PRUNED
108,108,33.333333333333336,2025-05-24 22:00:34.328973,2025-05-24 22:00:41.618742,0 days 00:00:07.289769,AdamW,0.04717630807817971,,,3.3065267747705717e-05,,,,1,,,0.0036607361968936155,,PRUNED
109,109,37.5,2025-05-24 22:00:41.646560,2025-05-24 22:01:00.932278,0 days 00:00:19.285718,AdamW,0.023553029451905242,,,0.00015527460354735766,,,,0,,,0.0028512748054579195,,PRUNED
110,110,,2025-05-24 22:01:00.969090,2025-05-24 22:01:19.318601,0 days 00:00:18.349511,SGD,0.11637926907924194,,,,0.06988406214006979,28.85459412973262,False,1,,,,12.166113516953434,PRUNED
111,111,33.333333333333336,2025-05-24 22:01:19.362154,2025-05-24 22:01:38.919216,0 days 00:00:19.557062,AdamW,0.13283955018712715,,,6.36332730349577e-05,,,,2,,,0.0022519506748576693,,PRUNED
112,112,31.25,2025-05-24 22:01:38.956700,2025-05-24 22:01:58.215383,0 days 00:00:19.258683,AdamW,0.1016509241826483,,,2.023022842469648e-05,,,,4,,,0.00449956348236249,,PRUNED
113,113,85.41666666666667,2025-05-24 22:01:58.250976,2025-05-24 22:02:29.401902,0 days 00:00:31.150926,AdamW,0.0792093523119217,,,8.588408461176659e-05,,,,2,,,0.0018374590026966455,,COMPLETE
114,114,39.583333333333336,2025-05-24 22:02:29.454366,2025-05-24 22:02:49.083404,0 days 00:00:19.629038,AdamW,0.08461294989108843,,,0.00010399504611654504,,,,2,,,0.0018699043084596104,,PRUNED
115,115,37.5,2025-05-24 22:02:49.131961,2025-05-24 22:03:11.790132,0 days 00:00:22.658171,AdamW,0.05676909965113567,,,8.070605376607454e-05,,,,1,,,0.00012455291132473288,,PRUNED
116,116,33.333333333333336,2025-05-24 22:03:11.826516,2025-05-24 22:03:31.847708,0 days 00:00:20.021192,AdamW,0.07598114592323929,,,0.05297458366347375,,,,2,,,0.0014971891655328664,,PRUNED
117,117,31.25,2025-05-24 22:03:31.884005,2025-05-24 22:03:51.628512,0 days 00:00:19.744507,AdamW,0.04272310677507195,,,1.313614500200884e-05,,,,1,,,0.00216083978427495,,PRUNED
118,118,64.58333333333333,2025-05-24 22:03:51.665524,2025-05-24 22:04:22.889803,0 days 00:00:31.224279,AdamW,0.01809655868712149,,,4.19189640207436e-05,,,,2,,,0.001331095143519554,,COMPLETE
119,119,33.333333333333336,2025-05-24 22:04:22.942641,2025-05-24 22:04:42.593154,0 days 00:00:19.650513,AdamW,0.014369151055075502,,,3.785052280520357e-05,,,,5,,,0.001319240562946907,,PRUNED
120,120,31.25,2025-05-24 22:04:42.629575,2025-05-24 22:05:02.460388,0 days 00:00:19.830813,Adam,0.05732029556128455,,1.0012543402296049e-05,,,,,1,,5.6627444556449005,,,PRUNED
121,121,35.416666666666664,2025-05-24 22:05:02.495496,2025-05-24 22:05:22.401714,0 days 00:00:19.906218,AdamW,0.03609651025580751,,,5.144508695716763e-05,,,,2,,,0.0011374477535019943,,PRUNED
122,122,29.166666666666668,2025-05-24 22:05:22.437553,2025-05-24 22:05:41.547075,0 days 00:00:19.109522,AdamW,0.0006305876496848946,,,2.7724570937419593e-05,,,,2,,,0.001747944824353073,,PRUNED
123,123,72.91666666666667,2025-05-24 22:05:41.581406,2025-05-24 22:06:03.338818,0 days 00:00:21.757412,AdamW,0.021845094932533678,,,6.533639326523193e-05,,,,2,,,0.0012941361995079828,,COMPLETE
124,124,37.5,2025-05-24 22:06:03.389460,2025-05-24 22:06:20.104768,0 days 00:00:16.715308,AdamW,0.02082146080350813,,,6.655693532730113e-05,,,,7,,,0.0013557447579755659,,PRUNED
125,125,33.333333333333336,2025-05-24 22:06:20.141729,2025-05-24 22:06:36.220833,0 days 00:00:16.079104,AdamW,0.008806941822901704,,,0.00012492709675382657,,,,2,,,0.002515991415864034,,PRUNED
126,126,39.583333333333336,2025-05-24 22:06:36.255456,2025-05-24 22:06:56.029475,0 days 00:00:19.774019,AdamW,0.05015453078636148,,,0.00010096655935425665,,,,2,,,0.0008447222887996063,,PRUNED
127,127,33.333333333333336,2025-05-24 22:06:56.064804,2025-05-24 22:07:15.780879,0 days 00:00:19.716075,AdamW,0.07277726519833466,,,0.0002049239819921118,,,,1,,,0.0010473915987685614,,PRUNED
128,128,33.333333333333336,2025-05-24 22:07:15.815623,2025-05-24 22:07:35.489719,0 days 00:00:19.674096,AdamW,0.021171185311763006,,,3.9993597827201515e-05,,,,0,,,0.0015969851198766548,,PRUNED
129,129,33.333333333333336,2025-05-24 22:07:35.525579,2025-05-24 22:07:55.141163,0 days 00:00:19.615584,Adadelta,0.03749641622909561,16.905769091120447,,,,,,3,5.11327735735222,,,,PRUNED
130,130,45.833333333333336,2025-05-24 22:07:55.182727,2025-05-24 22:08:19.779794,0 days 00:00:24.597067,AdamW,0.08532213972914661,,,5.261141257719574e-05,,,,1,,,0.005410753256305984,,PRUNED
131,131,39.583333333333336,2025-05-24 22:08:19.815868,2025-05-24 22:08:42.517390,0 days 00:00:22.701522,AdamW,0.027693414460159604,,,8.964133687609385e-05,,,,2,,,0.0012719102716734882,,PRUNED
132,132,39.583333333333336,2025-05-24 22:08:42.553543,2025-05-24 22:09:02.384981,0 days 00:00:19.831438,AdamW,0.03352590235047008,,,2.4289270290614225e-05,,,,2,,,0.001940652941245434,,PRUNED
133,133,37.5,2025-05-24 22:09:02.422555,2025-05-24 22:09:22.272669,0 days 00:00:19.850114,AdamW,0.06430445816321398,,,7.271855105691206e-05,,,,2,,,0.008470357710713071,,PRUNED
134,134,45.833333333333336,2025-05-24 22:09:22.308885,2025-05-24 22:09:44.194795,0 days 00:00:21.885910,AdamW,0.04835676551518397,,,1.68552458193905e-05,,,,2,,,0.0012011035104507474,,PRUNED
135,135,35.416666666666664,2025-05-24 22:09:44.232450,2025-05-24 22:10:04.184898,0 days 00:00:19.952448,AdamW,0.010711576445857657,,,1.2630717363703497e-05,,,,2,,,0.0009867286067274008,,PRUNED
136,136,58.333333333333336,2025-05-24 22:10:04.221537,2025-05-24 22:10:35.524810,0 days 00:00:31.303273,AdamW,0.040308333772429095,,,3.656296994484819e-05,,,,2,,,0.00146638362473827,,COMPLETE
137,137,,2025-05-24 22:10:35.578125,2025-05-24 22:10:53.966082,0 days 00:00:18.387957,SGD,0.0009500060903221974,,,,0.005848311243854571,68.14577177291524,True,0,,,,0.015214606632007084,PRUNED
138,138,31.25,2025-05-24 22:10:54.011536,2025-05-24 22:11:13.933093,0 days 00:00:19.921557,AdamW,0.05767159685831763,,,5.3849148996137286e-05,,,,2,,,0.0031398431894756403,,PRUNED
139,139,33.333333333333336,2025-05-24 22:11:13.970428,2025-05-24 22:11:25.041881,0 days 00:00:11.071453,AdamW,0.11984774800099461,,,0.000136975807691355,,,,1,,,0.0007588972122432033,,PRUNED
140,140,33.333333333333336,2025-05-24 22:11:25.070524,2025-05-24 22:11:32.221053,0 days 00:00:07.150529,AdamW,0.10874706625519437,,,2.0528319793987245e-05,,,,3,,,0.0017787180595960634,,PRUNED
141,141,33.333333333333336,2025-05-24 22:11:32.256660,2025-05-24 22:11:51.048250,0 days 00:00:18.791590,AdamW,0.019458926604910224,,,5.90440255329034e-05,,,,3,,,0.0023289288043873697,,PRUNED
142,142,39.583333333333336,2025-05-24 22:11:51.084079,2025-05-24 22:12:04.103633,0 days 00:00:13.019554,AdamW,0.14651113412438369,,,2.6188197923730804e-05,,,,2,,,0.0026968429510198784,,PRUNED
143,143,33.333333333333336,2025-05-24 22:12:04.131246,2025-05-24 22:12:25.333127,0 days 00:00:21.201881,AdamW,0.09786635112317052,,,4.630665886818714e-05,,,,3,,,0.0019234222317847773,,PRUNED
144,144,35.416666666666664,2025-05-24 22:12:25.369068,2025-05-24 22:12:44.971316,0 days 00:00:19.602248,AdamW,0.13432652410161025,,,3.0708504922601944e-05,,,,2,,,0.002150531043315944,,PRUNED
145,145,72.91666666666667,2025-05-24 22:12:45.007801,2025-05-24 22:13:16.256330,0 days 00:00:31.248529,AdamW,0.1794659984763477,,,8.631350618121755e-05,,,,2,,,0.0016297123194693294,,COMPLETE
146,146,33.333333333333336,2025-05-24 22:13:16.308887,2025-05-24 22:13:35.957936,0 days 00:00:19.649049,AdamW,0.18358899176671328,,,0.00025175289631149025,,,,2,,,0.0016469921905280097,,PRUNED
147,147,31.25,2025-05-24 22:13:35.994373,2025-05-24 22:13:55.739639,0 days 00:00:19.745266,Adam,0.03262347344117864,,0.00027699598902072414,,,,,2,,0.07482606035579371,,,PRUNED
148,148,33.333333333333336,2025-05-24 22:13:55.776118,2025-05-24 22:14:15.694556,0 days 00:00:19.918438,AdamW,0.20207401223806692,,,8.609446861472685e-05,,,,1,,,0.0013758562772643204,,PRUNED
149,149,35.416666666666664,2025-05-24 22:14:15.731025,2025-05-24 22:14:35.408944,0 days 00:00:19.677919,AdamW,0.15863709851776253,,,6.681918727870352e-05,,,,2,,,0.0011546148474016705,,PRUNED
150,150,33.333333333333336,2025-05-24 22:14:35.454729,2025-05-24 22:14:55.197423,0 days 00:00:19.742694,AdamW,0.07134239803902254,,,0.0001125191889774084,,,,1,,,0.0015107543254912204,,PRUNED
151,151,33.333333333333336,2025-05-24 22:14:55.234280,2025-05-24 22:15:14.760998,0 days 00:00:19.526718,AdamW,0.17209621757064184,,,4.617083214237557e-05,,,,4,,,0.002040797944697703,,PRUNED
152,152,33.333333333333336,2025-05-24 22:15:14.796261,2025-05-24 22:15:34.593803,0 days 00:00:19.797542,AdamW,0.1459707132349637,,,0.005270540478295543,,,,2,,,0.0013126848069430768,,PRUNED
153,153,33.333333333333336,2025-05-24 22:15:34.630951,2025-05-24 22:15:54.331140,0 days 00:00:19.700189,AdamW,0.04903122676088337,,,8.83389279538947e-05,,,,1,,,0.0017546844934042173,,PRUNED
154,154,37.5,2025-05-24 22:15:54.367315,2025-05-24 22:16:14.023471,0 days 00:00:19.656156,AdamW,0.1367375574935935,,,1.5670903620280544e-05,,,,3,,,0.0016056516103736694,,PRUNED
155,155,35.416666666666664,2025-05-24 22:16:14.059505,2025-05-24 22:16:34.492763,0 days 00:00:20.433258,AdamW,0.15599441797514116,,,1.1184696616950071e-05,,,,2,,,0.002378693531733967,,PRUNED
156,156,31.25,2025-05-24 22:16:34.540785,2025-05-24 22:16:50.992835,0 days 00:00:16.452050,AdamW,0.02613477829137615,,,6.994294546012557e-05,,,,6,,,0.001096430025546956,,PRUNED
157,157,33.333333333333336,2025-05-24 22:16:51.019978,2025-05-24 22:16:58.520629,0 days 00:00:07.500651,AdamW,0.06202678594785927,,,0.00015864853010125573,,,,2,,,0.0009459968094333289,,PRUNED
158,158,33.333333333333336,2025-05-24 22:16:58.556341,2025-05-24 22:17:17.076031,0 days 00:00:18.519690,Adadelta,0.0425587431682212,0.057951217063936564,,,,,,4,93.3992588921957,,,,PRUNED
159,159,33.333333333333336,2025-05-24 22:17:17.107999,2025-05-24 22:17:24.191419,0 days 00:00:07.083420,AdamW,0.014159678025179291,,,0.0004484118026338157,,,,2,,,0.0004195853896025267,,PRUNED
160,160,50.0,2025-05-24 22:17:24.218973,2025-05-24 22:17:40.546388,0 days 00:00:16.327415,AdamW,0.27081048669925906,,,5.828745903227694e-05,,,,1,,,0.00995895845112846,,PRUNED
161,161,31.25,2025-05-24 22:17:40.582845,2025-05-24 22:18:00.551436,0 days 00:00:19.968591,AdamW,0.05510545921683656,,,4.046478724660873e-05,,,,0,,,0.002257286857030044,,PRUNED
162,162,33.333333333333336,2025-05-24 22:18:00.587055,2025-05-24 22:18:20.401605,0 days 00:00:19.814550,AdamW,0.0794100895269022,,,5.599445637444022e-05,,,,0,,,0.0026398017479601545,,PRUNED
163,163,29.166666666666668,2025-05-24 22:18:20.437893,2025-05-24 22:18:40.165600,0 days 00:00:19.727707,AdamW,0.12692931397902252,,,3.579816715702639e-05,,,,2,,,0.0020863981178976697,,PRUNED
164,164,37.5,2025-05-24 22:18:40.202100,2025-05-24 22:19:00.095575,0 days 00:00:19.893475,AdamW,0.02885472996011683,,,7.089768424297585e-05,,,,0,,,0.0014914921630483828,,PRUNED
165,165,,2025-05-24 22:19:00.132813,2025-05-24 22:19:18.355484,0 days 00:00:18.222671,SGD,0.1677512708506745,,,,4.3542250984630015e-05,30.142461000062223,True,0,,,,89.7473707796559,PRUNED
166,166,64.58333333333333,2025-05-24 22:19:18.399457,2025-05-24 22:19:49.901538,0 days 00:00:31.502081,AdamW,0.04503796522799443,,,4.336012616347609e-05,,,,1,,,0.0018650566556890212,,COMPLETE
167,167,39.583333333333336,2025-05-24 22:19:49.953688,2025-05-24 22:20:09.632532,0 days 00:00:19.678844,AdamW,0.04313141438901323,,,4.601871541553638e-05,,,,1,,,0.0012885420727526925,,PRUNED
168,168,33.333333333333336,2025-05-24 22:20:09.669968,2025-05-24 22:20:29.335959,0 days 00:00:19.665991,AdamW,0.03406986516889752,,,3.195298202440761e-05,,,,1,,,0.0018583308087101677,,PRUNED
169,169,37.5,2025-05-24 22:20:29.372341,2025-05-24 22:20:49.037949,0 days 00:00:19.665608,AdamW,0.0655927506840215,,,9.446774174686764e-05,,,,1,,,0.001647063623046986,,PRUNED
170,170,31.25,2025-05-24 22:20:49.074217,2025-05-24 22:21:08.652495,0 days 00:00:19.578278,AdamW,0.42040855603147836,,,1.9017866346789935e-05,,,,5,,,0.006795759426550882,,PRUNED
171,171,39.583333333333336,2025-05-24 22:21:08.689399,2025-05-24 22:21:30.770108,0 days 00:00:22.080709,AdamW,0.052680121458699686,,,4.9104891058498454e-05,,,,0,,,0.001990081881308348,,PRUNED
172,172,35.416666666666664,2025-05-24 22:21:30.807204,2025-05-24 22:21:50.402584,0 days 00:00:19.595380,AdamW,0.02124423971716423,,,7.543792956926159e-05,,,,2,,,0.002948124055588226,,PRUNED
173,173,33.333333333333336,2025-05-24 22:21:50.439279,2025-05-24 22:22:10.383239,0 days 00:00:19.943960,AdamW,0.03692185215779121,,,5.985188705449351e-05,,,,1,,,0.001432258439049201,,PRUNED
174,174,39.583333333333336,2025-05-24 22:22:10.419659,2025-05-24 22:22:29.854118,0 days 00:00:19.434459,AdamW,0.05318697272754593,,,1.3941927447295728e-05,,,,2,,,0.001826790206471513,,PRUNED
175,175,62.5,2025-05-24 22:22:29.887660,2025-05-24 22:22:52.783706,0 days 00:00:22.896046,AdamW,0.010466571334362178,,,4.159583655211186e-05,,,,1,,,0.00239022059247237,,COMPLETE
176,176,33.333333333333336,2025-05-24 22:22:52.835961,2025-05-24 22:23:03.147704,0 days 00:00:10.311743,AdamW,0.011095012752430161,,,3.908042647342589e-05,,,,1,,,0.0006587735299146444,,PRUNED
177,177,45.833333333333336,2025-05-24 22:23:03.175516,2025-05-24 22:23:12.311647,0 days 00:00:09.136131,AdamW,0.00644231901894533,,,2.4412259295864e-05,,,,1,,,0.00249833772179575,,PRUNED
178,178,33.333333333333336,2025-05-24 22:23:12.356949,2025-05-24 22:23:21.117671,0 days 00:00:08.760722,Adam,0.020853221088447546,,0.012068788559159455,,,,,1,,97.74822756468367,,,PRUNED
179,179,33.333333333333336,2025-05-24 22:23:21.145954,2025-05-24 22:23:27.666921,0 days 00:00:06.520967,AdamW,0.027555492853988003,,,0.00012471934202917733,,,,2,,,0.002216390948194017,,PRUNED
180,180,45.833333333333336,2025-05-24 22:23:27.702167,2025-05-24 22:23:38.139374,0 days 00:00:10.437207,AdamW,0.014477308029634466,,,3.0083409897660776e-05,,,,1,,,0.001694137333765312,,PRUNED
181,181,33.333333333333336,2025-05-24 22:23:38.166039,2025-05-24 22:23:44.684841,0 days 00:00:06.518802,AdamW,0.043222571812306036,,,4.4522086563560687e-05,,,,1,,,0.0024448532212624995,,PRUNED
182,182,35.416666666666664,2025-05-24 22:23:44.711291,2025-05-24 22:23:50.901692,0 days 00:00:06.190401,AdamW,0.06480858873390556,,,5.6350647031373705e-05,,,,2,,,0.0020798884076038996,,PRUNED
183,183,39.583333333333336,2025-05-24 22:23:50.928579,2025-05-24 22:23:59.406062,0 days 00:00:08.477483,AdamW,0.03195100197396007,,,7.936437237362726e-05,,,,0,,,0.001190451327550092,,PRUNED
184,184,33.333333333333336,2025-05-24 22:23:59.440837,2025-05-24 22:24:12.730580,0 days 00:00:13.289743,AdamW,0.1507547804846077,,,3.5604061943805276e-05,,,,2,,,0.0013569805178377781,,PRUNED
185,185,41.666666666666664,2025-05-24 22:24:12.757399,2025-05-24 22:24:20.442094,0 days 00:00:07.684695,AdamW,0.09036505908701609,,,9.918235318169487e-05,,,,2,,,0.002662179570984352,,PRUNED
186,186,37.5,2025-05-24 22:24:20.468511,2025-05-24 22:24:26.931636,0 days 00:00:06.463125,AdamW,0.221349382597509,,,6.753359631895082e-05,,,,1,,,0.00332623931551377,,PRUNED
187,187,35.416666666666664,2025-05-24 22:24:26.961354,2025-05-24 22:24:34.971836,0 days 00:00:08.010482,AdamW,0.18150569591262355,,,5.108633076400999e-05,,,,3,,,0.0018912952005265245,,PRUNED
188,188,35.416666666666664,2025-05-24 22:24:34.999782,2025-05-24 22:24:42.449911,0 days 00:00:07.450129,AdamW,0.24404274064676873,,,4.2786185313314695e-05,,,,2,,,0.00017992015897250153,,PRUNED
189,189,27.083333333333332,2025-05-24 22:24:42.483207,2025-05-24 22:24:49.580599,0 days 00:00:07.097392,AdamW,0.0761952959580087,,,1.0506909369933536e-05,,,,2,,,0.0005523343354071086,,PRUNED
190,190,33.333333333333336,2025-05-24 22:24:49.608344,2025-05-24 22:24:56.543675,0 days 00:00:06.935331,Adadelta,0.2928875365482607,0.9038689397573515,,,,,,0,0.11897792311130614,,,,PRUNED
191,191,33.333333333333336,2025-05-24 22:24:56.572706,2025-05-24 22:25:06.766002,0 days 00:00:10.193296,AdamW,0.021548959917006484,,,5.746553336497477e-05,,,,1,,,0.002249939286592853,,PRUNED
192,192,37.5,2025-05-24 22:25:06.792582,2025-05-24 22:25:14.464947,0 days 00:00:07.672365,AdamW,0.005157782177383968,,,7.715010412910895e-05,,,,1,,,0.0015686875909441,,PRUNED
193,193,41.666666666666664,2025-05-24 22:25:14.491758,2025-05-24 22:25:22.470381,0 days 00:00:07.978623,AdamW,0.04883565170098413,,,1.6193604408804688e-05,,,,1,,,0.002042990248232939,,PRUNED
194,194,58.333333333333336,2025-05-24 22:25:22.503254,2025-05-24 22:25:38.838223,0 days 00:00:16.334969,AdamW,0.037746929001088114,,,5.0354548659710085e-05,,,,1,,,0.001051088679852267,,COMPLETE
195,195,27.083333333333332,2025-05-24 22:25:38.883120,2025-05-24 22:25:46.092585,0 days 00:00:07.209465,AdamW,0.011183548382064298,,,2.169864706165122e-05,,,,1,,,0.0028805155172194554,,PRUNED
196,196,56.25,2025-05-24 22:25:46.119336,2025-05-24 22:26:02.684799,0 days 00:00:16.565463,AdamW,0.030386965515972374,,,6.487934879741706e-05,,,,2,,,0.002366634975747362,,COMPLETE
197,197,29.166666666666668,2025-05-24 22:26:02.724280,2025-05-24 22:26:08.965179,0 days 00:00:06.240899,AdamW,0.000794724256951481,,,2.7913292993715554e-05,,,,0,,,0.001762812615140538,,PRUNED
198,198,,2025-05-24 22:26:09.014796,2025-05-24 22:26:14.559634,0 days 00:00:05.544838,SGD,0.13975285500016701,,,,7.665626674343946e-05,73.92753263376481,False,2,,,,0.07950731230132507,PRUNED
199,199,35.416666666666664,2025-05-24 22:26:14.591082,2025-05-24 22:26:21.169895,0 days 00:00:06.578813,AdamW,0.05751526596587825,,,4.0232818727261805e-05,,,,2,,,0.001234672585490086,,PRUNED
200,200,43.75,2025-05-24 22:26:21.197334,2025-05-24 22:26:28.778199,0 days 00:00:07.580865,AdamW,0.017174634117697984,,,0.00011312063430251607,,,,2,,,0.0014568657590241017,,PRUNED
201,201,29.166666666666668,2025-05-24 22:26:28.805715,2025-05-24 22:26:35.004169,0 days 00:00:06.198454,AdamW,0.04779875714357802,,,3.4620976256389555e-05,,,,1,,,0.002178817149044711,,PRUNED
202,202,75.0,2025-05-24 22:26:35.032004,2025-05-24 22:26:47.735352,0 days 00:00:12.703348,AdamW,0.044131496223723046,,,4.8674542560069783e-05,,,,1,,,0.001964139103113188,,COMPLETE
203,203,81.25,2025-05-24 22:26:47.774398,2025-05-24 22:27:00.696696,0 days 00:00:12.922298,AdamW,0.04084169146026968,,,5.061470062107293e-05,,,,1,,,0.0017967763347897972,,COMPLETE
204,204,37.5,2025-05-24 22:27:00.736843,2025-05-24 22:27:06.957216,0 days 00:00:06.220373,AdamW,0.04081346216312783,,,6.1375402625556e-05,,,,1,,,0.0018919616030490737,,PRUNED
205,205,33.333333333333336,2025-05-24 22:27:06.984053,2025-05-24 22:27:13.331760,0 days 00:00:06.347707,AdamW,0.06572491051530586,,,4.641181442712832e-05,,,,1,,,0.0015805711981242007,,PRUNED
206,206,33.333333333333336,2025-05-24 22:27:13.359310,2025-05-24 22:27:19.553557,0 days 00:00:06.194247,AdamW,0.05586127253446167,,,1.2559304713918683e-05,,,,1,,,0.0016654525242574716,,PRUNED
207,207,66.66666666666667,2025-05-24 22:27:19.581563,2025-05-24 22:27:32.463372,0 days 00:00:12.881809,AdamW,0.02946597766575026,,,5.290720727551574e-05,,,,1,,,0.001967665900732816,,COMPLETE
208,208,75.0,2025-05-24 22:27:32.501743,2025-05-24 22:27:45.373348,0 days 00:00:12.871605,AdamW,0.024250976924917636,,,8.647688798645863e-05,,,,1,,,0.001921010735615957,,COMPLETE
209,209,33.333333333333336,2025-05-24 22:27:45.411414,2025-05-24 22:27:51.598427,0 days 00:00:06.187013,AdamW,0.027043927980434264,,,8.515513040537973e-05,,,,1,,,0.001921224266560708,,PRUNED
210,210,41.666666666666664,2025-05-24 22:27:51.625358,2025-05-24 22:27:57.934344,0 days 00:00:06.308986,AdamW,0.03816266462627011,,,9.520953014658595e-05,,,,1,,,0.0013986058728012233,,PRUNED
211,211,37.5,2025-05-24 22:27:57.961748,2025-05-24 22:28:04.182229,0 days 00:00:06.220481,AdamW,0.02373779535092921,,,5.3689397505461165e-05,,,,1,,,0.0017827149136900734,,PRUNED
212,212,35.416666666666664,2025-05-24 22:28:04.209334,2025-05-24 22:28:10.520983,0 days 00:00:06.311649,AdamW,0.03566227171508955,,,7.419876031625513e-05,,,,1,,,0.0020387175236087564,,PRUNED
213,213,39.583333333333336,2025-05-24 22:28:10.547695,2025-05-24 22:28:16.743595,0 days 00:00:06.195900,AdamW,0.04324363412511277,,,4.096068567150149e-05,,,,1,,,0.0015470928557800012,,PRUNED
214,214,39.583333333333336,2025-05-24 22:28:16.770891,2025-05-24 22:28:23.004763,0 days 00:00:06.233872,AdamW,0.01779140293765076,,,6.88732150088169e-05,,,,1,,,0.0017119547604023929,,PRUNED
215,215,31.25,2025-05-24 22:28:23.032041,2025-05-24 22:28:29.312058,0 days 00:00:06.280017,AdamW,0.031237485545128958,,,5.124129879610781e-05,,,,1,,,0.0012819577356883213,,PRUNED
216,216,41.666666666666664,2025-05-24 22:28:29.338913,2025-05-24 22:28:35.508707,0 days 00:00:06.169794,AdamW,0.04746977263693411,,,6.092203206562811e-05,,,,5,,,0.0021561463024246668,,PRUNED
217,217,33.333333333333336,2025-05-24 22:28:35.537132,2025-05-24 22:28:41.796207,0 days 00:00:06.259075,Adam,0.024238518684129757,,0.0006019510371959891,,,,,1,,2.6207704866989796,,,PRUNED
218,218,37.5,2025-05-24 22:28:41.823430,2025-05-24 22:28:48.039347,0 days 00:00:06.215917,AdamW,0.16081596369208767,,,8.891019496376643e-05,,,,1,,,0.005479764196997244,,PRUNED
219,219,33.333333333333336,2025-05-24 22:28:48.066670,2025-05-24 22:28:54.461130,0 days 00:00:06.394460,AdamW,0.012369317860622597,,,0.017677844115486684,,,,2,,,0.0024341292259708693,,PRUNED
220,220,39.583333333333336,2025-05-24 22:28:54.489145,2025-05-24 22:29:00.989846,0 days 00:00:06.500701,AdamW,0.12328837481672117,,,3.3895131170912585e-05,,,,2,,,0.0019725244165591242,,PRUNED
221,221,33.333333333333336,2025-05-24 22:29:01.016979,2025-05-24 22:29:06.755209,0 days 00:00:05.738230,AdamW,0.05798059423439038,,,4.3762305408361916e-05,,,,8,,,0.002225954429034545,,PRUNED
222,222,35.416666666666664,2025-05-24 22:29:06.785992,2025-05-24 22:29:13.319104,0 days 00:00:06.533112,AdamW,0.07347469909383625,,,6.2332788763186e-05,,,,0,,,0.0018302601636409105,,PRUNED
223,223,39.583333333333336,2025-05-24 22:29:13.349580,2025-05-24 22:29:19.554739,0 days 00:00:06.205159,AdamW,0.05020291237463509,,,5.283985188514998e-05,,,,2,,,0.0025917327247281683,,PRUNED
224,224,33.333333333333336,2025-05-24 22:29:19.583636,2025-05-24 22:29:26.002991,0 days 00:00:06.419355,AdamW,0.034854459855392525,,,7.922834135775953e-05,,,,1,,,0.0014642932501484171,,PRUNED
225,225,41.666666666666664,2025-05-24 22:29:26.030952,2025-05-24 22:29:32.765039,0 days 00:00:06.734087,AdamW,0.04088949842172368,,,4.12479437476687e-05,,,,4,,,0.0011577974965145956,,PRUNED
226,226,45.833333333333336,2025-05-24 22:29:32.792064,2025-05-24 22:29:42.648053,0 days 00:00:09.855989,AdamW,0.06689872843195291,,,1.4191504303919215e-05,,,,1,,,0.002046121047156308,,PRUNED
227,227,39.583333333333336,2025-05-24 22:29:42.675961,2025-05-24 22:29:49.053781,0 days 00:00:06.377820,AdamW,0.024035970648699348,,,4.855060912485727e-05,,,,1,,,0.0023861157186219452,,PRUNED
228,228,33.333333333333336,2025-05-24 22:29:49.080488,2025-05-24 22:29:55.391995,0 days 00:00:06.311507,AdamW,0.05647940489186533,,,0.0015295773533743873,,,,2,,,0.0016439895996301721,,PRUNED
229,229,33.333333333333336,2025-05-24 22:29:55.419821,2025-05-24 22:30:01.934695,0 days 00:00:06.514874,Adadelta,0.031054148557823267,0.9684166004896784,,,,,,2,15.569645516328478,,,,PRUNED
230,230,33.333333333333336,2025-05-24 22:30:02.005818,2025-05-24 22:30:08.812032,0 days 00:00:06.806214,AdamW,0.11368328037958891,,,2.8040532278603978e-05,,,,0,,,0.0018258168388215054,,PRUNED
231,231,45.833333333333336,2025-05-24 22:30:08.839435,2025-05-24 22:30:16.755332,0 days 00:00:07.915897,AdamW,0.01265366420827329,,,6.165949395125541e-05,,,,1,,,0.002188179396253047,,PRUNED
232,232,35.416666666666664,2025-05-24 22:30:16.784970,2025-05-24 22:30:23.159556,0 days 00:00:06.374586,AdamW,0.019206031605624136,,,7.072290123916547e-05,,,,1,,,0.0020174629957558656,,PRUNED
233,233,35.416666666666664,2025-05-24 22:30:23.186926,2025-05-24 22:30:33.220314,0 days 00:00:10.033388,AdamW,0.001195288579037227,,,3.556125892248457e-05,,,,1,,,0.002742867442055354,,PRUNED
234,234,33.333333333333336,2025-05-24 22:30:33.258963,2025-05-24 22:30:53.296076,0 days 00:00:20.037113,AdamW,0.045310883306072094,,,5.3566103198825985e-05,,,,2,,,0.001361015223745838,,PRUNED
235,235,35.416666666666664,2025-05-24 22:30:53.332181,2025-05-24 22:31:13.239270,0 days 00:00:19.907089,AdamW,0.027279480848711346,,,4.6401195094098115e-05,,,,1,,,0.0008654302555385255,,PRUNED
236,236,41.666666666666664,2025-05-24 22:31:13.275459,2025-05-24 22:31:33.304593,0 days 00:00:20.029134,AdamW,0.3499870563465223,,,1.7098503542960226e-05,,,,1,,,0.0023559470572400375,,PRUNED
237,237,33.333333333333336,2025-05-24 22:31:33.341507,2025-05-24 22:31:53.117781,0 days 00:00:19.776274,AdamW,0.13806976220027573,,,0.00010803228614193878,,,,1,,,0.001739066637025609,,PRUNED
238,238,33.333333333333336,2025-05-24 22:31:53.153477,2025-05-24 22:32:13.003371,0 days 00:00:19.849894,AdamW,0.015659789905658264,,,8.428538569406199e-05,,,,2,,,0.0019359642466951236,,PRUNED
239,239,,2025-05-24 22:32:13.040063,2025-05-24 22:32:31.718214,0 days 00:00:18.678151,SGD,0.03607474939874171,,,,0.016614798025844518,17.706080173399457,False,3,,,,0.8788652470189933,PRUNED
240,240,33.333333333333336,2025-05-24 22:32:31.764812,2025-05-24 22:32:51.450213,0 days 00:00:19.685401,AdamW,0.1484168625622554,,,0.00032784941704313636,,,,2,,,0.0015596746256299088,,PRUNED
241,241,39.583333333333336,2025-05-24 22:32:51.500198,2025-05-24 22:33:11.742604,0 days 00:00:20.242406,AdamW,0.04777289382147965,,,4.568045689182036e-05,,,,1,,,0.0022251350660714166,,PRUNED
242,242,35.416666666666664,2025-05-24 22:33:11.779034,2025-05-24 22:33:31.721851,0 days 00:00:19.942817,AdamW,0.03748011359510072,,,3.7554622292357184e-05,,,,1,,,0.003190058956663629,,PRUNED
243,243,29.166666666666668,2025-05-24 22:33:31.759858,2025-05-24 22:33:48.131931,0 days 00:00:16.372073,AdamW,0.02910411703310904,,,6.0184782853957995e-05,,,,1,,,0.007735701511618393,,PRUNED
244,244,33.333333333333336,2025-05-24 22:33:48.166324,2025-05-24 22:34:00.881630,0 days 00:00:12.715306,AdamW,0.059890336024817935,,,0.0007373927951173725,,,,1,,,0.002133208045286512,,PRUNED
245,245,31.25,2025-05-24 22:34:00.919388,2025-05-24 22:34:09.702256,0 days 00:00:08.782868,AdamW,0.0498357726504489,,,5.303874715847212e-05,,,,1,,,0.0025633644139475245,,PRUNED
246,246,58.333333333333336,2025-05-24 22:34:09.730537,2025-05-24 22:34:29.282106,0 days 00:00:19.551569,AdamW,0.009671400338680242,,,4.0192907832002244e-05,,,,2,,,0.0012473664876228362,,COMPLETE
247,247,64.58333333333333,2025-05-24 22:34:29.335674,2025-05-24 22:35:01.104519,0 days 00:00:31.768845,AdamW,0.022823116764498233,,,7.244630674156004e-05,,,,1,,,0.0011002497860801569,,COMPLETE
248,248,35.416666666666664,2025-05-24 22:35:01.158463,2025-05-24 22:35:21.240450,0 days 00:00:20.081987,AdamW,0.019270849234470512,,,7.352492381982811e-05,,,,0,,,0.0010483796635626574,,PRUNED
249,249,37.5,2025-05-24 22:35:21.279608,2025-05-24 22:35:41.084155,0 days 00:00:19.804547,AdamW,0.026759333248108617,,,0.00013600350754581236,,,,1,,,0.0010990093870328558,,PRUNED
250,250,33.333333333333336,2025-05-24 22:35:41.121640,2025-05-24 22:36:00.940480,0 days 00:00:19.818840,AdamW,0.010299268766716881,,,9.674978872909727e-05,,,,2,,,0.0013864911497223184,,PRUNED
251,251,60.416666666666664,2025-05-24 22:36:00.977602,2025-05-24 22:36:32.778495,0 days 00:00:31.800893,AdamW,0.1656984833164554,,,6.402517188083572e-05,,,,1,,,0.0009944469025477622,,COMPLETE
252,252,35.416666666666664,2025-05-24 22:36:32.832533,2025-05-24 22:36:52.693267,0 days 00:00:19.860734,AdamW,0.1589200654112371,,,5.937821775060794e-05,,,,1,,,0.000949470260721311,,PRUNED
253,253,37.5,2025-05-24 22:36:52.730819,2025-05-24 22:37:12.548162,0 days 00:00:19.817343,Adam,0.1723908234245157,,4.5004054478348764e-05,,,,,2,,29.572832048268715,,,PRUNED
254,254,35.416666666666664,2025-05-24 22:37:12.586285,2025-05-24 22:37:30.591923,0 days 00:00:18.005638,AdamW,0.08393398443487154,,,7.053818452023722e-05,,,,1,,,0.0012116426507364796,,PRUNED
255,255,33.333333333333336,2025-05-24 22:37:30.628092,2025-05-24 22:37:47.278103,0 days 00:00:16.650011,AdamW,0.16346966056442847,,,8.304687191657745e-05,,,,7,,,0.000979440132178607,,PRUNED
256,256,33.333333333333336,2025-05-24 22:37:47.306702,2025-05-24 22:37:55.823608,0 days 00:00:08.516906,AdamW,0.19919028511090214,,,1.1495570123476707e-05,,,,0,,,0.0011232255579787496,,PRUNED
257,257,33.333333333333336,2025-05-24 22:37:55.871538,2025-05-24 22:38:07.826879,0 days 00:00:11.955341,AdamW,0.17336723001178442,,,0.00016735540547398872,,,,2,,,0.0015012071557793565,,PRUNED
258,258,33.333333333333336,2025-05-24 22:38:07.860703,2025-05-24 22:38:20.163040,0 days 00:00:12.302337,AdamW,0.14524581654277563,,,6.958103732409963e-05,,,,1,,,0.0013338677848874318,,PRUNED
259,259,72.91666666666667,2025-05-24 22:38:20.191568,2025-05-24 22:38:46.729989,0 days 00:00:26.538421,AdamW,0.13372648614257263,,,0.0001031469292215328,,,,1,,,0.0005960032421232102,,COMPLETE
260,260,33.333333333333336,2025-05-24 22:38:46.786402,2025-05-24 22:39:05.324256,0 days 00:00:18.537854,AdamW,0.12950420272081922,,,0.00011780650219589307,,,,1,,,0.0005351962762117477,,PRUNED
261,261,54.166666666666664,2025-05-24 22:39:05.363062,2025-05-24 22:39:31.064951,0 days 00:00:25.701889,AdamW,0.13836782262827155,,,0.00010751696860765711,,,,1,,,0.0005773468882001168,,PRUNED
262,262,31.25,2025-05-24 22:39:31.103251,2025-05-24 22:39:51.065278,0 days 00:00:19.962027,AdamW,0.15254948165298213,,,9.094891461942811e-05,,,,1,,,0.0007143139833729112,,PRUNED
263,263,33.333333333333336,2025-05-24 22:39:51.102031,2025-05-24 22:40:11.120426,0 days 00:00:20.018395,AdamW,0.11769661470429893,,,0.00014283492330159246,,,,1,,,0.0006443427141854098,,PRUNED
264,264,33.333333333333336,2025-05-24 22:40:11.157875,2025-05-24 22:40:30.875216,0 days 00:00:19.717341,AdamW,0.17883301113371144,,,2.1281799240893498e-05,,,,3,,,0.000861284636481506,,PRUNED
265,265,27.083333333333332,2025-05-24 22:40:30.912998,2025-05-24 22:40:50.483239,0 days 00:00:19.570241,Adadelta,0.1874714556623385,0.055144879445396394,,,,,,2,0.43932852253354326,,,,PRUNED
266,266,37.5,2025-05-24 22:40:50.531580,2025-05-24 22:41:06.902567,0 days 00:00:16.370987,AdamW,0.04043497124911255,,,6.256197165804508e-05,,,,1,,,0.0004905081611138241,,PRUNED
267,267,29.166666666666668,2025-05-24 22:41:06.939198,2025-05-24 22:41:22.523479,0 days 00:00:15.584281,AdamW,0.1538672018720604,,,1.4786796030611133e-05,,,,1,,,0.0004585980237225071,,PRUNED
268,268,33.333333333333336,2025-05-24 22:41:22.559535,2025-05-24 22:41:35.224787,0 days 00:00:12.665252,AdamW,0.1059929339180558,,,8.53530242567258e-05,,,,2,,,0.0007956060443947314,,PRUNED
269,269,35.416666666666664,2025-05-24 22:41:35.285133,2025-05-24 22:41:46.501947,0 days 00:00:11.216814,AdamW,0.12960599526717204,,,4.99700016164243e-05,,,,1,,,0.0016212463850828146,,PRUNED
270,270,,2025-05-24 22:41:46.539006,2025-05-24 22:41:56.156739,0 days 00:00:09.617733,SGD,0.06743332315195563,,,,0.0014257591440156358,39.02282200691069,True,1,,,,8.978344203687794,PRUNED
271,271,29.166666666666668,2025-05-24 22:41:56.189430,2025-05-24 22:42:02.792713,0 days 00:00:06.603283,AdamW,0.021864984137485877,,,3.000777625704263e-05,,,,2,,,0.0018321797402564,,PRUNED
272,272,33.333333333333336,2025-05-24 22:42:02.820100,2025-05-24 22:42:20.611556,0 days 00:00:17.791456,AdamW,0.033469384042353736,,,7.325913012765015e-05,,,,2,,,0.0012361530708199272,,PRUNED
273,273,33.333333333333336,2025-05-24 22:42:20.648703,2025-05-24 22:42:34.553011,0 days 00:00:13.904308,AdamW,0.04639620645197032,,,5.739068323526327e-05,,,,1,,,0.00061021883540051,,PRUNED
274,274,33.333333333333336,2025-05-24 22:42:34.592134,2025-05-24 22:42:54.889980,0 days 00:00:20.297846,AdamW,0.05472322815795696,,,4.589725159618633e-05,,,,2,,,0.00032857871574506776,,PRUNED
275,275,41.666666666666664,2025-05-24 22:42:54.927047,2025-05-24 22:43:14.675833,0 days 00:00:19.748786,AdamW,0.00042056094338561653,,,9.734595749434302e-05,,,,1,,,0.0016755865196718775,,PRUNED
276,276,39.583333333333336,2025-05-24 22:43:14.713128,2025-05-24 22:43:34.655232,0 days 00:00:19.942104,AdamW,0.031393714920130524,,,3.506370756737606e-05,,,,1,,,0.0014643820088369685,,PRUNED
277,277,31.25,2025-05-24 22:43:34.692448,2025-05-24 22:43:54.521620,0 days 00:00:19.829172,AdamW,0.015551892100059951,,,1.7320933299191846e-05,,,,2,,,0.001981307732954213,,PRUNED
278,278,37.5,2025-05-24 22:43:54.564909,2025-05-24 22:44:14.370827,0 days 00:00:19.805918,AdamW,0.1412956264716018,,,1.0015898514201088e-05,,,,5,,,0.0017492558926524133,,PRUNED
279,279,33.333333333333336,2025-05-24 22:44:14.420091,2025-05-24 22:44:34.981642,0 days 00:00:20.561551,Adam,0.16870650230605203,,0.0033628094433274048,,,,,6,,0.2431286562049302,,,PRUNED
280,280,33.333333333333336,2025-05-24 22:44:35.018854,2025-05-24 22:44:55.137662,0 days 00:00:20.118808,AdamW,0.041763835061925325,,,7.392255708401543e-05,,,,1,,,0.0013333763988643875,,PRUNED
281,281,31.25,2025-05-24 22:44:55.174418,2025-05-24 22:45:15.048607,0 days 00:00:19.874189,AdamW,0.06129466412048441,,,4.162321891504126e-05,,,,1,,,0.004298801652660764,,PRUNED
282,282,33.333333333333336,2025-05-24 22:45:15.103028,2025-05-24 22:45:34.072817,0 days 00:00:18.969789,AdamW,0.01963860197911225,,,0.0001135639628288552,,,,2,,,0.0011253570616997029,,PRUNED
283,283,33.333333333333336,2025-05-24 22:45:34.109776,2025-05-24 22:45:51.307105,0 days 00:00:17.197329,AdamW,0.0972720473758563,,,0.00021146312848992695,,,,3,,,0.0010215210990928785,,PRUNED
284,284,39.583333333333336,2025-05-24 22:45:51.344597,2025-05-24 22:46:05.777131,0 days 00:00:14.432534,AdamW,0.07967650318123398,,,5.673496367271819e-05,,,,1,,,0.0019166226959691055,,PRUNED
285,285,35.416666666666664,2025-05-24 22:46:05.825758,2025-05-24 22:46:25.909993,0 days 00:00:20.084235,AdamW,0.12356178772999593,,,2.28451379107234e-05,,,,1,,,0.0006997970339011741,,PRUNED
286,286,33.333333333333336,2025-05-24 22:46:25.959479,2025-05-24 22:46:45.544548,0 days 00:00:19.585069,AdamW,0.02531328293268882,,,1.3067224758463894e-05,,,,4,,,0.0015160346928840942,,PRUNED
287,287,33.333333333333336,2025-05-24 22:46:45.582969,2025-05-24 22:47:05.448319,0 days 00:00:19.865350,AdamW,0.03260813678128169,,,6.606103411526633e-05,,,,2,,,0.0023626991398255598,,PRUNED
288,288,33.333333333333336,2025-05-24 22:47:05.487426,2025-05-24 22:47:25.301065,0 days 00:00:19.813639,Adadelta,0.051433734572871925,20.74851228877188,,,,,,1,2.448673415301359,,,,PRUNED
289,289,39.583333333333336,2025-05-24 22:47:25.348525,2025-05-24 22:47:45.357199,0 days 00:00:20.008674,AdamW,0.07273466596642028,,,4.969599412726831e-05,,,,2,,,0.0017911609563130886,,PRUNED
290,290,31.25,2025-05-24 22:47:45.394446,2025-05-24 22:48:05.964535,0 days 00:00:20.570089,AdamW,0.00968401550712827,,,8.186602342547526e-05,,,,1,,,0.002102351337125322,,PRUNED
291,291,37.5,2025-05-24 22:48:06.003360,2025-05-24 22:48:28.377657,0 days 00:00:22.374297,AdamW,0.04338505823208534,,,3.8718782730247314e-05,,,,2,,,0.0011916126679843567,,PRUNED
292,292,33.333333333333336,2025-05-24 22:48:28.427800,2025-05-24 22:48:47.700576,0 days 00:00:19.272776,AdamW,0.15956278127232487,,,9.741092836868093e-05,,,,1,,,0.0016165918909651046,,PRUNED
293,293,35.416666666666664,2025-05-24 22:48:47.736740,2025-05-24 22:49:07.908016,0 days 00:00:20.171276,AdamW,0.14946711332057797,,,3.150852652777201e-05,,,,2,,,0.0013963857251498635,,PRUNED
294,294,56.25,2025-05-24 22:49:07.957565,2025-05-24 22:49:25.034534,0 days 00:00:17.076969,AdamW,0.03642192792721558,,,6.186034952135239e-05,,,,2,,,0.001997985510445629,,PRUNED
295,295,,2025-05-24 22:49:25.072004,2025-05-24 22:49:36.224508,0 days 00:00:11.152504,SGD,0.02129906700079271,,,,0.001305645001776913,82.19866061874123,True,1,,,,0.06136443850154927,PRUNED
296,296,31.25,2025-05-24 22:49:36.267653,2025-05-24 22:49:53.505802,0 days 00:00:17.238149,AdamW,0.060642617581643306,,,5.049227753691397e-05,,,,6,,,0.0012568971369893776,,PRUNED
297,297,37.5,2025-05-24 22:49:53.550896,2025-05-24 22:50:10.487520,0 days 00:00:16.936624,AdamW,0.007771848035253253,,,2.5953727194043067e-05,,,,1,,,0.0022655882412930973,,PRUNED
298,298,64.58333333333333,2025-05-24 22:50:10.526002,2025-05-24 22:50:42.173815,0 days 00:00:31.647813,AdamW,0.1329039017221436,,,7.558896485785616e-05,,,,3,,,0.0058862002332347165,,COMPLETE
299,299,39.583333333333336,2025-05-24 22:50:42.229358,2025-05-24 22:50:58.340532,0 days 00:00:16.111174,AdamW,0.13326891489538825,,,8.1478559053957e-05,,,,3,,,0.008515100330912467,,PRUNED
300,300,33.333333333333336,2025-05-24 22:50:58.377357,2025-05-24 22:51:18.750934,0 days 00:00:20.373577,AdamW,0.04986011177691376,,,0.0001315720821660416,,,,1,,,0.00571473460551232,,PRUNED
301,301,35.416666666666664,2025-05-24 22:51:18.789162,2025-05-24 22:51:38.376062,0 days 00:00:19.586900,AdamW,0.2126703838765292,,,6.722684018757263e-05,,,,2,,,0.0009277191713745924,,PRUNED
302,302,33.333333333333336,2025-05-24 22:51:38.413546,2025-05-24 22:51:56.173852,0 days 00:00:17.760306,AdamW,0.11756656305893072,,,0.00010226152788656918,,,,2,,,0.004881773424189147,,PRUNED
303,303,35.416666666666664,2025-05-24 22:51:56.211964,2025-05-24 22:52:11.142369,0 days 00:00:14.930405,AdamW,0.10815255118341864,,,7.433938064872037e-05,,,,1,,,0.005985871365627044,,PRUNED
304,304,33.333333333333336,2025-05-24 22:52:11.187775,2025-05-24 22:52:25.389656,0 days 00:00:14.201881,Adam,0.028106966094441306,,0.025873620182171365,,,,,1,,0.0432225047212331,,,PRUNED
305,305,31.25,2025-05-24 22:52:25.427784,2025-05-24 22:52:39.572003,0 days 00:00:14.144219,AdamW,0.04044674743073945,,,1.784149100788273e-05,,,,4,,,0.0014857013474594988,,PRUNED
306,306,33.333333333333336,2025-05-24 22:52:39.608575,2025-05-24 22:52:56.262853,0 days 00:00:16.654278,AdamW,0.18929826150418194,,,5.610772343720159e-05,,,,1,,,0.003982857472391737,,PRUNED
307,307,33.333333333333336,2025-05-24 22:52:56.312171,2025-05-24 22:53:14.974405,0 days 00:00:18.662234,AdamW,0.01727245388284707,,,0.0028481261998389035,,,,2,,,0.009380659930290776,,PRUNED
308,308,33.333333333333336,2025-05-24 22:53:15.010981,2025-05-24 22:53:33.312605,0 days 00:00:18.301624,AdamW,0.029008512491411072,,,8.894647536649947e-05,,,,1,,,0.001685706497343235,,PRUNED
309,309,33.333333333333336,2025-05-24 22:53:33.347221,2025-05-24 22:53:51.371732,0 days 00:00:18.024511,AdamW,0.07175244508776657,,,4.311282620110184e-05,,,,1,,,0.006394902374213651,,PRUNED
310,310,33.333333333333336,2025-05-24 22:53:51.422431,2025-05-24 22:54:10.806649,0 days 00:00:19.384218,AdamW,0.08971633235499413,,,6.627250370819258e-05,,,,5,,,0.0013210056395892022,,PRUNED
311,311,33.333333333333336,2025-05-24 22:54:10.846283,2025-05-24 22:54:22.500414,0 days 00:00:11.654131,AdamW,0.054666691135378885,,,0.00011167452549557255,,,,2,,,0.006902760387191313,,PRUNED
312,312,37.5,2025-05-24 22:54:22.536494,2025-05-24 22:54:36.034338,0 days 00:00:13.497844,AdamW,0.03751860406951149,,,4.995098226288246e-05,,,,3,,,0.0018365127637989935,,PRUNED
313,313,29.166666666666668,2025-05-24 22:54:36.070768,2025-05-24 22:54:45.702796,0 days 00:00:09.632028,AdamW,0.022752565374290178,,,1.4859598394397396e-05,,,,1,,,0.001039002096873277,,PRUNED
314,314,33.333333333333336,2025-05-24 22:54:45.732031,2025-05-24 22:54:54.118542,0 days 00:00:08.386511,Adadelta,0.06347952602965096,2.738538059639298,,,,,,2,0.05557728582159481,,,,PRUNED
315,315,70.83333333333333,2025-05-24 22:54:54.160779,2025-05-24 22:55:15.511159,0 days 00:00:21.350380,AdamW,0.12776184536941204,,,7.900446254744343e-05,,,,2,,,0.0015632462497066268,,COMPLETE
316,316,33.333333333333336,2025-05-24 22:55:15.567490,2025-05-24 22:55:24.407868,0 days 00:00:08.840378,AdamW,0.12690259963762998,,,0.0005067366416631236,,,,2,,,0.008012320959433585,,PRUNED
317,317,33.333333333333336,2025-05-24 22:55:24.436728,2025-05-24 22:55:32.033549,0 days 00:00:07.596821,AdamW,0.11245056921265682,,,0.00026833170453376164,,,,2,,,0.0014976180369148946,,PRUNED
318,318,35.416666666666664,2025-05-24 22:55:32.071371,2025-05-24 22:55:41.623866,0 days 00:00:09.552495,AdamW,0.1386205173876311,,,0.00016140020841955873,,,,2,,,0.0015546744017172994,,PRUNED
319,319,33.333333333333336,2025-05-24 22:55:41.671892,2025-05-24 22:55:52.194566,0 days 00:00:10.522674,AdamW,0.1268565325413868,,,0.09057883666140107,,,,2,,,0.0016311885403571152,,PRUNED
320,320,,2025-05-24 22:55:52.244002,2025-05-24 22:56:03.160239,0 days 00:00:10.916237,SGD,0.007753257652922429,,,,0.022392520552638774,41.1864223611833,False,2,,,,27.86687163402861,PRUNED
321,321,39.583333333333336,2025-05-24 22:56:03.204868,2025-05-24 22:56:16.572757,0 days 00:00:13.367889,AdamW,0.04288005989662358,,,8.428073541624553e-05,,,,2,,,0.0018455923720872669,,PRUNED
322,322,22.916666666666668,2025-05-24 22:56:16.624129,2025-05-24 22:56:35.596976,0 days 00:00:18.972847,AdamW,0.4950140634203833,,,1.1395595210479845e-05,,,,2,,,0.00135786358976272,,PRUNED
323,323,43.75,2025-05-24 22:56:35.644359,2025-05-24 22:56:54.454617,0 days 00:00:18.810258,AdamW,0.10081386854812567,,,9.733797523893554e-05,,,,2,,,0.0027141876546390386,,PRUNED
324,324,35.416666666666664,2025-05-24 22:56:54.491751,2025-05-24 22:57:14.253623,0 days 00:00:19.761872,AdamW,0.03301020781760286,,,0.00011832351233979858,,,,2,,,0.002082770365839313,,PRUNED
325,325,39.583333333333336,2025-05-24 22:57:14.292684,2025-05-24 22:57:33.122113,0 days 00:00:18.829429,AdamW,0.051361873438285445,,,3.509738808151944e-05,,,,0,,,0.001754774862311459,,PRUNED
326,326,33.333333333333336,2025-05-24 22:57:33.158570,2025-05-24 22:57:47.670417,0 days 00:00:14.511847,AdamW,0.017293040272070972,,,7.63474495549229e-05,,,,3,,,0.0024573391525597207,,PRUNED
327,327,35.416666666666664,2025-05-24 22:57:47.697029,2025-05-24 22:57:55.608020,0 days 00:00:07.910991,AdamW,0.028582073781380057,,,5.418697401826618e-05,,,,1,,,0.001142542967316891,,PRUNED
328,328,35.416666666666664,2025-05-24 22:57:55.645398,2025-05-24 22:58:13.161197,0 days 00:00:17.515799,AdamW,0.12058812115665098,,,4.240813342777522e-05,,,,2,,,0.001381763834801459,,PRUNED
329,329,33.333333333333336,2025-05-24 22:58:13.204138,2025-05-24 22:58:33.403160,0 days 00:00:20.199022,Adam,0.25677327574341,,0.09721025456030145,,,,,1,,4.172352981708671,,,PRUNED
330,330,35.416666666666664,2025-05-24 22:58:33.440342,2025-05-24 22:58:53.847432,0 days 00:00:20.407090,AdamW,0.08354801013716476,,,7.461370789989846e-05,,,,1,,,0.002968257258724424,,PRUNED
331,331,35.416666666666664,2025-05-24 22:58:53.897320,2025-05-24 22:59:16.239166,0 days 00:00:22.341846,AdamW,0.13353189728002082,,,0.0001323621627116395,,,,2,,,0.0016085963575675414,,PRUNED
332,332,39.583333333333336,2025-05-24 22:59:16.286481,2025-05-24 22:59:36.278246,0 days 00:00:19.991765,AdamW,0.04300182089265803,,,1.9747188676808903e-05,,,,2,,,0.002060882917692066,,PRUNED
333,333,37.5,2025-05-24 22:59:36.326558,2025-05-24 22:59:56.426589,0 days 00:00:20.100031,AdamW,0.01482445022903671,,,6.148987443653636e-05,,,,1,,,0.004977939877668974,,PRUNED
334,334,35.416666666666664,2025-05-24 22:59:56.475642,2025-05-24 23:00:16.493124,0 days 00:00:20.017482,AdamW,0.05946223170652471,,,1.2620445961128726e-05,,,,0,,,0.0012492567136892952,,PRUNED
335,335,33.333333333333336,2025-05-24 23:00:16.545217,2025-05-24 23:00:36.492889,0 days 00:00:19.947672,AdamW,0.3653525365428889,,,8.740570910080543e-05,,,,3,,,0.0018458745465277035,,PRUNED
336,336,33.333333333333336,2025-05-24 23:00:36.529724,2025-05-24 23:00:56.478011,0 days 00:00:19.948287,AdamW,0.0007967060167579573,,,0.0014790408534376051,,,,1,,,0.002315525800996695,,PRUNED
337,337,47.916666666666664,2025-05-24 23:00:56.517484,2025-05-24 23:01:23.206059,0 days 00:00:26.688575,AdamW,0.02597386381504957,,,4.7437671609248616e-05,,,,2,,,0.0014321876185265487,,PRUNED
338,338,35.416666666666664,2025-05-24 23:01:23.256507,2025-05-24 23:01:34.650550,0 days 00:00:11.394043,AdamW,0.037702520327603226,,,2.821581629677386e-05,,,,1,,,0.0019620607022233596,,PRUNED
339,339,33.333333333333336,2025-05-24 23:01:34.687256,2025-05-24 23:01:51.277933,0 days 00:00:16.590677,Adadelta,0.05157842387397586,0.3671824238343539,,,,,,1,0.011266114321384876,,,,PRUNED
340,340,43.75,2025-05-24 23:01:51.319343,2025-05-24 23:02:09.609368,0 days 00:00:18.290025,AdamW,0.23576121164155844,,,3.825821065906269e-05,,,,2,,,0.0017030558024096125,,PRUNED
341,341,33.333333333333336,2025-05-24 23:02:09.645691,2025-05-24 23:02:29.514586,0 days 00:00:19.868895,AdamW,0.06571109402972436,,,5.883153770635987e-05,,,,1,,,0.0022218102073727052,,PRUNED
342,342,33.333333333333336,2025-05-24 23:02:29.551640,2025-05-24 23:02:49.459531,0 days 00:00:19.907891,AdamW,0.14167598967865813,,,6.796434624800495e-05,,,,2,,,0.0035435304022797018,,PRUNED
343,343,33.333333333333336,2025-05-24 23:02:49.508094,2025-05-24 23:03:09.102612,0 days 00:00:19.594518,AdamW,0.07363268639776006,,,9.974113806899734e-05,,,,4,,,0.0015090244536328334,,PRUNED
344,344,,2025-05-24 23:03:09.149988,2025-05-24 23:03:26.581498,0 days 00:00:17.431510,SGD,0.019793216359145566,,,,9.302227773758657e-05,55.99871448536107,False,0,,,,5.893570927652009,PRUNED
345,345,33.333333333333336,2025-05-24 23:03:26.627700,2025-05-24 23:03:44.351875,0 days 00:00:17.724175,AdamW,0.11032754623158497,,,4.639008278378378e-05,,,,2,,,0.0025202251529600444,,PRUNED
346,346,33.333333333333336,2025-05-24 23:03:44.399671,2025-05-24 23:04:01.376819,0 days 00:00:16.977148,AdamW,0.033745071355587325,,,8.034879301945445e-05,,,,1,,,0.0011843366434223634,,PRUNED
347,347,31.25,2025-05-24 23:04:01.413836,2025-05-24 23:04:21.383913,0 days 00:00:19.970077,AdamW,0.010504803968432369,,,2.38052991444297e-05,,,,1,,,0.007222046912915732,,PRUNED
348,348,22.916666666666668,2025-05-24 23:04:21.421387,2025-05-24 23:04:40.709529,0 days 00:00:19.288142,AdamW,0.051650791280619786,,,5.51267178372677e-05,,,,8,,,0.0018920948660236599,,PRUNED
349,349,33.333333333333336,2025-05-24 23:04:40.749605,2025-05-24 23:05:00.633331,0 days 00:00:19.883726,AdamW,0.04257130559969267,,,0.0009646195453463079,,,,2,,,0.0016959887796937658,,PRUNED
350,350,41.666666666666664,2025-05-24 23:05:00.671230,2025-05-24 23:05:19.062543,0 days 00:00:18.391313,AdamW,0.027462646502924883,,,3.4715300465718795e-05,,,,2,,,0.0021208556256951377,,PRUNED
351,351,37.5,2025-05-24 23:05:19.100160,2025-05-24 23:05:35.345921,0 days 00:00:16.245761,AdamW,0.1216076323783572,,,1.440185200139815e-05,,,,1,,,0.0012804820842205358,,PRUNED
352,352,50.0,2025-05-24 23:05:35.378730,2025-05-24 23:05:56.284276,0 days 00:00:20.905546,AdamW,0.133980095390254,,,6.86761707223113e-05,,,,3,,,0.0011041696958760793,,PRUNED
353,353,33.333333333333336,2025-05-24 23:05:56.322248,2025-05-24 23:06:16.542663,0 days 00:00:20.220415,AdamW,0.09135276272635884,,,0.00018336428701734805,,,,1,,,0.0007720313246471872,,PRUNED
354,354,37.5,2025-05-24 23:06:16.580757,2025-05-24 23:06:36.778668,0 days 00:00:20.197911,Adam,0.019730167256441403,,5.410844533904041e-05,,,,,2,,0.49760247362867716,,,PRUNED
355,355,39.583333333333336,2025-05-24 23:06:36.829549,2025-05-24 23:06:56.297563,0 days 00:00:19.468014,AdamW,0.04478689987710534,,,0.0001068226357181353,,,,1,,,0.0006146139359471909,,PRUNED
356,356,66.66666666666667,2025-05-24 23:06:56.346401,2025-05-24 23:07:28.712481,0 days 00:00:32.366080,AdamW,0.06232779932208808,,,4.346634495869357e-05,,,,0,,,0.0015213042741299455,,COMPLETE
357,357,47.916666666666664,2025-05-24 23:07:28.767819,2025-05-24 23:07:53.763271,0 days 00:00:24.995452,AdamW,0.07789114937157769,,,4.128040328273392e-05,,,,0,,,0.0015908145538818148,,PRUNED
358,358,33.333333333333336,2025-05-24 23:07:53.800650,2025-05-24 23:08:13.928456,0 days 00:00:20.127806,AdamW,0.0710832967785252,,,5.022131942941478e-05,,,,0,,,0.0014262281706256296,,PRUNED
359,359,41.666666666666664,2025-05-24 23:08:13.969422,2025-05-24 23:08:34.032193,0 days 00:00:20.062771,AdamW,0.0649565789964202,,,3.1972078098500314e-05,,,,0,,,0.001806208570215647,,PRUNED
360,360,35.416666666666664,2025-05-24 23:08:34.072269,2025-05-24 23:08:51.642457,0 days 00:00:17.570188,AdamW,0.05477938143036468,,,5.852510543720563e-05,,,,0,,,0.0016210866488097855,,PRUNED
361,361,33.333333333333336,2025-05-24 23:08:51.669042,2025-05-24 23:09:08.534050,0 days 00:00:16.865008,AdamW,0.05781298240252972,,,0.019060840469887957,,,,0,,,0.0019259810263918052,,PRUNED
362,362,35.416666666666664,2025-05-24 23:09:08.561561,2025-05-24 23:09:16.288833,0 days 00:00:07.727272,AdamW,0.10481682558986279,,,4.183821179676565e-05,,,,0,,,0.0014801886776601098,,PRUNED
363,363,43.75,2025-05-24 23:09:16.316000,2025-05-24 23:09:24.151864,0 days 00:00:07.835864,AdamW,0.15100514926171243,,,8.089636826526628e-05,,,,0,,,0.002148410942427563,,PRUNED
364,364,33.333333333333336,2025-05-24 23:09:24.180120,2025-05-24 23:09:30.929956,0 days 00:00:06.749836,AdamW,0.033569260544348584,,,0.0003934363646000745,,,,1,,,0.001763414858227168,,PRUNED
365,365,39.583333333333336,2025-05-24 23:09:30.956779,2025-05-24 23:09:37.233565,0 days 00:00:06.276786,AdamW,0.06373872704111254,,,5.1117245064419765e-05,,,,1,,,0.0023752575765687623,,PRUNED
366,366,33.333333333333336,2025-05-24 23:09:37.262272,2025-05-24 23:09:43.803283,0 days 00:00:06.541011,Adadelta,0.31449859453030543,39.825797678263264,,,,,,1,0.2954566686743475,,,,PRUNED
367,367,31.25,2025-05-24 23:09:43.831660,2025-05-24 23:09:50.106687,0 days 00:00:06.275027,AdamW,0.08159321756277514,,,6.443200982200428e-05,,,,1,,,0.0013450726591133454,,PRUNED
368,368,39.583333333333336,2025-05-24 23:09:50.140383,2025-05-24 23:09:56.456140,0 days 00:00:06.315757,AdamW,0.044743451846852245,,,9.230886799842636e-05,,,,1,,,0.001937403907998927,,PRUNED
369,369,,2025-05-24 23:09:56.489499,2025-05-24 23:10:02.487629,0 days 00:00:05.998130,SGD,0.008939798755502323,,,,0.00349309469907018,12.614052398709482,True,0,,,,0.739228594529903,PRUNED
370,370,33.333333333333336,2025-05-24 23:10:02.520074,2025-05-24 23:10:08.772840,0 days 00:00:06.252766,AdamW,0.04922448263083284,,,0.0001296473945065429,,,,1,,,0.0015461558426656656,,PRUNED
371,371,70.83333333333333,2025-05-24 23:10:08.801437,2025-05-24 23:10:21.860982,0 days 00:00:13.059545,AdamW,0.12935885866757904,,,3.696782419425105e-05,,,,1,,,0.0016987431049471245,,COMPLETE
372,372,33.333333333333336,2025-05-24 23:10:21.901445,2025-05-24 23:10:28.330197,0 days 00:00:06.428752,AdamW,0.1294005029148268,,,0.006829473032039699,,,,1,,,0.0016991476420764797,,PRUNED
373,373,41.666666666666664,2025-05-24 23:10:28.358087,2025-05-24 23:10:35.945827,0 days 00:00:07.587740,AdamW,0.11638579074210474,,,2.7935084182446915e-05,,,,1,,,0.002079523191009626,,PRUNED
374,374,33.333333333333336,2025-05-24 23:10:35.974050,2025-05-24 23:10:42.326500,0 days 00:00:06.352450,AdamW,0.1429286290260527,,,3.437656519074002e-05,,,,1,,,0.0005602280401799855,,PRUNED
375,375,33.333333333333336,2025-05-24 23:10:42.355058,2025-05-24 23:10:48.829631,0 days 00:00:06.474573,AdamW,0.1274782442975368,,,4.2365060523203364e-05,,,,1,,,0.009724835211658492,,PRUNED
376,376,37.5,2025-05-24 23:10:48.858585,2025-05-24 23:10:55.305460,0 days 00:00:06.446875,AdamW,0.09840874464403836,,,3.142365579138465e-05,,,,1,,,0.0026884295258464276,,PRUNED
377,377,72.91666666666667,2025-05-24 23:10:55.333821,2025-05-24 23:11:08.664779,0 days 00:00:13.330958,AdamW,0.13596398222806624,,,3.8274155833176536e-05,,,,0,,,0.0018729825310446976,,COMPLETE
378,378,43.75,2025-05-24 23:11:08.705148,2025-05-24 23:11:16.638549,0 days 00:00:07.933401,AdamW,0.14351011166610325,,,3.58380550696045e-05,,,,0,,,0.0017752088222733919,,PRUNED
379,379,35.416666666666664,2025-05-24 23:11:16.729430,2025-05-24 23:11:23.146002,0 days 00:00:06.416572,Adam,0.11683450711046006,,0.0005182131353080924,,,,,0,,0.11349435794895732,,,PRUNED
380,380,39.583333333333336,2025-05-24 23:11:23.179314,2025-05-24 23:11:29.601917,0 days 00:00:06.422603,AdamW,0.14382650578566847,,,4.7288105515370345e-05,,,,0,,,0.0019228447924409156,,PRUNED
381,381,37.5,2025-05-24 23:11:29.634766,2025-05-24 23:11:36.523143,0 days 00:00:06.888377,AdamW,0.1329101503577947,,,6.0368732308901916e-05,,,,0,,,0.0015956410964451159,,PRUNED
382,382,37.5,2025-05-24 23:11:36.557268,2025-05-24 23:11:43.097918,0 days 00:00:06.540650,AdamW,0.15268281808257098,,,5.2233854887484506e-05,,,,5,,,0.0005002285609085112,,PRUNED
383,383,41.666666666666664,2025-05-24 23:11:43.131946,2025-05-24 23:11:49.962026,0 days 00:00:06.830080,AdamW,0.13630346615378164,,,7.21009240429935e-05,,,,0,,,0.0017109125678238678,,PRUNED
384,384,35.416666666666664,2025-05-24 23:11:49.992623,2025-05-24 23:12:06.809026,0 days 00:00:16.816403,AdamW,0.12516691402075114,,,3.755812223155841e-05,,,,0,,,0.0020024145849659603,,PRUNED
385,385,45.833333333333336,2025-05-24 23:12:06.847407,2025-05-24 23:12:28.373237,0 days 00:00:21.525830,AdamW,0.11325814788693964,,,2.827006746373981e-05,,,,0,,,0.008615479650887032,,PRUNED
386,386,56.25,2025-05-24 23:12:28.417074,2025-05-24 23:12:53.189334,0 days 00:00:24.772260,AdamW,0.15868747375525144,,,2.337799082120547e-05,,,,0,,,0.0014335735107878075,,PRUNED
387,387,35.416666666666664,2025-05-24 23:12:53.227377,2025-05-24 23:13:12.991968,0 days 00:00:19.764591,AdamW,0.12210858705535603,,,4.599246742108247e-05,,,,4,,,0.0018738204805433547,,PRUNED
388,388,33.333333333333336,2025-05-24 23:13:13.030089,2025-05-24 23:13:32.934602,0 days 00:00:19.904513,AdamW,0.0715477137870503,,,5.8074622557792305e-05,,,,1,,,0.0016066732401786425,,PRUNED
389,389,33.333333333333336,2025-05-24 23:13:32.971760,2025-05-24 23:13:51.859765,0 days 00:00:18.888005,AdamW,0.05973411905906733,,,8.588274174155514e-05,,,,3,,,0.0021918921614252165,,PRUNED
390,390,33.333333333333336,2025-05-24 23:13:51.897120,2025-05-24 23:14:10.956164,0 days 00:00:19.059044,Adadelta,0.13814456565802127,0.02585454336066038,,,,,,6,2.116401335972855,,,,PRUNED
391,391,39.583333333333336,2025-05-24 23:14:10.993240,2025-05-24 23:14:30.292180,0 days 00:00:19.298940,AdamW,0.10832099729544369,,,7.183673493644328e-05,,,,1,,,0.0004246298239916962,,PRUNED
392,392,37.5,2025-05-24 23:14:30.341463,2025-05-24 23:14:50.224239,0 days 00:00:19.882776,AdamW,0.1297083354524507,,,4.009110182219623e-05,,,,0,,,0.001806220443124879,,PRUNED
393,393,31.25,2025-05-24 23:14:50.273468,2025-05-24 23:15:10.378050,0 days 00:00:20.104582,AdamW,0.1489377349572792,,,5.281994746231916e-05,,,,1,,,0.00034460365212559514,,PRUNED
394,394,41.666666666666664,2025-05-24 23:15:10.427081,2025-05-24 23:15:21.902737,0 days 00:00:11.475656,AdamW,0.055358727857586484,,,1.8674561727094897e-05,,,,1,,,0.0012648449816209412,,PRUNED
395,395,,2025-05-24 23:15:21.950282,2025-05-24 23:15:29.497200,0 days 00:00:07.546918,SGD,0.04330680966450147,,,,1.0203135079454909e-05,98.30486028765327,False,1,,,,0.02627416959307408,PRUNED
396,396,33.333333333333336,2025-05-24 23:15:29.545848,2025-05-24 23:15:38.142415,0 days 00:00:08.596567,AdamW,0.09347200499917918,,,9.778113189881005e-05,,,,2,,,0.0014860557703591328,,PRUNED
397,397,33.333333333333336,2025-05-24 23:15:38.180891,2025-05-24 23:15:50.143014,0 days 00:00:11.962123,AdamW,0.08421490283638247,,,0.0018838267427167855,,,,1,,,0.0006853045048312207,,PRUNED
398,398,33.333333333333336,2025-05-24 23:15:50.181101,2025-05-24 23:16:07.259493,0 days 00:00:17.078392,AdamW,0.06505521270148074,,,4.6867801212975e-05,,,,0,,,0.004084266303582462,,PRUNED
399,399,43.75,2025-05-24 23:16:07.299685,2025-05-24 23:16:27.308292,0 days 00:00:20.008607,AdamW,0.12284493340241817,,,6.630121607319237e-05,,,,1,,,0.0020173536962856033,,PRUNED
400,400,37.5,2025-05-24 23:16:27.345375,2025-05-24 23:16:47.141401,0 days 00:00:19.796026,AdamW,0.036564074415309594,,,3.2903940832177736e-05,,,,3,,,0.0017226130334083893,,PRUNED
401,401,33.333333333333336,2025-05-24 23:16:47.180218,2025-05-24 23:17:07.126054,0 days 00:00:19.945836,AdamW,0.1662096900016716,,,7.901498243234298e-05,,,,2,,,0.001570139300994187,,PRUNED
402,402,33.333333333333336,2025-05-24 23:17:07.179137,2025-05-24 23:17:27.159250,0 days 00:00:19.980113,AdamW,0.13328013621356513,,,0.00011418546658734338,,,,2,,,0.0013398932562272384,,PRUNED
403,403,33.333333333333336,2025-05-24 23:17:27.196996,2025-05-24 23:17:47.347285,0 days 00:00:20.150289,AdamW,0.05064890548155907,,,5.8092289557231435e-05,,,,1,,,0.0018977168711967031,,PRUNED
404,404,33.333333333333336,2025-05-24 23:17:47.395346,2025-05-24 23:18:06.998204,0 days 00:00:19.602858,Adam,0.07468536685504862,,0.004061585083263871,,,,,0,,36.478001148768065,,,PRUNED
405,405,29.166666666666668,2025-05-24 23:18:07.036171,2025-05-24 23:18:26.841197,0 days 00:00:19.805026,AdamW,0.146446371584097,,,3.9335807053933945e-05,,,,1,,,0.0021380985897194948,,PRUNED
406,406,33.333333333333336,2025-05-24 23:18:26.888576,2025-05-24 23:18:45.753194,0 days 00:00:18.864618,AdamW,0.03567145738297263,,,0.004267824666319609,,,,7,,,0.0023097005839416906,,PRUNED
407,407,33.333333333333336,2025-05-24 23:18:45.795803,2025-05-24 23:19:05.763052,0 days 00:00:19.967249,AdamW,0.05901358373901338,,,7.210092255248202e-05,,,,2,,,0.0016983227191517064,,PRUNED
408,408,35.416666666666664,2025-05-24 23:19:05.812339,2025-05-24 23:19:22.015753,0 days 00:00:16.203414,AdamW,0.10182572022315578,,,5.220029532485976e-05,,,,1,,,0.0014497346177634333,,PRUNED
409,409,35.416666666666664,2025-05-24 23:19:22.043434,2025-05-24 23:19:32.463889,0 days 00:00:10.420455,AdamW,0.027105165073462348,,,3.0879407806021117e-05,,,,4,,,0.001946795551900549,,PRUNED
410,410,35.416666666666664,2025-05-24 23:19:32.511317,2025-05-24 23:19:45.983831,0 days 00:00:13.472514,AdamW,0.044985631049766085,,,2.334287889901925e-05,,,,2,,,0.0011534796326579757,,PRUNED
411,411,41.666666666666664,2025-05-24 23:19:46.012079,2025-05-24 23:20:00.642663,0 days 00:00:14.630584,AdamW,0.11801304372064197,,,9.048190126309604e-05,,,,1,,,0.001590237266988472,,PRUNED
412,412,64.58333333333333,2025-05-24 23:20:00.681398,2025-05-24 23:20:32.793325,0 days 00:00:32.111927,AdamW,0.1974272761853161,,,4.264613672587104e-05,,,,1,,,0.006128830143501715,,COMPLETE
413,413,33.333333333333336,2025-05-24 23:20:32.852040,2025-05-24 23:20:52.842388,0 days 00:00:19.990348,AdamW,0.20696030566468615,,,4.3338600314953154e-05,,,,1,,,0.0057313932331355495,,PRUNED
414,414,43.75,2025-05-24 23:20:52.881524,2025-05-24 23:21:13.080496,0 days 00:00:20.198972,AdamW,0.16609887789935984,,,6.289918794343592e-05,,,,1,,,0.007598617389715274,,PRUNED
415,415,33.333333333333336,2025-05-24 23:21:13.122795,2025-05-24 23:21:31.643455,0 days 00:00:18.520660,Adadelta,0.15626257173566058,5.4227131612209325,,,,,,1,0.03955412315552918,,,,PRUNED
416,416,33.333333333333336,2025-05-24 23:21:31.692340,2025-05-24 23:21:51.765471,0 days 00:00:20.073131,AdamW,0.18279696560891348,,,3.711279674145122e-05,,,,1,,,0.004752314967262876,,PRUNED
417,417,37.5,2025-05-24 23:21:51.814327,2025-05-24 23:22:14.178033,0 days 00:00:22.363706,AdamW,0.1864080645275306,,,2.633652602305151e-05,,,,0,,,0.0029946409907147154,,PRUNED
418,418,35.416666666666664,2025-05-24 23:22:14.216397,2025-05-24 23:22:34.235041,0 days 00:00:20.018644,AdamW,0.2043596014893094,,,7.950862237038775e-05,,,,1,,,0.0025587185943937484,,PRUNED
419,419,39.583333333333336,2025-05-24 23:22:34.273321,2025-05-24 23:22:54.285067,0 days 00:00:20.011746,AdamW,0.17169749578235155,,,5.3875768287098256e-05,,,,5,,,0.002134153187128945,,PRUNED
420,420,35.416666666666664,2025-05-24 23:22:54.323905,2025-05-24 23:23:06.997221,0 days 00:00:12.673316,AdamW,0.4502610599967401,,,0.00014725126627862907,,,,1,,,0.00662494326203934,,PRUNED
421,421,33.333333333333336,2025-05-24 23:23:07.025115,2025-05-24 23:23:23.715164,0 days 00:00:16.690049,AdamW,0.19379390108863684,,,0.00010027090267140903,,,,1,,,0.00015127761775637175,,PRUNED
422,422,,2025-05-24 23:23:23.744724,2025-05-24 23:23:32.603716,0 days 00:00:08.858992,SGD,0.17899598187891055,,,,0.0004667559007029481,60.50812091418956,True,0,,,,0.20108393823133197,PRUNED
423,423,33.333333333333336,2025-05-24 23:23:32.642498,2025-05-24 23:23:52.905766,0 days 00:00:20.263268,AdamW,0.13811404600634392,,,6.651103845850953e-05,,,,1,,,0.006232511781058535,,PRUNED
424,424,31.25,2025-05-24 23:23:52.959809,2025-05-24 23:24:13.034176,0 days 00:00:20.074367,AdamW,0.19761506981641128,,,4.558248804464201e-05,,,,1,,,0.001795271983993509,,PRUNED
425,425,33.333333333333336,2025-05-24 23:24:13.073182,2025-05-24 23:24:33.126398,0 days 00:00:20.053216,AdamW,0.16045733788630767,,,2.0008577400631053e-05,,,,1,,,0.0008663267371276004,,PRUNED
426,426,41.666666666666664,2025-05-24 23:24:33.164790,2025-05-24 23:24:53.569818,0 days 00:00:20.405028,AdamW,0.22617789718306133,,,5.5360750905409574e-05,,,,0,,,0.005208819229741896,,PRUNED
427,427,37.5,2025-05-24 23:24:53.619478,2025-05-24 23:25:13.549483,0 days 00:00:19.930005,AdamW,0.14428656422170777,,,0.00011818561957754225,,,,1,,,0.0036544301126413253,,PRUNED
428,428,35.416666666666664,2025-05-24 23:25:13.588404,2025-05-24 23:25:35.545648,0 days 00:00:21.957244,AdamW,0.1272099159813463,,,8.522497978397392e-05,,,,1,,,0.0020312809627615544,,PRUNED
429,429,33.333333333333336,2025-05-24 23:25:35.596709,2025-05-24 23:25:51.918641,0 days 00:00:16.321932,Adam,0.0683118279440765,,2.4776753772474296e-05,,,,,1,,0.023482598772008582,,,PRUNED
430,430,35.416666666666664,2025-05-24 23:25:51.962789,2025-05-24 23:26:13.232221,0 days 00:00:21.269432,AdamW,0.15309833762572878,,,3.509668979105606e-05,,,,1,,,0.0022735538586780603,,PRUNED
431,431,33.333333333333336,2025-05-24 23:26:13.272098,2025-05-24 23:26:32.627904,0 days 00:00:19.355806,AdamW,0.0848243458940052,,,6.249983538795484e-05,,,,3,,,0.0005864790344242202,,PRUNED
432,432,37.5,2025-05-24 23:26:32.667689,2025-05-24 23:26:50.592041,0 days 00:00:17.924352,AdamW,0.055415545373034954,,,4.426241550846864e-05,,,,1,,,0.008704863701149335,,PRUNED
433,433,39.583333333333336,2025-05-24 23:26:50.627825,2025-05-24 23:27:07.305696,0 days 00:00:16.677871,AdamW,0.10678147375555104,,,1.6906419581779335e-05,,,,0,,,0.0010222162998589912,,PRUNED
434,434,35.416666666666664,2025-05-24 23:27:07.335366,2025-05-24 23:27:23.496882,0 days 00:00:16.161516,AdamW,0.4072292998369296,,,7.082043193950314e-05,,,,1,,,0.004484193050252244,,PRUNED
435,435,33.333333333333336,2025-05-24 23:27:23.540157,2025-05-24 23:27:43.563134,0 days 00:00:20.022977,AdamW,0.1776329778588677,,,0.01172825732137669,,,,1,,,0.0018181958038758278,,PRUNED
436,436,29.166666666666668,2025-05-24 23:27:43.602045,2025-05-24 23:28:03.662190,0 days 00:00:20.060145,AdamW,0.13323677729661015,,,3.110458672990547e-05,,,,1,,,0.00167001155394329,,PRUNED
437,437,41.666666666666664,2025-05-24 23:28:03.700113,2025-05-24 23:28:23.659914,0 days 00:00:19.959801,AdamW,0.023612541050716487,,,1.016914192281968e-05,,,,0,,,0.007998819503437081,,PRUNED
438,438,35.416666666666664,2025-05-24 23:28:23.698435,2025-05-24 23:28:43.843994,0 days 00:00:20.145559,AdamW,0.11463429420478888,,,5.100847063949741e-05,,,,1,,,0.0012429795282772093,,PRUNED
439,439,39.583333333333336,2025-05-24 23:28:43.897716,2025-05-24 23:29:03.840185,0 days 00:00:19.942469,AdamW,0.04475972328878022,,,0.00010518460300247922,,,,2,,,0.00022671033183317916,,PRUNED
440,440,33.333333333333336,2025-05-24 23:29:03.888676,2025-05-24 23:29:23.523203,0 days 00:00:19.634527,AdamW,0.074839753715341,,,8.121715642785967e-05,,,,3,,,0.0019431771444160754,,PRUNED
441,441,35.416666666666664,2025-05-24 23:29:23.570743,2025-05-24 23:29:42.291351,0 days 00:00:18.720608,Adadelta,0.032484789957113576,0.03796260843204207,,,,,,2,14.896347214431687,,,,PRUNED
442,442,54.166666666666664,2025-05-24 23:29:42.331128,2025-05-24 23:30:05.560349,0 days 00:00:23.229221,AdamW,0.01709479370676487,,,4.332899634950813e-05,,,,5,,,0.0024096751810252196,,PRUNED
443,443,64.58333333333333,2025-05-24 23:30:05.601125,2025-05-24 23:30:33.768114,0 days 00:00:28.166989,AdamW,0.06223162994535431,,,5.828585581816067e-05,,,,1,,,0.0013629750341317558,,COMPLETE
444,444,,2025-05-24 23:30:33.809880,2025-05-24 23:30:51.030894,0 days 00:00:17.221014,SGD,0.2799578088457785,,,,3.7569791221271836e-05,41.10125050938753,False,0,,,,3.7308197165976558,PRUNED
445,445,31.25,2025-05-24 23:30:51.062331,2025-05-24 23:31:04.151865,0 days 00:00:13.089534,AdamW,0.13912606202915012,,,7.336231454038414e-05,,,,2,,,0.002147364388956902,,PRUNED
446,446,37.5,2025-05-24 23:31:04.191135,2025-05-24 23:31:22.917053,0 days 00:00:18.725918,AdamW,0.050010867632636166,,,3.687121226611837e-05,,,,1,,,0.0017306082989936033,,PRUNED
447,447,47.916666666666664,2025-05-24 23:31:22.955575,2025-05-24 23:31:43.849063,0 days 00:00:20.893488,AdamW,0.19218301287124095,,,2.6946040922776567e-05,,,,1,,,0.0007484094027263125,,PRUNED
448,448,35.416666666666664,2025-05-24 23:31:43.884647,2025-05-24 23:32:00.212731,0 days 00:00:16.328084,AdamW,0.12172390319372034,,,9.393619275358252e-05,,,,1,,,0.0014867613358197584,,PRUNED
449,449,68.75,2025-05-24 23:32:00.252955,2025-05-24 23:32:31.133734,0 days 00:00:30.880779,AdamW,0.03349923367087538,,,5.0540065963415306e-05,,,,2,,,0.0018768124967681278,,COMPLETE
450,450,33.333333333333336,2025-05-24 23:32:31.189675,2025-05-24 23:32:48.164158,0 days 00:00:16.974483,AdamW,0.03097302926291802,,,6.500680320351213e-05,,,,2,,,0.001904107691099191,,PRUNED
451,451,39.583333333333336,2025-05-24 23:32:48.217236,2025-05-24 23:33:08.210969,0 days 00:00:19.993733,AdamW,0.03990611634355197,,,5.0024172654601086e-05,,,,2,,,0.002064038071848466,,PRUNED
452,452,22.916666666666668,2025-05-24 23:33:08.259520,2025-05-24 23:33:27.480043,0 days 00:00:19.220523,AdamW,0.03528982976103934,,,7.922807794632143e-05,,,,6,,,0.0015663069367537056,,PRUNED
453,453,33.333333333333336,2025-05-24 23:33:27.522081,2025-05-24 23:33:47.317996,0 days 00:00:19.795915,Adam,0.0002818949178408636,,0.0011938817542493504,,,,,2,,0.6227447701615505,,,PRUNED
454,454,33.333333333333336,2025-05-24 23:33:47.356759,2025-05-24 23:34:07.334815,0 days 00:00:19.978056,AdamW,0.01250979207055068,,,5.7631500112681795e-05,,,,2,,,0.001797162632664192,,PRUNED
455,455,35.416666666666664,2025-05-24 23:34:07.374063,2025-05-24 23:34:27.095489,0 days 00:00:19.721426,AdamW,0.02239992231276347,,,6.917603027122527e-05,,,,2,,,0.002280920684619757,,PRUNED
456,456,33.333333333333336,2025-05-24 23:34:27.133598,2025-05-24 23:34:39.153317,0 days 00:00:12.019719,AdamW,0.052099222572436994,,,0.040178892953536854,,,,2,,,0.0016741516474344062,,PRUNED
457,457,35.416666666666664,2025-05-24 23:34:39.192062,2025-05-24 23:34:55.146840,0 days 00:00:15.954778,AdamW,0.09335272830793896,,,4.926869043481756e-05,,,,2,,,0.001958014592583743,,PRUNED
458,458,66.66666666666667,2025-05-24 23:34:55.184410,2025-05-24 23:35:26.709997,0 days 00:00:31.525587,AdamW,0.30823851900727295,,,0.00011653499219795175,,,,2,,,0.0018192974296496868,,COMPLETE
459,459,33.333333333333336,2025-05-24 23:35:26.766147,2025-05-24 23:35:46.728101,0 days 00:00:19.961954,AdamW,0.2801517010762259,,,0.00015026556786218624,,,,2,,,0.0018200475825962323,,PRUNED
460,460,33.333333333333336,2025-05-24 23:35:46.767273,2025-05-24 23:36:06.236195,0 days 00:00:19.468922,AdamW,0.040511032058952866,,,0.00010433605106738308,,,,2,,,0.0016515910601497925,,PRUNED
461,461,43.75,2025-05-24 23:36:06.274940,2025-05-24 23:36:23.557375,0 days 00:00:17.282435,AdamW,0.3081714571680033,,,1.3128792174425467e-05,,,,2,,,0.002035891570882577,,PRUNED
462,462,33.333333333333336,2025-05-24 23:36:23.596216,2025-05-24 23:36:40.421843,0 days 00:00:16.825627,AdamW,0.3276892275802659,,,0.00012851276861048662,,,,2,,,0.0014908340219043077,,PRUNED
463,463,37.5,2025-05-24 23:36:40.460660,2025-05-24 23:37:00.661595,0 days 00:00:20.200935,Adadelta,0.06576947912909738,0.13001619517507557,,,,,,2,1.468803900733934,,,,PRUNED
464,464,41.666666666666664,2025-05-24 23:37:00.700325,2025-05-24 23:37:22.619965,0 days 00:00:21.919640,AdamW,0.34351127523624037,,,0.00011284149097282156,,,,0,,,0.0010795885716120967,,PRUNED
465,465,39.583333333333336,2025-05-24 23:37:22.671255,2025-05-24 23:37:42.295134,0 days 00:00:19.623879,AdamW,0.39108281311490456,,,3.7589376396871965e-05,,,,2,,,0.001871013890748505,,PRUNED
466,466,33.333333333333336,2025-05-24 23:37:42.345060,2025-05-24 23:38:02.372001,0 days 00:00:20.026941,AdamW,0.33572698515886357,,,8.913128894828297e-05,,,,2,,,0.000641265016039931,,PRUNED
467,467,39.583333333333336,2025-05-24 23:38:02.412617,2025-05-24 23:38:23.174581,0 days 00:00:20.761964,AdamW,0.02064599790812485,,,0.00013001257968470902,,,,0,,,0.002539718303247934,,PRUNED
468,468,31.25,2025-05-24 23:38:23.203779,2025-05-24 23:38:32.071903,0 days 00:00:08.868124,AdamW,0.02951375310944737,,,5.725230536131283e-05,,,,2,,,0.0022327390268196763,,PRUNED
469,469,45.833333333333336,2025-05-24 23:38:32.110688,2025-05-24 23:38:52.625709,0 days 00:00:20.515021,AdamW,0.31147461741749044,,,1.6287208425979843e-05,,,,2,,,0.001696664744737221,,PRUNED
470,470,43.75,2025-05-24 23:38:52.665681,2025-05-24 23:39:12.289681,0 days 00:00:19.624000,AdamW,0.2967011831865821,,,2.1002217039076767e-05,,,,0,,,0.0013825981584512574,,PRUNED
471,471,37.5,2025-05-24 23:39:12.329452,2025-05-24 23:39:32.473929,0 days 00:00:20.144477,AdamW,0.2628816178366033,,,3.051796534354086e-05,,,,2,,,0.0012017903166816049,,PRUNED
472,472,,2025-05-24 23:39:32.512083,2025-05-24 23:39:50.734172,0 days 00:00:18.222089,SGD,0.055862980994519876,,,,0.03493762672642708,87.26197507276619,True,1,,,,38.004474757635144,PRUNED
473,473,43.75,2025-05-24 23:39:50.781089,2025-05-24 23:40:09.940277,0 days 00:00:19.159188,AdamW,0.2434401659117359,,,4.450929816481179e-05,,,,0,,,0.0009313051792598113,,PRUNED
474,474,33.333333333333336,2025-05-24 23:40:09.980705,2025-05-24 23:40:29.781755,0 days 00:00:19.801050,AdamW,0.044541591382756346,,,9.361295281053372e-05,,,,2,,,0.002054554282344375,,PRUNED
475,475,33.333333333333336,2025-05-24 23:40:29.820911,2025-05-24 23:40:49.767831,0 days 00:00:19.946920,AdamW,0.07562354183633788,,,6.310536828888738e-05,,,,1,,,0.0015065523601146369,,PRUNED
476,476,41.666666666666664,2025-05-24 23:40:49.806983,2025-05-24 23:41:08.522878,0 days 00:00:18.715895,AdamW,0.36325957381147916,,,5.0729081372108936e-05,,,,2,,,0.0018446009016512693,,PRUNED
477,477,33.333333333333336,2025-05-24 23:41:08.574250,2025-05-24 23:41:28.527716,0 days 00:00:19.953466,AdamW,0.02583625794976717,,,0.00016922150407211388,,,,1,,,0.0016420355998884885,,PRUNED
478,478,33.333333333333336,2025-05-24 23:41:28.583400,2025-05-24 23:41:47.436559,0 days 00:00:18.853159,Adam,0.03940414799841912,,0.02391550876839348,,,,,1,,2.100511249413327,,,PRUNED
479,479,47.916666666666664,2025-05-24 23:41:47.486153,2025-05-24 23:42:11.061057,0 days 00:00:23.574904,AdamW,0.376753014393428,,,7.653906280632235e-05,,,,2,,,0.002124377823784337,,PRUNED
480,480,60.416666666666664,2025-05-24 23:42:11.111814,2025-05-24 23:42:34.292358,0 days 00:00:23.180544,AdamW,0.015404961571035113,,,3.658086553134883e-05,,,,0,,,0.0013208290633004557,,PRUNED
481,481,33.333333333333336,2025-05-24 23:42:34.327149,2025-05-24 23:42:43.234848,0 days 00:00:08.907699,AdamW,0.05794723318506373,,,0.00011189615614842926,,,,2,,,0.0005317844168330891,,PRUNED
482,482,35.416666666666664,2025-05-24 23:42:43.273554,2025-05-24 23:43:03.322350,0 days 00:00:20.048796,AdamW,0.04676507235559848,,,2.4111712323398207e-05,,,,1,,,0.002380183962431096,,PRUNED
483,483,75.0,2025-05-24 23:43:03.361257,2025-05-24 23:43:35.512665,0 days 00:00:32.151408,AdamW,0.06594909858701867,,,4.296391041820652e-05,,,,1,,,0.0017651685156174926,,COMPLETE
484,484,31.25,2025-05-24 23:43:35.570044,2025-05-24 23:43:55.809227,0 days 00:00:20.239183,AdamW,0.07010639890295474,,,4.092988158434621e-05,,,,0,,,0.0017605548715548948,,PRUNED
485,485,33.333333333333336,2025-05-24 23:43:55.848433,2025-05-24 23:44:15.730257,0 days 00:00:19.881824,AdamW,0.0760926239265687,,,3.146765388680775e-05,,,,2,,,0.0019302165714681734,,PRUNED
486,486,33.333333333333336,2025-05-24 23:44:15.768500,2025-05-24 23:44:35.019620,0 days 00:00:19.251120,AdamW,0.08595417398177764,,,4.3122836043278855e-05,,,,6,,,0.001596420816457722,,PRUNED
487,487,31.25,2025-05-24 23:44:35.064097,2025-05-24 23:44:55.164373,0 days 00:00:20.100276,AdamW,0.0652449639276601,,,3.639645078207453e-05,,,,1,,,0.0027738761545586643,,PRUNED
488,488,33.333333333333336,2025-05-24 23:44:55.203270,2025-05-24 23:45:15.489369,0 days 00:00:20.286099,Adadelta,0.06137933000149936,2.0440023478151046,,,,,,1,0.04114686807739037,,,,PRUNED
489,489,35.416666666666664,2025-05-24 23:45:15.539714,2025-05-24 23:45:35.447392,0 days 00:00:19.907678,AdamW,0.10137106767098324,,,5.554934767355585e-05,,,,2,,,0.0017963829663121722,,PRUNED
490,490,31.25,2025-05-24 23:45:35.496708,2025-05-24 23:45:52.025404,0 days 00:00:16.528696,AdamW,0.05238732503341451,,,2.725702898655516e-05,,,,1,,,0.002013122317235473,,PRUNED
491,491,52.083333333333336,2025-05-24 23:45:52.077286,2025-05-24 23:46:07.551281,0 days 00:00:15.473995,AdamW,0.06730894270429623,,,4.852934139122606e-05,,,,2,,,0.001507969654399061,,PRUNED
492,492,41.666666666666664,2025-05-24 23:46:07.585922,2025-05-24 23:46:14.467015,0 days 00:00:06.881093,AdamW,0.08331052347381357,,,3.234465116619452e-05,,,,5,,,0.002234199048740026,,PRUNED
493,493,37.5,2025-05-24 23:46:14.501659,2025-05-24 23:46:30.967359,0 days 00:00:16.465700,AdamW,0.051598770026512246,,,4.601250268353084e-05,,,,1,,,0.0017132612569207685,,PRUNED
494,494,,2025-05-24 23:46:31.015465,2025-05-24 23:46:43.633754,0 days 00:00:12.618289,SGD,0.06057366494685254,,,,0.007342492716243825,62.77541937636265,True,0,,,,1.4249612171209676,PRUNED
495,495,35.416666666666664,2025-05-24 23:46:43.682453,2025-05-24 23:47:03.789231,0 days 00:00:20.106778,AdamW,0.03773210119902903,,,6.389271205249642e-05,,,,1,,,0.001919478547664309,,PRUNED
496,496,33.333333333333336,2025-05-24 23:47:03.841070,2025-05-24 23:47:23.817839,0 days 00:00:19.976769,AdamW,0.07650884153040802,,,0.0006952219154099442,,,,2,,,0.001629627220710778,,PRUNED
497,497,33.333333333333336,2025-05-24 23:47:23.868252,2025-05-24 23:47:43.778591,0 days 00:00:19.910339,AdamW,0.046047394950250106,,,3.916907930976541e-05,,,,1,,,0.002112416391272593,,PRUNED
498,498,31.25,2025-05-24 23:47:43.831479,2025-05-24 23:48:03.787703,0 days 00:00:19.956224,AdamW,0.09326343357593907,,,1.587838648166426e-05,,,,0,,,0.0018184103312339312,,PRUNED
499,499,29.166666666666668,2025-05-24 23:48:03.839409,2025-05-24 23:48:23.757343,0 days 00:00:19.917934,AdamW,0.055711274611314865,,,1.2871516273299808e-05,,,,1,,,0.0013934883145611107,,PRUNED
500,500,33.333333333333336,2025-05-24 23:48:23.800277,2025-05-24 23:48:43.866974,0 days 00:00:20.066697,AdamW,0.11102438239573886,,,5.768528935448174e-05,,,,1,,,0.0015629589614690243,,PRUNED
501,501,68.75,2025-05-24 23:48:43.918967,2025-05-24 23:49:15.683893,0 days 00:00:31.764926,AdamW,0.1476296326492702,,,4.751939777998116e-05,,,,2,,,0.0024747428022060735,,COMPLETE
502,502,35.416666666666664,2025-05-24 23:49:15.741317,2025-05-24 23:49:35.291813,0 days 00:00:19.550496,AdamW,0.1330689837745768,,,5.175890888963623e-05,,,,2,,,0.0028031794172972244,,PRUNED
503,503,37.5,2025-05-24 23:49:35.341016,2025-05-24 23:49:54.565126,0 days 00:00:19.224110,Adam,0.15154989183402778,,0.0001454455633835522,,,,,2,,7.866955740906926,,,PRUNED
504,504,25.0,2025-05-24 23:49:54.618076,2025-05-24 23:50:02.780528,0 days 00:00:08.162452,AdamW,0.14421173045405428,,,1.980879274043981e-05,,,,2,,,0.00264473953984324,,PRUNED
505,505,35.416666666666664,2025-05-24 23:50:02.820023,2025-05-24 23:50:18.412350,0 days 00:00:15.592327,AdamW,0.1519935368602761,,,8.641957689205342e-05,,,,2,,,0.0032952823106696173,,PRUNED
506,506,43.75,2025-05-24 23:50:18.448292,2025-05-24 23:50:25.928840,0 days 00:00:07.480548,AdamW,0.16512702542974833,,,6.57921950311578e-05,,,,2,,,0.0025191380484288627,,PRUNED
507,507,31.25,2025-05-24 23:50:25.966606,2025-05-24 23:50:36.562884,0 days 00:00:10.596278,AdamW,0.14356571470908974,,,5.08994063027885e-05,,,,2,,,0.0023676484839375606,,PRUNED
508,508,33.333333333333336,2025-05-24 23:50:36.595894,2025-05-24 23:50:42.769651,0 days 00:00:06.173757,AdamW,0.1300728935123971,,,3.905921861480787e-05,,,,2,,,0.00037586556646597755,,PRUNED
509,509,41.666666666666664,2025-05-24 23:50:42.803610,2025-05-24 23:50:49.317749,0 days 00:00:06.514139,AdamW,0.1562416207472637,,,0.00010085658825293327,,,,2,,,0.00027844812097871705,,PRUNED
510,510,33.333333333333336,2025-05-24 23:50:49.352119,2025-05-24 23:50:56.914516,0 days 00:00:07.562397,AdamW,0.12429641620256755,,,7.404015545564398e-05,,,,2,,,0.00010088142372608838,,PRUNED
511,511,33.333333333333336,2025-05-24 23:50:56.948828,2025-05-24 23:51:06.333492,0 days 00:00:09.384664,AdamW,0.13860501251827037,,,2.65149078005181e-05,,,,2,,,0.002336409969148883,,PRUNED
512,512,39.583333333333336,2025-05-24 23:51:06.367192,2025-05-24 23:51:12.579891,0 days 00:00:06.212699,AdamW,0.15785937757947632,,,0.00012725981697448905,,,,2,,,0.002138749471444607,,PRUNED
513,513,33.333333333333336,2025-05-24 23:51:12.612938,2025-05-24 23:51:18.977765,0 days 00:00:06.364827,AdamW,0.1451274652932103,,,6.0638137012083344e-05,,,,3,,,0.0014654712966538875,,PRUNED
514,514,33.333333333333336,2025-05-24 23:51:19.006053,2025-05-24 23:51:25.624192,0 days 00:00:06.618139,Adadelta,0.11864981053692411,0.37990948234675415,,,,,,2,0.22189384250244848,,,,PRUNED
515,515,33.333333333333336,2025-05-24 23:51:25.664091,2025-05-24 23:51:36.577690,0 days 00:00:10.913599,AdamW,0.033310525580430295,,,4.6925724706667624e-05,,,,0,,,0.0019755987820231254,,PRUNED
516,516,35.416666666666664,2025-05-24 23:51:36.611327,2025-05-24 23:51:42.931501,0 days 00:00:06.320174,AdamW,0.009612773419777109,,,1.1738688610950125e-05,,,,2,,,0.0025519342227795718,,PRUNED
517,517,45.833333333333336,2025-05-24 23:51:42.967710,2025-05-24 23:51:50.514985,0 days 00:00:07.547275,AdamW,0.126748350648272,,,8.643327339137741e-05,,,,2,,,0.0017263239479426127,,PRUNED
518,518,37.5,2025-05-24 23:51:50.545182,2025-05-24 23:51:58.408020,0 days 00:00:07.862838,AdamW,0.13613305211501878,,,3.409922354278806e-05,,,,2,,,0.002237942469636109,,PRUNED
519,519,,2025-05-24 23:51:58.436078,2025-05-24 23:52:04.029953,0 days 00:00:05.593875,SGD,0.07046377740715332,,,,0.0007174885603290147,30.904950561797648,False,0,,,,0.46544165622776296,PRUNED
520,520,33.333333333333336,2025-05-24 23:52:04.067237,2025-05-24 23:52:11.600989,0 days 00:00:07.533752,AdamW,0.03272626704246404,,,5.710924031061448e-05,,,,4,,,0.0030315834839883438,,PRUNED
521,521,37.5,2025-05-24 23:52:11.629145,2025-05-24 23:52:18.342565,0 days 00:00:06.713420,AdamW,0.15193368813813637,,,4.360309403529226e-05,,,,2,,,0.0019515933591754686,,PRUNED
522,522,43.75,2025-05-24 23:52:18.377410,2025-05-24 23:52:24.808377,0 days 00:00:06.430967,AdamW,0.16583613755136775,,,7.001032518391795e-05,,,,0,,,0.000458503836709214,,PRUNED
523,523,33.333333333333336,2025-05-24 23:52:24.842076,2025-05-24 23:52:34.204515,0 days 00:00:09.362439,AdamW,0.0244222178977474,,,9.030450509929889e-05,,,,1,,,0.0015682709572376638,,PRUNED
524,524,33.333333333333336,2025-05-24 23:52:34.238024,2025-05-24 23:52:40.666859,0 days 00:00:06.428835,AdamW,0.0658812599689261,,,0.00020299800514860108,,,,1,,,0.0013835936535642626,,PRUNED
525,525,31.25,2025-05-24 23:52:40.701579,2025-05-24 23:52:47.735101,0 days 00:00:07.033522,AdamW,0.11006933344292005,,,3.16992458657435e-05,,,,2,,,0.0006977493482859093,,PRUNED
526,526,33.333333333333336,2025-05-24 23:52:47.768796,2025-05-24 23:52:54.063704,0 days 00:00:06.294908,AdamW,0.08240217451253623,,,5.241228536619984e-05,,,,1,,,0.0017909789958380292,,PRUNED
527,527,43.75,2025-05-24 23:52:54.097178,2025-05-24 23:53:02.408870,0 days 00:00:08.311692,AdamW,0.21747883398544604,,,4.186183148662804e-05,,,,2,,,0.002112254195212918,,PRUNED
528,528,31.25,2025-05-24 23:53:02.442607,2025-05-24 23:53:08.718162,0 days 00:00:06.275555,AdamW,0.04804845342103362,,,2.2714279490239867e-05,,,,1,,,0.0017258340362746557,,PRUNED
529,529,37.5,2025-05-24 23:53:08.751161,2025-05-24 23:53:16.200758,0 days 00:00:07.449597,Adam,0.14333998962743355,,0.00043203921274530624,,,,,2,,0.02544062555735758,,,PRUNED
530,530,81.25,2025-05-24 23:53:16.233749,2025-05-24 23:53:30.023175,0 days 00:00:13.789426,AdamW,0.018964599130576302,,,0.00015002304979325402,,,,3,,,0.00125423180263007,,COMPLETE
531,531,41.666666666666664,2025-05-24 23:53:30.079107,2025-05-24 23:53:37.483274,0 days 00:00:07.404167,AdamW,0.26666876821711394,,,8.872366028720748e-05,,,,3,,,0.0012864177219604836,,PRUNED
532,532,33.333333333333336,2025-05-24 23:53:37.515993,2025-05-24 23:53:44.180713,0 days 00:00:06.664720,AdamW,0.11958865563417602,,,0.0001080964984357452,,,,3,,,0.002280914313828598,,PRUNED
533,533,39.583333333333336,2025-05-24 23:53:44.214230,2025-05-24 23:53:50.488556,0 days 00:00:06.274326,AdamW,0.059394877018789385,,,0.00013476230042570853,,,,3,,,0.0019822812340636784,,PRUNED
534,534,43.75,2025-05-24 23:53:50.521224,2025-05-24 23:53:56.758040,0 days 00:00:06.236816,AdamW,0.03808592519484666,,,0.00014230888646662535,,,,1,,,0.0015861618875087874,,PRUNED
535,535,35.416666666666664,2025-05-24 23:53:56.793020,2025-05-24 23:54:03.224857,0 days 00:00:06.431837,AdamW,0.0162407529912161,,,0.00011231135497019618,,,,3,,,0.0018820078437456827,,PRUNED
536,536,33.333333333333336,2025-05-24 23:54:03.257965,2025-05-24 23:54:09.451462,0 days 00:00:06.193497,AdamW,0.32524886185404367,,,0.00016654953027836405,,,,0,,,0.000598331726034684,,PRUNED
537,537,41.666666666666664,2025-05-24 23:54:09.484622,2025-05-24 23:54:15.593525,0 days 00:00:06.108903,AdamW,0.2994572640128435,,,0.00011522823126363386,,,,4,,,0.0024794922380188245,,PRUNED
538,538,33.333333333333336,2025-05-24 23:54:15.620362,2025-05-24 23:54:22.032697,0 days 00:00:06.412335,Adadelta,0.42343962887318504,7.594255451368653,,,,,,1,10.743213236081226,,,,PRUNED
539,539,37.5,2025-05-24 23:54:22.065415,2025-05-24 23:54:28.345642,0 days 00:00:06.280227,AdamW,0.026916555022395525,,,7.44850304736848e-05,,,,4,,,0.0014570410491085322,,PRUNED
540,540,33.333333333333336,2025-05-24 23:54:28.378758,2025-05-24 23:54:34.559171,0 days 00:00:06.180413,AdamW,0.17394741242963463,,,0.00015681107374874068,,,,1,,,0.0012201850898548952,,PRUNED
541,541,35.416666666666664,2025-05-24 23:54:34.592347,2025-05-24 23:54:40.808517,0 days 00:00:06.216170,AdamW,0.13251340455963972,,,9.771708223943945e-05,,,,1,,,0.0016567291181909275,,PRUNED
542,542,33.333333333333336,2025-05-24 23:54:40.836100,2025-05-24 23:54:47.128804,0 days 00:00:06.292704,AdamW,0.045291648543643676,,,7.799369780652517e-05,,,,3,,,0.0021100601439111304,,PRUNED
543,543,33.333333333333336,2025-05-24 23:54:47.161511,2025-05-24 23:54:53.655627,0 days 00:00:06.494116,AdamW,0.09776021448211678,,,1.501809392369617e-05,,,,3,,,0.0018683501698627037,,PRUNED
544,544,,2025-05-24 23:54:53.689150,2025-05-24 23:54:59.919790,0 days 00:00:06.230640,SGD,0.004708051852399579,,,,0.00020333929783492081,75.75335323426472,False,0,,,,0.029465704267853984,PRUNED
545,545,47.916666666666664,2025-05-24 23:54:59.952144,2025-05-24 23:55:07.482808,0 days 00:00:07.530664,AdamW,0.07580986508461346,,,6.393660900138761e-05,,,,1,,,0.0026829855790466085,,PRUNED
546,546,33.333333333333336,2025-05-24 23:55:07.511250,2025-05-24 23:55:13.793513,0 days 00:00:06.282263,AdamW,0.05525863961181293,,,0.00012087815958116898,,,,1,,,0.0017190253745557357,,PRUNED
547,547,33.333333333333336,2025-05-24 23:55:13.827435,2025-05-24 23:55:20.032087,0 days 00:00:06.204652,AdamW,0.06593114059870686,,,0.00023819914600981578,,,,0,,,0.0022792986649237293,,PRUNED
548,548,64.58333333333333,2025-05-24 23:55:20.066386,2025-05-24 23:55:32.805739,0 days 00:00:12.739353,AdamW,0.03590326463672017,,,9.317240658904571e-05,,,,2,,,0.0020270096598177753,,COMPLETE
549,549,37.5,2025-05-24 23:55:32.846807,2025-05-24 23:55:39.259842,0 days 00:00:06.413035,AdamW,0.15284207737461464,,,6.316663102863132e-05,,,,1,,,0.0014536209584093919,,PRUNED
550,550,33.333333333333336,2025-05-24 23:55:39.293977,2025-05-24 23:55:45.992282,0 days 00:00:06.698305,AdamW,0.12250098832284177,,,7.85184830230625e-05,,,,5,,,0.001302740124843441,,PRUNED
551,551,33.333333333333336,2025-05-24 23:55:46.194208,2025-05-24 23:55:52.510181,0 days 00:00:06.315973,AdamW,0.1403533880773696,,,5.219446158081983e-05,,,,1,,,0.0018098829513428125,,PRUNED
552,552,39.583333333333336,2025-05-24 23:55:52.543999,2025-05-24 23:55:58.895479,0 days 00:00:06.351480,AdamW,0.02151881972237874,,,6.805144583162657e-05,,,,2,,,0.0016247122794720837,,PRUNED
553,553,43.75,2025-05-24 23:55:58.930192,2025-05-24 23:56:05.179446,0 days 00:00:06.249254,Adam,0.04967136077398425,,6.326830634622835e-05,,,,,1,,0.13182308472151658,,,PRUNED
554,554,33.333333333333336,2025-05-24 23:56:05.212646,2025-05-24 23:56:11.458109,0 days 00:00:06.245463,AdamW,0.03092478501699651,,,1.8157924330646687e-05,,,,2,,,0.0008041248453400613,,PRUNED
555,555,33.333333333333336,2025-05-24 23:56:11.491186,2025-05-24 23:56:17.750754,0 days 00:00:06.259568,AdamW,0.011379540219903575,,,0.00010467591948547278,,,,1,,,0.0004838259301103322,,PRUNED
556,556,33.333333333333336,2025-05-24 23:56:17.778227,2025-05-24 23:56:24.034209,0 days 00:00:06.255982,AdamW,0.2353324128854871,,,1.0378664557573503e-05,,,,1,,,0.001988303352102988,,PRUNED
557,557,33.333333333333336,2025-05-24 23:56:24.066777,2025-05-24 23:56:30.417960,0 days 00:00:06.351183,AdamW,0.08594335630627821,,,5.862440116499587e-05,,,,4,,,0.0023978011438309786,,PRUNED
558,558,33.333333333333336,2025-05-24 23:56:30.450964,2025-05-24 23:56:36.259407,0 days 00:00:05.808443,AdamW,0.05878776294179171,,,0.00013939078649797043,,,,7,,,0.0015223194318413947,,PRUNED
559,559,31.25,2025-05-24 23:56:36.290068,2025-05-24 23:56:42.491522,0 days 00:00:06.201454,AdamW,0.04204803241120611,,,4.6874362428314166e-05,,,,0,,,0.001140008293713815,,PRUNED
560,560,37.5,2025-05-24 23:56:42.526037,2025-05-24 23:56:48.758460,0 days 00:00:06.232423,AdamW,0.13288572628853385,,,3.714103394569899e-05,,,,2,,,0.0028758144886755935,,PRUNED
561,561,33.333333333333336,2025-05-24 23:56:48.791402,2025-05-24 23:56:55.022469,0 days 00:00:06.231067,AdamW,0.0695214275020922,,,8.257107314597653e-05,,,,1,,,0.0021097632094285628,,PRUNED
562,562,47.916666666666664,2025-05-24 23:56:55.055360,2025-05-24 23:57:04.213839,0 days 00:00:09.158479,AdamW,0.1439041064375962,,,5.366751623219695e-05,,,,2,,,0.0018487622665520056,,PRUNED
563,563,33.333333333333336,2025-05-24 23:57:04.242121,2025-05-24 23:57:10.502276,0 days 00:00:06.260155,Adadelta,0.15897039346291345,45.41091594674727,,,,,,0,44.95150733957722,,,,PRUNED
564,564,39.583333333333336,2025-05-24 23:57:10.538420,2025-05-24 23:57:18.062526,0 days 00:00:07.524106,AdamW,0.10906286415558727,,,7.221037475114899e-05,,,,1,,,0.0016814243053882524,,PRUNED
565,565,41.666666666666664,2025-05-24 23:57:18.092995,2025-05-24 23:57:24.322755,0 days 00:00:06.229760,AdamW,0.02615059253710304,,,9.182320918984517e-05,,,,2,,,0.0006506489823813311,,PRUNED
566,566,31.25,2025-05-24 23:57:24.356109,2025-05-24 23:57:30.945147,0 days 00:00:06.589038,AdamW,0.25438815866745723,,,2.634302542854176e-05,,,,1,,,0.0013899200271361943,,PRUNED
567,567,31.25,2025-05-24 23:57:30.980773,2025-05-24 23:57:37.218309,0 days 00:00:06.237536,AdamW,0.04274035183956672,,,4.539397541831627e-05,,,,2,,,0.0022603772623516587,,PRUNED
568,568,,2025-05-24 23:57:37.251378,2025-05-24 23:57:42.911081,0 days 00:00:05.659703,SGD,0.12832579633392963,,,,0.0022384528881148748,11.28303510620551,True,0,,,,0.1774304234820432,PRUNED
569,569,41.666666666666664,2025-05-24 23:57:42.943576,2025-05-24 23:57:49.112552,0 days 00:00:06.168976,AdamW,0.05379951847618459,,,6.27459153376399e-05,,,,2,,,0.0015360782388339346,,PRUNED
570,570,41.666666666666664,2025-05-24 23:57:49.140810,2025-05-24 23:57:55.383569,0 days 00:00:06.242759,AdamW,0.015675948799602414,,,3.536419704920203e-05,,,,1,,,0.0019420500488641086,,PRUNED
571,571,33.333333333333336,2025-05-24 23:57:55.416856,2025-05-24 23:58:01.968160,0 days 00:00:06.551304,AdamW,0.034608466566640926,,,0.00112408306687976,,,,1,,,0.001735442601573526,,PRUNED
572,572,39.583333333333336,2025-05-24 23:58:02.002739,2025-05-24 23:58:09.426503,0 days 00:00:07.423764,AdamW,0.07401778217313643,,,5.373122519303443e-05,,,,2,,,0.0025371468989331585,,PRUNED
573,573,33.333333333333336,2025-05-24 23:58:09.459947,2025-05-24 23:58:15.662905,0 days 00:00:06.202958,AdamW,0.11995459921952051,,,0.00010098151271121841,,,,1,,,0.0021687196970982315,,PRUNED
574,574,35.416666666666664,2025-05-24 23:58:15.869067,2025-05-24 23:58:22.074189,0 days 00:00:06.205122,AdamW,0.28476988275454945,,,0.00018904795062314432,,,,2,,,0.0013624709089947935,,PRUNED
575,575,62.5,2025-05-24 23:58:22.107266,2025-05-24 23:58:35.022131,0 days 00:00:12.914865,AdamW,0.0004791961194101149,,,3.90535099638608e-05,,,,0,,,0.0019133968917852745,,COMPLETE
576,576,33.333333333333336,2025-05-24 23:58:35.063469,2025-05-24 23:58:41.300029,0 days 00:00:06.236560,AdamW,0.16298406326517315,,,0.00012174453745476135,,,,1,,,0.0015384182840927855,,PRUNED
577,577,33.333333333333336,2025-05-24 23:58:41.336209,2025-05-24 23:58:47.518561,0 days 00:00:06.182352,Adam,0.04763124203740009,,0.0020493576116094266,,,,,3,,14.136626820937066,,,PRUNED
578,578,39.583333333333336,2025-05-24 23:58:47.555529,2025-05-24 23:58:53.805102,0 days 00:00:06.249573,AdamW,0.06350700749049143,,,1.435478431178074e-05,,,,1,,,0.0009947919018658531,,PRUNED
579,579,41.666666666666664,2025-05-24 23:58:53.839872,2025-05-24 23:59:00.304003,0 days 00:00:06.464131,AdamW,0.09148198745817221,,,7.769062711377754e-05,,,,5,,,0.0012119573042647328,,PRUNED
580,580,31.25,2025-05-24 23:59:00.338519,2025-05-24 23:59:06.535825,0 days 00:00:06.197306,AdamW,0.14928325032671053,,,2.9426447900228414e-05,,,,2,,,0.0005229454883699002,,PRUNED
581,581,33.333333333333336,2025-05-24 23:59:06.569557,2025-05-24 23:59:12.817815,0 days 00:00:06.248258,AdamW,0.02408712116602581,,,6.258760764658251e-05,,,,1,,,0.0017495417401822472,,PRUNED
582,582,37.5,2025-05-24 23:59:12.852351,2025-05-24 23:59:19.037571,0 days 00:00:06.185220,AdamW,0.13536405344792798,,,4.6292986336539784e-05,,,,3,,,0.002061587168473311,,PRUNED
583,583,41.666666666666664,2025-05-24 23:59:19.066392,2025-05-24 23:59:25.324046,0 days 00:00:06.257654,AdamW,0.034662317033698674,,,2.130788901279113e-05,,,,1,,,0.0016204091972980223,,PRUNED
584,584,31.25,2025-05-24 23:59:25.359114,2025-05-24 23:59:31.840323,0 days 00:00:06.481209,AdamW,0.05505749907810848,,,6.966676358539398e-05,,,,2,,,0.0005657125693916882,,PRUNED
585,585,33.333333333333336,2025-05-24 23:59:31.873950,2025-05-24 23:59:38.273483,0 days 00:00:06.399533,AdamW,0.11496087543807536,,,8.616654344266558e-05,,,,0,,,0.0023944411187785323,,PRUNED
586,586,41.666666666666664,2025-05-24 23:59:38.308797,2025-05-24 23:59:44.567631,0 days 00:00:06.258834,AdamW,0.07838606273850819,,,5.266321520187156e-05,,,,1,,,0.0018610381951672122,,PRUNED
587,587,20.833333333333332,2025-05-24 23:59:44.602524,2025-05-24 23:59:50.780521,0 days 00:00:06.177997,Adadelta,0.01652381712823135,0.016493473810973814,,,,,,2,24.816587964729223,,,,PRUNED
588,588,37.5,2025-05-24 23:59:50.814251,2025-05-24 23:59:57.076479,0 days 00:00:06.262228,AdamW,0.10055102757417839,,,4.1071403481618844e-05,,,,1,,,0.0014290663926713868,,PRUNED
589,589,35.416666666666664,2025-05-24 23:59:57.111041,2025-05-25 00:00:03.674402,0 days 00:00:06.563361,AdamW,0.17126531043911683,,,0.00010279577144787849,,,,0,,,0.0021376066601357505,,PRUNED
590,590,39.583333333333336,2025-05-25 00:00:03.710377,2025-05-25 00:00:09.879049,0 days 00:00:06.168672,AdamW,0.040310241710594635,,,3.170991742382597e-05,,,,1,,,0.0016488403156745743,,PRUNED
591,591,33.333333333333336,2025-05-25 00:00:09.915582,2025-05-25 00:00:16.024048,0 days 00:00:06.108466,AdamW,0.06550386856284691,,,0.00014470929203201294,,,,4,,,0.001298188906906176,,PRUNED
592,592,22.916666666666668,2025-05-25 00:00:16.059324,2025-05-25 00:00:21.881825,0 days 00:00:05.822501,SGD,0.14776898336263491,,,,0.009320984935416794,79.64188236745245,True,8,,,,0.0741512373913877,PRUNED
593,593,43.75,2025-05-25 00:00:21.913190,2025-05-25 00:00:28.308626,0 days 00:00:06.395436,AdamW,0.027553964283273214,,,6.314375980697675e-05,,,,2,,,0.0010805313437741576,,PRUNED
594,594,35.416666666666664,2025-05-25 00:00:28.342200,2025-05-25 00:00:34.541634,0 days 00:00:06.199434,AdamW,0.04936813563805677,,,1.200477311303941e-05,,,,1,,,0.0017992926517520185,,PRUNED
595,595,58.333333333333336,2025-05-25 00:00:34.576460,2025-05-25 00:00:44.556615,0 days 00:00:09.980155,AdamW,0.13566811516028357,,,4.980357079977557e-05,,,,2,,,0.001943571697317495,,PRUNED
596,596,33.333333333333336,2025-05-25 00:00:44.590538,2025-05-25 00:00:51.555146,0 days 00:00:06.964608,AdamW,0.06093264360501984,,,8.159692330857179e-05,,,,1,,,0.0022955174346025956,,PRUNED
597,597,33.333333333333336,2025-05-25 00:00:51.596574,2025-05-25 00:00:58.804046,0 days 00:00:07.207472,AdamW,0.12435046107058402,,,0.0037095503158105984,,,,2,,,0.0015300855138601372,,PRUNED
598,598,41.666666666666664,2025-05-25 00:00:58.854607,2025-05-25 00:01:07.634667,0 days 00:00:08.780060,AdamW,0.009913224758634237,,,1.784959088992109e-05,,,,1,,,0.00266737135657902,,PRUNED
599,599,64.58333333333333,2025-05-25 00:01:07.669209,2025-05-25 00:01:20.672699,0 days 00:00:13.003490,AdamW,0.033563837775476994,,,3.954880928752757e-05,,,,2,,,0.001731001800526168,,COMPLETE
600,600,37.5,2025-05-25 00:01:20.713637,2025-05-25 00:01:28.216373,0 days 00:00:07.502736,AdamW,0.047301522863457166,,,5.750286816154606e-05,,,,0,,,0.003219395400569872,,PRUNED
601,601,33.333333333333336,2025-05-25 00:01:28.267388,2025-05-25 00:01:37.568434,0 days 00:00:09.301046,Adam,0.02384725991193779,,0.01900615632369197,,,,,2,,38.17514881991841,,,PRUNED
602,602,33.333333333333336,2025-05-25 00:01:37.607404,2025-05-25 00:01:45.183694,0 days 00:00:07.576290,AdamW,0.08016374063069741,,,0.0001208093540395869,,,,1,,,0.0021209676244912435,,PRUNED
603,603,31.25,2025-05-25 00:01:45.229613,2025-05-25 00:01:51.723786,0 days 00:00:06.494173,AdamW,0.15701072028538696,,,0.0018685423404587586,,,,6,,,0.001935621560238018,,PRUNED
604,604,33.333333333333336,2025-05-25 00:01:51.755764,2025-05-25 00:01:59.164589,0 days 00:00:07.408825,AdamW,0.14092061589480778,,,7.653015068210392e-05,,,,1,,,0.0012703219065162683,,PRUNED
605,605,37.5,2025-05-25 00:01:59.215262,2025-05-25 00:02:07.290168,0 days 00:00:08.074906,AdamW,0.11047095968325689,,,4.545932172928471e-05,,,,2,,,0.0015987153872904834,,PRUNED
606,606,35.416666666666664,2025-05-25 00:02:07.324132,2025-05-25 00:02:13.689074,0 days 00:00:06.364942,AdamW,0.03666912519907458,,,9.55243561634933e-05,,,,0,,,0.0014575467249384395,,PRUNED
607,607,35.416666666666664,2025-05-25 00:02:13.723748,2025-05-25 00:02:20.342451,0 days 00:00:06.618703,AdamW,0.0707037474124858,,,6.673979694813018e-05,,,,1,,,0.0008243549469965119,,PRUNED
608,608,31.25,2025-05-25 00:02:20.564923,2025-05-25 00:02:27.854754,0 days 00:00:07.289831,AdamW,0.05504942062601801,,,3.440760338330371e-05,,,,3,,,0.0007173418564992593,,PRUNED
609,609,33.333333333333336,2025-05-25 00:02:27.905607,2025-05-25 00:02:37.254597,0 days 00:00:09.348990,AdamW,0.12409171650086957,,,0.0306596614348069,,,,1,,,0.0017907892511285848,,PRUNED
610,610,33.333333333333336,2025-05-25 00:02:37.284463,2025-05-25 00:02:43.736925,0 days 00:00:06.452462,AdamW,0.02046792580838455,,,2.3776677503101883e-05,,,,1,,,0.0021795869233156946,,PRUNED
611,611,77.08333333333333,2025-05-25 00:02:43.772212,2025-05-25 00:02:58.046804,0 days 00:00:14.274592,AdamW,0.042572339168866824,,,5.459179463985264e-05,,,,2,,,0.0024270011365179257,,COMPLETE
612,612,37.5,2025-05-25 00:02:58.106749,2025-05-25 00:03:07.169208,0 days 00:00:09.062459,AdamW,0.036298791886049744,,,0.0003584141783828332,,,,2,,,0.0024608358345133566,,PRUNED
613,613,41.666666666666664,2025-05-25 00:03:07.211105,2025-05-25 00:03:16.258503,0 days 00:00:09.047398,AdamW,0.04448417979075069,,,5.826179169788e-05,,,,2,,,0.0026070016272275475,,PRUNED
614,614,33.333333333333336,2025-05-25 00:03:16.298833,2025-05-25 00:03:24.007933,0 days 00:00:07.709100,AdamW,0.056582254031881773,,,7.340604550660271e-05,,,,2,,,0.0002987128438323407,,PRUNED
615,615,33.333333333333336,2025-05-25 00:03:24.042753,2025-05-25 00:03:33.383542,0 days 00:00:09.340789,Adadelta,0.04124134908770452,1.2013754424138063,,,,,,2,74.87097473488438,,,,PRUNED
616,616,31.25,2025-05-25 00:03:33.429170,2025-05-25 00:03:40.044923,0 days 00:00:06.615753,AdamW,0.04845422503498978,,,5.602232577578905e-05,,,,2,,,0.002868084072869909,,PRUNED
617,617,,2025-05-25 00:03:40.079388,2025-05-25 00:03:45.845272,0 days 00:00:05.765884,SGD,0.007685781768491346,,,,7.758207869430738e-05,44.77234210838924,False,2,,,,5.286728281004939,PRUNED
618,618,33.333333333333336,2025-05-25 00:03:45.885962,2025-05-25 00:03:53.417688,0 days 00:00:07.531726,AdamW,0.03151015805646555,,,4.487890406376972e-05,,,,2,,,0.002448363820254267,,PRUNED
619,619,33.333333333333336,2025-05-25 00:03:53.455383,2025-05-25 00:04:03.030080,0 days 00:00:09.574697,AdamW,0.05957348505996307,,,6.757369817989472e-05,,,,2,,,0.002343878991410316,,PRUNED
620,620,33.333333333333336,2025-05-25 00:04:03.076844,2025-05-25 00:04:10.606592,0 days 00:00:07.529748,AdamW,0.02504590669247997,,,9.095154185677279e-05,,,,2,,,0.0028399793194945518,,PRUNED
621,621,43.75,2025-05-25 00:04:10.641620,2025-05-25 00:04:17.583238,0 days 00:00:06.941618,AdamW,0.01520562614539758,,,5.158482268143052e-05,,,,2,,,0.00023364477789885362,,PRUNED
622,622,33.333333333333336,2025-05-25 00:04:17.621941,2025-05-25 00:04:24.147882,0 days 00:00:06.525941,AdamW,0.06698692720818233,,,0.00011743207549933046,,,,2,,,0.002072881402435709,,PRUNED
623,623,33.333333333333336,2025-05-25 00:04:24.182153,2025-05-25 00:04:31.256354,0 days 00:00:07.074201,AdamW,0.04545204696328807,,,0.0005450469402102217,,,,2,,,0.00014186243322129836,,PRUNED
624,624,41.666666666666664,2025-05-25 00:04:31.289345,2025-05-25 00:04:38.581202,0 days 00:00:07.291857,AdamW,0.030752370101225862,,,7.668434280825541e-05,,,,0,,,0.0019337424014730837,,PRUNED
625,625,39.583333333333336,2025-05-25 00:04:38.626426,2025-05-25 00:04:46.096201,0 days 00:00:07.469775,AdamW,0.054386174379248524,,,0.0001654868073150232,,,,1,,,0.0021944121087874406,,PRUNED
626,626,35.416666666666664,2025-05-25 00:04:46.131011,2025-05-25 00:04:53.043492,0 days 00:00:06.912481,Adam,0.08635978415006045,,9.468610822178553e-05,,,,,1,,0.7873307409616623,,,PRUNED
627,627,33.333333333333336,2025-05-25 00:04:53.079994,2025-05-25 00:05:01.174269,0 days 00:00:08.094275,AdamW,0.04566767013572541,,,5.7535309645655895e-05,,,,3,,,0.0017097557378452782,,PRUNED
628,628,47.916666666666664,2025-05-25 00:05:01.223893,2025-05-25 00:05:09.030070,0 days 00:00:07.806177,AdamW,0.06786878995125865,,,4.416772423971781e-05,,,,2,,,0.002573459561924013,,PRUNED
629,629,33.333333333333336,2025-05-25 00:05:09.064132,2025-05-25 00:05:15.512458,0 days 00:00:06.448326,AdamW,0.03860150139706579,,,9.015432745897758e-05,,,,0,,,0.0014001396373878143,,PRUNED
630,630,37.5,2025-05-25 00:05:15.549760,2025-05-25 00:05:22.388458,0 days 00:00:06.838698,AdamW,0.021498316851578256,,,6.592179328696386e-05,,,,1,,,0.0019519579069855486,,PRUNED
631,631,41.666666666666664,2025-05-25 00:05:22.422207,2025-05-25 00:05:29.862960,0 days 00:00:07.440753,AdamW,0.054879150533740054,,,4.967555121154985e-05,,,,2,,,0.0022864065378524197,,PRUNED
632,632,43.75,2025-05-25 00:05:29.912778,2025-05-25 00:05:37.183517,0 days 00:00:07.270739,AdamW,0.35861426155752346,,,3.845542968860436e-05,,,,2,,,0.0011698152088234328,,PRUNED
633,633,33.333333333333336,2025-05-25 00:05:37.218357,2025-05-25 00:05:43.954721,0 days 00:00:06.736364,AdamW,0.37155072932457206,,,0.010118722177973787,,,,1,,,0.001597016171537107,,PRUNED
634,634,33.333333333333336,2025-05-25 00:05:43.989608,2025-05-25 00:05:51.172361,0 days 00:00:07.182753,AdamW,0.029749871003057843,,,0.00010941260113209643,,,,1,,,0.0018631638445010005,,PRUNED
635,635,37.5,2025-05-25 00:05:51.207853,2025-05-25 00:05:57.706974,0 days 00:00:06.499121,AdamW,0.07908324698361632,,,8.31571873915408e-05,,,,2,,,0.002086503757372019,,PRUNED
636,636,75.0,2025-05-25 00:05:57.757554,2025-05-25 00:06:13.197773,0 days 00:00:15.440219,AdamW,0.321715560574394,,,0.0001302723345232164,,,,2,,,0.0017288481801952134,,COMPLETE
637,637,33.333333333333336,2025-05-25 00:06:13.240746,2025-05-25 00:06:19.721360,0 days 00:00:06.480614,AdamW,0.32210781359769064,,,0.00017983032071410023,,,,2,,,0.002793894710519866,,PRUNED
638,638,45.833333333333336,2025-05-25 00:06:19.755320,2025-05-25 00:06:27.867542,0 days 00:00:08.112222,Adadelta,0.328380689791097,0.010422945411620513,,,,,,2,0.5726627357404896,,,,PRUNED
639,639,39.583333333333336,2025-05-25 00:06:27.900588,2025-05-25 00:06:34.174284,0 days 00:00:06.273696,AdamW,0.33203106795215853,,,0.0001351383490179997,,,,2,,,0.0025487395528408763,,PRUNED
640,640,33.333333333333336,2025-05-25 00:06:34.208597,2025-05-25 00:06:40.835745,0 days 00:00:06.627148,AdamW,0.3151868212502401,,,0.0001299815053988297,,,,2,,,0.002312685594341206,,PRUNED
641,641,35.416666666666664,2025-05-25 00:06:40.868332,2025-05-25 00:06:47.367492,0 days 00:00:06.499160,AdamW,0.32053443632489137,,,0.000149843703753987,,,,2,,,0.003050405529927269,,PRUNED
642,642,37.5,2025-05-25 00:06:47.402088,2025-05-25 00:06:53.826599,0 days 00:00:06.424511,AdamW,0.29813762515333425,,,0.00010858042770428809,,,,2,,,0.0017359557074523382,,PRUNED
643,643,33.333333333333336,2025-05-25 00:06:53.859941,2025-05-25 00:07:00.249648,0 days 00:00:06.389707,SGD,0.31377337882038814,,,,0.004100032662285118,2.929296304868295,True,2,,,,50.814424508863205,PRUNED
644,644,29.166666666666668,2025-05-25 00:07:00.282711,2025-05-25 00:07:06.416818,0 days 00:00:06.134107,AdamW,0.3324454198895634,,,0.00010320416276822664,,,,2,,,0.0015270237281732495,,PRUNED
645,645,41.666666666666664,2025-05-25 00:07:06.450150,2025-05-25 00:07:12.601174,0 days 00:00:06.151024,AdamW,0.013061106958284968,,,0.00021250159106532164,,,,2,,,0.0020352203797757537,,PRUNED
646,646,33.333333333333336,2025-05-25 00:07:12.635116,2025-05-25 00:07:18.787443,0 days 00:00:06.152327,AdamW,0.06424075718199412,,,6.82805660082626e-05,,,,2,,,0.0017897023063456865,,PRUNED
647,647,33.333333333333336,2025-05-25 00:07:18.820453,2025-05-25 00:07:24.995356,0 days 00:00:06.174903,AdamW,0.03494057392943041,,,0.0001352384252762471,,,,3,,,0.0016155197663560849,,PRUNED
648,648,33.333333333333336,2025-05-25 00:07:25.029411,2025-05-25 00:07:31.509538,0 days 00:00:06.480127,AdamW,0.002069291220775652,,,0.000304743142352118,,,,1,,,0.002386170884329254,,PRUNED
649,649,33.333333333333336,2025-05-25 00:07:31.544895,2025-05-25 00:07:37.677656,0 days 00:00:06.132761,AdamW,0.29157214037795043,,,0.00015820583839615992,,,,2,,,0.002037761258857246,,PRUNED
650,650,37.5,2025-05-25 00:07:37.711968,2025-05-25 00:07:43.937550,0 days 00:00:06.225582,AdamW,0.04353076704085623,,,9.13185822589471e-05,,,,1,,,0.0014256944481297494,,PRUNED
651,651,35.416666666666664,2025-05-25 00:07:43.971757,2025-05-25 00:07:50.093268,0 days 00:00:06.121511,AdamW,0.4069333768036405,,,5.349180606148791e-05,,,,2,,,0.0018558675765040316,,PRUNED
652,652,33.333333333333336,2025-05-25 00:07:50.129798,2025-05-25 00:07:56.389756,0 days 00:00:06.259958,Adam,0.023867991300493226,,0.006628237647740027,,,,,1,,1.4997464008833021,,,PRUNED
653,653,39.583333333333336,2025-05-25 00:07:56.423289,2025-05-25 00:08:02.863479,0 days 00:00:06.440190,AdamW,0.3020590250837746,,,7.856945031958613e-05,,,,2,,,0.0022124388956902942,,PRUNED
654,654,33.333333333333336,2025-05-25 00:08:02.899097,2025-05-25 00:08:09.113880,0 days 00:00:06.214783,AdamW,0.051714773013045785,,,0.00011623561362536999,,,,1,,,0.00269987278422759,,PRUNED
655,655,35.416666666666664,2025-05-25 00:08:09.148704,2025-05-25 00:08:15.458559,0 days 00:00:06.309855,AdamW,0.180154705138884,,,6.059845482781883e-05,,,,2,,,0.0016517228675627402,,PRUNED
656,656,60.416666666666664,2025-05-25 00:08:15.493448,2025-05-25 00:08:28.151473,0 days 00:00:12.658025,AdamW,0.34401208554991236,,,4.1126685789770457e-05,,,,2,,,0.0013040284580784441,,COMPLETE
657,657,58.333333333333336,2025-05-25 00:08:28.193718,2025-05-25 00:08:40.651155,0 days 00:00:12.457437,AdamW,0.3083161541324495,,,9.435902347956688e-05,,,,3,,,0.0018113753041852287,,PRUNED
658,658,33.333333333333336,2025-05-25 00:08:40.686332,2025-05-25 00:08:46.844858,0 days 00:00:06.158526,AdamW,0.07118888129754623,,,4.826300754593667e-05,,,,1,,,0.0020336997739906605,,PRUNED
659,659,31.25,2025-05-25 00:08:46.878826,2025-05-25 00:08:53.094531,0 days 00:00:06.215705,AdamW,0.038659159057439677,,,7.000556151598081e-05,,,,1,,,0.002481258642974948,,PRUNED
660,660,39.583333333333336,2025-05-25 00:08:53.128204,2025-05-25 00:08:59.421612,0 days 00:00:06.293408,AdamW,0.01627684914749677,,,3.468133133727844e-05,,,,1,,,0.0015326545000026977,,PRUNED
661,661,39.583333333333336,2025-05-25 00:08:59.456809,2025-05-25 00:09:05.602207,0 days 00:00:06.145398,AdamW,0.05983660465428777,,,5.579841757000739e-05,,,,2,,,0.0017039905916885112,,PRUNED
662,662,33.333333333333336,2025-05-25 00:09:05.637734,2025-05-25 00:09:11.820176,0 days 00:00:06.182442,Adadelta,0.3426639868097043,5.075479071935356,,,,,,1,1.2209528965799474,,,,PRUNED
663,663,39.583333333333336,2025-05-25 00:09:11.854770,2025-05-25 00:09:17.990554,0 days 00:00:06.135784,AdamW,0.02486375561404944,,,8.128963817564835e-05,,,,2,,,0.00018618925254982783,,PRUNED
664,664,43.75,2025-05-25 00:09:18.023838,2025-05-25 00:09:24.231544,0 days 00:00:06.207706,AdamW,0.1679806332384436,,,4.594924423072764e-05,,,,2,,,0.0022586686656250157,,PRUNED
665,665,29.166666666666668,2025-05-25 00:09:24.269170,2025-05-25 00:09:30.714882,0 days 00:00:06.445712,AdamW,0.4784358420299814,,,6.352971585801548e-05,,,,1,,,0.001860802919681566,,PRUNED
666,666,33.333333333333336,2025-05-25 00:09:30.752987,2025-05-25 00:09:37.073389,0 days 00:00:06.320402,AdamW,0.045426945265986014,,,4.1357824209333464e-05,,,,2,,,0.001472325086978671,,PRUNED
667,667,33.333333333333336,2025-05-25 00:09:37.108141,2025-05-25 00:09:43.234850,0 days 00:00:06.126709,SGD,0.353884816823125,,,,0.04014204627861101,1.6846256915352242,False,1,,,,0.03922027373862664,PRUNED
668,668,35.416666666666664,2025-05-25 00:09:43.268132,2025-05-25 00:09:49.435289,0 days 00:00:06.167157,AdamW,0.029997153959828365,,,0.00011074094950810281,,,,1,,,0.002066015999222784,,PRUNED
669,669,33.333333333333336,2025-05-25 00:09:49.469152,2025-05-25 00:09:55.637673,0 days 00:00:06.168521,AdamW,0.058414307314507155,,,0.0001827210217602275,,,,2,,,0.0013376431046797609,,PRUNED
670,670,27.083333333333332,2025-05-25 00:09:55.672018,2025-05-25 00:10:02.151240,0 days 00:00:06.479222,AdamW,0.0730429009028174,,,5.352072477076467e-05,,,,1,,,0.0016481860078332048,,PRUNED
671,671,37.5,2025-05-25 00:10:02.185567,2025-05-25 00:10:08.324168,0 days 00:00:06.138601,AdamW,0.3369358404551772,,,7.78151065820709e-05,,,,3,,,0.0019335100456645666,,PRUNED
672,672,35.416666666666664,2025-05-25 00:10:08.358175,2025-05-25 00:10:17.176708,0 days 00:00:08.818533,AdamW,0.03782754488061048,,,0.00012968121064939022,,,,2,,,0.0022401046413105742,,PRUNED
673,673,35.416666666666664,2025-05-25 00:10:17.211188,2025-05-25 00:10:23.607179,0 days 00:00:06.395991,AdamW,0.05146556099535613,,,3.154971930819654e-05,,,,1,,,0.002481628687172327,,PRUNED
674,674,29.166666666666668,2025-05-25 00:10:23.641128,2025-05-25 00:10:30.566025,0 days 00:00:06.924897,AdamW,0.011035282720075135,,,6.247838867337706e-05,,,,2,,,0.0017791677772517375,,PRUNED
675,675,37.5,2025-05-25 00:10:30.601109,2025-05-25 00:10:37.369967,0 days 00:00:06.768858,AdamW,0.09129154103016127,,,9.379098744785095e-05,,,,1,,,0.0012199659662645642,,PRUNED
676,676,31.25,2025-05-25 00:10:37.404038,2025-05-25 00:10:43.755573,0 days 00:00:06.351535,Adam,0.020232673080392616,,0.00023906775440667125,,,,,2,,3.1645471219988432,,,PRUNED
677,677,33.333333333333336,2025-05-25 00:10:43.789863,2025-05-25 00:10:50.211137,0 days 00:00:06.421274,AdamW,0.0396125852302399,,,4.6780309044660064e-05,,,,1,,,0.0015516026897041302,,PRUNED
678,678,35.416666666666664,2025-05-25 00:10:50.244809,2025-05-25 00:10:56.528855,0 days 00:00:06.284046,AdamW,0.06161632555034724,,,3.837253862782391e-05,,,,1,,,0.0027412312735729085,,PRUNED
679,679,33.333333333333336,2025-05-25 00:10:56.569024,2025-05-25 00:11:03.071955,0 days 00:00:06.502931,AdamW,0.027752802748752053,,,7.017003123701016e-05,,,,2,,,0.002097805109515404,,PRUNED
680,680,33.333333333333336,2025-05-25 00:11:03.105595,2025-05-25 00:11:09.604513,0 days 00:00:06.498918,AdamW,0.04782583968840223,,,0.00010117496932560362,,,,2,,,0.0019115149455957638,,PRUNED
681,681,35.416666666666664,2025-05-25 00:11:09.640153,2025-05-25 00:11:16.068970,0 days 00:00:06.428817,AdamW,0.07782700919025284,,,5.6268703804679484e-05,,,,1,,,0.0014001094767175828,,PRUNED
682,682,41.666666666666664,2025-05-25 00:11:16.105227,2025-05-25 00:11:22.716040,0 days 00:00:06.610813,AdamW,0.0088517131655872,,,0.0001531362499616941,,,,2,,,0.0016852102180010859,,PRUNED
683,683,33.333333333333336,2025-05-25 00:11:22.750588,2025-05-25 00:11:29.241640,0 days 00:00:06.491052,AdamW,0.031008955524891024,,,7.814680870790561e-05,,,,1,,,0.0021717536715300384,,PRUNED
684,684,33.333333333333336,2025-05-25 00:11:29.326136,2025-05-25 00:11:35.643811,0 days 00:00:06.317675,AdamW,0.3194651719174918,,,4.862657442513495e-05,,,,2,,,0.001802860911215039,,PRUNED
685,685,39.583333333333336,2025-05-25 00:11:35.677684,2025-05-25 00:11:41.888024,0 days 00:00:06.210340,AdamW,0.052981917352401806,,,6.598820674083893e-05,,,,3,,,0.002453057757403639,,PRUNED
686,686,33.333333333333336,2025-05-25 00:11:41.922027,2025-05-25 00:11:48.288535,0 days 00:00:06.366508,Adadelta,0.27833396510784925,30.431249096960002,,,,,,1,0.02811195524018723,,,,PRUNED
687,687,37.5,2025-05-25 00:11:48.322292,2025-05-25 00:11:54.772677,0 days 00:00:06.450385,AdamW,0.17451337176631523,,,0.00011685316007289224,,,,2,,,0.002945993080865572,,PRUNED
688,688,43.75,2025-05-25 00:11:54.807230,2025-05-25 00:12:01.487267,0 days 00:00:06.680037,AdamW,0.00014289323766036172,,,3.4941590780849307e-05,,,,1,,,0.0015806870576512292,,PRUNED
689,689,39.583333333333336,2025-05-25 00:12:01.521549,2025-05-25 00:12:07.790759,0 days 00:00:06.269210,AdamW,0.06847646793823851,,,8.650487762249602e-05,,,,2,,,0.0019612142672853538,,PRUNED
690,690,41.666666666666664,2025-05-25 00:12:07.824926,2025-05-25 00:12:14.419877,0 days 00:00:06.594951,AdamW,0.16455437044046894,,,5.601902901129842e-05,,,,2,,,0.00037108296184459134,,PRUNED
691,691,,2025-05-25 00:12:14.496883,2025-05-25 00:12:20.052154,0 days 00:00:05.555271,SGD,0.03779614279565747,,,,2.512783461864642e-05,92.05153308810765,True,1,,,,0.11674651890666388,PRUNED
692,692,31.25,2025-05-25 00:12:20.085373,2025-05-25 00:12:26.378679,0 days 00:00:06.293306,AdamW,0.21173769963703742,,,4.05505430774887e-05,,,,2,,,0.0010929889652599263,,PRUNED
693,693,39.583333333333336,2025-05-25 00:12:26.412229,2025-05-25 00:12:33.129796,0 days 00:00:06.717567,AdamW,0.017110959788751396,,,2.842873711810411e-05,,,,1,,,0.0014267427053530019,,PRUNED
694,694,33.333333333333336,2025-05-25 00:12:33.163777,2025-05-25 00:12:39.599120,0 days 00:00:06.435343,AdamW,0.15340980911620075,,,0.07498213572893714,,,,3,,,0.0016636398541159613,,PRUNED
695,695,37.5,2025-05-25 00:12:39.635218,2025-05-25 00:12:45.951668,0 days 00:00:06.316450,AdamW,0.04893342606902262,,,4.6974109597299045e-05,,,,2,,,0.002329127572725888,,PRUNED
696,696,35.416666666666664,2025-05-25 00:12:45.986316,2025-05-25 00:12:52.300587,0 days 00:00:06.314271,AdamW,0.0566108254597124,,,0.00010386064924839986,,,,1,,,0.0019143905135190656,,PRUNED
697,697,33.333333333333336,2025-05-25 00:12:52.337219,2025-05-25 00:12:58.885690,0 days 00:00:06.548471,AdamW,0.23321427012851295,,,0.0009000570488120232,,,,2,,,0.001278127697979716,,PRUNED
698,698,33.333333333333336,2025-05-25 00:12:58.921340,2025-05-25 00:13:05.409803,0 days 00:00:06.488463,AdamW,0.0805134449050686,,,7.09447065989021e-05,,,,1,,,0.001766203947680329,,PRUNED
699,699,68.75,2025-05-25 00:13:05.444448,2025-05-25 00:13:18.558754,0 days 00:00:13.114306,AdamW,0.03259400027485447,,,8.685125432515408e-05,,,,1,,,0.0020786021296186237,,COMPLETE
700,700,35.416666666666664,2025-05-25 00:13:18.601374,2025-05-25 00:13:25.224031,0 days 00:00:06.622657,AdamW,0.027938270605790606,,,9.183843401160625e-05,,,,1,,,0.0020631311489676934,,PRUNED
701,701,29.166666666666668,2025-05-25 00:13:25.259174,2025-05-25 00:13:34.738811,0 days 00:00:09.479637,Adam,0.03594137919569047,,2.669625019622422e-05,,,,,2,,21.767227658908144,,,PRUNED
702,702,43.75,2025-05-25 00:13:34.837701,2025-05-25 00:13:41.482134,0 days 00:00:06.644433,AdamW,0.024137963537807807,,,0.00012210083148581693,,,,1,,,0.0019866299640521113,,PRUNED
703,703,75.0,2025-05-25 00:13:41.516793,2025-05-25 00:13:54.473401,0 days 00:00:12.956608,AdamW,0.019212177396446338,,,8.547431030200312e-05,,,,2,,,0.0017897570846150761,,COMPLETE
704,704,39.583333333333336,2025-05-25 00:13:54.516919,2025-05-25 00:14:04.026379,0 days 00:00:09.509460,AdamW,0.014635285630974892,,,8.081515113062305e-05,,,,2,,,0.0015886627844427755,,PRUNED
705,705,43.75,2025-05-25 00:14:04.061082,2025-05-25 00:14:11.802338,0 days 00:00:07.741256,AdamW,0.013918545646207158,,,8.542973087328416e-05,,,,2,,,0.0014563003404346497,,PRUNED
706,706,33.333333333333336,2025-05-25 00:14:11.837991,2025-05-25 00:14:18.556008,0 days 00:00:06.718017,AdamW,0.02836936079305242,,,7.245229315912446e-05,,,,1,,,0.002177813830591997,,PRUNED
707,707,37.5,2025-05-25 00:14:18.592364,2025-05-25 00:14:27.319202,0 days 00:00:08.726838,AdamW,0.00011232765898437982,,,9.818845983289575e-05,,,,1,,,0.0017416194286402926,,PRUNED
708,708,43.75,2025-05-25 00:14:27.365836,2025-05-25 00:14:47.266730,0 days 00:00:19.900894,AdamW,0.019646501738918985,,,6.007133213732355e-05,,,,3,,,0.0018891839242867884,,PRUNED
709,709,33.333333333333336,2025-05-25 00:14:47.320714,2025-05-25 00:15:07.565129,0 days 00:00:20.244415,AdamW,0.0377078695215291,,,7.807864641233161e-05,,,,1,,,0.001538681411073162,,PRUNED
710,710,39.583333333333336,2025-05-25 00:15:07.617586,2025-05-25 00:15:27.758910,0 days 00:00:20.141324,AdamW,0.020297010544912078,,,6.65342695448048e-05,,,,2,,,0.0011882755734605821,,PRUNED
711,711,33.333333333333336,2025-05-25 00:15:27.878815,2025-05-25 00:15:44.388221,0 days 00:00:16.509406,Adadelta,0.008319147386728863,0.5692347999249288,,,,,,2,2.9271340320013626,,,,PRUNED
712,712,33.333333333333336,2025-05-25 00:15:44.435155,2025-05-25 00:15:59.605040,0 days 00:00:15.169885,AdamW,0.0420519555403791,,,0.00010065477253011295,,,,1,,,0.001713622647842714,,PRUNED
713,713,72.91666666666667,2025-05-25 00:15:59.660185,2025-05-25 00:16:27.216834,0 days 00:00:27.556649,AdamW,0.029615289403138637,,,8.520903861759319e-05,,,,1,,,0.002045928379720815,,COMPLETE
714,714,31.25,2025-05-25 00:16:27.275608,2025-05-25 00:16:45.926108,0 days 00:00:18.650500,AdamW,0.027939764575830098,,,8.834084366067056e-05,,,,1,,,0.0021090635698559107,,PRUNED
715,715,58.333333333333336,2025-05-25 00:16:45.978698,2025-05-25 00:17:17.532928,0 days 00:00:31.554230,AdamW,0.012475285290572652,,,8.216197088830061e-05,,,,1,,,0.0022569362249912493,,COMPLETE
716,716,39.583333333333336,2025-05-25 00:17:17.592078,2025-05-25 00:17:37.898025,0 days 00:00:20.305947,AdamW,0.029034830358242086,,,0.00010456215130173612,,,,1,,,0.0020279119968290163,,PRUNED
717,717,33.333333333333336,2025-05-25 00:17:37.949884,2025-05-25 00:17:57.057917,0 days 00:00:19.108033,AdamW,0.02300114814079343,,,0.00013523216275330605,,,,1,,,0.001918653003535115,,PRUNED
718,718,50.0,2025-05-25 00:17:57.109862,2025-05-25 00:18:21.940787,0 days 00:00:24.830925,AdamW,0.033596933042098875,,,7.571016643007807e-05,,,,1,,,0.002271543261976025,,PRUNED
719,719,45.833333333333336,2025-05-25 00:18:22.010044,2025-05-25 00:18:41.934312,0 days 00:00:19.924268,AdamW,0.011154012484024322,,,0.00010034704054742313,,,,1,,,0.002460341269842707,,PRUNED
720,720,,2025-05-25 00:18:41.987239,2025-05-25 00:19:00.706562,0 days 00:00:18.719323,SGD,0.019541535737474483,,,,0.09729173742836005,22.365465760728686,False,1,,,,17.862248971050388,PRUNED
721,721,45.833333333333336,2025-05-25 00:19:00.757501,2025-05-25 00:19:19.408714,0 days 00:00:18.651213,AdamW,0.04208577165661109,,,7.525801379850366e-05,,,,1,,,0.002024791703988056,,PRUNED
722,722,39.583333333333336,2025-05-25 00:19:19.460123,2025-05-25 00:19:39.577502,0 days 00:00:20.117379,AdamW,0.03223764914131892,,,6.3891746634274e-05,,,,1,,,0.002132871634880618,,PRUNED
723,723,45.833333333333336,2025-05-25 00:19:39.628838,2025-05-25 00:19:54.828669,0 days 00:00:15.199831,AdamW,0.021365273464745062,,,0.00011676051479374961,,,,1,,,0.0018103836390117596,,PRUNED
724,724,33.333333333333336,2025-05-25 00:19:54.864458,2025-05-25 00:20:03.811755,0 days 00:00:08.947297,AdamW,0.041531610633168375,,,8.407608171191866e-05,,,,2,,,0.0009279826744901932,,PRUNED
725,725,33.333333333333336,2025-05-25 00:20:03.862096,2025-05-25 00:20:22.609919,0 days 00:00:18.747823,AdamW,0.010822804488139565,,,0.00027015001733546356,,,,1,,,0.002263142181038634,,PRUNED
726,726,33.333333333333336,2025-05-25 00:20:22.646825,2025-05-25 00:20:29.519790,0 days 00:00:06.872965,Adam,0.24667260669834196,,0.04124842029841489,,,,,1,,0.04116164041626379,,,PRUNED
727,727,33.333333333333336,2025-05-25 00:20:29.553573,2025-05-25 00:20:35.917135,0 days 00:00:06.363562,AdamW,0.027704706295189473,,,0.0004538639361523518,,,,2,,,0.001960584933809275,,PRUNED
728,728,41.666666666666664,2025-05-25 00:20:35.970154,2025-05-25 00:20:48.918032,0 days 00:00:12.947878,AdamW,0.0352795634485885,,,6.090138442435254e-05,,,,2,,,0.0018655257154920092,,PRUNED
729,729,41.666666666666664,2025-05-25 00:20:48.970345,2025-05-25 00:21:08.866663,0 days 00:00:19.896318,AdamW,0.04765403130770529,,,9.242619994685952e-05,,,,1,,,0.002435310590330549,,PRUNED
730,730,33.333333333333336,2025-05-25 00:21:08.918843,2025-05-25 00:21:29.392683,0 days 00:00:20.473840,AdamW,0.3839369820190337,,,0.00014821472516243948,,,,1,,,0.0017071044224712712,,PRUNED
731,731,33.333333333333336,2025-05-25 00:21:29.444349,2025-05-25 00:21:49.402556,0 days 00:00:19.958207,AdamW,0.023607202042366156,,,6.830080081988989e-05,,,,2,,,0.002178440149402029,,PRUNED
732,732,35.416666666666664,2025-05-25 00:21:49.453414,2025-05-25 00:22:09.128963,0 days 00:00:19.675549,AdamW,0.0395533843838337,,,5.712707148780995e-05,,,,1,,,0.0019707800030998937,,PRUNED
733,733,33.333333333333336,2025-05-25 00:22:09.174594,2025-05-25 00:22:25.971849,0 days 00:00:16.797255,AdamW,0.004920910756412277,,,0.00011053715681135482,,,,2,,,0.0025877725795157625,,PRUNED
734,734,37.5,2025-05-25 00:22:26.022394,2025-05-25 00:22:45.859650,0 days 00:00:19.837256,AdamW,0.016184576817219253,,,8.874964550927018e-05,,,,1,,,0.0017685132307613215,,PRUNED
735,735,33.333333333333336,2025-05-25 00:22:45.913376,2025-05-25 00:23:05.775490,0 days 00:00:19.862114,AdamW,0.04988609760937033,,,7.264074163815792e-05,,,,3,,,0.0020552524120756106,,PRUNED
736,736,37.5,2025-05-25 00:23:05.824009,2025-05-25 00:23:26.073053,0 days 00:00:20.249044,AdamW,0.03333662839086824,,,5.316552807020954e-05,,,,2,,,0.0016277099520370334,,PRUNED
737,737,37.5,2025-05-25 00:23:26.125121,2025-05-25 00:23:42.870177,0 days 00:00:16.745056,Adadelta,0.43343746257263355,0.18241578577596657,,,,,,1,33.08205532471403,,,,PRUNED
738,738,41.666666666666664,2025-05-25 00:23:42.922198,2025-05-25 00:24:03.791321,0 days 00:00:20.869123,AdamW,0.030041145070295518,,,9.29067445001632e-05,,,,2,,,0.0022787484404468974,,PRUNED
739,739,43.75,2025-05-25 00:24:03.850748,2025-05-25 00:24:22.061205,0 days 00:00:18.210457,AdamW,0.044907672044597134,,,0.0001211083024728233,,,,1,,,0.0018719302940422644,,PRUNED
740,740,37.5,2025-05-25 00:24:22.095577,2025-05-25 00:24:39.907813,0 days 00:00:17.812236,AdamW,0.017905706414347702,,,6.556369692646562e-05,,,,2,,,0.0010744800422202614,,PRUNED
741,741,,2025-05-25 00:24:39.959567,2025-05-25 00:24:54.517732,0 days 00:00:14.558165,SGD,0.006098643286240258,,,,0.00011968939450548236,35.23358699740021,True,1,,,,0.4110513553241975,PRUNED
742,742,33.333333333333336,2025-05-25 00:24:54.568011,2025-05-25 00:25:07.446405,0 days 00:00:12.878394,AdamW,0.04139552454331836,,,5.221673117531352e-05,,,,2,,,0.002092807020533616,,PRUNED
743,743,33.333333333333336,2025-05-25 00:25:07.497927,2025-05-25 00:25:23.279791,0 days 00:00:15.781864,AdamW,0.052279055132814056,,,8.023211640663718e-05,,,,1,,,0.001688379735276832,,PRUNED
744,744,35.416666666666664,2025-05-25 00:25:23.315266,2025-05-25 00:25:37.641845,0 days 00:00:14.326579,AdamW,0.022740747892415022,,,6.183245049611026e-05,,,,2,,,0.0026852175362354447,,PRUNED
745,745,39.583333333333336,2025-05-25 00:25:37.692860,2025-05-25 00:25:56.778136,0 days 00:00:19.085276,AdamW,0.03513511531241086,,,0.0001333345120846713,,,,1,,,0.0018108527832377992,,PRUNED
746,746,37.5,2025-05-25 00:25:56.831538,2025-05-25 00:26:09.997330,0 days 00:00:13.165792,AdamW,0.06035801267762262,,,0.00010070615592340238,,,,2,,,0.00232303132517457,,PRUNED
747,747,33.333333333333336,2025-05-25 00:26:10.040323,2025-05-25 00:26:24.307100,0 days 00:00:14.266777,AdamW,0.027142335741344073,,,7.286416961378887e-05,,,,1,,,0.0015951121947817162,,PRUNED
748,748,37.5,2025-05-25 00:26:24.573699,2025-05-25 00:26:36.135090,0 days 00:00:11.561391,AdamW,0.04521719274957522,,,5.163052968897363e-05,,,,2,,,0.0018841399163110582,,PRUNED
749,749,31.25,2025-05-25 00:26:36.170178,2025-05-25 00:26:43.305261,0 days 00:00:07.135083,AdamW,0.008834169344979284,,,0.0002058770291162591,,,,3,,,0.001298289346932885,,PRUNED
750,750,35.416666666666664,2025-05-25 00:26:43.339471,2025-05-25 00:26:51.188825,0 days 00:00:07.849354,Adam,0.03236281802779489,,1.0188180877612302e-05,,,,,1,,52.37168021631242,,,PRUNED
751,751,52.083333333333336,2025-05-25 00:26:51.243199,2025-05-25 00:27:15.338025,0 days 00:00:24.094826,AdamW,0.017570292967547006,,,8.977454352568809e-05,,,,2,,,0.0020419623721168487,,PRUNED
752,752,43.75,2025-05-25 00:27:15.389824,2025-05-25 00:27:35.428522,0 days 00:00:20.038698,AdamW,0.0539219848366302,,,4.60058320064409e-05,,,,1,,,0.001443506352402081,,PRUNED
753,753,33.333333333333336,2025-05-25 00:27:35.480412,2025-05-25 00:27:55.347184,0 days 00:00:19.866772,AdamW,0.10742978563909573,,,5.939231171076118e-05,,,,1,,,0.0021738702270664733,,PRUNED
754,754,33.333333333333336,2025-05-25 00:27:55.401112,2025-05-25 00:28:15.324742,0 days 00:00:19.923630,AdamW,0.09469213382212555,,,7.060653903069864e-05,,,,2,,,0.002506309530690294,,PRUNED
755,755,33.333333333333336,2025-05-25 00:28:15.376556,2025-05-25 00:28:31.356788,0 days 00:00:15.980232,AdamW,0.040605237230159706,,,3.79410626556756e-05,,,,2,,,0.0017056545561586847,,PRUNED
756,756,33.333333333333336,2025-05-25 00:28:31.408179,2025-05-25 00:28:50.633907,0 days 00:00:19.225728,AdamW,0.06535584468652918,,,0.00011069460464925716,,,,1,,,0.0019055126533679705,,PRUNED
757,757,33.333333333333336,2025-05-25 00:28:50.686822,2025-05-25 00:29:08.741008,0 days 00:00:18.054186,AdamW,0.00047631106572361415,,,0.00015028444175481094,,,,1,,,0.001574948312085082,,PRUNED
758,758,39.583333333333336,2025-05-25 00:29:08.788489,2025-05-25 00:29:27.999831,0 days 00:00:19.211342,AdamW,0.021613064732018315,,,8.017732302890824e-05,,,,2,,,0.001016228516844667,,PRUNED
759,759,37.5,2025-05-25 00:29:28.048662,2025-05-25 00:29:45.619674,0 days 00:00:17.571012,AdamW,0.05256145607861145,,,5.251601748297905e-05,,,,2,,,0.002005235004833059,,PRUNED
760,760,33.333333333333336,2025-05-25 00:29:45.674058,2025-05-25 00:29:53.918281,0 days 00:00:08.244223,Adadelta,0.0320990316075112,2.915772764309958,,,,,,1,0.06924876254252235,,,,PRUNED
761,761,33.333333333333336,2025-05-25 00:29:53.961422,2025-05-25 00:30:11.785987,0 days 00:00:17.824565,AdamW,0.4017946268511442,,,6.431704719411156e-05,,,,2,,,0.001778604727011177,,PRUNED
762,762,45.833333333333336,2025-05-25 00:30:11.837568,2025-05-25 00:30:22.434325,0 days 00:00:10.596757,AdamW,0.012595264298795327,,,9.65671045493276e-05,,,,2,,,0.0013498519409595648,,PRUNED
763,763,33.333333333333336,2025-05-25 00:30:22.487629,2025-05-25 00:30:41.846480,0 days 00:00:19.358851,AdamW,0.04514093326011037,,,4.2245169339511034e-05,,,,3,,,0.002356176048008242,,PRUNED
764,764,33.333333333333336,2025-05-25 00:30:41.897364,2025-05-25 00:30:59.793209,0 days 00:00:17.895845,AdamW,0.2192005276167811,,,0.00011945722497264015,,,,1,,,0.002214144596718015,,PRUNED
765,765,33.333333333333336,2025-05-25 00:30:59.845768,2025-05-25 00:31:18.860901,0 days 00:00:19.015133,AdamW,0.030289814346471947,,,0.002210504620641711,,,,1,,,0.0014957385684052137,,PRUNED
766,766,33.333333333333336,2025-05-25 00:31:18.917636,2025-05-25 00:31:39.118984,0 days 00:00:20.201348,AdamW,0.062064150301506464,,,3.1470660465487966e-05,,,,1,,,0.0016594634609526232,,PRUNED
767,767,33.333333333333336,2025-05-25 00:31:39.182818,2025-05-25 00:31:59.256784,0 days 00:00:20.073966,AdamW,0.04159736045196068,,,7.874763815912825e-05,,,,2,,,0.0018478667978598597,,PRUNED
768,768,66.66666666666667,2025-05-25 00:31:59.321519,2025-05-25 00:32:26.922387,0 days 00:00:27.600868,AdamW,0.022693889583140565,,,5.9705125042775456e-05,,,,3,,,0.0011434429919970962,,COMPLETE
769,769,,2025-05-25 00:32:26.964934,2025-05-25 00:32:33.327017,0 days 00:00:06.362083,SGD,0.07410020771449602,,,,0.0020923819091780123,10.044526928750926,False,2,,,,1.5711436865857933,PRUNED
770,770,37.5,2025-05-25 00:32:33.359505,2025-05-25 00:32:40.555836,0 days 00:00:07.196331,AdamW,0.05257353484692075,,,4.7419129073736035e-05,,,,1,,,0.0020302291887715268,,PRUNED
771,771,33.333333333333336,2025-05-25 00:32:40.608832,2025-05-25 00:33:00.429044,0 days 00:00:19.820212,AdamW,0.03653746862530574,,,8.543709354239052e-05,,,,1,,,0.0026145154548202413,,PRUNED
772,772,33.333333333333336,2025-05-25 00:33:00.480614,2025-05-25 00:33:09.240954,0 days 00:00:08.760340,AdamW,0.014107975532254353,,,6.795371858651751e-05,,,,2,,,0.0021752784200034015,,PRUNED
773,773,33.333333333333336,2025-05-25 00:33:09.277581,2025-05-25 00:33:17.466400,0 days 00:00:08.188819,AdamW,0.02735988540715202,,,0.00010132558309657741,,,,1,,,0.0017591330678154325,,PRUNED
774,774,35.416666666666664,2025-05-25 00:33:17.516600,2025-05-25 00:33:37.332476,0 days 00:00:19.815876,Adam,0.44593171221574657,,0.00010587090561747664,,,,,2,,1.1730726502948878,,,PRUNED
775,775,33.333333333333336,2025-05-25 00:33:37.383651,2025-05-25 00:33:57.543596,0 days 00:00:20.159945,AdamW,0.0856052470153552,,,0.0001665057089136188,,,,1,,,0.0015201548787472613,,PRUNED
776,776,33.333333333333336,2025-05-25 00:33:57.596558,2025-05-25 00:34:17.370242,0 days 00:00:19.773684,AdamW,0.0618803081956386,,,5.0520079081920365e-05,,,,2,,,0.002405894433558998,,PRUNED
777,777,31.25,2025-05-25 00:34:17.422688,2025-05-25 00:34:36.164128,0 days 00:00:18.741440,AdamW,0.09736892643641346,,,3.3725100280285676e-05,,,,8,,,0.0019194714495722792,,PRUNED
778,778,33.333333333333336,2025-05-25 00:34:36.210088,2025-05-25 00:34:56.061411,0 days 00:00:19.851323,AdamW,0.11746528911376056,,,0.00012956947510765564,,,,1,,,0.0012637974154697342,,PRUNED
779,779,31.25,2025-05-25 00:34:56.113315,2025-05-25 00:35:14.083658,0 days 00:00:17.970343,AdamW,0.047120534333372495,,,4.138432697682041e-05,,,,2,,,0.0016275778993868895,,PRUNED
780,780,37.5,2025-05-25 00:35:14.135767,2025-05-25 00:35:33.466110,0 days 00:00:19.330343,AdamW,0.039661233517743304,,,7.291665834889246e-05,,,,2,,,0.00011580853133013501,,PRUNED
781,781,39.583333333333336,2025-05-25 00:35:33.520140,2025-05-25 00:35:52.498244,0 days 00:00:18.978104,AdamW,0.01737242408854326,,,5.9641091387809396e-05,,,,1,,,0.0030298505625206305,,PRUNED
782,782,43.75,2025-05-25 00:35:52.534469,2025-05-25 00:36:03.760436,0 days 00:00:11.225967,AdamW,0.06969096573673152,,,9.192750100658986e-05,,,,1,,,0.0013919917982294122,,PRUNED
783,783,29.166666666666668,2025-05-25 00:36:03.813612,2025-05-25 00:36:20.518060,0 days 00:00:16.704448,AdamW,0.13253651691326326,,,5.455254825914336e-05,,,,4,,,0.0021035078925504777,,PRUNED
784,784,33.333333333333336,2025-05-25 00:36:20.556059,2025-05-25 00:36:35.274805,0 days 00:00:14.718746,AdamW,0.032456510226611744,,,2.721214999482249e-05,,,,1,,,0.001851423822119582,,PRUNED
785,785,35.416666666666664,2025-05-25 00:36:35.327216,2025-05-25 00:36:47.641559,0 days 00:00:12.314343,AdamW,0.2696227166305505,,,0.00010763312388720638,,,,2,,,0.0017141682121290438,,PRUNED
786,786,37.5,2025-05-25 00:36:47.676852,2025-05-25 00:36:59.754732,0 days 00:00:12.077880,AdamW,0.05855289798961286,,,8.088527134691013e-05,,,,1,,,0.002354310318965209,,PRUNED
787,787,45.833333333333336,2025-05-25 00:36:59.807353,2025-05-25 00:37:19.504177,0 days 00:00:19.696824,AdamW,0.008652370098382114,,,4.1451874192605986e-05,,,,2,,,0.0019282124925721483,,PRUNED
788,788,37.5,2025-05-25 00:37:19.559005,2025-05-25 00:37:39.501273,0 days 00:00:19.942268,Adadelta,0.023467625268581566,0.07380719345951964,,,,,,1,0.1932953303128712,,,,PRUNED
789,789,33.333333333333336,2025-05-25 00:37:39.553815,2025-05-25 00:37:59.467347,0 days 00:00:19.913532,AdamW,0.0468161552494581,,,0.005395132428804024,,,,2,,,0.0015125901914297027,,PRUNED
790,790,33.333333333333336,2025-05-25 00:37:59.519063,2025-05-25 00:38:19.407723,0 days 00:00:19.888660,AdamW,0.10334468342009946,,,6.410871875188223e-05,,,,2,,,0.0026753793089912313,,PRUNED
791,791,29.166666666666668,2025-05-25 00:38:19.459792,2025-05-25 00:38:39.600969,0 days 00:00:20.141177,AdamW,0.040374402561833264,,,4.944998193813894e-05,,,,3,,,0.002084925612963064,,PRUNED
792,792,,2025-05-25 00:38:39.652144,2025-05-25 00:38:55.089703,0 days 00:00:15.437559,SGD,0.055001320961845554,,,,0.0007947254958405786,48.861109048316784,True,1,,,,0.010780761015547388,PRUNED
793,793,33.333333333333336,2025-05-25 00:38:55.135338,2025-05-25 00:39:08.582019,0 days 00:00:13.446681,AdamW,0.029170965616824994,,,7.149059411864753e-05,,,,2,,,0.0016898966033414872,,PRUNED
794,794,33.333333333333336,2025-05-25 00:39:08.635682,2025-05-25 00:39:26.835961,0 days 00:00:18.200279,AdamW,0.20346817500104827,,,3.458027590035942e-05,,,,2,,,0.0022091999658944844,,PRUNED
795,795,33.333333333333336,2025-05-25 00:39:26.872136,2025-05-25 00:39:33.635994,0 days 00:00:06.763858,AdamW,0.07057323107478071,,,0.00013104804347087377,,,,1,,,0.0011757872262250428,,PRUNED
796,796,39.583333333333336,2025-05-25 00:39:33.671953,2025-05-25 00:39:43.388733,0 days 00:00:09.716780,AdamW,0.022457481920797516,,,8.874212999493189e-05,,,,1,,,0.0004138458633545461,,PRUNED
797,797,43.75,2025-05-25 00:39:43.440870,2025-05-25 00:40:03.612286,0 days 00:00:20.171416,AdamW,0.007570036269239069,,,5.869019958075872e-05,,,,2,,,0.0013927875006316504,,PRUNED
798,798,33.333333333333336,2025-05-25 00:40:03.664710,2025-05-25 00:40:23.599179,0 days 00:00:19.934469,Adam,0.03384933427055931,,0.013804659348254766,,,,,1,,0.34917906788449793,,,PRUNED
799,799,33.333333333333336,2025-05-25 00:40:23.651438,2025-05-25 00:40:43.560984,0 days 00:00:19.909546,AdamW,0.12583985210934537,,,0.00011267772124083328,,,,1,,,0.0019848110108103474,,PRUNED
800,800,39.583333333333336,2025-05-25 00:40:43.614161,2025-05-25 00:41:02.483971,0 days 00:00:18.869810,AdamW,0.04982812226581722,,,7.543061463961136e-05,,,,2,,,0.0018108365229771376,,PRUNED
801,801,33.333333333333336,2025-05-25 00:41:02.541551,2025-05-25 00:41:22.489212,0 days 00:00:19.947661,AdamW,0.018018929512751268,,,0.0011903993141312186,,,,2,,,0.001600615161444162,,PRUNED
802,802,43.75,2025-05-25 00:41:22.540263,2025-05-25 00:41:42.312387,0 days 00:00:19.772124,AdamW,0.08040032269747327,,,4.7989851816180835e-05,,,,1,,,0.0020045962668932098,,PRUNED
803,803,45.833333333333336,2025-05-25 00:41:42.364493,2025-05-25 00:41:56.065434,0 days 00:00:13.700941,AdamW,0.04066177379568295,,,3.715801677215967e-05,,,,3,,,0.0024361337848683422,,PRUNED
804,804,31.25,2025-05-25 00:41:56.116987,2025-05-25 00:42:13.526601,0 days 00:00:17.409614,AdamW,0.0548201626435554,,,8.58605133589273e-05,,,,1,,,0.0018083235362603527,,PRUNED
805,805,39.583333333333336,2025-05-25 00:42:13.573713,2025-05-25 00:42:32.318569,0 days 00:00:18.744856,AdamW,0.11307339697402441,,,6.0111932730259607e-05,,,,1,,,0.002239885233193295,,PRUNED
806,806,37.5,2025-05-25 00:42:32.378257,2025-05-25 00:42:50.080328,0 days 00:00:17.702071,AdamW,0.03262595792651505,,,0.00010290858853755693,,,,2,,,0.0015171293638373358,,PRUNED
807,807,33.333333333333336,2025-05-25 00:42:50.133009,2025-05-25 00:43:00.259951,0 days 00:00:10.126942,AdamW,0.06497842070244647,,,0.00016097575113808887,,,,2,,,0.0013146263938609958,,PRUNED
808,808,37.5,2025-05-25 00:43:00.310932,2025-05-25 00:43:18.991984,0 days 00:00:18.681052,AdamW,0.13926239562705775,,,7.01062856855892e-05,,,,1,,,0.0016448995018469655,,PRUNED
809,809,33.333333333333336,2025-05-25 00:43:19.044099,2025-05-25 00:43:37.146768,0 days 00:00:18.102669,Adadelta,0.01765837265602261,56.59679792371792,,,,,,1,0.6828055922588994,,,,PRUNED
810,810,33.333333333333336,2025-05-25 00:43:37.199180,2025-05-25 00:43:46.866667,0 days 00:00:09.667487,AdamW,0.04697301895852391,,,4.372222359607553e-05,,,,2,,,0.0027771673207522838,,PRUNED
811,811,35.416666666666664,2025-05-25 00:43:46.917545,2025-05-25 00:44:04.131315,0 days 00:00:17.213770,AdamW,0.02498436324939348,,,5.4489934696720914e-05,,,,2,,,0.001981336636447485,,PRUNED
812,812,33.333333333333336,2025-05-25 00:44:04.183997,2025-05-25 00:44:24.066488,0 days 00:00:19.882491,AdamW,0.039603241769235756,,,0.00022881962831269905,,,,1,,,0.0017680541199766363,,PRUNED
813,813,33.333333333333336,2025-05-25 00:44:24.118986,2025-05-25 00:44:42.710605,0 days 00:00:18.591619,AdamW,0.005816138307180535,,,9.438326621215144e-05,,,,4,,,0.0033147012885590974,,PRUNED
814,814,,2025-05-25 00:44:42.759887,2025-05-25 00:45:01.192657,0 days 00:00:18.432770,SGD,0.0551475216426881,,,,0.00036728110610869313,87.27777894128694,False,1,,,,19.730574477897633,PRUNED
815,815,31.25,2025-05-25 00:45:01.243891,2025-05-25 00:45:20.446033,0 days 00:00:19.202142,AdamW,0.12632500618011622,,,6.925701645048051e-05,,,,2,,,0.0021271316375879703,,PRUNED
816,816,33.333333333333336,2025-05-25 00:45:20.498233,2025-05-25 00:45:28.790357,0 days 00:00:08.292124,AdamW,0.184887666138582,,,3.046693907410368e-05,,,,2,,,0.002512713765683442,,PRUNED
817,817,37.5,2025-05-25 00:45:28.829072,2025-05-25 00:45:35.382521,0 days 00:00:06.553449,AdamW,0.0736844906733946,,,4.813343933663037e-05,,,,3,,,0.0018765681793787997,,PRUNED
818,818,33.333333333333336,2025-05-25 00:45:35.417131,2025-05-25 00:45:49.340695,0 days 00:00:13.923564,AdamW,0.08549972411078127,,,0.0001340566029482622,,,,1,,,0.0014344591496865912,,PRUNED
819,819,43.75,2025-05-25 00:45:49.393417,2025-05-25 00:46:05.303086,0 days 00:00:15.909669,AdamW,0.03145004715530646,,,8.189411372622929e-05,,,,2,,,0.0023050975832966756,,PRUNED
820,820,41.666666666666664,2025-05-25 00:46:05.347050,2025-05-25 00:46:12.820080,0 days 00:00:07.473030,AdamW,0.14686655109514782,,,3.653239386911403e-05,,,,1,,,0.0016388296358532625,,PRUNED
821,821,37.5,2025-05-25 00:46:12.872772,2025-05-25 00:46:32.888658,0 days 00:00:20.015886,AdamW,0.06169576721267174,,,5.916760708189719e-05,,,,2,,,0.0010061667281202602,,PRUNED
822,822,43.75,2025-05-25 00:46:32.940261,2025-05-25 00:46:51.755358,0 days 00:00:18.815097,AdamW,0.01888910792029062,,,0.00011534644380531122,,,,1,,,0.0020891038406126144,,PRUNED
823,823,41.666666666666664,2025-05-25 00:46:51.813211,2025-05-25 00:47:11.418824,0 days 00:00:19.605613,AdamW,0.045196662995651775,,,4.1736710472263617e-05,,,,1,,,0.0018030892236758228,,PRUNED
824,824,33.333333333333336,2025-05-25 00:47:11.471173,2025-05-25 00:47:30.896676,0 days 00:00:19.425503,Adam,0.035249248314659296,,0.0007599140079872758,,,,,2,,0.019477890602579852,,,PRUNED
825,825,29.166666666666668,2025-05-25 00:47:30.943889,2025-05-25 00:47:43.143952,0 days 00:00:12.200063,AdamW,0.026659272760774847,,,7.551574213756398e-05,,,,3,,,0.0012230259989695477,,PRUNED
826,826,37.5,2025-05-25 00:47:43.183256,2025-05-25 00:48:01.101840,0 days 00:00:17.918584,AdamW,0.01043692300422704,,,9.399167562837172e-05,,,,1,,,0.0015049523862618655,,PRUNED
827,827,39.583333333333336,2025-05-25 00:48:01.136773,2025-05-25 00:48:10.043057,0 days 00:00:08.906284,AdamW,0.11632876892149813,,,5.4466487635223545e-05,,,,2,,,0.0019429807729861234,,PRUNED
828,828,31.25,2025-05-25 00:48:10.092173,2025-05-25 00:48:28.590111,0 days 00:00:18.497938,AdamW,0.04878528349608222,,,6.375808239761227e-05,,,,1,,,0.0023227533257324236,,PRUNED
829,829,45.833333333333336,2025-05-25 00:48:28.624748,2025-05-25 00:48:35.920476,0 days 00:00:07.295728,AdamW,0.0009252542949162272,,,4.974924799469122e-05,,,,2,,,0.0016442586369107683,,PRUNED
830,830,25.0,2025-05-25 00:48:35.972725,2025-05-25 00:48:54.852983,0 days 00:00:18.880258,AdamW,0.0600922382670581,,,0.00010251165109014407,,,,1,,,0.001377013577599549,,PRUNED
831,831,37.5,2025-05-25 00:48:54.888448,2025-05-25 00:49:02.724104,0 days 00:00:07.835656,AdamW,0.13226383487183546,,,2.7023327914512613e-05,,,,2,,,0.00213278911265552,,PRUNED
832,832,33.333333333333336,2025-05-25 00:49:02.775409,2025-05-25 00:49:20.364164,0 days 00:00:17.588755,AdamW,0.03593101670891306,,,8.144693267211365e-05,,,,1,,,0.0017878728004790227,,PRUNED
833,833,33.333333333333336,2025-05-25 00:49:20.398447,2025-05-25 00:49:27.008160,0 days 00:00:06.609713,Adadelta,0.09181008394372309,94.7911346780033,,,,,,2,8.71604029884028,,,,PRUNED
834,834,31.25,2025-05-25 00:49:27.041411,2025-05-25 00:49:39.688850,0 days 00:00:12.647439,AdamW,0.02398571975457888,,,0.0001447268840581911,,,,1,,,0.0026140547424192977,,PRUNED
835,835,33.333333333333336,2025-05-25 00:49:39.740676,2025-05-25 00:49:59.179034,0 days 00:00:19.438358,AdamW,0.06784723196139805,,,6.637250445940754e-05,,,,2,,,0.001968150926420428,,PRUNED
836,836,35.416666666666664,2025-05-25 00:49:59.231845,2025-05-25 00:50:18.593951,0 days 00:00:19.362106,AdamW,0.22361767890722367,,,4.1211633715291786e-05,,,,1,,,0.0009011718110770609,,PRUNED
837,837,37.5,2025-05-25 00:50:18.649612,2025-05-25 00:50:38.692645,0 days 00:00:20.043033,AdamW,0.10163561839440821,,,0.00011715497156669084,,,,2,,,0.0011251415074318926,,PRUNED
838,838,37.5,2025-05-25 00:50:38.744735,2025-05-25 00:50:58.968083,0 days 00:00:20.223348,AdamW,0.04282875816566203,,,5.199901495728338e-05,,,,1,,,0.0015847046605151937,,PRUNED
839,839,35.416666666666664,2025-05-25 00:50:59.023720,2025-05-25 00:51:18.911631,0 days 00:00:19.887911,AdamW,0.013717153667966345,,,0.00017797185968272355,,,,3,,,0.0022289340005378017,,PRUNED
840,840,41.666666666666664,2025-05-25 00:51:19.039417,2025-05-25 00:51:39.103835,0 days 00:00:20.064418,AdamW,0.054364042826124497,,,8.486960754958755e-05,,,,1,,,0.0017346988329980015,,PRUNED
841,841,33.333333333333336,2025-05-25 00:51:39.157120,2025-05-25 00:51:59.381345,0 days 00:00:20.224225,AdamW,0.14234931319225233,,,6.732732801091479e-05,,,,2,,,0.0019220895388163551,,PRUNED
842,842,,2025-05-25 00:51:59.433997,2025-05-25 00:52:14.631341,0 days 00:00:15.197344,SGD,0.028412769108366927,,,,0.014490186909785761,55.41833281691706,True,2,,,,2.712913696352704,PRUNED
843,843,37.5,2025-05-25 00:52:14.664445,2025-05-25 00:52:34.260704,0 days 00:00:19.596259,AdamW,0.038804612390220886,,,3.81734644748128e-05,,,,1,,,0.00130474378161096,,PRUNED
844,844,27.083333333333332,2025-05-25 00:52:34.322726,2025-05-25 00:52:44.973057,0 days 00:00:10.650331,AdamW,0.07772561453626112,,,0.00010437903994253252,,,,2,,,0.002460693973509739,,PRUNED
845,845,41.666666666666664,2025-05-25 00:52:45.008259,2025-05-25 00:52:51.574341,0 days 00:00:06.566082,AdamW,0.014728132333582018,,,5.713373160180326e-05,,,,1,,,0.0028622381753018932,,PRUNED
846,846,31.25,2025-05-25 00:52:51.613158,2025-05-25 00:53:06.057575,0 days 00:00:14.444417,AdamW,0.052598280034692156,,,4.5887723752908e-05,,,,2,,,0.0015087642710617031,,PRUNED
847,847,33.333333333333336,2025-05-25 00:53:06.111019,2025-05-25 00:53:26.332424,0 days 00:00:20.221405,Adam,0.025608045151963535,,0.005290039075731379,,,,,1,,8.705661266148267,,,PRUNED
848,848,33.333333333333336,2025-05-25 00:53:26.387927,2025-05-25 00:53:46.384001,0 days 00:00:19.996074,AdamW,0.1948592033712238,,,0.027756582454229198,,,,2,,,0.0020750894797374234,,PRUNED
849,849,35.416666666666664,2025-05-25 00:53:46.437056,2025-05-25 00:54:06.468598,0 days 00:00:20.031542,AdamW,0.03759315656674106,,,7.824468529720266e-05,,,,1,,,0.0017533638360297202,,PRUNED
850,850,37.5,2025-05-25 00:54:06.521778,2025-05-25 00:54:26.580981,0 days 00:00:20.059203,AdamW,0.06575286941568607,,,3.1857965779128704e-05,,,,2,,,0.00025652225491849004,,PRUNED
851,851,39.583333333333336,2025-05-25 00:54:26.636483,2025-05-25 00:54:46.413392,0 days 00:00:19.776909,AdamW,0.04867110382512869,,,6.275360444524908e-05,,,,1,,,0.0018947658221658654,,PRUNED
852,852,35.416666666666664,2025-05-25 00:54:46.469659,2025-05-25 00:55:06.590524,0 days 00:00:20.120865,AdamW,0.13073437451297265,,,0.0001292190041102315,,,,1,,,0.0023200185715981413,,PRUNED
853,853,43.75,2025-05-25 00:55:06.643557,2025-05-25 00:55:26.597178,0 days 00:00:19.953621,AdamW,0.017009479207839046,,,9.260910375253069e-05,,,,2,,,0.001676789743910898,,PRUNED
854,854,43.75,2025-05-25 00:55:26.649850,2025-05-25 00:55:46.600276,0 days 00:00:19.950426,AdamW,0.2590035869514128,,,4.7018893821533616e-05,,,,1,,,0.0014316390244829562,,PRUNED
855,855,39.583333333333336,2025-05-25 00:55:46.649151,2025-05-25 00:55:54.932404,0 days 00:00:08.283253,AdamW,0.03362234494349667,,,7.442234692261166e-05,,,,3,,,0.0020776155654197016,,PRUNED
856,856,33.333333333333336,2025-05-25 00:55:54.967558,2025-05-25 00:56:09.247018,0 days 00:00:14.279460,AdamW,0.12085618693098316,,,2.396303470228483e-05,,,,2,,,0.0016396500700694594,,PRUNED
857,857,27.083333333333332,2025-05-25 00:56:09.300629,2025-05-25 00:56:29.159586,0 days 00:00:19.858957,Adadelta,0.05966372162654347,0.026536592286285122,,,,,,2,0.010555803146702807,,,,PRUNED
858,858,35.416666666666664,2025-05-25 00:56:29.214831,2025-05-25 00:56:48.163271,0 days 00:00:18.948440,AdamW,0.04464415520145467,,,5.576461424129625e-05,,,,1,,,0.0018464084663608463,,PRUNED
859,859,39.583333333333336,2025-05-25 00:56:48.217193,2025-05-25 00:57:08.511271,0 days 00:00:20.294078,AdamW,0.02605081878307007,,,0.00010344060887678903,,,,1,,,0.002546077821891404,,PRUNED
860,860,33.333333333333336,2025-05-25 00:57:08.566554,2025-05-25 00:57:28.625489,0 days 00:00:20.058935,AdamW,0.0718848123871884,,,0.012279200534421152,,,,2,,,0.0021429551170746956,,PRUNED
861,861,39.583333333333336,2025-05-25 00:57:28.681179,2025-05-25 00:57:48.708163,0 days 00:00:20.026984,AdamW,0.14318104743774338,,,3.7082862846066476e-05,,,,2,,,0.0012150444937105349,,PRUNED
862,862,,2025-05-25 00:57:48.762936,2025-05-25 00:58:07.887562,0 days 00:00:19.124626,SGD,0.00010552850705863523,,,,1.6550875360585276e-05,22.879209397633257,False,1,,,,54.133052774027945,PRUNED
863,863,45.833333333333336,2025-05-25 00:58:07.939487,2025-05-25 00:58:15.055313,0 days 00:00:07.115826,AdamW,0.03922436305341602,,,6.845000740342242e-05,,,,1,,,0.0019509324937011842,,PRUNED
864,864,33.333333333333336,2025-05-25 00:58:15.089336,2025-05-25 00:58:21.565796,0 days 00:00:06.476460,AdamW,0.10574758943774704,,,7.903478835436355e-05,,,,2,,,0.0015220489616159833,,PRUNED
865,865,37.5,2025-05-25 00:58:21.600576,2025-05-25 00:58:28.962764,0 days 00:00:07.362188,AdamW,0.018657748781805667,,,4.5361326621783766e-05,,,,4,,,0.002238370123841844,,PRUNED
866,866,33.333333333333336,2025-05-25 00:58:28.998915,2025-05-25 00:58:36.778912,0 days 00:00:07.779997,AdamW,0.15410936696289199,,,9.019989615316313e-05,,,,3,,,0.00135682276000074,,PRUNED
867,867,41.666666666666664,2025-05-25 00:58:36.834854,2025-05-25 00:58:54.573922,0 days 00:00:17.739068,AdamW,0.04967522693544539,,,5.866095399037328e-05,,,,1,,,0.0017643671362313857,,PRUNED
868,868,45.833333333333336,2025-05-25 00:58:54.608401,2025-05-25 00:59:01.556799,0 days 00:00:06.948398,AdamW,0.03215034015648988,,,0.00011984988061667181,,,,1,,,0.0010676047815853353,,PRUNED
869,869,37.5,2025-05-25 00:59:01.592012,2025-05-25 00:59:07.503994,0 days 00:00:05.911982,AdamW,0.08934171513127365,,,3.0955045321636896e-05,,,,7,,,0.00020074625818526613,,PRUNED
870,870,31.25,2025-05-25 00:59:07.536953,2025-05-25 00:59:19.847615,0 days 00:00:12.310662,AdamW,0.49450928435744584,,,6.705539411851837e-05,,,,2,,,0.0019798558179493276,,PRUNED
871,871,37.5,2025-05-25 00:59:19.900158,2025-05-25 00:59:39.871777,0 days 00:00:19.971619,AdamW,0.24443258373840232,,,4.840171546680618e-05,,,,1,,,0.0023991265127541275,,PRUNED
872,872,33.333333333333336,2025-05-25 00:59:39.926097,2025-05-25 00:59:59.844734,0 days 00:00:19.918637,Adam,0.01124165415600786,,0.0013785161579874322,,,,,2,,0.08368110050343384,,,PRUNED
873,873,33.333333333333336,2025-05-25 00:59:59.897243,2025-05-25 01:00:19.501044,0 days 00:00:19.603801,AdamW,0.057950603563165476,,,8.83848233539411e-05,,,,1,,,0.0016211417472067878,,PRUNED
874,874,39.583333333333336,2025-05-25 01:00:19.557784,2025-05-25 01:00:39.305205,0 days 00:00:19.747421,AdamW,0.023712856196672245,,,3.967746409334969e-05,,,,2,,,0.0027143415959634343,,PRUNED
875,875,33.333333333333336,2025-05-25 01:00:39.357891,2025-05-25 01:00:59.180997,0 days 00:00:19.823106,AdamW,0.044127358600330555,,,0.0001752888988062108,,,,1,,,0.0018306451624581542,,PRUNED
876,876,35.416666666666664,2025-05-25 01:00:59.233778,2025-05-25 01:01:19.177831,0 days 00:00:19.944053,AdamW,0.08135298929940805,,,5.39560989784278e-05,,,,0,,,0.0021654958524991966,,PRUNED
877,877,33.333333333333336,2025-05-25 01:01:19.231362,2025-05-25 01:01:39.013583,0 days 00:00:19.782221,AdamW,0.1352605394336224,,,7.304393820104132e-05,,,,2,,,0.001503463054686046,,PRUNED
878,878,33.333333333333336,2025-05-25 01:01:39.069314,2025-05-25 01:01:54.958542,0 days 00:00:15.889228,AdamW,0.06968739047089526,,,0.00010636323855603513,,,,1,,,0.0017336467345284224,,PRUNED
879,879,35.416666666666664,2025-05-25 01:01:55.003112,2025-05-25 01:02:09.808748,0 days 00:00:14.805636,AdamW,0.0314706811304175,,,0.00014227043771872526,,,,2,,,0.001967802574231488,,PRUNED
880,880,39.583333333333336,2025-05-25 01:02:09.863516,2025-05-25 01:02:22.790385,0 days 00:00:12.926869,AdamW,0.00905834094014217,,,6.332760804849172e-05,,,,1,,,0.0023493774036136813,,PRUNED
881,881,39.583333333333336,2025-05-25 01:02:22.842818,2025-05-25 01:02:43.024193,0 days 00:00:20.181375,AdamW,0.11553331524250728,,,8.554704925358083e-05,,,,2,,,0.0014159619419175059,,PRUNED
882,882,33.333333333333336,2025-05-25 01:02:43.059657,2025-05-25 01:02:49.596417,0 days 00:00:06.536760,Adadelta,0.05954265921592303,9.614661104714592,,,,,,3,0.019022587715702362,,,,PRUNED
883,883,25.0,2025-05-25 01:02:49.630090,2025-05-25 01:02:57.306174,0 days 00:00:07.676084,AdamW,0.03957467155038076,,,3.569125382410905e-05,,,,1,,,0.0003291192767887308,,PRUNED
884,884,33.333333333333336,2025-05-25 01:02:57.362499,2025-05-25 01:03:17.032887,0 days 00:00:19.670388,AdamW,0.019734624926762492,,,5.232666073000373e-05,,,,2,,,0.0016157547029892365,,PRUNED
885,885,43.75,2025-05-25 01:03:17.089123,2025-05-25 01:03:35.847515,0 days 00:00:18.758392,AdamW,0.050148032743264154,,,0.00010322350370848701,,,,1,,,0.0012434540124198193,,PRUNED
886,886,35.416666666666664,2025-05-25 01:03:35.902110,2025-05-25 01:03:53.843440,0 days 00:00:17.941330,AdamW,0.03182536591673646,,,4.354533004126848e-05,,,,0,,,0.0030021172697233785,,PRUNED
887,887,33.333333333333336,2025-05-25 01:03:53.896469,2025-05-25 01:04:10.735934,0 days 00:00:16.839465,AdamW,0.12852776721494544,,,7.355381432262412e-05,,,,2,,,0.0020016598180984603,,PRUNED
888,888,,2025-05-25 01:04:10.770773,2025-05-25 01:04:16.800482,0 days 00:00:06.029709,SGD,0.026248776924185466,,,,0.04392005186723397,67.96007783800673,True,1,,,,0.5885832285908799,PRUNED
889,889,29.166666666666668,2025-05-25 01:04:16.851380,2025-05-25 01:04:27.514283,0 days 00:00:10.662903,AdamW,0.04396806307111533,,,6.083543088542917e-05,,,,2,,,0.0018331195009766781,,PRUNED
890,890,33.333333333333336,2025-05-25 01:04:27.570214,2025-05-25 01:04:47.613524,0 days 00:00:20.043310,AdamW,0.06518421119419507,,,0.00011911392039708207,,,,1,,,0.002157966692780703,,PRUNED
891,891,39.583333333333336,2025-05-25 01:04:47.669770,2025-05-25 01:05:06.789888,0 days 00:00:19.120118,AdamW,0.16030246684113428,,,8.722454694556004e-05,,,,1,,,0.0016719685238242431,,PRUNED
892,892,33.333333333333336,2025-05-25 01:05:06.843972,2025-05-25 01:05:14.676789,0 days 00:00:07.832817,AdamW,0.1471379205406272,,,2.6527852861852652e-05,,,,2,,,0.001844184616091447,,PRUNED
893,893,39.583333333333336,2025-05-25 01:05:14.722603,2025-05-25 01:05:32.358622,0 days 00:00:17.636019,AdamW,0.009832003138512391,,,5.264673089541109e-05,,,,2,,,0.002559405097210999,,PRUNED
894,894,29.166666666666668,2025-05-25 01:05:32.453468,2025-05-25 01:05:47.278828,0 days 00:00:14.825360,AdamW,0.055586768478986075,,,0.00014796056967684588,,,,1,,,0.0020675686794826755,,PRUNED
895,895,33.333333333333336,2025-05-25 01:05:47.314686,2025-05-25 01:06:01.735986,0 days 00:00:14.421300,Adam,0.03799071091053688,,0.002199657447002688,,,,,0,,60.77299442504751,,,PRUNED
896,896,33.333333333333336,2025-05-25 01:06:01.789877,2025-05-25 01:06:21.779253,0 days 00:00:19.989376,AdamW,0.021018597522375226,,,0.0006657736319972921,,,,2,,,0.0013395427425297998,,PRUNED
897,897,31.25,2025-05-25 01:06:21.833443,2025-05-25 01:06:39.856831,0 days 00:00:18.023388,AdamW,0.07640794978784984,,,4.3321482183621394e-05,,,,2,,,0.0015534373480315478,,PRUNED
898,898,39.583333333333336,2025-05-25 01:06:39.909817,2025-05-25 01:06:59.734406,0 days 00:00:19.824589,AdamW,0.12385754711133566,,,7.314036136281815e-05,,,,1,,,0.0011421280703833834,,PRUNED
899,899,33.333333333333336,2025-05-25 01:06:59.787222,2025-05-25 01:07:18.195124,0 days 00:00:18.407902,AdamW,0.030065787934185226,,,9.708954521197931e-05,,,,1,,,0.002267312560612851,,PRUNED
900,900,33.333333333333336,2025-05-25 01:07:18.249905,2025-05-25 01:07:29.696388,0 days 00:00:11.446483,AdamW,0.05051662876707804,,,6.0814798345375774e-05,,,,2,,,0.0017262189165088877,,PRUNED
901,901,35.416666666666664,2025-05-25 01:07:29.752761,2025-05-25 01:07:36.206565,0 days 00:00:06.453804,AdamW,0.46220746122302425,,,3.6615291251331484e-05,,,,1,,,0.0019340741422328017,,PRUNED
902,902,37.5,2025-05-25 01:07:36.241822,2025-05-25 01:07:55.191458,0 days 00:00:18.949636,AdamW,0.040422125165258546,,,7.712938021264803e-05,,,,3,,,0.001479405956116337,,PRUNED
903,903,35.416666666666664,2025-05-25 01:07:55.227889,2025-05-25 01:08:04.416148,0 days 00:00:09.188259,AdamW,0.016304255275437326,,,4.848877194107865e-05,,,,2,,,0.002418162468031088,,PRUNED
904,904,37.5,2025-05-25 01:08:04.459249,2025-05-25 01:08:20.989172,0 days 00:00:16.529923,AdamW,0.13725612178552712,,,0.00012220442908479238,,,,1,,,0.0020050517133467613,,PRUNED
905,905,33.333333333333336,2025-05-25 01:08:21.040663,2025-05-25 01:08:28.978853,0 days 00:00:07.938190,Adadelta,0.06087613102919757,1.4715823252064049,,,,,,2,3.5472380260357568,,,,PRUNED
906,906,35.416666666666664,2025-05-25 01:08:29.014259,2025-05-25 01:08:35.638837,0 days 00:00:06.624578,AdamW,0.10923509452559,,,3.0302383353861898e-05,,,,0,,,0.0017541838376378218,,PRUNED
907,907,33.333333333333336,2025-05-25 01:08:35.680473,2025-05-25 01:08:53.982725,0 days 00:00:18.302252,AdamW,0.4206729832779711,,,6.36632922046205e-05,,,,1,,,0.0021251858888464447,,PRUNED
908,908,35.416666666666664,2025-05-25 01:08:54.019730,2025-05-25 01:09:01.428771,0 days 00:00:07.409041,AdamW,0.029815588874592437,,,9.119306887774816e-05,,,,2,,,0.0016213191259789334,,PRUNED
909,909,43.75,2025-05-25 01:09:01.464550,2025-05-25 01:09:10.511115,0 days 00:00:09.046565,AdamW,0.0007328474902437883,,,5.435408102725637e-05,,,,1,,,0.0027186945464292927,,PRUNED
910,910,33.333333333333336,2025-05-25 01:09:10.565547,2025-05-25 01:09:30.281399,0 days 00:00:19.715852,AdamW,0.048830675231591486,,,7.882888972604638e-05,,,,1,,,0.0018535925963732499,,PRUNED
911,911,,2025-05-25 01:09:30.335222,2025-05-25 01:09:47.396897,0 days 00:00:17.061675,SGD,0.02139933247643474,,,,0.00017286684269241244,93.18608374260336,False,3,,,,11.181568179925948,PRUNED
912,912,35.416666666666664,2025-05-25 01:09:47.447182,2025-05-25 01:10:07.236061,0 days 00:00:19.788879,AdamW,0.06793996640618101,,,4.1839688794963744e-05,,,,2,,,0.002224221359377989,,PRUNED
913,913,33.333333333333336,2025-05-25 01:10:07.288262,2025-05-25 01:10:25.754008,0 days 00:00:18.465746,AdamW,0.036441396984070895,,,2.1212321093881162e-05,,,,1,,,0.0013907421887955575,,PRUNED
914,914,31.25,2025-05-25 01:10:25.808578,2025-05-25 01:10:43.033900,0 days 00:00:17.225322,AdamW,0.009771051486841095,,,0.00010866292174143605,,,,2,,,0.0009914932690995384,,PRUNED
915,915,43.75,2025-05-25 01:10:43.068660,2025-05-25 01:11:01.817599,0 days 00:00:18.748939,AdamW,0.09852356446571145,,,6.331617064678208e-05,,,,1,,,0.001550054886608593,,PRUNED
916,916,35.416666666666664,2025-05-25 01:11:01.854331,2025-05-25 01:11:20.159187,0 days 00:00:18.304856,AdamW,0.08429088932124776,,,5.168975544137436e-05,,,,1,,,0.002442162322378549,,PRUNED
917,917,33.333333333333336,2025-05-25 01:11:20.213998,2025-05-25 01:11:33.660159,0 days 00:00:13.446161,AdamW,0.04299029810009151,,,0.00013472131889197524,,,,2,,,0.0012583819910482268,,PRUNED
918,918,41.666666666666664,2025-05-25 01:11:33.713823,2025-05-25 01:11:48.507354,0 days 00:00:14.793531,AdamW,0.053053526611042706,,,3.397285479593118e-05,,,,1,,,0.0018917104101387442,,PRUNED
919,919,35.416666666666664,2025-05-25 01:11:48.561673,2025-05-25 01:12:03.734823,0 days 00:00:15.173150,AdamW,0.03067381190090468,,,7.189951792644195e-05,,,,2,,,0.0017051558224234309,,PRUNED
920,920,41.666666666666664,2025-05-25 01:12:03.784030,2025-05-25 01:12:11.911581,0 days 00:00:08.127551,AdamW,0.07430833223526676,,,9.535833523590232e-05,,,,1,,,0.0020774080248043203,,PRUNED
921,921,33.333333333333336,2025-05-25 01:12:11.948158,2025-05-25 01:12:18.269671,0 days 00:00:06.321513,Adam,0.17672856443065313,,0.00031724520056239814,,,,,0,,0.014028357068967903,,,PRUNED
922,922,31.25,2025-05-25 01:12:18.305180,2025-05-25 01:12:27.229013,0 days 00:00:08.923833,AdamW,0.023478600818578034,,,4.486811657785364e-05,,,,2,,,0.0022633754670238703,,PRUNED
923,923,33.333333333333336,2025-05-25 01:12:27.282007,2025-05-25 01:12:46.856195,0 days 00:00:19.574188,AdamW,0.057685060434222515,,,8.484026714458925e-05,,,,2,,,0.0018960023415844818,,PRUNED
924,924,33.333333333333336,2025-05-25 01:12:46.909031,2025-05-25 01:12:58.775760,0 days 00:00:11.866729,AdamW,0.1270582709764666,,,0.0001904965834843337,,,,2,,,0.001522239965031003,,PRUNED
925,925,33.333333333333336,2025-05-25 01:12:58.810381,2025-05-25 01:13:09.841900,0 days 00:00:11.031519,AdamW,0.1456212307274713,,,6.127565548816742e-05,,,,1,,,0.0016959340877565718,,PRUNED
926,926,39.583333333333336,2025-05-25 01:13:09.897090,2025-05-25 01:13:29.223748,0 days 00:00:19.326658,AdamW,0.38394062653061056,,,0.00010975342873647647,,,,1,,,0.0020475661053100595,,PRUNED
927,927,37.5,2025-05-25 01:13:29.277583,2025-05-25 01:13:47.073588,0 days 00:00:17.796005,AdamW,0.039640056203277145,,,7.276232354656556e-05,,,,2,,,0.003166548113640168,,PRUNED
928,928,33.333333333333336,2025-05-25 01:13:47.126424,2025-05-25 01:14:07.199246,0 days 00:00:20.072822,AdamW,0.015239274323766793,,,5.226217626952395e-05,,,,1,,,0.0025582079737683913,,PRUNED
929,929,39.583333333333336,2025-05-25 01:14:07.254111,2025-05-25 01:14:24.343488,0 days 00:00:17.089377,Adadelta,0.20726566435238689,0.10611876239970337,,,,,,1,0.3437709611089175,,,,PRUNED
930,930,33.333333333333336,2025-05-25 01:14:24.395513,2025-05-25 01:14:44.300855,0 days 00:00:19.905342,AdamW,0.03173383387817519,,,4.151388224389577e-05,,,,3,,,0.0013992072580863938,,PRUNED
931,931,37.5,2025-05-25 01:14:44.354639,2025-05-25 01:15:04.315715,0 days 00:00:19.961076,AdamW,0.36986883802510967,,,8.6984487652452e-05,,,,2,,,0.0017893874482452791,,PRUNED
932,932,33.333333333333336,2025-05-25 01:15:04.368986,2025-05-25 01:15:23.591440,0 days 00:00:19.222454,AdamW,0.11659791281451569,,,6.756216023972294e-05,,,,4,,,0.002199300360177312,,PRUNED
933,933,39.583333333333336,2025-05-25 01:15:23.644323,2025-05-25 01:15:43.666826,0 days 00:00:20.022503,AdamW,0.05029738521626764,,,0.0001483821105940921,,,,1,,,0.001962679668907354,,PRUNED
934,934,37.5,2025-05-25 01:15:43.721045,2025-05-25 01:16:03.802374,0 days 00:00:20.081329,AdamW,0.06873996447535771,,,5.874174808881426e-05,,,,2,,,0.0015701489461376669,,PRUNED
935,935,43.75,2025-05-25 01:16:03.855420,2025-05-25 01:16:23.334586,0 days 00:00:19.479166,AdamW,0.15366984562876493,,,3.5736877453420135e-05,,,,1,,,0.0011900966216625136,,PRUNED
936,936,33.333333333333336,2025-05-25 01:16:23.369476,2025-05-25 01:16:39.283703,0 days 00:00:15.914227,AdamW,0.022367792070864298,,,0.00010422234889513408,,,,2,,,0.0017909726372742898,,PRUNED
937,937,,2025-05-25 01:16:39.336596,2025-05-25 01:16:53.448780,0 days 00:00:14.112184,SGD,0.04347017350374462,,,,4.962875124425492e-05,47.55751642098723,True,1,,,,1.2246472887393334,PRUNED
938,938,39.583333333333336,2025-05-25 01:16:53.500068,2025-05-25 01:17:10.595470,0 days 00:00:17.095402,AdamW,0.010186521916159302,,,2.7025126706841575e-05,,,,2,,,0.002441572291303783,,PRUNED
939,939,33.333333333333336,2025-05-25 01:17:10.633499,2025-05-25 01:17:18.215182,0 days 00:00:07.581683,AdamW,0.13821962762828421,,,0.00023660604340067923,,,,1,,,0.0013057308755276848,,PRUNED
940,940,37.5,2025-05-25 01:17:18.269828,2025-05-25 01:17:36.921520,0 days 00:00:18.651692,AdamW,0.18850428887617424,,,4.989540422174464e-05,,,,0,,,0.002796527555129871,,PRUNED
941,941,35.416666666666664,2025-05-25 01:17:36.977120,2025-05-25 01:17:50.087577,0 days 00:00:13.110457,AdamW,0.061988554598587764,,,8.091106498937255e-05,,,,2,,,0.0010913489169193666,,PRUNED
942,942,37.5,2025-05-25 01:17:50.141428,2025-05-25 01:18:05.547030,0 days 00:00:15.405602,AdamW,0.09374464225875251,,,0.0001224738438296655,,,,1,,,0.002047615960996588,,PRUNED
943,943,33.333333333333336,2025-05-25 01:18:05.586859,2025-05-25 01:18:24.797438,0 days 00:00:19.210579,Adam,0.035382043442334546,,0.03889245916311078,,,,,2,,0.19143408736528875,,,PRUNED
944,944,33.333333333333336,2025-05-25 01:18:24.833379,2025-05-25 01:18:38.024176,0 days 00:00:13.190797,AdamW,0.024228914604323783,,,0.0008294546545178639,,,,3,,,0.0016391947109332071,,PRUNED
945,945,33.333333333333336,2025-05-25 01:18:38.080682,2025-05-25 01:18:52.261357,0 days 00:00:14.180675,AdamW,0.050431731452487034,,,3.98800501618548e-05,,,,0,,,0.001453779793022159,,PRUNED
946,946,35.416666666666664,2025-05-25 01:18:52.297280,2025-05-25 01:18:58.875236,0 days 00:00:06.577956,AdamW,0.081471361462991,,,6.451126437453867e-05,,,,1,,,0.0022911616118393595,,PRUNED
947,947,33.333333333333336,2025-05-25 01:18:58.912595,2025-05-25 01:19:06.234833,0 days 00:00:07.322238,AdamW,0.16576554708561686,,,9.74998097409864e-05,,,,2,,,0.0019094095078292046,,PRUNED
948,948,37.5,2025-05-25 01:19:06.272029,2025-05-25 01:19:17.753214,0 days 00:00:11.481185,AdamW,0.01595358797195573,,,4.676607469581068e-05,,,,1,,,0.0017400941451834212,,PRUNED
949,949,39.583333333333336,2025-05-25 01:19:17.807273,2025-05-25 01:19:34.447387,0 days 00:00:16.640114,AdamW,0.3961722516020996,,,7.378615815108056e-05,,,,2,,,0.00216427915814078,,PRUNED
950,950,31.25,2025-05-25 01:19:34.484198,2025-05-25 01:19:42.306309,0 days 00:00:07.822111,AdamW,0.03949915233787761,,,5.520784121108643e-05,,,,1,,,0.0015953501466116763,,PRUNED
951,951,35.416666666666664,2025-05-25 01:19:42.342383,2025-05-25 01:19:56.973853,0 days 00:00:14.631470,AdamW,0.060402720430735746,,,0.00012796758701669802,,,,2,,,0.0018656725255236765,,PRUNED
952,952,33.333333333333336,2025-05-25 01:19:57.028136,2025-05-25 01:20:16.946634,0 days 00:00:19.918498,AdamW,0.0317572101814977,,,8.410116737613692e-05,,,,1,,,0.0020902338432458208,,PRUNED
953,953,33.333333333333336,2025-05-25 01:20:17.003137,2025-05-25 01:20:37.110331,0 days 00:00:20.107194,Adadelta,0.04423444731836191,21.78712734755686,,,,,,2,0.0810010406690094,,,,PRUNED
954,954,41.666666666666664,2025-05-25 01:20:37.165074,2025-05-25 01:20:57.104972,0 days 00:00:19.939898,AdamW,0.1288465518207151,,,5.818295606707886e-05,,,,1,,,0.0023580459847620636,,PRUNED
955,955,45.833333333333336,2025-05-25 01:20:57.159551,2025-05-25 01:21:19.308030,0 days 00:00:22.148479,AdamW,0.02309441722574628,,,3.294722208941592e-05,,,,2,,,0.0003740009729021966,,PRUNED
956,956,33.333333333333336,2025-05-25 01:21:19.363795,2025-05-25 01:21:39.392797,0 days 00:00:20.029002,AdamW,0.07133601903078172,,,0.00016240059772832234,,,,0,,,0.001468463159582413,,PRUNED
957,957,37.5,2025-05-25 01:21:39.449631,2025-05-25 01:21:59.465516,0 days 00:00:20.015885,AdamW,0.007536612195044635,,,4.535879285922879e-05,,,,1,,,0.0016964540598055238,,PRUNED
958,958,33.333333333333336,2025-05-25 01:21:59.525227,2025-05-25 01:22:19.433504,0 days 00:00:19.908277,AdamW,0.11216240640576125,,,9.764093606554121e-05,,,,2,,,0.0019562640259832465,,PRUNED
959,959,37.5,2025-05-25 01:22:19.491089,2025-05-25 01:22:39.502980,0 days 00:00:20.011891,AdamW,0.05230829053559469,,,6.845960989861223e-05,,,,1,,,0.0026068896466722043,,PRUNED
960,960,,2025-05-25 01:22:39.814901,2025-05-25 01:22:59.351920,0 days 00:00:19.537019,SGD,0.0003480112672109431,,,,2.6376242180116198e-05,17.169472467453133,False,2,,,,0.302406140202045,PRUNED
961,961,37.5,2025-05-25 01:22:59.403953,2025-05-25 01:23:19.349938,0 days 00:00:19.945985,AdamW,0.22933891614605006,,,7.894665926548014e-05,,,,3,,,0.0013056655779233985,,PRUNED
962,962,33.333333333333336,2025-05-25 01:23:19.406499,2025-05-25 01:23:39.490159,0 days 00:00:20.083660,AdamW,0.032334288657500654,,,0.00031901926626209525,,,,1,,,0.0017978162083770873,,PRUNED
963,963,33.333333333333336,2025-05-25 01:23:39.549608,2025-05-25 01:23:59.549382,0 days 00:00:19.999774,AdamW,0.13667626665228544,,,5.560921018004842e-05,,,,2,,,0.0008876415659228571,,PRUNED
964,964,50.0,2025-05-25 01:23:59.605885,2025-05-25 01:24:24.001867,0 days 00:00:24.395982,AdamW,0.149068840104713,,,4.105471053000679e-05,,,,4,,,0.0021949670769816146,,PRUNED
965,965,33.333333333333336,2025-05-25 01:24:24.057643,2025-05-25 01:24:42.921316,0 days 00:00:18.863673,AdamW,0.01603853489381597,,,0.00011204709801309424,,,,1,,,0.0015502247745248256,,PRUNED
966,966,33.333333333333336,2025-05-25 01:24:42.974336,2025-05-25 01:24:49.897794,0 days 00:00:06.923458,AdamW,0.04367216937139534,,,8.999755922126355e-05,,,,1,,,0.0019191710117916095,,PRUNED
967,967,37.5,2025-05-25 01:24:49.933180,2025-05-25 01:25:06.337464,0 days 00:00:16.404284,AdamW,0.05576504030728105,,,6.531753664626668e-05,,,,2,,,0.0016991106191060939,,PRUNED
968,968,27.083333333333332,2025-05-25 01:25:06.395097,2025-05-25 01:25:15.198785,0 days 00:00:08.803688,AdamW,0.02726255434620448,,,2.3981990963643286e-05,,,,2,,,0.0023606153946481934,,PRUNED
969,969,33.333333333333336,2025-05-25 01:25:15.234264,2025-05-25 01:25:21.646072,0 days 00:00:06.411808,Adam,0.12002005968655327,,0.07583205868852581,,,,,1,,0.3746497378897667,,,PRUNED
970,970,33.333333333333336,2025-05-25 01:25:21.692693,2025-05-25 01:25:37.547976,0 days 00:00:15.855283,AdamW,0.2776230480332678,,,3.655007326927408e-05,,,,2,,,0.002043908257440159,,PRUNED
971,971,41.666666666666664,2025-05-25 01:25:37.603566,2025-05-25 01:25:57.184059,0 days 00:00:19.580493,AdamW,0.0668391591400451,,,4.82422786501197e-05,,,,1,,,0.0014292871365709152,,PRUNED
972,972,31.25,2025-05-25 01:25:57.239728,2025-05-25 01:26:15.555136,0 days 00:00:18.315408,AdamW,0.0354009537759512,,,7.219620654409125e-05,,,,3,,,0.0018311232843464592,,PRUNED
973,973,33.333333333333336,2025-05-25 01:26:15.609492,2025-05-25 01:26:33.268618,0 days 00:00:17.659126,AdamW,0.0465286745866311,,,5.7932357130840404e-05,,,,0,,,0.003547513056002194,,PRUNED
974,974,41.666666666666664,2025-05-25 01:26:33.322547,2025-05-25 01:26:52.226121,0 days 00:00:18.903574,AdamW,0.019711650370766328,,,0.0001303858105603889,,,,2,,,0.002950165932754751,,PRUNED
975,975,45.833333333333336,2025-05-25 01:26:52.263408,2025-05-25 01:26:58.931220,0 days 00:00:06.667812,AdamW,0.10200866561368921,,,3.030801672915697e-05,,,,1,,,0.0012208084815122774,,PRUNED
976,976,37.5,2025-05-25 01:26:58.967721,2025-05-25 01:27:06.556973,0 days 00:00:07.589252,AdamW,0.07594873071267681,,,0.0001022402275165046,,,,1,,,0.00041577611126757276,,PRUNED
977,977,33.333333333333336,2025-05-25 01:27:06.611704,2025-05-25 01:27:23.969364,0 days 00:00:17.357660,AdamW,0.08964162578231813,,,8.218783882790033e-05,,,,2,,,0.00015141908487173293,,PRUNED
978,978,33.333333333333336,2025-05-25 01:27:24.017609,2025-05-25 01:27:31.756929,0 days 00:00:07.739320,Adadelta,0.05835945832560676,0.24643404179179187,,,,,,2,22.99785497347759,,,,PRUNED
979,979,33.333333333333336,2025-05-25 01:27:31.791875,2025-05-25 01:27:47.198512,0 days 00:00:15.406637,AdamW,0.034345448156954714,,,4.7214736728461385e-05,,,,1,,,0.0004583202576156142,,PRUNED
980,980,35.416666666666664,2025-05-25 01:27:47.253164,2025-05-25 01:27:58.735767,0 days 00:00:11.482603,AdamW,0.014344830206471875,,,7.22772397873488e-05,,,,1,,,0.0015946842324829728,,PRUNED
981,981,33.333333333333336,2025-05-25 01:27:58.771577,2025-05-25 01:28:07.558789,0 days 00:00:08.787212,AdamW,0.04485659441414504,,,6.005959669292853e-05,,,,2,,,0.002072946138257622,,PRUNED
982,982,58.333333333333336,2025-05-25 01:28:07.612121,2025-05-25 01:28:30.669341,0 days 00:00:23.057220,AdamW,0.028456880032346886,,,3.90655472800123e-05,,,,2,,,0.0025776469030138905,,PRUNED
983,983,,2025-05-25 01:28:30.704310,2025-05-25 01:28:37.051650,0 days 00:00:06.347340,SGD,0.1418578018577858,,,,0.02541983387354787,63.079820417560555,True,1,,,,0.04198339638081693,PRUNED
984,984,33.333333333333336,2025-05-25 01:28:37.104175,2025-05-25 01:28:51.451416,0 days 00:00:14.347241,AdamW,0.06461255272244311,,,9.355980676207848e-05,,,,0,,,0.0009830745725620186,,PRUNED
985,985,79.16666666666667,2025-05-25 01:28:51.534225,2025-05-25 01:29:05.907369,0 days 00:00:14.373144,AdamW,0.009064304735280549,,,0.0001221248708572955,,,,1,,,0.0022335357055579754,,COMPLETE
986,986,33.333333333333336,2025-05-25 01:29:05.952365,2025-05-25 01:29:25.075935,0 days 00:00:19.123570,AdamW,0.0028003622238507962,,,0.00017851413748628812,,,,1,,,0.002424661304348774,,PRUNED
987,987,33.333333333333336,2025-05-25 01:29:25.134796,2025-05-25 01:29:45.094989,0 days 00:00:19.960193,AdamW,0.00966798372036205,,,0.00014418741297830717,,,,2,,,0.00267587644498843,,PRUNED
988,988,45.833333333333336,2025-05-25 01:29:45.149023,2025-05-25 01:30:04.033483,0 days 00:00:18.884460,AdamW,0.007216955957874154,,,0.00014723875229037998,,,,1,,,0.002278038997139477,,PRUNED
989,989,43.75,2025-05-25 01:30:04.093099,2025-05-25 01:30:23.640143,0 days 00:00:19.547044,AdamW,0.007543741390248231,,,0.00012493633422832684,,,,2,,,0.002235426973569627,,PRUNED
990,990,33.333333333333336,2025-05-25 01:30:23.694274,2025-05-25 01:30:43.579489,0 days 00:00:19.885215,AdamW,0.014813093660137819,,,0.00018267902464774496,,,,1,,,0.002761388307520167,,PRUNED
991,991,33.333333333333336,2025-05-25 01:30:43.635611,2025-05-25 01:31:01.774595,0 days 00:00:18.138984,AdamW,0.002583759875317504,,,0.003060170325523818,,,,7,,,0.0023962952589098893,,PRUNED
992,992,27.083333333333332,2025-05-25 01:31:01.820208,2025-05-25 01:31:20.714801,0 days 00:00:18.894593,Adam,0.01933435330761404,,1.7690230848337538e-05,,,,,2,,5.247820191465389,,,PRUNED
993,993,33.333333333333336,2025-05-25 01:31:20.750349,2025-05-25 01:31:39.468291,0 days 00:00:18.717942,AdamW,0.016104771543359965,,,9.204468493327659e-05,,,,3,,,0.00111054568858131,,PRUNED
994,994,33.333333333333336,2025-05-25 01:31:39.524543,2025-05-25 01:31:47.285542,0 days 00:00:07.760999,AdamW,0.15808693393633874,,,0.00011460422224180264,,,,1,,,0.0013277846531505521,,PRUNED
995,995,33.333333333333336,2025-05-25 01:31:47.320895,2025-05-25 01:31:53.730461,0 days 00:00:06.409566,AdamW,0.12641293161147632,,,0.00016019995500926468,,,,1,,,0.0020854278604337585,,PRUNED
996,996,33.333333333333336,2025-05-25 01:31:53.766711,2025-05-25 01:32:00.531410,0 days 00:00:06.764699,AdamW,0.02609679891804377,,,1.0144468862076332e-05,,,,2,,,0.0018418150817164987,,PRUNED
997,997,33.333333333333336,2025-05-25 01:32:00.566599,2025-05-25 01:32:07.695875,0 days 00:00:07.129276,AdamW,0.008341874176387851,,,9.192174769930005e-05,,,,2,,,0.001663052451251409,,PRUNED
998,998,45.833333333333336,2025-05-25 01:32:07.750618,2025-05-25 01:32:26.792880,0 days 00:00:19.042262,AdamW,0.0001292615521626024,,,0.00012208440843193807,,,,1,,,0.0021961669774615685,,PRUNED
999,999,33.333333333333336,2025-05-25 01:32:26.829949,2025-05-25 01:32:33.460746,0 days 00:00:06.630797,AdamW,0.08459762365666942,,,0.00021362226209220965,,,,1,,,0.002503590075096527,,PRUNED
