,number,value,datetime_start,datetime_complete,duration,params_algorithm,params_dropout_rate,params_lr_Adadelta,params_lr_Adam,params_lr_AdamW,params_lr_SGD,params_momentum_SGD,params_nesterov_SGD,params_suggested_freeze,params_weight_decay_Adadelta,params_weight_decay_Adam,params_weight_decay_AdamW,params_weight_decay_SGD,state
0,0,25.0,2025-05-25 21:16:10.158088,2025-05-25 21:16:40.865252,0 days 00:00:30.707164,Adadelta,0.4753571532049581,0.017073967431528128,,,,,,3,29.154431891537552,,,,COMPLETE
1,1,43.75,2025-05-25 21:16:40.920027,2025-05-25 21:17:02.797863,0 days 00:00:21.877836,Adam,0.35403628889802274,,5.3370327626039544e-05,,,,,6,,0.05415244119402541,,,COMPLETE
2,2,66.66666666666667,2025-05-25 21:17:02.844889,2025-05-25 21:17:27.972423,0 days 00:00:25.127534,AdamW,0.2623782158161189,,,0.00014742753159914678,,,,3,,,0.0005404103854647331,,COMPLETE
3,3,35.416666666666664,2025-05-25 21:17:28.020967,2025-05-25 21:17:52.773319,0 days 00:00:24.752352,AdamW,0.3925879806965068,,,0.0026926469100861782,,,,4,,,0.00021930485556643703,,COMPLETE
4,4,33.333333333333336,2025-05-25 21:17:52.819085,2025-05-25 21:18:19.460642,0 days 00:00:26.641557,Adadelta,0.4744427686266666,5.456725485601478,,,,,,0,0.5762487216478605,,,,COMPLETE
5,5,56.25,2025-05-25 21:18:19.507454,2025-05-25 21:18:45.419971,0 days 00:00:25.912517,Adam,0.2475884550556351,,0.00017654048052495074,,,,,1,,1.2030178871154673,,,COMPLETE
6,6,33.333333333333336,2025-05-25 21:18:45.466020,2025-05-25 21:18:56.732854,0 days 00:00:11.266834,Adadelta,0.09242722776276352,2.463768595899747,,,,,,5,48.696409415209004,,,,PRUNED
7,7,33.333333333333336,2025-05-25 21:18:56.764635,2025-05-25 21:19:08.787272,0 days 00:00:12.022637,AdamW,0.0979914312095726,,,0.02065142557895925,,,,0,,,0.0005170191786366995,,PRUNED
8,8,54.166666666666664,2025-05-25 21:19:08.838127,2025-05-25 21:19:33.507442,0 days 00:00:24.669315,SGD,0.27134804157912423,,,,0.012273800987852962,0.5621564911890039,True,2,,,,0.06235377135673159,COMPLETE
9,9,,2025-05-25 21:19:33.555059,2025-05-25 21:19:41.007011,0 days 00:00:07.451952,SGD,0.38563517334297287,,,,0.0031130959561221226,6.365199445099503,False,7,,,,0.2106648601704221,PRUNED
10,10,35.416666666666664,2025-05-25 21:19:41.050382,2025-05-25 21:19:50.432533,0 days 00:00:09.382151,AdamW,0.0029985914779085965,,,1.1799062523159256e-05,,,,9,,,0.006630907782559361,,PRUNED
11,11,33.333333333333336,2025-05-25 21:19:50.463338,2025-05-25 21:20:02.522976,0 days 00:00:12.059638,Adam,0.21137566250973713,,0.009520145760425397,,,,,2,,18.077272553134513,,,PRUNED
12,12,31.25,2025-05-25 21:20:02.574411,2025-05-25 21:20:11.090794,0 days 00:00:08.516383,Adam,0.2280781684174102,,0.000145806698847743,,,,,2,,1.407703659199024,,,PRUNED
13,13,33.333333333333336,2025-05-25 21:20:11.139448,2025-05-25 21:20:22.947949,0 days 00:00:11.808501,Adam,0.28664548882561447,,0.002223892167260502,,,,,1,,0.35512137719444403,,,PRUNED
14,14,39.583333333333336,2025-05-25 21:20:22.978658,2025-05-25 21:20:34.449656,0 days 00:00:11.470998,AdamW,0.16257126696618518,,,5.107684925222934e-05,,,,4,,,0.0025253710106474536,,PRUNED
15,15,33.333333333333336,2025-05-25 21:20:34.481336,2025-05-25 21:20:46.823888,0 days 00:00:12.342552,Adam,0.31919255274718644,,0.07408766950364654,,,,,3,,78.84947017693176,,,PRUNED
16,16,56.25,2025-05-25 21:20:46.874697,2025-05-25 21:21:12.583283,0 days 00:00:25.708586,AdamW,0.17056861336032456,,,0.00025862000456164624,,,,1,,,0.0009279210437819647,,COMPLETE
17,17,,2025-05-25 21:21:12.630749,2025-05-25 21:21:19.347830,0 days 00:00:06.717081,SGD,0.1648554064714305,,,,1.533653919754068e-05,99.82036515505162,False,6,,,,96.3979853269096,PRUNED
18,18,39.583333333333336,2025-05-25 21:21:19.393802,2025-05-25 21:21:31.187703,0 days 00:00:11.793901,Adam,0.3147701894425595,,1.5164788190333841e-05,,,,,3,,2.2824118180728052,,,PRUNED
19,19,33.333333333333336,2025-05-25 21:21:31.219166,2025-05-25 21:21:40.640118,0 days 00:00:09.420952,AdamW,0.08763681348248481,,,0.0005612681845228658,,,,1,,,0.0001834224029910255,,PRUNED
20,20,43.75,2025-05-25 21:21:40.688395,2025-05-25 21:21:58.453430,0 days 00:00:17.765035,AdamW,0.41574073761834773,,,0.0070502558223346475,,,,9,,,0.00010068006054476865,,PRUNED
21,21,56.25,2025-05-25 21:21:58.502919,2025-05-25 21:22:25.098788,0 days 00:00:26.595869,AdamW,0.1863410003955583,,,0.00023359216898703668,,,,1,,,0.000843515864555197,,COMPLETE
22,22,35.416666666666664,2025-05-25 21:22:25.144450,2025-05-25 21:22:34.441766,0 days 00:00:09.297316,AdamW,0.23620246384458124,,,0.00010966275250819472,,,,0,,,0.0017371645903266628,,PRUNED
23,23,37.5,2025-05-25 21:22:34.490007,2025-05-25 21:22:46.598851,0 days 00:00:12.108844,AdamW,0.14938035933009092,,,0.0008095266864103454,,,,2,,,0.0005095359146920058,,PRUNED
24,24,50.0,2025-05-25 21:22:46.648129,2025-05-25 21:23:12.582058,0 days 00:00:25.933929,AdamW,0.25800065840717684,,,3.22338671052042e-05,,,,1,,,0.0015533870194792982,,PRUNED
25,25,47.916666666666664,2025-05-25 21:23:12.617910,2025-05-25 21:23:38.620058,0 days 00:00:26.002148,Adam,0.13200631543328034,,0.0003955292386203548,,,,,3,,0.01065871715539099,,,COMPLETE
26,26,33.333333333333336,2025-05-25 21:23:38.667459,2025-05-25 21:23:47.226221,0 days 00:00:08.558762,Adadelta,0.030377331518590067,70.86265981507286,,,,,,0,0.011374120848144542,,,,PRUNED
27,27,,2025-05-25 21:23:47.277562,2025-05-25 21:23:55.187001,0 days 00:00:07.909439,SGD,0.2068132887632992,,,,2.1955406170909978e-05,72.34742013520606,True,4,,,,21.790285654171427,PRUNED
28,28,33.333333333333336,2025-05-25 21:23:55.218191,2025-05-25 21:24:04.043568,0 days 00:00:08.825377,AdamW,0.30561467741412063,,,0.08418841767904232,,,,1,,,0.0005114187209362978,,PRUNED
29,29,31.25,2025-05-25 21:24:04.097573,2025-05-25 21:24:12.613007,0 days 00:00:08.515434,Adadelta,0.34314542310861634,0.0163326397242079,,,,,,3,0.010094931633979147,,,,PRUNED
30,30,33.333333333333336,2025-05-25 21:24:12.664390,2025-05-25 21:24:21.964695,0 days 00:00:09.300305,Adam,0.2523571380476008,,0.0017837062520581533,,,,,2,,0.21363197307902107,,,PRUNED
31,31,56.25,2025-05-25 21:24:22.016404,2025-05-25 21:24:48.337866,0 days 00:00:26.321462,AdamW,0.1967278050286843,,,0.00024799380826424905,,,,1,,,0.0010313264380231188,,COMPLETE
32,32,52.083333333333336,2025-05-25 21:24:48.384313,2025-05-25 21:25:14.930000,0 days 00:00:26.545687,AdamW,0.17086797610957505,,,0.0002454295838796298,,,,1,,,0.0007548862205185658,,COMPLETE
33,33,39.583333333333336,2025-05-25 21:25:14.976427,2025-05-25 21:25:24.222815,0 days 00:00:09.246388,AdamW,0.12238683374516404,,,0.00016198617484004398,,,,0,,,0.000310130684656636,,PRUNED
34,34,39.583333333333336,2025-05-25 21:25:24.253488,2025-05-25 21:25:32.754747,0 days 00:00:08.501259,AdamW,0.18725727277258086,,,0.0020514326586732984,,,,5,,,0.0010539265897610665,,PRUNED
35,35,37.5,2025-05-25 21:25:32.804767,2025-05-25 21:25:41.604280,0 days 00:00:08.799513,AdamW,0.230218350806608,,,4.8734984220654607e-05,,,,2,,,0.0034753952537148213,,PRUNED
36,36,29.166666666666668,2025-05-25 21:25:41.636268,2025-05-25 21:25:50.943331,0 days 00:00:09.307063,Adadelta,0.06535665944916182,0.18196467231102068,,,,,,3,0.5979116257704502,,,,PRUNED
37,37,58.333333333333336,2025-05-25 21:25:50.993904,2025-05-25 21:26:17.273388,0 days 00:00:26.279484,AdamW,0.274331413203147,,,0.0004766916451540554,,,,0,,,0.0007781211636834589,,COMPLETE
38,38,25.0,2025-05-25 21:26:17.320319,2025-05-25 21:26:26.615525,0 days 00:00:09.295206,Adam,0.2840364087344631,,1.0959162285180438e-05,,,,,0,,7.601795022689259,,,PRUNED
39,39,,2025-05-25 21:26:26.664065,2025-05-25 21:26:34.324387,0 days 00:00:07.660322,SGD,0.3516604219722991,,,,0.05754842223228842,41.912623562096805,True,0,,,,0.012786327231311106,PRUNED
40,40,31.25,2025-05-25 21:26:34.355898,2025-05-25 21:26:41.735263,0 days 00:00:07.379365,AdamW,0.3879272588803762,,,0.0005654204401653112,,,,8,,,0.00046730644876514057,,PRUNED
41,41,58.333333333333336,2025-05-25 21:26:41.778740,2025-05-25 21:27:08.247411,0 days 00:00:26.468671,AdamW,0.27436015791342777,,,0.00030804125779561407,,,,1,,,0.0008265376586658506,,COMPLETE
42,42,39.583333333333336,2025-05-25 21:27:08.296077,2025-05-25 21:27:17.394063,0 days 00:00:09.097986,AdamW,0.27083141838752606,,,0.001106765796122211,,,,0,,,0.0013071668172368804,,PRUNED
43,43,37.5,2025-05-25 21:27:17.448743,2025-05-25 21:27:26.451842,0 days 00:00:09.003099,AdamW,0.3006884374836473,,,0.00011391161721159664,,,,2,,,0.0007199252326323379,,PRUNED
44,44,41.666666666666664,2025-05-25 21:27:26.506102,2025-05-25 21:27:38.424784,0 days 00:00:11.918682,AdamW,0.33399255413624607,,,0.0004021799832606918,,,,1,,,0.0003477237108437519,,PRUNED
45,45,33.333333333333336,2025-05-25 21:27:38.477726,2025-05-25 21:27:47.047071,0 days 00:00:08.569345,AdamW,0.21713152449899054,,,0.0017859440651664137,,,,2,,,0.0022176865770851782,,PRUNED
46,46,33.333333333333336,2025-05-25 21:27:47.131389,2025-05-25 21:27:56.557388,0 days 00:00:09.425999,Adam,0.4322720171024576,,0.013684017976145506,,,,,1,,0.09665940411672941,,,PRUNED
47,47,33.333333333333336,2025-05-25 21:27:56.608199,2025-05-25 21:28:05.548479,0 days 00:00:08.940280,Adadelta,0.24379646748543782,98.43155468624178,,,,,,4,5.267252528532205,,,,PRUNED
48,48,,2025-05-25 21:28:05.594629,2025-05-25 21:28:13.677799,0 days 00:00:08.083170,SGD,0.3670638359092233,,,,0.00027789999796458707,40.21422937874007,False,0,,,,2.3260636558383525,PRUNED
49,49,39.583333333333336,2025-05-25 21:28:13.709391,2025-05-25 21:28:22.252678,0 days 00:00:08.543287,AdamW,0.2732190744384836,,,9.51657524829703e-05,,,,5,,,0.0006999594307033838,,PRUNED
50,50,37.5,2025-05-25 21:28:22.300540,2025-05-25 21:28:30.919134,0 days 00:00:08.618594,Adam,0.29059357798217944,,0.0003830997984674836,,,,,6,,7.431390775723365,,,PRUNED
51,51,37.5,2025-05-25 21:28:30.950245,2025-05-25 21:28:39.638386,0 days 00:00:08.688141,AdamW,0.22020278320744943,,,0.00023055785833756733,,,,1,,,0.0008615107477674688,,PRUNED
52,52,62.5,2025-05-25 21:28:39.691096,2025-05-25 21:29:05.493235,0 days 00:00:25.802139,AdamW,0.18317312569284674,,,0.000322657298374375,,,,2,,,0.0011687979880386046,,COMPLETE
53,53,60.416666666666664,2025-05-25 21:29:05.540897,2025-05-25 21:29:31.799254,0 days 00:00:26.258357,AdamW,0.25985706130841246,,,0.0004329036298474916,,,,2,,,0.0012888642216000792,,COMPLETE
54,54,33.333333333333336,2025-05-25 21:29:31.846392,2025-05-25 21:29:40.661583,0 days 00:00:08.815191,AdamW,0.32666088957603356,,,0.0010368668453255906,,,,2,,,0.0012785316264712244,,PRUNED
55,55,52.083333333333336,2025-05-25 21:29:40.714858,2025-05-25 21:30:06.977036,0 days 00:00:26.262178,AdamW,0.2766726377512983,,,0.00043745754713666094,,,,3,,,0.0020389980462123666,,COMPLETE
56,56,33.333333333333336,2025-05-25 21:30:07.023006,2025-05-25 21:30:16.259921,0 days 00:00:09.236915,AdamW,0.25551688444652754,,,0.003771777433677031,,,,3,,,0.003311176299436031,,PRUNED
57,57,29.166666666666668,2025-05-25 21:30:16.310282,2025-05-25 21:30:39.103513,0 days 00:00:22.793231,Adam,0.24021352364743842,,5.2695663885402994e-05,,,,,2,,0.569877191386087,,,PRUNED
58,58,33.333333333333336,2025-05-25 21:30:39.159083,2025-05-25 21:30:47.298894,0 days 00:00:08.139811,AdamW,0.19908153134332568,,,0.0004576420425337221,,,,4,,,0.00035248004955329063,,PRUNED
59,59,39.583333333333336,2025-05-25 21:30:47.330415,2025-05-25 21:30:56.323567,0 days 00:00:08.993152,AdamW,0.30527217595162165,,,6.849905332388105e-05,,,,2,,,0.0012790058364558876,,PRUNED
60,60,,2025-05-25 21:30:56.356414,2025-05-25 21:31:03.804562,0 days 00:00:07.448148,SGD,0.14797816368806632,,,,0.00025249330820407544,72.85094504209715,True,1,,,,2.50375389085033,PRUNED
61,61,37.5,2025-05-25 21:31:03.834155,2025-05-25 21:31:12.244812,0 days 00:00:08.410657,AdamW,0.2650291931174219,,,0.00016068493543367463,,,,1,,,0.0005963914645571592,,PRUNED
62,62,43.75,2025-05-25 21:31:12.297509,2025-05-25 21:31:38.381185,0 days 00:00:26.083676,AdamW,0.17858690651309111,,,0.0003377935826580289,,,,0,,,0.0008999135936484314,,COMPLETE
63,63,33.333333333333336,2025-05-25 21:31:38.450385,2025-05-25 21:31:47.339529,0 days 00:00:08.889144,AdamW,0.12112164780579587,,,0.0008560666224974447,,,,2,,,0.001060397587125013,,PRUNED
64,64,31.25,2025-05-25 21:31:47.392493,2025-05-25 21:31:56.727655,0 days 00:00:09.335162,AdamW,0.223738845346677,,,2.84102597305805e-05,,,,1,,,0.0005959983042441794,,PRUNED
65,65,60.416666666666664,2025-05-25 21:31:56.778500,2025-05-25 21:32:22.834349,0 days 00:00:26.055849,AdamW,0.14515411094880076,,,0.00017224850833392403,,,,2,,,0.0013904404478797447,,COMPLETE
66,66,33.333333333333336,2025-05-25 21:32:22.881899,2025-05-25 21:32:32.022451,0 days 00:00:09.140552,Adam,0.09699088754309078,,0.005891542384682673,,,,,3,,0.018170839173709777,,,PRUNED
67,67,29.166666666666668,2025-05-25 21:32:32.054290,2025-05-25 21:32:40.819745,0 days 00:00:08.765455,AdamW,0.486973879508497,,,0.00015400487579081377,,,,2,,,0.0016845699920187789,,PRUNED
68,68,33.333333333333336,2025-05-25 21:32:40.873927,2025-05-25 21:32:49.545736,0 days 00:00:08.671809,Adadelta,0.15345171505202987,0.2462630580105119,,,,,,2,0.10932296104921217,,,,PRUNED
69,69,37.5,2025-05-25 21:32:49.612047,2025-05-25 21:32:58.401344,0 days 00:00:08.789297,AdamW,0.24635603763762345,,,0.0005395408941859551,,,,3,,,0.0013982582222410026,,PRUNED
70,70,27.083333333333332,2025-05-25 21:32:58.433893,2025-05-25 21:33:07.358831,0 days 00:00:08.924938,AdamW,0.0736122232546783,,,7.43482662614633e-05,,,,1,,,0.0027237615999148317,,PRUNED
71,71,33.333333333333336,2025-05-25 21:33:07.409774,2025-05-25 21:33:16.103240,0 days 00:00:08.693466,AdamW,0.20699389022833348,,,0.0002468157818436708,,,,1,,,0.0010930636136713737,,PRUNED
72,72,37.5,2025-05-25 21:33:16.163935,2025-05-25 21:33:24.380798,0 days 00:00:08.216863,AdamW,0.12802434626205805,,,0.00033702208601185484,,,,0,,,0.00041682057945077283,,PRUNED
73,73,37.5,2025-05-25 21:33:24.432736,2025-05-25 21:33:33.303174,0 days 00:00:08.870438,AdamW,0.18826618452260582,,,0.0001622150512900915,,,,1,,,0.0005952025497245145,,PRUNED
74,74,43.75,2025-05-25 21:33:33.354540,2025-05-25 21:33:42.185746,0 days 00:00:08.831206,AdamW,0.16682660903868024,,,0.0007326265591798589,,,,2,,,0.0002372618720988433,,PRUNED
75,75,33.333333333333336,2025-05-25 21:33:42.236815,2025-05-25 21:33:51.015009,0 days 00:00:08.778194,Adam,0.23189459035888293,,0.08314393296759923,,,,,1,,43.254884783895506,,,PRUNED
76,76,37.5,2025-05-25 21:33:51.067237,2025-05-25 21:33:59.601315,0 days 00:00:08.534078,AdamW,0.28919053919675786,,,0.00031095440186041593,,,,2,,,0.008351384033945327,,PRUNED
77,77,33.333333333333336,2025-05-25 21:33:59.654224,2025-05-25 21:34:07.237267,0 days 00:00:07.583043,AdamW,0.14292680436268929,,,0.0013947211051060571,,,,7,,,0.0007873661842082268,,PRUNED
78,78,,2025-05-25 21:34:07.268734,2025-05-25 21:34:16.102058,0 days 00:00:08.833324,SGD,0.26008015523580086,,,,0.07214250502788251,24.455045674575967,False,0,,,,0.23928540272721194,PRUNED
79,79,35.416666666666664,2025-05-25 21:34:16.131907,2025-05-25 21:34:24.653071,0 days 00:00:08.521164,AdamW,0.3160781027175445,,,0.00011589659071732437,,,,0,,,0.0018456442937349912,,PRUNED
80,80,33.333333333333336,2025-05-25 21:34:24.705563,2025-05-25 21:34:33.474089,0 days 00:00:08.768526,Adadelta,0.11419196632515882,13.758288006100575,,,,,,2,6.361406955985204,,,,PRUNED
81,81,52.083333333333336,2025-05-25 21:34:33.505899,2025-05-25 21:34:59.819062,0 days 00:00:26.313163,AdamW,0.18157109064755383,,,0.00020729430355402766,,,,1,,,0.000888681917636766,,COMPLETE
82,82,33.333333333333336,2025-05-25 21:34:59.865240,2025-05-25 21:35:08.861824,0 days 00:00:08.996584,AdamW,0.20148563482961662,,,0.0007037000017429072,,,,1,,,0.0011203238187129357,,PRUNED
83,83,58.333333333333336,2025-05-25 21:35:08.950087,2025-05-25 21:35:35.030694,0 days 00:00:26.080607,AdamW,0.15750077271533938,,,0.0002644092042861376,,,,1,,,0.0006828956167155814,,COMPLETE
84,84,54.166666666666664,2025-05-25 21:35:35.076729,2025-05-25 21:36:00.920549,0 days 00:00:25.843820,AdamW,0.11018770189695612,,,0.0003389847080677844,,,,3,,,0.0006663044522939959,,COMPLETE
85,85,43.75,2025-05-25 21:36:00.962178,2025-05-25 21:36:09.956797,0 days 00:00:08.994619,AdamW,0.16075350470022784,,,0.00019210205266494517,,,,1,,,0.0014830656690572068,,PRUNED
86,86,31.25,2025-05-25 21:36:10.007710,2025-05-25 21:36:18.795766,0 days 00:00:08.788056,Adam,0.14101282300648801,,0.0006137298769434754,,,,,0,,4.665462721540896,,,PRUNED
87,87,31.25,2025-05-25 21:36:18.853688,2025-05-25 21:36:27.385718,0 days 00:00:08.532030,AdamW,0.30025695041533934,,,4.439871140931914e-05,,,,2,,,0.0004252719711600875,,PRUNED
88,88,29.166666666666668,2025-05-25 21:36:27.438101,2025-05-25 21:36:36.134482,0 days 00:00:08.696381,AdamW,0.2115433993801201,,,0.00011968402914634245,,,,1,,,0.0009474817188981735,,PRUNED
89,89,39.583333333333336,2025-05-25 21:36:36.185569,2025-05-25 21:36:45.050501,0 days 00:00:08.864932,AdamW,0.2771914392369695,,,0.0006144444169616947,,,,0,,,0.00011292802388172392,,PRUNED
90,90,35.416666666666664,2025-05-25 21:36:45.102838,2025-05-25 21:36:53.735456,0 days 00:00:08.632618,Adam,0.23680110935720222,,0.0001325063319547591,,,,,3,,0.9372054017532578,,,PRUNED
91,91,56.25,2025-05-25 21:36:53.786704,2025-05-25 21:37:19.659914,0 days 00:00:25.873210,AdamW,0.1736451317329225,,,0.00026848386786776086,,,,1,,,0.0007328848374413715,,COMPLETE
92,92,33.333333333333336,2025-05-25 21:37:19.711978,2025-05-25 21:37:28.141785,0 days 00:00:08.429807,AdamW,0.19106967706147457,,,0.04272425574808944,,,,2,,,0.0012183918470934356,,PRUNED
93,93,37.5,2025-05-25 21:37:28.193876,2025-05-25 21:37:36.742963,0 days 00:00:08.549087,AdamW,0.25277381438938584,,,0.00039435990022925046,,,,1,,,0.0008309112188330834,,PRUNED
94,94,33.333333333333336,2025-05-25 21:37:36.797767,2025-05-25 21:37:45.727803,0 days 00:00:08.930036,AdamW,0.13596892096962523,,,0.00021929971311231435,,,,2,,,0.0005660997101491053,,PRUNED
95,95,41.666666666666664,2025-05-25 21:37:45.779659,2025-05-25 21:37:54.620107,0 days 00:00:08.840448,AdamW,0.15781873451128914,,,8.447163809106372e-05,,,,0,,,0.00097621646801218,,PRUNED
96,96,39.583333333333336,2025-05-25 21:37:54.669135,2025-05-25 21:38:02.749257,0 days 00:00:08.080122,AdamW,0.220450366247194,,,0.00014400104742789342,,,,4,,,0.000677611229442425,,PRUNED
97,97,,2025-05-25 21:38:02.781178,2025-05-25 21:38:09.778087,0 days 00:00:06.996909,SGD,0.281303779338172,,,,0.0012290554852762094,98.84562322926823,True,1,,,,11.766630382687485,PRUNED
98,98,33.333333333333336,2025-05-25 21:38:09.809634,2025-05-25 21:38:18.489313,0 days 00:00:08.679679,AdamW,0.266944891076512,,,0.0005232959168453126,,,,1,,,0.001500528338511934,,PRUNED
99,99,29.166666666666668,2025-05-25 21:38:18.537321,2025-05-25 21:38:26.967090,0 days 00:00:08.429769,Adadelta,0.2928852852736206,0.38106994596996735,,,,,,2,0.04737436389652316,,,,PRUNED
100,100,43.75,2025-05-25 21:38:27.018779,2025-05-25 21:38:35.629320,0 days 00:00:08.610541,AdamW,0.17148699922111504,,,0.0002687697737611978,,,,0,,,0.0004940933136169393,,PRUNED
101,101,64.58333333333333,2025-05-25 21:38:35.661109,2025-05-25 21:39:01.830865,0 days 00:00:26.169756,AdamW,0.1970666953204747,,,0.00045167855220809317,,,,1,,,0.0010002668728517632,,COMPLETE
102,102,35.416666666666664,2025-05-25 21:39:01.877883,2025-05-25 21:39:10.846051,0 days 00:00:08.968168,AdamW,0.19502008385927164,,,0.0004833768758197841,,,,1,,,0.0011058586269598967,,PRUNED
103,103,58.333333333333336,2025-05-25 21:39:10.897151,2025-05-25 21:39:37.270132,0 days 00:00:26.372981,AdamW,0.2119217455827482,,,0.00019319361885436774,,,,1,,,0.0008202892851638026,,COMPLETE
104,104,43.75,2025-05-25 21:39:37.318851,2025-05-25 21:39:46.059209,0 days 00:00:08.740358,AdamW,0.22730696312715457,,,0.00018311274533483577,,,,2,,,0.0007654917400552685,,PRUNED
105,105,58.333333333333336,2025-05-25 21:39:46.110858,2025-05-25 21:40:11.890142,0 days 00:00:25.779284,AdamW,0.25143116120137254,,,0.00039534218558466756,,,,1,,,0.0009271663643965135,,COMPLETE
106,106,22.916666666666668,2025-05-25 21:40:11.937599,2025-05-25 21:40:20.815931,0 days 00:00:08.878332,AdamW,0.24643073364696513,,,0.0011299044286759386,,,,0,,,0.0012528191244263159,,PRUNED
107,107,39.583333333333336,2025-05-25 21:40:20.847621,2025-05-25 21:40:29.456686,0 days 00:00:08.609065,AdamW,0.26317647917114195,,,0.00039326446388646,,,,2,,,0.0009918512341847052,,PRUNED
108,108,37.5,2025-05-25 21:40:29.509079,2025-05-25 21:40:37.772108,0 days 00:00:08.263029,Adam,0.21372452181967067,,5.882583797011807e-05,,,,,1,,0.11639013062336993,,,PRUNED
109,109,45.833333333333336,2025-05-25 21:40:37.824185,2025-05-25 21:41:03.507427,0 days 00:00:25.683242,AdamW,0.23217633538741042,,,0.0003119353970617668,,,,1,,,0.0017368514221337975,,COMPLETE
110,110,33.333333333333336,2025-05-25 21:41:03.554278,2025-05-25 21:41:12.182377,0 days 00:00:08.628099,AdamW,0.23851091864725096,,,0.0007871816346582246,,,,2,,,0.0006508713272161253,,PRUNED
111,111,41.666666666666664,2025-05-25 21:41:12.214455,2025-05-25 21:41:20.926783,0 days 00:00:08.712328,AdamW,0.20481367156347097,,,0.0004394453870755437,,,,1,,,0.0008839273131305546,,PRUNED
112,112,43.75,2025-05-25 21:41:20.977833,2025-05-25 21:41:29.562710,0 days 00:00:08.584877,AdamW,0.25177104635129294,,,0.00012089470814520958,,,,1,,,0.0008085658976484323,,PRUNED
113,113,45.833333333333336,2025-05-25 21:41:29.611066,2025-05-25 21:41:38.134287,0 days 00:00:08.523221,AdamW,0.17959505484146449,,,0.0002533912150886557,,,,1,,,0.0011814924800153932,,PRUNED
114,114,41.666666666666664,2025-05-25 21:41:38.166278,2025-05-25 21:41:46.461269,0 days 00:00:08.294991,AdamW,0.26691337289375217,,,0.00017409124324632727,,,,0,,,0.0005335596691703435,,PRUNED
115,115,39.583333333333336,2025-05-25 21:41:46.513134,2025-05-25 21:41:55.210013,0 days 00:00:08.696879,AdamW,0.15364254920338144,,,6.0729946194530666e-05,,,,1,,,0.0013716930239478734,,PRUNED
116,116,33.333333333333336,2025-05-25 21:41:55.261837,2025-05-25 21:42:03.719637,0 days 00:00:08.457800,AdamW,0.3097033666836516,,,0.0005915270649069655,,,,3,,,0.001013891040602965,,PRUNED
117,117,33.333333333333336,2025-05-25 21:42:03.771729,2025-05-25 21:42:12.337607,0 days 00:00:08.565878,Adam,0.29503880420069717,,0.0024869687456501757,,,,,2,,25.38379747590535,,,PRUNED
118,118,33.333333333333336,2025-05-25 21:42:12.588149,2025-05-25 21:42:20.954587,0 days 00:00:08.366438,AdamW,0.3262060685260867,,,0.00031561863482495995,,,,0,,,0.0007317048196926963,,PRUNED
119,119,,2025-05-25 21:42:21.006778,2025-05-25 21:42:29.394373,0 days 00:00:08.387595,SGD,0.2820352605802762,,,,0.00015923910778871056,66.3346864560537,False,1,,,,0.01676900380494124,PRUNED
120,120,33.333333333333336,2025-05-25 21:42:29.425185,2025-05-25 21:42:38.014515,0 days 00:00:08.589330,AdamW,0.18524307328400472,,,0.008084807583986388,,,,4,,,0.002045601264059846,,PRUNED
121,121,33.333333333333336,2025-05-25 21:42:38.065409,2025-05-25 21:42:46.918930,0 days 00:00:08.853521,AdamW,0.16313610478861057,,,0.000230574847071692,,,,1,,,0.0008935702507808445,,PRUNED
122,122,33.333333333333336,2025-05-25 21:42:46.967413,2025-05-25 21:42:55.221248,0 days 00:00:08.253835,AdamW,0.21235257772901578,,,0.000147648932641207,,,,1,,,0.0006406547924186946,,PRUNED
123,123,33.333333333333336,2025-05-25 21:42:55.273953,2025-05-25 21:43:03.765651,0 days 00:00:08.491698,AdamW,0.19946980236171813,,,0.00045096354754404686,,,,2,,,0.0007996384952511333,,PRUNED
124,124,37.5,2025-05-25 21:43:03.808577,2025-05-25 21:43:12.998336,0 days 00:00:09.189759,AdamW,0.22396065533161352,,,0.0003625718075721201,,,,1,,,0.001030540105606733,,PRUNED
125,125,31.25,2025-05-25 21:43:13.049869,2025-05-25 21:43:21.803804,0 days 00:00:08.753935,Adadelta,0.1752200259906267,0.05492823109582994,,,,,,0,3.5960675349649676,,,,PRUNED
126,126,45.833333333333336,2025-05-25 21:43:21.835210,2025-05-25 21:43:30.503515,0 days 00:00:08.668305,AdamW,0.25813508167326027,,,0.00019729473132410483,,,,1,,,0.00045117472821846436,,PRUNED
127,127,35.416666666666664,2025-05-25 21:43:30.536110,2025-05-25 21:43:38.890925,0 days 00:00:08.354815,AdamW,0.145227392975328,,,0.00027339422586510363,,,,2,,,0.0011643649303146352,,PRUNED
128,128,37.5,2025-05-25 21:43:38.943580,2025-05-25 21:43:47.877006,0 days 00:00:08.933426,AdamW,0.24844683500016243,,,9.611309855960597e-05,,,,1,,,0.0013691712458950627,,PRUNED
129,129,33.333333333333336,2025-05-25 21:43:47.929345,2025-05-25 21:43:56.767835,0 days 00:00:08.838490,Adam,0.19145905809031455,,0.03121916456465013,,,,,2,,0.03370898944947841,,,PRUNED
130,130,50.0,2025-05-25 21:43:56.820279,2025-05-25 21:44:22.772719,0 days 00:00:25.952440,AdamW,0.16795687612952293,,,0.0006022544708978349,,,,0,,,0.004888843146159147,,COMPLETE
131,131,33.333333333333336,2025-05-25 21:44:22.819345,2025-05-25 21:44:31.899674,0 days 00:00:09.080329,AdamW,0.27438349475918594,,,0.00013981670607940902,,,,1,,,0.000909481316793471,,PRUNED
132,132,37.5,2025-05-25 21:44:31.933016,2025-05-25 21:44:40.699756,0 days 00:00:08.766740,AdamW,0.19872795916144265,,,0.0002055491983252907,,,,1,,,0.001596947502634644,,PRUNED
133,133,35.416666666666664,2025-05-25 21:44:40.748229,2025-05-25 21:44:49.053039,0 days 00:00:08.304810,AdamW,0.12877350049144087,,,0.0002835745590056543,,,,1,,,0.0007212337028340863,,PRUNED
134,134,37.5,2025-05-25 21:44:49.107384,2025-05-25 21:44:57.992743,0 days 00:00:08.885359,AdamW,0.18489371286696132,,,0.0003805154853369665,,,,1,,,0.0010490312282135884,,PRUNED
135,135,43.75,2025-05-25 21:44:58.027828,2025-05-25 21:45:17.323417,0 days 00:00:19.295589,AdamW,3.6706336554725993e-05,,,0.0009891323411965545,,,,3,,,0.0005883637242995022,,PRUNED
136,136,39.583333333333336,2025-05-25 21:45:17.375212,2025-05-25 21:45:26.030728,0 days 00:00:08.655516,AdamW,0.23982791343474053,,,0.00022831933055095176,,,,2,,,0.0008145601090118852,,PRUNED
137,137,60.416666666666664,2025-05-25 21:45:26.063698,2025-05-25 21:45:52.248187,0 days 00:00:26.184489,AdamW,0.4587474584679042,,,0.0004911454286923402,,,,1,,,0.0009413458343434514,,COMPLETE
138,138,33.333333333333336,2025-05-25 21:45:52.296647,2025-05-25 21:46:01.357025,0 days 00:00:09.060378,AdamW,0.46699458801182603,,,0.0005441311451789243,,,,0,,,0.001249453326876503,,PRUNED
139,139,27.083333333333332,2025-05-25 21:46:01.410275,2025-05-25 21:46:09.109817,0 days 00:00:07.699542,AdamW,0.4250866974585426,,,0.0006789900239825231,,,,9,,,0.0009450249821027701,,PRUNED
140,140,39.583333333333336,2025-05-25 21:46:09.152809,2025-05-25 21:46:17.731640,0 days 00:00:08.578831,AdamW,0.10874706625519437,,,0.0008505056806113575,,,,5,,,0.0006327621847583748,,PRUNED
141,141,41.666666666666664,2025-05-25 21:46:17.779135,2025-05-25 21:46:26.380642,0 days 00:00:08.601507,AdamW,0.1577502221454509,,,0.00031215550528136807,,,,1,,,0.0011389622274628223,,PRUNED
142,142,50.0,2025-05-25 21:46:26.413491,2025-05-25 21:46:52.479745,0 days 00:00:26.066254,AdamW,0.204051732843136,,,0.00040849364645125565,,,,1,,,0.0008313447732317929,,COMPLETE
143,143,35.416666666666664,2025-05-25 21:46:52.527314,2025-05-25 21:47:01.141578,0 days 00:00:08.614264,AdamW,0.21668166680346732,,,0.0001749427859966204,,,,1,,,0.0009630416668624849,,PRUNED
144,144,45.833333333333336,2025-05-25 21:47:01.189706,2025-05-25 21:47:10.549972,0 days 00:00:09.360266,AdamW,0.16766224934077628,,,0.0004913182198720342,,,,2,,,0.0007173076583166608,,PRUNED
145,145,41.666666666666664,2025-05-25 21:47:10.582245,2025-05-25 21:47:19.600373,0 days 00:00:09.018128,Adam,0.17784637608768455,,2.53370356420842e-05,,,,,1,,2.9991698945554597,,,PRUNED
146,146,,2025-05-25 21:47:19.650360,2025-05-25 21:47:26.714453,0 days 00:00:07.064093,SGD,0.4560311173940928,,,,0.008353855336770834,20.61662864670196,True,0,,,,0.3829443959774215,PRUNED
147,147,39.583333333333336,2025-05-25 21:47:26.746362,2025-05-25 21:47:35.424162,0 days 00:00:08.677800,AdamW,0.13832328185462583,,,0.0001319338221582694,,,,1,,,0.001390208813757904,,PRUNED
148,148,33.333333333333336,2025-05-25 21:47:35.481827,2025-05-25 21:47:44.866187,0 days 00:00:09.384360,AdamW,0.37851605376520336,,,0.00025943714364232514,,,,1,,,0.0005405479181510614,,PRUNED
149,149,33.333333333333336,2025-05-25 21:47:44.898766,2025-05-25 21:47:52.601651,0 days 00:00:07.702885,Adadelta,0.34975066840515606,16.978497298137267,,,,,,8,0.132327625915019,,,,PRUNED
150,150,33.333333333333336,2025-05-25 21:47:52.642887,2025-05-25 21:48:01.073318,0 days 00:00:08.430431,AdamW,0.3981685487562325,,,0.00031756798714843677,,,,2,,,0.0010501434748933795,,PRUNED
151,151,45.833333333333336,2025-05-25 21:48:01.126830,2025-05-25 21:48:09.706254,0 days 00:00:08.579424,AdamW,0.17537219216883437,,,9.928817935250315e-05,,,,1,,,0.0008561173042513094,,PRUNED
152,152,43.75,2025-05-25 21:48:09.739945,2025-05-25 21:48:18.955696,0 days 00:00:09.215751,AdamW,0.04054254562657711,,,0.00022212918847793435,,,,1,,,0.0007208635732711159,,PRUNED
153,153,45.833333333333336,2025-05-25 21:48:19.008515,2025-05-25 21:48:27.747718,0 days 00:00:08.739203,AdamW,0.1504988497301611,,,0.00037145464433257304,,,,1,,,0.0009399045828507565,,PRUNED
154,154,41.666666666666664,2025-05-25 21:48:27.797852,2025-05-25 21:48:36.323624,0 days 00:00:08.525772,AdamW,0.18784387611485165,,,0.00028145841547262224,,,,0,,,0.0007668868205951323,,PRUNED
155,155,45.833333333333336,2025-05-25 21:48:36.377898,2025-05-25 21:48:44.592441,0 days 00:00:08.214543,AdamW,0.19461824302059283,,,0.00018011491589903326,,,,1,,,0.0006800227353666687,,PRUNED
156,156,35.416666666666664,2025-05-25 21:48:44.618035,2025-05-25 21:48:53.761452,0 days 00:00:09.143417,AdamW,0.49791126351969256,,,0.00048280444300324556,,,,1,,,0.0011416715075149837,,PRUNED
157,157,35.416666666666664,2025-05-25 21:48:53.814173,2025-05-25 21:49:02.631628,0 days 00:00:08.817455,AdamW,0.22811512109940937,,,0.00024239129697622034,,,,2,,,0.001560231344750016,,PRUNED
158,158,64.58333333333333,2025-05-25 21:49:02.680791,2025-05-25 21:49:28.877584,0 days 00:00:26.196793,AdamW,0.16121886367408667,,,0.000353843681372329,,,,1,,,0.000616650131974132,,COMPLETE
159,159,35.416666666666664,2025-05-25 21:49:28.925995,2025-05-25 21:49:38.025492,0 days 00:00:09.099497,Adam,0.160614135395316,,0.00020301520584910764,,,,,1,,0.3683551347818755,,,PRUNED
160,160,43.75,2025-05-25 21:49:38.064233,2025-05-25 21:49:45.714196,0 days 00:00:07.649963,AdamW,0.26126217205540386,,,0.0003819325233784813,,,,0,,,0.0004897234748651786,,PRUNED
161,161,39.583333333333336,2025-05-25 21:49:45.769325,2025-05-25 21:49:54.490009,0 days 00:00:08.720684,AdamW,0.1705751475228338,,,0.00015899578025973122,,,,1,,,0.0006094045261506314,,PRUNED
162,162,43.75,2025-05-25 21:49:54.544645,2025-05-25 21:50:03.167695,0 days 00:00:08.623050,AdamW,0.17974426398132298,,,0.000330541025403084,,,,1,,,0.0007713942790507606,,PRUNED
163,163,43.75,2025-05-25 21:50:03.219908,2025-05-25 21:50:11.979677,0 days 00:00:08.759769,AdamW,0.14930000056000461,,,0.0002694866444268324,,,,1,,,0.0008697402520728582,,PRUNED
164,164,52.083333333333336,2025-05-25 21:50:12.028273,2025-05-25 21:50:37.423055,0 days 00:00:25.394782,AdamW,0.20806565569470695,,,0.0006482679322838365,,,,2,,,0.001275793395321583,,COMPLETE
165,165,43.75,2025-05-25 21:50:37.470806,2025-05-25 21:50:46.247346,0 days 00:00:08.776540,AdamW,0.19344217563533825,,,0.000200998082211753,,,,1,,,0.0005572435205496045,,PRUNED
166,166,56.25,2025-05-25 21:50:46.295323,2025-05-25 21:51:12.307028,0 days 00:00:26.011705,AdamW,0.12464332903921949,,,0.00047478052466086885,,,,1,,,0.00100875672603525,,COMPLETE
167,167,41.666666666666664,2025-05-25 21:51:12.354137,2025-05-25 21:51:20.972897,0 days 00:00:08.618760,AdamW,0.16135874513873114,,,0.00041962865323873303,,,,2,,,0.0006987173267428628,,PRUNED
168,168,35.416666666666664,2025-05-25 21:51:21.021893,2025-05-25 21:51:29.413754,0 days 00:00:08.391861,AdamW,0.285841531689773,,,0.00032737632737530096,,,,1,,,0.00039150176374791234,,PRUNED
169,169,56.25,2025-05-25 21:51:29.465457,2025-05-25 21:51:54.415605,0 days 00:00:24.950148,AdamW,0.2405583174723523,,,0.00022757939429592666,,,,3,,,0.0008063637828541683,,COMPLETE
170,170,39.583333333333336,2025-05-25 21:51:54.462580,2025-05-25 21:52:02.871574,0 days 00:00:08.408994,AdamW,0.25083710215362787,,,0.00011595347054796232,,,,1,,,0.001070614769203611,,PRUNED
171,171,31.25,2025-05-25 21:52:02.903817,2025-05-25 21:52:11.548488,0 days 00:00:08.644671,AdamW,0.12003920847162403,,,0.0004821982669192501,,,,1,,,0.0009819654901065571,,PRUNED
172,172,39.583333333333336,2025-05-25 21:52:11.601172,2025-05-25 21:52:20.250974,0 days 00:00:08.649802,AdamW,0.13262140926568133,,,0.0005822744575680467,,,,1,,,0.0009155918762791955,,PRUNED
173,173,37.5,2025-05-25 21:52:20.303257,2025-05-25 21:52:29.124059,0 days 00:00:08.820802,AdamW,0.1438459866676299,,,0.0004370281255867093,,,,1,,,0.0011448781914903646,,PRUNED
174,174,37.5,2025-05-25 21:52:29.172905,2025-05-25 21:52:54.491210,0 days 00:00:25.318305,AdamW,0.2746552109040201,,,0.00029417139638441165,,,,1,,,0.0006314175041393498,,COMPLETE
175,175,47.916666666666664,2025-05-25 21:52:54.536437,2025-05-25 21:53:13.286181,0 days 00:00:18.749744,AdamW,0.183651144007534,,,0.0003570985788095442,,,,1,,,0.0010159248699240005,,PRUNED
176,176,,2025-05-25 21:53:13.347179,2025-05-25 21:53:20.845144,0 days 00:00:07.497965,SGD,0.09886398152018126,,,,8.202410642713746e-05,53.53587453830531,False,2,,,,78.95583032189072,PRUNED
177,177,43.75,2025-05-25 21:53:20.876601,2025-05-25 21:53:29.554184,0 days 00:00:08.677583,AdamW,0.15589839263188165,,,0.00017855748658665793,,,,0,,,0.000860170095317555,,PRUNED
178,178,33.333333333333336,2025-05-25 21:53:29.606349,2025-05-25 21:53:38.314691,0 days 00:00:08.708342,Adam,0.12350672251288342,,0.001066087779527346,,,,,1,,0.9445691196815937,,,PRUNED
179,179,35.416666666666664,2025-05-25 21:53:38.346037,2025-05-25 21:53:46.557094,0 days 00:00:08.211057,AdamW,0.16739487976299813,,,0.0007732184107122604,,,,0,,,0.0007548459987982931,,PRUNED
180,180,33.333333333333336,2025-05-25 21:53:46.611038,2025-05-25 21:53:55.355049,0 days 00:00:08.744011,Adadelta,0.21628551278815863,1.650090501432325,,,,,,2,78.19854073899862,,,,PRUNED
181,181,50.0,2025-05-25 21:53:55.407803,2025-05-25 21:54:20.764704,0 days 00:00:25.356901,AdamW,0.2428728373854856,,,0.0002248920061944398,,,,3,,,0.0007787398085010016,,PRUNED
182,182,27.083333333333332,2025-05-25 21:54:20.818227,2025-05-25 21:54:29.315171,0 days 00:00:08.496944,AdamW,0.26862987245367537,,,1.805730247669611e-05,,,,4,,,0.0008581335067207148,,PRUNED
183,183,45.833333333333336,2025-05-25 21:54:29.347532,2025-05-25 21:54:37.991807,0 days 00:00:08.644275,AdamW,0.23484114036849946,,,0.00025432747517462956,,,,3,,,0.0012119267725706833,,PRUNED
184,184,37.5,2025-05-25 21:54:38.043439,2025-05-25 21:54:46.752753,0 days 00:00:08.709314,AdamW,0.257146310830407,,,0.00014832055989759494,,,,3,,,0.0009486956027985969,,PRUNED
185,185,41.666666666666664,2025-05-25 21:54:46.802377,2025-05-25 21:54:55.005187,0 days 00:00:08.202810,AdamW,0.20216658576392077,,,0.00020062988081910862,,,,1,,,0.0014581172338125768,,PRUNED
186,186,39.583333333333336,2025-05-25 21:54:55.058093,2025-05-25 21:55:03.531943,0 days 00:00:08.473850,AdamW,0.08164345874078288,,,0.0002831258664376914,,,,1,,,0.000810519939058515,,PRUNED
187,187,47.916666666666664,2025-05-25 21:55:03.586020,2025-05-25 21:55:28.927549,0 days 00:00:25.341529,AdamW,0.1770126063115469,,,0.0005173810748836849,,,,4,,,0.0007026239426857363,,COMPLETE
188,188,37.5,2025-05-25 21:55:28.975891,2025-05-25 21:55:37.675959,0 days 00:00:08.700068,AdamW,0.2221672810208977,,,0.00040309542894544765,,,,1,,,0.0010589374048127092,,PRUNED
189,189,41.666666666666664,2025-05-25 21:55:37.729137,2025-05-25 21:55:46.256945,0 days 00:00:08.527808,AdamW,0.1380894787124251,,,0.00021618665485276492,,,,2,,,0.0013177660342717763,,PRUNED
190,190,33.333333333333336,2025-05-25 21:55:46.305994,2025-05-25 21:55:54.788131,0 days 00:00:08.482137,AdamW,0.4458770246919241,,,0.00034198880661195084,,,,1,,,0.0006498880485799985,,PRUNED
191,191,,2025-05-25 21:55:54.840603,2025-05-25 21:56:03.266006,0 days 00:00:08.425403,SGD,0.247857667832576,,,,0.016102674287350672,5.1159724241476,True,2,,,,0.037630524755885235,PRUNED
192,192,,2025-05-25 21:56:03.297421,2025-05-25 21:56:11.868111,0 days 00:00:08.570690,SGD,0.2720461610695633,,,,0.015002029319998219,23.64083882686885,True,2,,,,0.0645577106448047,PRUNED
193,193,41.666666666666664,2025-05-25 21:56:11.899353,2025-05-25 21:56:20.197559,0 days 00:00:08.298206,SGD,0.25751699723313315,,,,0.002058892658737558,1.4873144462805472,True,5,,,,0.0740829079547199,PRUNED
194,194,,2025-05-25 21:56:20.242240,2025-05-25 21:56:26.613475,0 days 00:00:06.371235,SGD,0.28688205119459,,,,0.0061141772216474835,58.28661644097917,True,2,,,,1.040446456500663,PRUNED
195,195,39.583333333333336,2025-05-25 21:56:26.645098,2025-05-25 21:56:35.334985,0 days 00:00:08.689887,AdamW,0.19144516606303982,,,0.0002460157707796261,,,,1,,,0.0009184397647153462,,PRUNED
196,196,33.333333333333336,2025-05-25 21:56:35.391342,2025-05-25 21:56:44.184102,0 days 00:00:08.792760,Adam,0.2618058934305945,,0.004106767214938481,,,,,1,,9.996856749978544,,,PRUNED
197,197,43.75,2025-05-25 21:56:44.236724,2025-05-25 21:56:52.916469,0 days 00:00:08.679745,AdamW,0.23094326928240505,,,0.0001631652799081862,,,,3,,,0.0005162049660923462,,PRUNED
198,198,41.666666666666664,2025-05-25 21:56:52.973555,2025-05-25 21:57:01.990926,0 days 00:00:09.017371,AdamW,0.20587301151848683,,,0.0001352312956965631,,,,1,,,0.0008259355682619046,,PRUNED
199,199,33.333333333333336,2025-05-25 21:57:02.043344,2025-05-25 21:57:10.467465,0 days 00:00:08.424121,AdamW,0.2396256388142135,,,0.00066839051107237,,,,2,,,0.0005900296795792155,,PRUNED
200,200,,2025-05-25 21:57:10.519845,2025-05-25 21:57:17.419481,0 days 00:00:06.899636,SGD,0.17026013767579457,,,,0.028012879816633682,85.45180894575574,True,1,,,,0.807096690535212,PRUNED
201,201,33.333333333333336,2025-05-25 21:57:17.450914,2025-05-25 21:57:26.062521,0 days 00:00:08.611607,AdamW,0.10795543576089145,,,0.00038787270362699346,,,,3,,,0.0006714963739095707,,PRUNED
202,202,41.666666666666664,2025-05-25 21:57:26.122917,2025-05-25 21:57:34.409167,0 days 00:00:08.286250,AdamW,0.11554769406228307,,,0.00030245580170821444,,,,3,,,0.0007507817736533307,,PRUNED
203,203,66.66666666666667,2025-05-25 21:57:34.463856,2025-05-25 21:58:00.127538,0 days 00:00:25.663682,AdamW,0.13211418766105767,,,0.0005413675363859435,,,,2,,,0.0009785054866223734,,COMPLETE
204,204,37.5,2025-05-25 21:58:00.174852,2025-05-25 21:58:08.617240,0 days 00:00:08.442388,AdamW,0.14441851153252092,,,0.0004919123746259972,,,,2,,,0.0010032228174387424,,PRUNED
205,205,33.333333333333336,2025-05-25 21:58:08.672639,2025-05-25 21:58:17.273409,0 days 00:00:08.600770,AdamW,0.13227131454590557,,,0.0009427937243747875,,,,2,,,0.0011555536843142107,,PRUNED
206,206,39.583333333333336,2025-05-25 21:58:17.325327,2025-05-25 21:58:26.156672,0 days 00:00:08.831345,AdamW,0.15853513851053996,,,0.0011971094521576891,,,,2,,,0.0010727061004225317,,PRUNED
207,207,37.5,2025-05-25 21:58:26.205003,2025-05-25 21:58:34.520255,0 days 00:00:08.315252,AdamW,0.29907475009133,,,0.0005524160086168119,,,,1,,,0.0008770967888326656,,PRUNED
208,208,45.833333333333336,2025-05-25 21:58:34.573719,2025-05-25 21:58:43.187103,0 days 00:00:08.613384,AdamW,0.15254350284172205,,,0.0004226385408156239,,,,1,,,0.000957162889135258,,PRUNED
209,209,37.5,2025-05-25 21:58:43.239878,2025-05-25 21:58:52.187125,0 days 00:00:08.947247,AdamW,0.2762871371409347,,,0.00024759965315852297,,,,2,,,0.0012003298963295232,,PRUNED
210,210,33.333333333333336,2025-05-25 21:58:52.240243,2025-05-25 21:59:00.880424,0 days 00:00:08.640181,AdamW,0.1850865295237435,,,0.0003040647130353054,,,,1,,,0.000779557642873622,,PRUNED
211,211,41.666666666666664,2025-05-25 21:59:00.932976,2025-05-25 21:59:09.405598,0 days 00:00:08.472622,AdamW,0.3627088063002791,,,0.0003384001859824707,,,,3,,,0.0006910859536574799,,PRUNED
212,212,54.166666666666664,2025-05-25 21:59:09.437921,2025-05-25 21:59:34.387329,0 days 00:00:24.949408,AdamW,0.12949908497492904,,,0.00018639794083109607,,,,3,,,0.0005594881972177144,,COMPLETE
213,213,41.666666666666664,2025-05-25 21:59:34.435529,2025-05-25 21:59:42.306132,0 days 00:00:07.870603,AdamW,0.26725619656342714,,,0.00044445362410067493,,,,6,,,0.0008579724961924944,,PRUNED
214,214,33.333333333333336,2025-05-25 21:59:42.336292,2025-05-25 21:59:51.027757,0 days 00:00:08.691465,AdamW,0.10369198262186655,,,0.00026678354051964194,,,,1,,,0.0006220800966803108,,PRUNED
215,215,33.333333333333336,2025-05-25 21:59:51.080005,2025-05-25 21:59:59.696157,0 days 00:00:08.616152,AdamW,0.11429056281528709,,,0.0003540181595187228,,,,2,,,0.000958345947074558,,PRUNED
216,216,33.333333333333336,2025-05-25 21:59:59.747457,2025-05-25 22:00:08.925985,0 days 00:00:09.178528,Adam,0.17121872720962059,,0.022092990353908562,,,,,1,,0.16239139154550494,,,PRUNED
217,217,43.75,2025-05-25 22:00:08.975762,2025-05-25 22:00:34.269058,0 days 00:00:25.293296,AdamW,0.08791900887517126,,,0.00022359609843606462,,,,3,,,0.0013221521167418797,,PRUNED
218,218,45.833333333333336,2025-05-25 22:00:34.317738,2025-05-25 22:00:42.882986,0 days 00:00:08.565248,AdamW,0.19507213784925376,,,0.0006914679724232053,,,,1,,,0.0007370056923891527,,PRUNED
219,219,39.583333333333336,2025-05-25 22:00:42.935640,2025-05-25 22:00:51.518717,0 days 00:00:08.583077,Adadelta,0.253246899054101,0.06218999709967834,,,,,,1,16.043343337069494,,,,PRUNED
220,220,33.333333333333336,2025-05-25 22:00:51.570952,2025-05-25 22:01:00.132238,0 days 00:00:08.561286,AdamW,0.14233166008412726,,,0.0005853765487954257,,,,2,,,0.0010836799979341203,,PRUNED
221,221,41.666666666666664,2025-05-25 22:01:00.308355,2025-05-25 22:01:08.914226,0 days 00:00:08.605871,AdamW,0.1304382708963474,,,0.0001983367409541945,,,,3,,,0.0004801073998304063,,PRUNED
222,222,41.666666666666664,2025-05-25 22:01:08.965841,2025-05-25 22:01:17.624935,0 days 00:00:08.659094,AdamW,0.1178621057859783,,,0.00017551933050627736,,,,3,,,0.0005545330056874635,,PRUNED
223,223,68.75,2025-05-25 22:01:17.674249,2025-05-25 22:01:42.798250,0 days 00:00:25.124001,AdamW,0.14985117580075347,,,0.0002835129053606477,,,,3,,,0.00044885118677089286,,COMPLETE
224,224,35.416666666666664,2025-05-25 22:01:42.845317,2025-05-25 22:01:51.342541,0 days 00:00:08.497224,AdamW,0.177746995244885,,,0.00027855525323372104,,,,3,,,0.0003871480758299934,,PRUNED
225,225,45.833333333333336,2025-05-25 22:01:51.395210,2025-05-25 22:01:59.596005,0 days 00:00:08.200795,AdamW,0.15207979792400791,,,0.00035348810255920923,,,,3,,,0.0004368141938068059,,PRUNED
226,226,54.166666666666664,2025-05-25 22:01:59.630880,2025-05-25 22:02:25.509736,0 days 00:00:25.878856,AdamW,0.16153282466473345,,,0.0004196714184083183,,,,1,,,0.0007923218690844228,,COMPLETE
227,227,37.5,2025-05-25 22:02:25.602783,2025-05-25 22:02:33.963499,0 days 00:00:08.360716,AdamW,0.18569958278328966,,,0.00031268544717662634,,,,1,,,0.0009179691906252257,,PRUNED
228,228,33.333333333333336,2025-05-25 22:02:34.018642,2025-05-25 22:02:42.737462,0 days 00:00:08.718820,AdamW,0.28003495829889613,,,0.0004937155107464639,,,,1,,,0.001860955134279993,,PRUNED
229,229,31.25,2025-05-25 22:02:42.789674,2025-05-25 22:02:51.296320,0 days 00:00:08.506646,AdamW,0.1662831880710391,,,0.0002268384258082336,,,,4,,,0.0010074129391910742,,PRUNED
230,230,,2025-05-25 22:02:51.329538,2025-05-25 22:02:58.820151,0 days 00:00:07.490613,SGD,0.1479037923012781,,,,0.000545864317031138,39.722859351963166,True,2,,,,0.09037406722963631,PRUNED
231,231,50.0,2025-05-25 22:02:58.852359,2025-05-25 22:03:23.810581,0 days 00:00:24.958222,AdamW,0.1207577088585889,,,0.0001926443678274571,,,,3,,,0.0006021842272698539,,COMPLETE
232,232,33.333333333333336,2025-05-25 22:03:23.857985,2025-05-25 22:03:32.096001,0 days 00:00:08.238016,AdamW,0.13338612521924328,,,0.00026337815608810087,,,,3,,,0.0004942685402458241,,PRUNED
233,233,43.75,2025-05-25 22:03:32.147501,2025-05-25 22:03:40.789223,0 days 00:00:08.641722,AdamW,0.13677096077083192,,,0.00014588923329122592,,,,3,,,0.000545790159863026,,PRUNED
234,234,41.666666666666664,2025-05-25 22:03:40.917391,2025-05-25 22:03:49.606757,0 days 00:00:08.689366,AdamW,0.26226809471479534,,,0.0003924394003322038,,,,3,,,0.000662965898272958,,PRUNED
235,235,45.833333333333336,2025-05-25 22:03:49.658596,2025-05-25 22:04:14.401441,0 days 00:00:24.742845,AdamW,0.12532305741622501,,,0.00023537495684014677,,,,4,,,0.0008260003579348535,,PRUNED
236,236,33.333333333333336,2025-05-25 22:04:14.453993,2025-05-25 22:04:23.043164,0 days 00:00:08.589171,AdamW,0.24658712928345494,,,0.014360289681333013,,,,3,,,0.0007325046425309826,,PRUNED
237,237,33.333333333333336,2025-05-25 22:04:23.095673,2025-05-25 22:04:31.858824,0 days 00:00:08.763151,AdamW,0.1431905655119872,,,0.00018446691362318982,,,,1,,,0.0006761117372359776,,PRUNED
238,238,45.833333333333336,2025-05-25 22:04:31.919998,2025-05-25 22:04:57.071740,0 days 00:00:25.151742,AdamW,0.1560252384071341,,,0.0003209893988152845,,,,2,,,0.00033912971839864154,,PRUNED
239,239,35.416666666666664,2025-05-25 22:04:57.121621,2025-05-25 22:05:05.558627,0 days 00:00:08.437006,Adam,0.21076752638015783,,2.986422945845016e-05,,,,,1,,0.058206793109305516,,,PRUNED
240,240,33.333333333333336,2025-05-25 22:05:05.610875,2025-05-25 22:05:14.049324,0 days 00:00:08.438449,AdamW,0.014599898565037794,,,0.00011415309837386357,,,,3,,,0.0004562333044490696,,PRUNED
241,241,41.666666666666664,2025-05-25 22:05:14.102429,2025-05-25 22:05:22.762366,0 days 00:00:08.659937,AdamW,0.16089541191515858,,,0.00044341109318041705,,,,1,,,0.0007976614656549876,,PRUNED
242,242,41.666666666666664,2025-05-25 22:05:22.815883,2025-05-25 22:05:31.475974,0 days 00:00:08.660091,AdamW,0.17551651019122172,,,0.000384002337104179,,,,1,,,0.0008688664943330163,,PRUNED
243,243,33.333333333333336,2025-05-25 22:05:31.529376,2025-05-25 22:05:40.206189,0 days 00:00:08.676813,AdamW,0.16648546764453762,,,0.0028965249080495415,,,,1,,,0.0007990543570437411,,PRUNED
244,244,35.416666666666664,2025-05-25 22:05:40.255505,2025-05-25 22:05:48.744405,0 days 00:00:08.488900,AdamW,0.12800303906326568,,,0.0005661474145246362,,,,1,,,0.0009245965179471595,,PRUNED
245,245,45.833333333333336,2025-05-25 22:05:48.800219,2025-05-25 22:05:57.181177,0 days 00:00:08.380958,AdamW,0.398063954807761,,,0.0002951203792660676,,,,1,,,0.0010412090048921839,,PRUNED
246,246,75.0,2025-05-25 22:05:57.234237,2025-05-25 22:06:23.009260,0 days 00:00:25.775023,AdamW,0.19783187442659475,,,0.000453252828161282,,,,1,,,0.0012131676427823669,,COMPLETE
247,247,47.916666666666664,2025-05-25 22:06:23.057484,2025-05-25 22:06:31.662322,0 days 00:00:08.604838,AdamW,0.18494890525965674,,,0.0005053064717582113,,,,1,,,0.0012378367368643924,,PRUNED
248,248,43.75,2025-05-25 22:06:31.717685,2025-05-25 22:06:40.471241,0 days 00:00:08.753556,AdamW,0.21804970665856455,,,0.00021971975120258923,,,,0,,,0.0015367909852378263,,PRUNED
249,249,41.666666666666664,2025-05-25 22:06:40.524145,2025-05-25 22:06:49.016103,0 days 00:00:08.491958,AdamW,0.20039572182181647,,,0.00035187842267036943,,,,2,,,0.0011128154043601134,,PRUNED
250,250,33.333333333333336,2025-05-25 22:06:49.048171,2025-05-25 22:06:57.824271,0 days 00:00:08.776100,AdamW,0.19603537990630301,,,0.09394932740238632,,,,1,,,0.001298057182106545,,PRUNED
251,251,39.583333333333336,2025-05-25 22:06:57.877286,2025-05-25 22:07:06.136868,0 days 00:00:08.259582,AdamW,0.2704650888659799,,,0.00015712393019888502,,,,1,,,0.001175382573971952,,PRUNED
252,252,,2025-05-25 22:07:06.190498,2025-05-25 22:07:14.592156,0 days 00:00:08.401658,SGD,0.2577044695299772,,,,5.578692059729719e-05,19.0256549228415,False,1,,,,8.660514584217427,PRUNED
253,253,33.333333333333336,2025-05-25 22:07:14.624317,2025-05-25 22:07:23.395187,0 days 00:00:08.770870,AdamW,0.09872008755863321,,,0.0002524555166435175,,,,2,,,0.0006030008101690227,,PRUNED
254,254,33.333333333333336,2025-05-25 22:07:23.449090,2025-05-25 22:07:32.006651,0 days 00:00:08.557561,AdamW,0.24148564566361586,,,0.0002791828516258558,,,,3,,,0.0009559472122313481,,PRUNED
255,255,33.333333333333336,2025-05-25 22:07:32.038227,2025-05-25 22:07:40.632494,0 days 00:00:08.594267,Adadelta,0.19140717390220546,0.7010113357648827,,,,,,2,1.9688754972380198,,,,PRUNED
256,256,39.583333333333336,2025-05-25 22:07:40.684568,2025-05-25 22:08:06.199169,0 days 00:00:25.514601,AdamW,0.20807194489719558,,,0.0007822660230128814,,,,1,,,0.0005150958902187857,,COMPLETE
257,257,33.333333333333336,2025-05-25 22:08:06.247175,2025-05-25 22:08:14.573762,0 days 00:00:08.326587,Adam,0.17664989165958112,,0.000784258824276527,,,,,2,,92.00111707495151,,,PRUNED
258,258,62.5,2025-05-25 22:08:14.628070,2025-05-25 22:08:40.570601,0 days 00:00:25.942531,AdamW,0.1505591785598959,,,0.00046415460772104714,,,,1,,,0.0014245922599499666,,COMPLETE
259,259,39.583333333333336,2025-05-25 22:08:40.618762,2025-05-25 22:08:49.083406,0 days 00:00:08.464644,AdamW,0.14947171051789263,,,0.00061989616414592,,,,1,,,0.0014517168142732558,,PRUNED
260,260,41.666666666666664,2025-05-25 22:08:49.139582,2025-05-25 22:08:57.763622,0 days 00:00:08.624040,AdamW,0.23162917574842046,,,0.00045821044270713784,,,,1,,,0.001379510591163709,,PRUNED
261,261,35.416666666666664,2025-05-25 22:08:57.816566,2025-05-25 22:09:06.606932,0 days 00:00:08.790366,AdamW,0.18515965809296006,,,0.0003586803152420527,,,,0,,,0.0010718545453858542,,PRUNED
262,262,37.5,2025-05-25 22:09:06.661089,2025-05-25 22:09:15.244393,0 days 00:00:08.583304,AdamW,0.1691318411074599,,,0.000473161067576241,,,,1,,,0.0016469701235450904,,PRUNED
263,263,41.666666666666664,2025-05-25 22:09:15.305158,2025-05-25 22:09:23.510550,0 days 00:00:08.205392,AdamW,0.25184662467023466,,,0.000382086978030144,,,,1,,,0.001221116673644502,,PRUNED
264,264,33.333333333333336,2025-05-25 22:09:23.563707,2025-05-25 22:09:32.200799,0 days 00:00:08.637092,AdamW,0.05539867983193586,,,0.0005547020987802331,,,,1,,,0.0008782101854246916,,PRUNED
265,265,,2025-05-25 22:09:32.338345,2025-05-25 22:09:39.778186,0 days 00:00:07.439841,SGD,0.28595003742412567,,,,0.004071559162036589,32.99701321339327,True,1,,,,0.023176142850859584,PRUNED
266,266,33.333333333333336,2025-05-25 22:09:39.809994,2025-05-25 22:09:48.415043,0 days 00:00:08.605049,AdamW,0.1501128193762139,,,0.0003078666152231785,,,,1,,,0.00020563837164261004,,PRUNED
267,267,39.583333333333336,2025-05-25 22:09:48.464541,2025-05-25 22:09:56.771784,0 days 00:00:08.307243,AdamW,0.2706517619560447,,,0.0006743455055179705,,,,0,,,0.0010189978378227066,,PRUNED
268,268,43.75,2025-05-25 22:09:56.824623,2025-05-25 22:10:05.196375,0 days 00:00:08.371752,AdamW,0.19792849379896638,,,0.0004099977975063698,,,,2,,,0.0007226859531639539,,PRUNED
269,269,47.916666666666664,2025-05-25 22:10:05.252556,2025-05-25 22:10:14.072494,0 days 00:00:08.819938,AdamW,0.15931026218923885,,,0.00031129849217892896,,,,1,,,0.0011255071990602624,,PRUNED
270,270,22.916666666666668,2025-05-25 22:10:14.125406,2025-05-25 22:10:22.895610,0 days 00:00:08.770204,Adam,0.14005587770511158,,7.213370145787153e-05,,,,,1,,1.9885600338962035,,,PRUNED
271,271,35.416666666666664,2025-05-25 22:10:22.954976,2025-05-25 22:10:31.595986,0 days 00:00:08.641010,AdamW,0.17885431987089306,,,0.0002457900487143028,,,,1,,,0.001359598898290562,,PRUNED
272,272,45.833333333333336,2025-05-25 22:10:31.645293,2025-05-25 22:10:57.005122,0 days 00:00:25.359829,AdamW,0.4153173281713172,,,0.0005036284759797448,,,,2,,,0.000978427667439639,,COMPLETE
273,273,37.5,2025-05-25 22:10:57.051329,2025-05-25 22:11:04.939398,0 days 00:00:07.888069,AdamW,0.11072246431435463,,,0.0003290300945323851,,,,7,,,0.0008600137097794181,,PRUNED
274,274,39.583333333333336,2025-05-25 22:11:04.972739,2025-05-25 22:11:13.647530,0 days 00:00:08.674791,AdamW,0.26216665396059935,,,0.00020826247565243348,,,,1,,,0.0006562006288052066,,PRUNED
275,275,41.666666666666664,2025-05-25 22:11:13.702419,2025-05-25 22:11:23.237732,0 days 00:00:09.535313,AdamW,0.2436311944097603,,,0.0004310179685251259,,,,1,,,0.0007433364197217502,,PRUNED
276,276,33.333333333333336,2025-05-25 22:11:23.269942,2025-05-25 22:11:32.558518,0 days 00:00:09.288576,AdamW,0.16649322513228393,,,0.06472022619590327,,,,2,,,0.0012086337451415407,,PRUNED
277,277,45.833333333333336,2025-05-25 22:11:32.607621,2025-05-25 22:11:41.263273,0 days 00:00:08.655652,AdamW,0.22396566421164463,,,0.00027914013672498684,,,,1,,,0.0009178053969191815,,PRUNED
278,278,,2025-05-25 22:11:41.317931,2025-05-25 22:11:50.013581,0 days 00:00:08.695650,SGD,0.2047767393878672,,,,0.0007556731324163945,13.010669561605916,True,0,,,,0.12404337592269839,PRUNED
279,279,43.75,2025-05-25 22:11:50.047382,2025-05-25 22:12:16.013513,0 days 00:00:25.966131,AdamW,0.27765652938696933,,,0.0003571557674565418,,,,4,,,0.0014783072909142893,,COMPLETE
280,280,43.75,2025-05-25 22:12:16.060878,2025-05-25 22:12:25.266245,0 days 00:00:09.205367,AdamW,0.18820452175841504,,,0.0001329597095242356,,,,1,,,0.0008031640544918948,,PRUNED
281,281,33.333333333333336,2025-05-25 22:12:25.299705,2025-05-25 22:12:33.704003,0 days 00:00:08.404298,Adadelta,0.2929377783262939,19.794764365255638,,,,,,2,0.18752171436388032,,,,PRUNED
282,282,41.666666666666664,2025-05-25 22:12:33.757214,2025-05-25 22:12:43.247103,0 days 00:00:09.489889,AdamW,0.1510900174800602,,,0.0001717078937080156,,,,1,,,0.001804261121266601,,PRUNED
283,283,33.333333333333336,2025-05-25 22:12:43.301369,2025-05-25 22:12:52.558742,0 days 00:00:09.257373,AdamW,0.17468556062760013,,,0.00023764087037240537,,,,2,,,0.0009928998356102583,,PRUNED
284,284,33.333333333333336,2025-05-25 22:12:52.608828,2025-05-25 22:13:00.915949,0 days 00:00:08.307121,AdamW,0.14235599547773106,,,0.0006145180595926227,,,,1,,,0.0011281260235164114,,PRUNED
285,285,56.25,2025-05-25 22:13:00.971218,2025-05-25 22:13:28.132124,0 days 00:00:27.160906,Adam,0.21512687958900528,,0.00023207061396776128,,,,,1,,0.03056835475888199,,,COMPLETE
286,286,37.5,2025-05-25 22:13:28.262226,2025-05-25 22:13:37.779106,0 days 00:00:09.516880,Adam,0.23123234599477824,,0.0002491530598651761,,,,,1,,0.04991467668118105,,,PRUNED
287,287,41.666666666666664,2025-05-25 22:13:37.831951,2025-05-25 22:13:47.104590,0 days 00:00:09.272639,Adam,0.20755329810769482,,7.76104446733113e-05,,,,,1,,0.020759182222981957,,,PRUNED
288,288,35.416666666666664,2025-05-25 22:13:47.154153,2025-05-25 22:13:55.714658,0 days 00:00:08.560505,Adam,0.1959964106141153,,0.00011844124262101635,,,,,1,,0.6175448024224781,,,PRUNED
289,289,22.916666666666668,2025-05-25 22:13:55.770193,2025-05-25 22:14:04.850631,0 days 00:00:09.080438,Adam,0.22508881479784343,,2.761127925440883e-05,,,,,0,,0.2575893325949274,,,PRUNED
290,290,39.583333333333336,2025-05-25 22:14:04.903566,2025-05-25 22:14:14.302826,0 days 00:00:09.399260,Adam,0.21608317178206068,,0.0011820750413804443,,,,,1,,0.010203783891134778,,,PRUNED
291,291,37.5,2025-05-25 22:14:14.353657,2025-05-25 22:14:23.039948,0 days 00:00:08.686291,Adam,0.25600148633299774,,0.00033682847126122623,,,,,1,,0.08331008119025275,,,PRUNED
292,292,39.583333333333336,2025-05-25 22:14:23.095654,2025-05-25 22:14:31.843933,0 days 00:00:08.748279,AdamW,0.24923631604896912,,,0.000925582274044878,,,,2,,,0.0008929585689179621,,PRUNED
293,293,,2025-05-25 22:14:31.899614,2025-05-25 22:14:40.094515,0 days 00:00:08.194901,SGD,0.2152296869538013,,,,0.031683986927584444,31.05754605476977,False,1,,,,0.8647983450426711,PRUNED
294,294,31.25,2025-05-25 22:14:40.127423,2025-05-25 22:14:49.132470,0 days 00:00:09.005047,AdamW,0.2353784962998956,,,9.400138757481985e-05,,,,1,,,0.00127051910353228,,PRUNED
295,295,33.333333333333336,2025-05-25 22:14:49.187002,2025-05-25 22:14:57.237130,0 days 00:00:08.050128,AdamW,0.19014324156774096,,,0.00020360541001283248,,,,5,,,0.0010625874376988587,,PRUNED
296,296,43.75,2025-05-25 22:14:57.288787,2025-05-25 22:15:06.648094,0 days 00:00:09.359307,AdamW,0.15736622210473544,,,0.0005417138914193142,,,,1,,,0.0003942518577130998,,PRUNED
297,297,35.416666666666664,2025-05-25 22:15:06.700227,2025-05-25 22:15:14.274205,0 days 00:00:07.573978,Adam,0.20097318874388514,,0.0005369018490737844,,,,,8,,1.4872730188247019,,,PRUNED
298,298,60.416666666666664,2025-05-25 22:15:14.319940,2025-05-25 22:15:40.265962,0 days 00:00:25.946022,AdamW,0.17762167273594995,,,0.0004392178429624576,,,,1,,,0.0015813363547332658,,COMPLETE
299,299,50.0,2025-05-25 22:15:40.315562,2025-05-25 22:16:06.894995,0 days 00:00:26.579433,AdamW,0.1810617616985774,,,0.0004391565248451781,,,,1,,,0.0016340342840832178,,COMPLETE
300,300,39.583333333333336,2025-05-25 22:16:06.945369,2025-05-25 22:16:15.830080,0 days 00:00:08.884711,AdamW,0.48115052760192295,,,0.0006911339275773475,,,,1,,,0.0014338405848364623,,PRUNED
301,301,50.0,2025-05-25 22:16:15.865009,2025-05-25 22:16:42.629359,0 days 00:00:26.764350,AdamW,0.33941960976154756,,,0.0002814774446116525,,,,0,,,0.0020418319308229778,,PRUNED
302,302,58.333333333333336,2025-05-25 22:16:42.674355,2025-05-25 22:17:09.442549,0 days 00:00:26.768194,AdamW,0.17271032812120185,,,0.00038549517462166074,,,,1,,,0.00501388762535924,,COMPLETE
303,303,50.0,2025-05-25 22:17:09.490726,2025-05-25 22:17:35.882040,0 days 00:00:26.391314,AdamW,0.16576868066556083,,,0.00038633934839567416,,,,1,,,0.004461348086575384,,COMPLETE
304,304,41.666666666666664,2025-05-25 22:17:35.929611,2025-05-25 22:17:45.013166,0 days 00:00:09.083555,AdamW,0.17012824124563297,,,0.0004967123399916229,,,,1,,,0.003362930092106873,,PRUNED
305,305,39.583333333333336,2025-05-25 22:17:45.062657,2025-05-25 22:17:53.786158,0 days 00:00:08.723501,AdamW,0.18043979499620427,,,0.0003329929584775802,,,,1,,,0.0008553539897974413,,PRUNED
306,306,37.5,2025-05-25 22:17:53.841288,2025-05-25 22:18:02.567351,0 days 00:00:08.726063,AdamW,0.15626250120181087,,,0.00041631655728719097,,,,1,,,0.007601116514092257,,PRUNED
307,307,39.583333333333336,2025-05-25 22:18:02.626225,2025-05-25 22:18:11.808055,0 days 00:00:09.181830,AdamW,0.17461647031279703,,,0.00024692340309731076,,,,1,,,0.002807066277083803,,PRUNED
308,308,41.666666666666664,2025-05-25 22:18:11.860807,2025-05-25 22:18:21.408446,0 days 00:00:09.547639,AdamW,0.19005135777077922,,,0.000543331766106534,,,,0,,,0.0009549123357751631,,PRUNED
309,309,39.583333333333336,2025-05-25 22:18:21.457395,2025-05-25 22:18:29.915387,0 days 00:00:08.457992,AdamW,0.1656346585238346,,,0.00036178068337731483,,,,1,,,0.0007952618466699977,,PRUNED
310,310,41.666666666666664,2025-05-25 22:18:29.949031,2025-05-25 22:18:38.746018,0 days 00:00:08.796987,AdamW,0.13977201838712852,,,0.00029289369367649636,,,,1,,,0.000728915887405692,,PRUNED
311,311,35.416666666666664,2025-05-25 22:18:38.801948,2025-05-25 22:18:47.949820,0 days 00:00:09.147872,AdamW,0.18217574845479875,,,0.0004553608157926693,,,,1,,,0.0010456892615150638,,PRUNED
312,312,31.25,2025-05-25 22:18:48.003255,2025-05-25 22:18:57.193475,0 days 00:00:09.190220,AdamW,0.14881010150384358,,,0.00016135092648943443,,,,1,,,0.0002810773248546449,,PRUNED
313,313,54.166666666666664,2025-05-25 22:18:57.247810,2025-05-25 22:19:23.216682,0 days 00:00:25.968872,AdamW,0.1660316958567978,,,0.00020886055453497897,,,,0,,,0.001294204079077405,,COMPLETE
314,314,33.333333333333336,2025-05-25 22:19:23.266189,2025-05-25 22:19:32.130662,0 days 00:00:08.864473,AdamW,0.15804746254483484,,,0.0016785184148387024,,,,1,,,0.004839268288957096,,PRUNED
315,315,33.333333333333336,2025-05-25 22:19:32.185465,2025-05-25 22:19:41.706627,0 days 00:00:09.521162,AdamW,0.1922044594052702,,,0.0002732653616784777,,,,1,,,0.008893283391483157,,PRUNED
316,316,39.583333333333336,2025-05-25 22:19:41.739145,2025-05-25 22:19:50.961825,0 days 00:00:09.222680,Adadelta,0.17604518833977537,0.06508462240613429,,,,,,1,0.033296512633232925,,,,PRUNED
317,317,27.083333333333332,2025-05-25 22:19:51.011350,2025-05-25 22:19:59.492992,0 days 00:00:08.481642,AdamW,0.13254192137802911,,,0.0003671507524907479,,,,1,,,0.00013122040607041957,,PRUNED
318,318,39.583333333333336,2025-05-25 22:19:59.548191,2025-05-25 22:20:08.105445,0 days 00:00:08.557254,AdamW,0.14928137906719768,,,0.0008085620172126653,,,,1,,,0.0011605855937822645,,PRUNED
319,319,39.583333333333336,2025-05-25 22:20:08.161822,2025-05-25 22:20:17.316448,0 days 00:00:09.154626,AdamW,0.18485840740818268,,,0.0005646855380715607,,,,2,,,0.0009146513296221457,,PRUNED
320,320,39.583333333333336,2025-05-25 22:20:17.375660,2025-05-25 22:20:26.368800,0 days 00:00:08.993140,AdamW,0.2012677012049972,,,0.0004460007328880248,,,,0,,,0.006730168607965222,,PRUNED
321,321,56.25,2025-05-25 22:20:26.400780,2025-05-25 22:20:52.165338,0 days 00:00:25.764558,AdamW,0.161091167854281,,,0.00032168019868990066,,,,1,,,0.0008071351929549714,,COMPLETE
322,322,39.583333333333336,2025-05-25 22:20:52.211312,2025-05-25 22:21:00.767510,0 days 00:00:08.556198,AdamW,0.17718402294576155,,,0.000248504405649698,,,,1,,,0.00255138222332337,,PRUNED
323,323,47.916666666666664,2025-05-25 22:21:00.821839,2025-05-25 22:21:09.641047,0 days 00:00:08.819208,AdamW,0.2667310567477108,,,0.00020289036192117023,,,,2,,,0.003891268961325962,,PRUNED
324,324,37.5,2025-05-25 22:21:09.696653,2025-05-25 22:21:18.928939,0 days 00:00:09.232286,AdamW,0.1234008378413748,,,0.00040456635404203774,,,,1,,,0.0006871185877618074,,PRUNED
325,325,60.416666666666664,2025-05-25 22:21:18.961782,2025-05-25 22:21:45.314807,0 days 00:00:26.353025,AdamW,0.17208063542619542,,,0.00013655107210090657,,,,1,,,0.0010056855309143883,,COMPLETE
326,326,33.333333333333336,2025-05-25 22:21:45.363029,2025-05-25 22:21:54.383383,0 days 00:00:09.020354,AdamW,0.16342928727244174,,,0.0001046450784051809,,,,1,,,0.0010141326000351035,,PRUNED
327,327,39.583333333333336,2025-05-25 22:21:54.434429,2025-05-25 22:22:02.836611,0 days 00:00:08.402182,AdamW,0.17369970023058648,,,0.00013221376642032125,,,,1,,,0.0011222706901120216,,PRUNED
328,328,35.416666666666664,2025-05-25 22:22:02.891648,2025-05-25 22:22:11.761926,0 days 00:00:08.870278,AdamW,0.18720522800896,,,0.000169624468771984,,,,1,,,0.0012227779741889595,,PRUNED
329,329,39.583333333333336,2025-05-25 22:22:11.797010,2025-05-25 22:22:21.010892,0 days 00:00:09.213882,AdamW,0.17075612313627175,,,0.00033039828885527767,,,,1,,,0.00998987768236068,,PRUNED
330,330,33.333333333333336,2025-05-25 22:22:21.046607,2025-05-25 22:22:30.176614,0 days 00:00:09.130007,AdamW,0.13773136420355098,,,0.0006828449041868936,,,,1,,,0.001374252126157696,,PRUNED
331,331,27.083333333333332,2025-05-25 22:22:30.230775,2025-05-25 22:22:38.637905,0 days 00:00:08.407130,AdamW,0.37635397632448414,,,0.00012126055064626651,,,,1,,,0.0010037377393097284,,PRUNED
332,332,39.583333333333336,2025-05-25 22:22:38.693037,2025-05-25 22:23:05.572895,0 days 00:00:26.879858,AdamW,0.15677477185014807,,,0.000506020870987582,,,,1,,,0.0009093115122550698,,COMPLETE
333,333,37.5,2025-05-25 22:23:05.622112,2025-05-25 22:23:32.425095,0 days 00:00:26.802983,AdamW,0.1946269028890476,,,0.0005943570391376264,,,,0,,,0.001107776575713679,,COMPLETE
334,334,35.416666666666664,2025-05-25 22:23:32.475619,2025-05-25 22:23:41.919848,0 days 00:00:09.444229,AdamW,0.15148665592948915,,,0.00039513456757457913,,,,1,,,0.0004304015416992147,,PRUNED
335,335,31.25,2025-05-25 22:23:41.973119,2025-05-25 22:23:51.303580,0 days 00:00:09.330461,AdamW,0.18512747496541887,,,7.873999259138111e-05,,,,1,,,0.0006122741894719427,,PRUNED
336,336,43.75,2025-05-25 22:23:51.337768,2025-05-25 22:23:59.746401,0 days 00:00:08.408633,AdamW,0.1715881799670008,,,0.0001422164391762993,,,,2,,,0.0015160361840646812,,PRUNED
337,337,41.666666666666664,2025-05-25 22:23:59.801288,2025-05-25 22:24:09.011738,0 days 00:00:09.210450,AdamW,0.3287534944231618,,,0.0002746687704993299,,,,2,,,0.000992303215232304,,PRUNED
338,338,33.333333333333336,2025-05-25 22:24:09.064872,2025-05-25 22:24:18.256154,0 days 00:00:09.191282,Adadelta,0.14734766195565954,5.0585950123858625,,,,,,1,1.3513713310312037,,,,PRUNED
339,339,33.333333333333336,2025-05-25 22:24:18.305141,2025-05-25 22:24:27.114380,0 days 00:00:08.809239,AdamW,0.20219317557322963,,,0.00047729694760028057,,,,1,,,0.0008906617624186259,,PRUNED
340,340,39.583333333333336,2025-05-25 22:24:27.170250,2025-05-25 22:24:36.058108,0 days 00:00:08.887858,AdamW,0.14007780394444647,,,0.00033216362154337754,,,,0,,,0.0012117167652669915,,PRUNED
341,341,45.833333333333336,2025-05-25 22:24:36.115321,2025-05-25 22:24:45.307693,0 days 00:00:09.192372,AdamW,0.17984534639528826,,,0.00022885143931747145,,,,1,,,0.0007249644404152846,,PRUNED
342,342,39.583333333333336,2025-05-25 22:24:45.357899,2025-05-25 22:24:54.119104,0 days 00:00:08.761205,AdamW,0.1569169146510305,,,0.00017129104371807447,,,,1,,,0.006167228252484595,,PRUNED
343,343,31.25,2025-05-25 22:24:54.176346,2025-05-25 22:25:02.974580,0 days 00:00:08.798234,AdamW,0.30888551320518237,,,0.00042547691722103235,,,,2,,,0.000843531629329335,,PRUNED
344,344,47.916666666666664,2025-05-25 22:25:03.030803,2025-05-25 22:25:12.115339,0 days 00:00:09.084536,AdamW,0.4368370301780651,,,0.00030488092557386033,,,,4,,,0.0022531500099624555,,PRUNED
345,345,37.5,2025-05-25 22:25:12.149229,2025-05-25 22:25:21.011462,0 days 00:00:08.862233,AdamW,0.17011359567344186,,,0.0006133932373670521,,,,2,,,0.001081622105671754,,PRUNED
346,346,43.75,2025-05-25 22:25:21.067168,2025-05-25 22:25:29.851564,0 days 00:00:08.784396,AdamW,0.19131853196787776,,,0.00037508792159754933,,,,1,,,0.0005256469120306523,,PRUNED
347,347,37.5,2025-05-25 22:25:29.907992,2025-05-25 22:25:39.113831,0 days 00:00:09.205839,AdamW,0.2809618092772543,,,0.00019506194248752293,,,,1,,,0.0013355143027229035,,PRUNED
348,348,33.333333333333336,2025-05-25 22:25:39.166874,2025-05-25 22:25:48.203426,0 days 00:00:09.036552,AdamW,0.41084250023529034,,,0.000767216175910462,,,,1,,,0.0009575332069699338,,PRUNED
349,349,31.25,2025-05-25 22:25:48.259476,2025-05-25 22:25:56.818582,0 days 00:00:08.559106,AdamW,0.1291794433603515,,,0.000536543395734972,,,,2,,,0.0016979204677841355,,PRUNED
350,350,35.416666666666664,2025-05-25 22:25:56.852906,2025-05-25 22:26:05.850868,0 days 00:00:08.997962,AdamW,0.16434297332320383,,,0.0002812514787400555,,,,0,,,0.0007666507310604878,,PRUNED
351,351,37.5,2025-05-25 22:26:05.905252,2025-05-25 22:26:14.233256,0 days 00:00:08.328004,AdamW,0.18322826756124072,,,0.0004426690043826396,,,,6,,,0.0004796664556187138,,PRUNED
352,352,41.666666666666664,2025-05-25 22:26:14.279512,2025-05-25 22:26:22.569609,0 days 00:00:08.290097,AdamW,0.20429695482720334,,,0.0002466825010046238,,,,1,,,0.0006364646998559863,,PRUNED
353,353,39.583333333333336,2025-05-25 22:26:22.624717,2025-05-25 22:26:31.633727,0 days 00:00:09.009010,AdamW,0.19608023520996795,,,0.00034813694882079784,,,,1,,,0.0010534656740068006,,PRUNED
354,354,37.5,2025-05-25 22:26:31.690795,2025-05-25 22:26:40.716063,0 days 00:00:09.025268,AdamW,0.1473391501669801,,,0.00015825770883049145,,,,1,,,0.00087640438043922,,PRUNED
355,355,35.416666666666664,2025-05-25 22:26:40.750196,2025-05-25 22:26:49.600254,0 days 00:00:08.850058,AdamW,0.16187027667427806,,,0.0002177694873964943,,,,1,,,0.0005652571892728345,,PRUNED
356,356,39.583333333333336,2025-05-25 22:26:49.655579,2025-05-25 22:26:58.055610,0 days 00:00:08.400031,AdamW,0.26272946377193823,,,0.0005203593683223802,,,,1,,,0.0030266103363535846,,PRUNED
357,357,47.916666666666664,2025-05-25 22:26:58.110837,2025-05-25 22:27:07.426982,0 days 00:00:09.316145,AdamW,0.17520328940269247,,,0.00030358578119874007,,,,1,,,0.0012225949137419467,,PRUNED
358,358,45.833333333333336,2025-05-25 22:27:07.480448,2025-05-25 22:27:16.587200,0 days 00:00:09.106752,AdamW,0.13438656728658868,,,0.0003934954035591591,,,,0,,,0.0008125096014714526,,PRUNED
359,359,41.666666666666664,2025-05-25 22:27:16.637156,2025-05-25 22:27:24.984242,0 days 00:00:08.347086,AdamW,0.18427848509853173,,,0.0002624319951200735,,,,2,,,0.0009695179799557131,,PRUNED
360,360,33.333333333333336,2025-05-25 22:27:25.018988,2025-05-25 22:27:34.116909,0 days 00:00:09.097921,Adadelta,0.20856385008852812,42.5115610540811,,,,,,1,12.252510435319419,,,,PRUNED
361,361,33.333333333333336,2025-05-25 22:27:34.152068,2025-05-25 22:27:43.215543,0 days 00:00:09.063475,AdamW,0.12326254763312863,,,0.0004662541971689884,,,,1,,,0.0010997448122224364,,PRUNED
362,362,37.5,2025-05-25 22:27:43.269000,2025-05-25 22:27:51.962156,0 days 00:00:08.693156,AdamW,0.4596817587369985,,,0.00011558843215407794,,,,2,,,0.001428660514712742,,PRUNED
363,363,41.666666666666664,2025-05-25 22:27:52.016486,2025-05-25 22:28:00.439173,0 days 00:00:08.422687,AdamW,0.15610352820742956,,,0.00034486169905834443,,,,1,,,0.0006817594077897607,,PRUNED
364,364,35.416666666666664,2025-05-25 22:28:00.494795,2025-05-25 22:28:09.803940,0 days 00:00:09.309145,AdamW,0.1720386602009802,,,0.00020394158767213496,,,,2,,,0.0007663055555150883,,PRUNED
365,365,33.333333333333336,2025-05-25 22:28:09.857182,2025-05-25 22:28:18.982902,0 days 00:00:09.125720,AdamW,0.27650672620062294,,,0.0006532470480948573,,,,1,,,0.0009349799879604034,,PRUNED
366,366,37.5,2025-05-25 22:28:19.033729,2025-05-25 22:28:27.717806,0 days 00:00:08.684077,AdamW,0.2942928577441454,,,0.00014850915789563598,,,,1,,,0.0012806952247332159,,PRUNED
367,367,41.666666666666664,2025-05-25 22:28:27.773854,2025-05-25 22:28:36.665122,0 days 00:00:08.891268,AdamW,0.14273207804744434,,,0.0004084041047048097,,,,1,,,0.0003542119127981324,,PRUNED
368,368,47.916666666666664,2025-05-25 22:28:36.721310,2025-05-25 22:28:45.807483,0 days 00:00:09.086173,AdamW,0.24837434081986104,,,0.0002920248407280414,,,,0,,,0.0011533398419341446,,PRUNED
369,369,31.25,2025-05-25 22:28:45.859104,2025-05-25 22:28:54.740877,0 days 00:00:08.881773,AdamW,0.19490503332364176,,,0.00048790065950557655,,,,2,,,0.0008432407861752707,,PRUNED
370,370,22.916666666666668,2025-05-25 22:28:54.803356,2025-05-25 22:29:02.965037,0 days 00:00:08.161681,AdamW,0.16357504655087754,,,1.3474582839900119e-05,,,,1,,,0.0015791548084798197,,PRUNED
371,371,33.333333333333336,2025-05-25 22:29:03.021048,2025-05-25 22:29:12.162153,0 days 00:00:09.141105,AdamW,0.1790076524861886,,,0.0011118347540805713,,,,1,,,0.0009974751529486083,,PRUNED
372,372,33.333333333333336,2025-05-25 22:29:12.196104,2025-05-25 22:29:21.641710,0 days 00:00:09.445606,AdamW,0.1519688015382934,,,0.007344751477097251,,,,1,,,0.0007340166909058061,,PRUNED
373,373,39.583333333333336,2025-05-25 22:29:21.692258,2025-05-25 22:29:29.940410,0 days 00:00:08.248152,AdamW,0.19163613787675013,,,0.00018187561253929467,,,,5,,,0.0005797983748056871,,PRUNED
374,374,43.75,2025-05-25 22:29:29.975592,2025-05-25 22:29:39.011339,0 days 00:00:09.035747,AdamW,0.25867104581641653,,,0.0003596479361507858,,,,1,,,0.0008841273201511284,,PRUNED
375,375,31.25,2025-05-25 22:29:39.040677,2025-05-25 22:29:48.414063,0 days 00:00:09.373386,AdamW,0.22257264699073506,,,6.129255875038496e-05,,,,1,,,0.0010349211696147403,,PRUNED
376,376,41.666666666666664,2025-05-25 22:29:48.468196,2025-05-25 22:29:57.309543,0 days 00:00:08.841347,AdamW,0.11561381843147858,,,0.00024403260193413162,,,,0,,,0.0006431776995841712,,PRUNED
377,377,39.583333333333336,2025-05-25 22:29:57.365738,2025-05-25 22:30:05.910345,0 days 00:00:08.544607,AdamW,0.16513909678547822,,,0.0005528624719285138,,,,2,,,0.0011831853959367365,,PRUNED
378,378,39.583333333333336,2025-05-25 22:30:05.951596,2025-05-25 22:30:15.239244,0 days 00:00:09.287648,AdamW,0.21196297592091198,,,9.381368031670647e-05,,,,1,,,0.0057017669136233615,,PRUNED
379,379,33.333333333333336,2025-05-25 22:30:15.272715,2025-05-25 22:30:24.759934,0 days 00:00:09.487219,AdamW,0.49411115700649355,,,0.00030653205485793464,,,,1,,,0.0018417453632683875,,PRUNED
380,380,43.75,2025-05-25 22:30:24.815920,2025-05-25 22:30:33.160431,0 days 00:00:08.344511,AdamW,0.2671536486051585,,,0.0007678047899614104,,,,1,,,0.0013072507464946099,,PRUNED
381,381,33.333333333333336,2025-05-25 22:30:33.216221,2025-05-25 22:30:42.697090,0 days 00:00:09.480869,Adadelta,0.17453741801705447,0.8966719710785276,,,,,,1,0.3574784718207711,,,,PRUNED
382,382,33.333333333333336,2025-05-25 22:30:42.749959,2025-05-25 22:30:52.183286,0 days 00:00:09.433327,AdamW,0.3585163703759502,,,0.00042357673827944273,,,,2,,,0.0008100773831422039,,PRUNED
383,383,33.333333333333336,2025-05-25 22:30:52.215328,2025-05-25 22:31:00.673751,0 days 00:00:08.458423,Adam,0.13566559014170324,,0.03499929600938238,,,,,1,,17.482330717522764,,,PRUNED
384,384,37.5,2025-05-25 22:31:00.730089,2025-05-25 22:31:09.664926,0 days 00:00:08.934837,AdamW,0.3175165300665807,,,0.00023623905514599716,,,,0,,,0.0009390253429459968,,PRUNED
385,385,33.333333333333336,2025-05-25 22:31:09.704172,2025-05-25 22:31:19.312967,0 days 00:00:09.608795,AdamW,0.1863860291101656,,,0.02013354128303172,,,,1,,,0.0010895872617588168,,PRUNED
386,386,29.166666666666668,2025-05-25 22:31:19.367624,2025-05-25 22:31:27.808817,0 days 00:00:08.441193,AdamW,0.14541419394225388,,,0.00018677933452896639,,,,1,,,0.0007052960659270158,,PRUNED
387,387,45.833333333333336,2025-05-25 22:31:27.866450,2025-05-25 22:31:36.046754,0 days 00:00:08.180304,AdamW,0.15448586311996806,,,0.0003556369796700687,,,,2,,,0.0014301754516181581,,PRUNED
388,388,39.583333333333336,2025-05-25 22:31:36.100224,2025-05-25 22:31:44.381184,0 days 00:00:08.280960,AdamW,0.16856526602701336,,,0.0001273962150473703,,,,2,,,0.0008710961893780125,,PRUNED
389,389,33.333333333333336,2025-05-25 22:31:44.438123,2025-05-25 22:31:52.957649,0 days 00:00:08.519526,AdamW,0.2000355613752312,,,0.0006370675951032587,,,,4,,,0.001024874456319571,,PRUNED
390,390,31.25,2025-05-25 22:31:53.011037,2025-05-25 22:32:01.426666,0 days 00:00:08.415629,AdamW,0.23787032091150975,,,0.0002859134666629506,,,,1,,,0.0007489610321044942,,PRUNED
391,391,43.75,2025-05-25 22:32:01.480562,2025-05-25 22:32:27.437748,0 days 00:00:25.957186,AdamW,0.25291581822879994,,,0.00047663744730618105,,,,1,,,0.0005089857063562925,,COMPLETE
392,392,33.333333333333336,2025-05-25 22:32:27.489165,2025-05-25 22:32:36.183489,0 days 00:00:08.694324,AdamW,0.1816717526128429,,,0.0003891296135189136,,,,1,,,0.0004382488916842971,,PRUNED
393,393,41.666666666666664,2025-05-25 22:32:36.217601,2025-05-25 22:32:44.771704,0 days 00:00:08.554103,AdamW,0.157576976877339,,,0.00021687000084453346,,,,0,,,0.0011901479878843272,,PRUNED
394,394,33.333333333333336,2025-05-25 22:32:44.825339,2025-05-25 22:32:53.441468,0 days 00:00:08.616129,Adam,0.27130400759553075,,0.005484412765081209,,,,,1,,46.50538070785785,,,PRUNED
395,395,45.833333333333336,2025-05-25 22:32:53.492141,2025-05-25 22:33:01.618920,0 days 00:00:08.126779,AdamW,0.2879573773261687,,,0.00032403709682212345,,,,1,,,0.0009175442840608441,,PRUNED
396,396,43.75,2025-05-25 22:33:01.673527,2025-05-25 22:33:10.216939,0 days 00:00:08.543412,AdamW,0.12849004044653325,,,0.00014976984824310923,,,,1,,,0.00107070647958138,,PRUNED
397,397,56.25,2025-05-25 22:33:10.252429,2025-05-25 22:33:35.640680,0 days 00:00:25.388251,AdamW,0.17235854242856613,,,0.00026672758917215873,,,,2,,,0.0008129676987815859,,COMPLETE
398,398,37.5,2025-05-25 22:33:35.689284,2025-05-25 22:33:44.134116,0 days 00:00:08.444832,AdamW,0.19235455750729602,,,0.0005454821418297736,,,,1,,,0.000642294130498835,,PRUNED
399,399,37.5,2025-05-25 22:33:44.191638,2025-05-25 22:33:53.144364,0 days 00:00:08.952726,AdamW,0.20932577068563857,,,0.0004473458822454349,,,,1,,,0.001344478873169978,,PRUNED
400,400,41.666666666666664,2025-05-25 22:33:53.188010,2025-05-25 22:34:01.750674,0 days 00:00:08.562664,AdamW,0.1441910319866621,,,0.00018728044405323354,,,,2,,,0.0009646730025198708,,PRUNED
401,401,37.5,2025-05-25 22:34:01.784133,2025-05-25 22:34:10.233730,0 days 00:00:08.449597,AdamW,0.17949876360710745,,,0.0003523800053975377,,,,0,,,0.0005804160220125662,,PRUNED
402,402,68.75,2025-05-25 22:34:10.284847,2025-05-25 22:34:35.850940,0 days 00:00:25.566093,AdamW,0.16233441799239098,,,0.0002557193559538277,,,,1,,,0.003988493481109817,,COMPLETE
403,403,50.0,2025-05-25 22:34:35.900480,2025-05-25 22:35:01.792128,0 days 00:00:25.891648,AdamW,0.15678626279083577,,,0.00023924501716484495,,,,1,,,0.006277670428231822,,PRUNED
404,404,33.333333333333336,2025-05-25 22:35:01.835663,2025-05-25 22:35:08.939989,0 days 00:00:07.104326,AdamW,0.1655671500700876,,,0.00027887420304135654,,,,9,,,0.005408518688376603,,PRUNED
405,405,33.333333333333336,2025-05-25 22:35:08.987758,2025-05-25 22:35:17.397921,0 days 00:00:08.410163,Adadelta,0.165220096348341,0.011456742077306712,,,,,,1,0.032414492604492404,,,,PRUNED
406,406,45.833333333333336,2025-05-25 22:35:17.447891,2025-05-25 22:35:25.906775,0 days 00:00:08.458884,AdamW,0.17804333611061424,,,0.00019469126928866795,,,,1,,,0.0022282261781145065,,PRUNED
407,407,45.833333333333336,2025-05-25 22:35:25.960054,2025-05-25 22:35:34.349289,0 days 00:00:08.389235,AdamW,0.19923431238336958,,,0.00022955830066841845,,,,2,,,0.0044092748185995375,,PRUNED
408,408,43.75,2025-05-25 22:35:34.403292,2025-05-25 22:35:42.836018,0 days 00:00:08.432726,AdamW,0.18545008062729174,,,0.00015505529218004846,,,,1,,,0.0038852949283458478,,PRUNED
409,409,29.166666666666668,2025-05-25 22:35:42.884338,2025-05-25 22:35:51.434490,0 days 00:00:08.550152,Adam,0.15173002501886154,,1.74579028964292e-05,,,,,1,,13.76473304020688,,,PRUNED
410,410,33.333333333333336,2025-05-25 22:35:51.488222,2025-05-25 22:35:59.973502,0 days 00:00:08.485280,AdamW,0.1674290149979027,,,0.0003141052577714554,,,,0,,,0.0015670779964639815,,PRUNED
411,411,33.333333333333336,2025-05-25 22:36:00.028692,2025-05-25 22:36:08.514114,0 days 00:00:08.485422,AdamW,0.22116669132158737,,,0.0002539630125976762,,,,1,,,0.0038394619818789585,,PRUNED
412,412,,2025-05-25 22:36:08.565289,2025-05-25 22:36:15.184433,0 days 00:00:06.619144,SGD,0.30151484267056555,,,,3.819549281359784e-05,86.62241997194496,False,2,,,,36.582481529019475,PRUNED
413,413,33.333333333333336,2025-05-25 22:36:15.217935,2025-05-25 22:36:23.642073,0 days 00:00:08.424138,AdamW,0.18864907173409418,,,0.0003856925230660341,,,,1,,,0.0007481967100223869,,PRUNED
414,414,39.583333333333336,2025-05-25 22:36:23.694962,2025-05-25 22:36:32.296550,0 days 00:00:08.601588,AdamW,0.2476873535276749,,,0.00030263599311583896,,,,1,,,0.0008541967078774291,,PRUNED
415,415,37.5,2025-05-25 22:36:32.350716,2025-05-25 22:36:40.803864,0 days 00:00:08.453148,AdamW,0.15924956864568598,,,0.0001759098073413229,,,,1,,,0.0004622755505746536,,PRUNED
416,416,41.666666666666664,2025-05-25 22:36:40.855551,2025-05-25 22:36:49.361913,0 days 00:00:08.506362,AdamW,0.25997300773539617,,,0.00011757045562704948,,,,2,,,0.0006665958495103851,,PRUNED
417,417,43.75,2025-05-25 22:36:49.416157,2025-05-25 22:36:57.814470,0 days 00:00:08.398313,AdamW,0.17451603034398394,,,0.00021500244391131382,,,,1,,,0.001154846918203985,,PRUNED
418,418,64.58333333333333,2025-05-25 22:36:57.867946,2025-05-25 22:37:23.547760,0 days 00:00:25.679814,AdamW,0.20248223557657488,,,0.0003664751830452586,,,,1,,,0.007329117794304648,,COMPLETE
419,419,35.416666666666664,2025-05-25 22:37:23.597905,2025-05-25 22:37:32.868015,0 days 00:00:09.270110,AdamW,0.21025428449520586,,,0.0009296091336934736,,,,1,,,0.00016220678834117912,,PRUNED
420,420,35.416666666666664,2025-05-25 22:37:32.925662,2025-05-25 22:37:42.143662,0 days 00:00:09.218000,AdamW,0.20266338816836799,,,0.0004220670304276809,,,,1,,,0.008504961070725677,,PRUNED
421,421,33.333333333333336,2025-05-25 22:37:42.197417,2025-05-25 22:37:51.505779,0 days 00:00:09.308362,AdamW,0.23482659305848602,,,0.0005978539770487372,,,,0,,,0.009541766253366798,,PRUNED
422,422,33.333333333333336,2025-05-25 22:37:51.538429,2025-05-25 22:37:59.815020,0 days 00:00:08.276591,Adam,0.1973049466429811,,0.0018732958603730676,,,,,2,,4.012816250249315,,,PRUNED
423,423,39.583333333333336,2025-05-25 22:37:59.870959,2025-05-25 22:38:22.689971,0 days 00:00:22.819012,AdamW,0.27949504715220636,,,0.0003624062660953966,,,,1,,,0.00808790811667865,,PRUNED
424,424,37.5,2025-05-25 22:38:22.725993,2025-05-25 22:38:31.954476,0 days 00:00:09.228483,AdamW,0.21665356350998266,,,0.0004921106783884675,,,,4,,,0.005314502715749544,,PRUNED
425,425,33.333333333333336,2025-05-25 22:38:32.007324,2025-05-25 22:38:40.865895,0 days 00:00:08.858571,AdamW,0.20571587505105726,,,0.0003282317575844882,,,,2,,,0.0046610264864626804,,PRUNED
426,426,39.583333333333336,2025-05-25 22:38:40.900959,2025-05-25 22:38:49.385901,0 days 00:00:08.484942,AdamW,0.22728822888729563,,,4.2768873437235666e-05,,,,1,,,0.0035903543293381323,,PRUNED
427,427,45.833333333333336,2025-05-25 22:38:49.441718,2025-05-25 22:38:58.324634,0 days 00:00:08.882916,AdamW,0.1408677057279008,,,0.0004533121133116449,,,,1,,,0.006954171480670723,,PRUNED
428,428,41.666666666666664,2025-05-25 22:38:58.378605,2025-05-25 22:39:07.946568,0 days 00:00:09.567963,AdamW,0.19404447201777808,,,0.0002813965864948335,,,,1,,,0.001269274296497142,,PRUNED
429,429,33.333333333333336,2025-05-25 22:39:08.000103,2025-05-25 22:39:16.913498,0 days 00:00:08.913395,AdamW,0.18806617793088834,,,0.00040258628031418844,,,,1,,,0.00040459720823549675,,PRUNED
430,430,33.333333333333336,2025-05-25 22:39:16.969623,2025-05-25 22:39:24.603567,0 days 00:00:07.633944,Adadelta,0.38491658140807594,5.254714198531209,,,,,,6,18.79431451771608,,,,PRUNED
431,431,33.333333333333336,2025-05-25 22:39:24.653600,2025-05-25 22:39:34.133647,0 days 00:00:09.480047,AdamW,0.24278155185543457,,,0.0006403088297009305,,,,1,,,0.0058086709784774294,,PRUNED
432,432,50.0,2025-05-25 22:39:34.187659,2025-05-25 22:40:00.588287,0 days 00:00:26.400628,AdamW,0.14806917512983947,,,0.00036170219498360764,,,,2,,,0.001463242656670289,,PRUNED
433,433,39.583333333333336,2025-05-25 22:40:00.646492,2025-05-25 22:40:10.100205,0 days 00:00:09.453713,AdamW,0.27274063462631903,,,0.00013679437385728978,,,,0,,,0.007358150915757927,,PRUNED
434,434,35.416666666666664,2025-05-25 22:40:10.154438,2025-05-25 22:40:19.393497,0 days 00:00:09.239059,AdamW,0.15799542371099862,,,0.00025167284062354043,,,,1,,,0.005111349607780543,,PRUNED
435,435,45.833333333333336,2025-05-25 22:40:19.444705,2025-05-25 22:40:27.933347,0 days 00:00:08.488642,AdamW,0.17645836090090328,,,0.0005340135239208361,,,,1,,,0.001124755196016991,,PRUNED
436,436,33.333333333333336,2025-05-25 22:40:27.990335,2025-05-25 22:40:36.810814,0 days 00:00:08.820479,Adam,0.25556638645945234,,0.0030378023805530075,,,,,3,,0.5082773113676522,,,PRUNED
437,437,37.5,2025-05-25 22:40:36.869946,2025-05-25 22:40:45.841449,0 days 00:00:08.971503,AdamW,0.2187797375483984,,,0.0003181760774143729,,,,1,,,0.0009538959975573159,,PRUNED
438,438,,2025-05-25 22:40:45.896097,2025-05-25 22:40:53.385073,0 days 00:00:07.488976,SGD,0.1843627283824603,,,,0.0004329619707086882,85.46428287815365,False,2,,,,4.360490871163026,PRUNED
439,439,33.333333333333336,2025-05-25 22:40:53.419894,2025-05-25 22:41:01.891266,0 days 00:00:08.471372,AdamW,0.196019976660746,,,0.0047902753782370884,,,,1,,,0.0013299132206599114,,PRUNED
440,440,31.25,2025-05-25 22:41:01.947134,2025-05-25 22:41:10.944033,0 days 00:00:08.996899,AdamW,0.1683681943724433,,,0.0002093198389290359,,,,1,,,0.0005349047325952005,,PRUNED
441,441,31.25,2025-05-25 22:41:10.998159,2025-05-25 22:41:19.973565,0 days 00:00:08.975406,AdamW,0.20803107729058992,,,0.0007767864470085645,,,,0,,,0.0010509365955343696,,PRUNED
442,442,45.833333333333336,2025-05-25 22:41:20.024926,2025-05-25 22:41:28.916701,0 days 00:00:08.891775,AdamW,0.14550443280934972,,,0.0001768881592960475,,,,1,,,0.0028926478891112255,,PRUNED
443,443,45.833333333333336,2025-05-25 22:41:28.972232,2025-05-25 22:41:37.343177,0 days 00:00:08.370945,AdamW,0.13527234575521668,,,0.00043801892779998455,,,,2,,,0.004279265274301102,,PRUNED
444,444,41.666666666666664,2025-05-25 22:41:37.398363,2025-05-25 22:41:46.351481,0 days 00:00:08.953118,AdamW,0.26570074797380927,,,0.0001008457222209735,,,,1,,,0.0008816438818758479,,PRUNED
445,445,45.833333333333336,2025-05-25 22:41:46.405429,2025-05-25 22:41:55.324902,0 days 00:00:08.919473,AdamW,0.1793254002052764,,,0.0002701070742494898,,,,3,,,0.0012048580886603857,,PRUNED
446,446,33.333333333333336,2025-05-25 22:41:55.378050,2025-05-25 22:42:04.305019,0 days 00:00:08.926969,AdamW,0.1891543478063418,,,0.0005217878904427122,,,,1,,,0.0003609276082560522,,PRUNED
447,447,45.833333333333336,2025-05-25 22:42:04.361583,2025-05-25 22:42:30.269991,0 days 00:00:25.908408,AdamW,0.16360404346872426,,,0.0003728725522080833,,,,1,,,0.0024670831235836773,,PRUNED
448,448,41.666666666666664,2025-05-25 22:42:30.304924,2025-05-25 22:42:38.572573,0 days 00:00:08.267649,AdamW,0.029380942846874092,,,0.0003132884457809991,,,,4,,,0.0017538480870459997,,PRUNED
449,449,33.333333333333336,2025-05-25 22:42:38.625856,2025-05-25 22:42:47.835290,0 days 00:00:09.209434,Adam,0.47075619579897887,,0.008851964047736693,,,,,0,,29.161091149125156,,,PRUNED
450,450,43.75,2025-05-25 22:42:47.891969,2025-05-25 22:42:56.550514,0 days 00:00:08.658545,AdamW,0.15168359367976314,,,0.0002288952086503546,,,,5,,,0.0008010308826768455,,PRUNED
451,451,31.25,2025-05-25 22:42:56.601593,2025-05-25 22:43:05.323842,0 days 00:00:08.722249,AdamW,0.2872076489941615,,,0.0013482958422598686,,,,1,,,0.003251633377932364,,PRUNED
452,452,31.25,2025-05-25 22:43:05.437626,2025-05-25 22:43:13.675111,0 days 00:00:08.237485,AdamW,0.1995047728973466,,,0.00015367316746550758,,,,2,,,0.0009857320976394462,,PRUNED
453,453,39.583333333333336,2025-05-25 22:43:13.709441,2025-05-25 22:43:22.852525,0 days 00:00:09.143084,AdamW,0.17185775714533888,,,0.00041395391302653914,,,,1,,,0.001531498565648905,,PRUNED
454,454,33.333333333333336,2025-05-25 22:43:22.909934,2025-05-25 22:43:32.090241,0 days 00:00:09.180307,AdamW,0.22768886737461555,,,0.0005850983689151087,,,,1,,,0.001971008809265449,,PRUNED
455,455,33.333333333333336,2025-05-25 22:43:32.123796,2025-05-25 22:43:41.245150,0 days 00:00:09.121354,Adadelta,0.24857771609005166,0.11958267055430558,,,,,,2,2.2843976548733664,,,,PRUNED
456,456,41.666666666666664,2025-05-25 22:43:41.294435,2025-05-25 22:43:49.700938,0 days 00:00:08.406503,AdamW,0.16086220957349234,,,0.00027159554786876524,,,,1,,,0.007581421744552936,,PRUNED
457,457,33.333333333333336,2025-05-25 22:43:49.756262,2025-05-25 22:43:58.671375,0 days 00:00:08.915113,AdamW,0.1815670365923778,,,0.0007167530022458764,,,,1,,,0.0009124826824876311,,PRUNED
458,458,56.25,2025-05-25 22:43:58.728121,2025-05-25 22:44:25.422362,0 days 00:00:26.694241,AdamW,0.3456620678795934,,,0.0003400101272196807,,,,1,,,0.0006090156081262019,,COMPLETE
459,459,47.916666666666664,2025-05-25 22:44:25.473514,2025-05-25 22:44:34.755757,0 days 00:00:09.282243,AdamW,0.21459686546288478,,,0.00020321558748618386,,,,2,,,0.006408963808949034,,PRUNED
460,460,35.416666666666664,2025-05-25 22:44:34.810786,2025-05-25 22:44:43.377090,0 days 00:00:08.566304,AdamW,0.14012661612426267,,,0.00047018642343411333,,,,7,,,0.0010970868607956404,,PRUNED
461,461,,2025-05-25 22:44:43.419484,2025-05-25 22:44:50.609951,0 days 00:00:07.190467,SGD,0.20328358500231505,,,,9.392500618213244e-05,61.553815746561945,False,0,,,,38.52003001975109,PRUNED
462,462,33.333333333333336,2025-05-25 22:44:50.643970,2025-05-25 22:44:59.826288,0 days 00:00:09.182318,AdamW,0.26626799523947337,,,0.00013002681846842234,,,,1,,,0.0013671948479867684,,PRUNED
463,463,41.666666666666664,2025-05-25 22:44:59.867758,2025-05-25 22:45:09.903392,0 days 00:00:10.035634,Adam,0.15455418646494676,,1.0300954190578992e-05,,,,,1,,6.098531526841005,,,PRUNED
464,464,66.66666666666667,2025-05-25 22:45:09.964830,2025-05-25 22:45:43.730755,0 days 00:00:33.765925,AdamW,0.23760924375034964,,,0.00038729943220163404,,,,1,,,0.000793004473119406,,COMPLETE
465,465,37.5,2025-05-25 22:45:43.784932,2025-05-25 22:45:57.155475,0 days 00:00:13.370543,AdamW,0.23884848304975131,,,0.0005041076957376393,,,,1,,,0.000768860856948811,,PRUNED
466,466,39.583333333333336,2025-05-25 22:45:57.217154,2025-05-25 22:46:10.272405,0 days 00:00:13.055251,AdamW,0.25106158542587403,,,0.00037261449685629304,,,,2,,,0.0007028511788726263,,PRUNED
467,467,43.75,2025-05-25 22:46:10.334966,2025-05-25 22:46:23.489732,0 days 00:00:13.154766,AdamW,0.24139580735144292,,,0.00044273941030593836,,,,1,,,0.0007845060927384602,,PRUNED
468,468,37.5,2025-05-25 22:46:23.551572,2025-05-25 22:46:36.861739,0 days 00:00:13.310167,AdamW,0.22945581889076336,,,0.00032355782057856173,,,,1,,,0.0008587869497839436,,PRUNED
469,469,37.5,2025-05-25 22:46:36.924369,2025-05-25 22:46:50.153640,0 days 00:00:13.229271,AdamW,0.25651145187413316,,,0.000554458650031195,,,,1,,,0.0007031917092094491,,PRUNED
470,470,33.333333333333336,2025-05-25 22:46:50.191661,2025-05-25 22:47:03.265090,0 days 00:00:13.073429,AdamW,0.24198729217985918,,,0.0003784465920913931,,,,0,,,0.0006384019502361286,,PRUNED
471,471,41.666666666666664,2025-05-25 22:47:03.327168,2025-05-25 22:47:16.535792,0 days 00:00:13.208624,AdamW,0.4048797687044798,,,0.00028420442915565495,,,,3,,,0.0004969725416899738,,PRUNED
472,472,33.333333333333336,2025-05-25 22:47:16.596065,2025-05-25 22:47:29.730078,0 days 00:00:13.134013,AdamW,0.25749201123561843,,,0.00043213026350170713,,,,2,,,0.0008280314187801597,,PRUNED
473,473,33.333333333333336,2025-05-25 22:47:29.801330,2025-05-25 22:47:43.384923,0 days 00:00:13.583593,AdamW,0.2629008757318891,,,0.0006764304901133666,,,,1,,,0.0009219428041887842,,PRUNED
474,474,37.5,2025-05-25 22:47:43.447239,2025-05-25 22:47:56.686838,0 days 00:00:13.239599,AdamW,0.23164238057960326,,,0.00024464726394171643,,,,1,,,0.0002923080653497861,,PRUNED
475,475,39.583333333333336,2025-05-25 22:47:56.726354,2025-05-25 22:48:10.082933,0 days 00:00:13.356579,AdamW,0.27286318225715633,,,0.0004970484745320992,,,,1,,,0.0005742471096789745,,PRUNED
476,476,45.833333333333336,2025-05-25 22:48:10.145483,2025-05-25 22:48:23.350504,0 days 00:00:13.205021,AdamW,0.444167694806558,,,0.00036327287853928325,,,,1,,,0.0016315475252722058,,PRUNED
477,477,33.333333333333336,2025-05-25 22:48:23.413727,2025-05-25 22:48:36.622951,0 days 00:00:13.209224,Adam,0.17104813710221128,,0.012735006940857519,,,,,2,,2.7688499627603442,,,PRUNED
478,478,41.666666666666664,2025-05-25 22:48:36.691970,2025-05-25 22:48:49.931529,0 days 00:00:13.239559,AdamW,0.22122862523543513,,,0.0003071255483119228,,,,3,,,0.0007391310369862873,,PRUNED
479,479,33.333333333333336,2025-05-25 22:48:49.993558,2025-05-25 22:49:03.281373,0 days 00:00:13.287815,AdamW,0.14896064768371034,,,0.0006378955500264418,,,,1,,,0.0010062273347189975,,PRUNED
480,480,31.25,2025-05-25 22:49:03.344516,2025-05-25 22:49:16.439287,0 days 00:00:13.094771,AdamW,0.24914666062329438,,,0.0004190979256412681,,,,1,,,0.001251711398292764,,PRUNED
481,481,33.333333333333336,2025-05-25 22:49:16.500363,2025-05-25 22:49:29.653757,0 days 00:00:13.153394,Adadelta,0.13431115326671036,34.3402707464717,,,,,,1,0.30733061607944895,,,,PRUNED
482,482,45.833333333333336,2025-05-25 22:49:29.713026,2025-05-25 22:49:43.122603,0 days 00:00:13.409577,AdamW,0.1643197199734658,,,0.00016863266968978826,,,,0,,,0.0008446203040735226,,PRUNED
483,483,41.666666666666664,2025-05-25 22:49:43.184284,2025-05-25 22:49:56.514797,0 days 00:00:13.330513,AdamW,0.28278097819536585,,,0.00023486937032770735,,,,1,,,0.0006779399606668806,,PRUNED
484,484,31.25,2025-05-25 22:49:56.576548,2025-05-25 22:50:09.592567,0 days 00:00:13.016019,AdamW,0.15571034942751552,,,0.00032552663903426694,,,,2,,,0.0014438170470300025,,PRUNED
485,485,31.25,2025-05-25 22:50:09.653507,2025-05-25 22:50:22.511149,0 days 00:00:12.857642,AdamW,0.17927047157633985,,,0.0005417699934119365,,,,1,,,0.0009340862410129934,,PRUNED
486,486,33.333333333333336,2025-05-25 22:50:22.550494,2025-05-25 22:50:35.884845,0 days 00:00:13.334351,AdamW,0.19069837730502576,,,0.00038199178683925877,,,,1,,,0.0011397956158850644,,PRUNED
487,487,37.5,2025-05-25 22:50:35.950924,2025-05-25 22:50:48.989432,0 days 00:00:13.038508,AdamW,0.23309830940521153,,,0.00019524595926580517,,,,2,,,0.0008226186141742391,,PRUNED
488,488,62.5,2025-05-25 22:50:49.050015,2025-05-25 22:51:21.906259,0 days 00:00:32.856244,AdamW,0.07067891517312119,,,0.0002763114386141644,,,,1,,,0.009090194284468058,,COMPLETE
489,489,45.833333333333336,2025-05-25 22:51:21.960478,2025-05-25 22:51:35.574727,0 days 00:00:13.614249,AdamW,0.09697294489314032,,,7.908167556513963e-05,,,,1,,,0.007265996442796189,,PRUNED
490,490,35.416666666666664,2025-05-25 22:51:35.636220,2025-05-25 22:51:48.728766,0 days 00:00:13.092546,AdamW,0.08587573118793893,,,0.00029366898528647504,,,,0,,,0.008702192564422284,,PRUNED
491,491,27.083333333333332,2025-05-25 22:51:48.768397,2025-05-25 22:52:01.962356,0 days 00:00:13.193959,Adam,0.021238801922262962,,3.8392371924332804e-05,,,,,4,,1.4334618847779113,,,PRUNED
492,492,,2025-05-25 22:52:02.023169,2025-05-25 22:52:13.487197,0 days 00:00:11.464028,SGD,0.2519821918221375,,,,0.0013860695116646878,51.73648829437042,False,1,,,,7.136929155409544,PRUNED
493,493,45.833333333333336,2025-05-25 22:52:13.527932,2025-05-25 22:52:26.947697,0 days 00:00:13.419765,AdamW,0.27049039697997845,,,0.00045677129789580814,,,,1,,,0.009332441802353982,,PRUNED
494,494,33.333333333333336,2025-05-25 22:52:27.009278,2025-05-25 22:52:40.063594,0 days 00:00:13.054316,AdamW,0.06436810049245598,,,0.00037263504627973066,,,,1,,,0.0005369476992272093,,PRUNED
495,495,41.666666666666664,2025-05-25 22:52:40.128860,2025-05-25 22:52:53.355997,0 days 00:00:13.227137,AdamW,0.24046178335126533,,,0.0008580173192819066,,,,2,,,0.00769415208984943,,PRUNED
496,496,75.0,2025-05-25 22:52:53.419019,2025-05-25 22:53:27.267708,0 days 00:00:33.848689,AdamW,0.0656930206494005,,,0.0002590923671777168,,,,1,,,0.00046239111067186256,,COMPLETE
497,497,31.25,2025-05-25 22:53:27.322508,2025-05-25 22:53:40.975003,0 days 00:00:13.652495,AdamW,0.056921124292482854,,,0.00026499474276638204,,,,1,,,0.008452521083274213,,PRUNED
498,498,33.333333333333336,2025-05-25 22:53:41.037333,2025-05-25 22:53:54.302885,0 days 00:00:13.265552,AdamW,0.06324982387781385,,,0.0005859586380649606,,,,2,,,0.000435614386791961,,PRUNED
499,499,54.166666666666664,2025-05-25 22:53:54.366148,2025-05-25 22:54:28.057873,0 days 00:00:33.691725,AdamW,0.11084962060422437,,,0.0004480105053214745,,,,1,,,0.0004892663520791186,,PRUNED
500,500,43.75,2025-05-25 22:54:28.190260,2025-05-25 22:54:41.305253,0 days 00:00:13.114993,AdamW,0.043676466856491854,,,0.00034637620044890153,,,,1,,,0.0003768993294002747,,PRUNED
501,501,33.333333333333336,2025-05-25 22:54:41.368560,2025-05-25 22:54:54.497868,0 days 00:00:13.129308,AdamW,0.08021188843179607,,,0.00011320672970202697,,,,1,,,0.0004523309509530582,,PRUNED
502,502,29.166666666666668,2025-05-25 22:54:54.560120,2025-05-25 22:55:07.902978,0 days 00:00:13.342858,AdamW,0.2609190171665435,,,0.0002710561596557727,,,,0,,,0.00047142264547732744,,PRUNED
503,503,56.25,2025-05-25 22:55:07.966527,2025-05-25 22:55:41.837724,0 days 00:00:33.871197,AdamW,0.08482675499552103,,,0.0005029729725645304,,,,1,,,0.006717869331803567,,COMPLETE
504,504,33.333333333333336,2025-05-25 22:55:41.907060,2025-05-25 22:55:55.016058,0 days 00:00:13.108998,AdamW,0.422730711874018,,,0.0002160999636342022,,,,2,,,0.0092150119745143,,PRUNED
505,505,45.833333333333336,2025-05-25 22:55:55.077718,2025-05-25 22:56:08.250479,0 days 00:00:13.172761,Adam,0.059833196078896186,,9.948170274289458e-05,,,,,2,,0.1633462489078539,,,PRUNED
506,506,39.583333333333336,2025-05-25 22:56:08.312004,2025-05-25 22:56:21.685373,0 days 00:00:13.373369,AdamW,0.22374080462898616,,,0.00031266925496344224,,,,3,,,0.0005687035226877412,,PRUNED
507,507,33.333333333333336,2025-05-25 22:56:21.747040,2025-05-25 22:56:34.667389,0 days 00:00:12.920349,Adadelta,0.2811307364505381,0.5075607996206037,,,,,,1,0.05597135029118426,,,,PRUNED
508,508,31.25,2025-05-25 22:56:34.727173,2025-05-25 22:56:48.025997,0 days 00:00:13.298824,AdamW,0.09231323079477485,,,2.5091095930513913e-05,,,,1,,,0.007947345468962343,,PRUNED
509,509,33.333333333333336,2025-05-25 22:56:48.087735,2025-05-25 22:57:01.234368,0 days 00:00:13.146633,AdamW,0.07757985333515165,,,0.0004075680069828444,,,,1,,,0.0005160712340287135,,PRUNED
510,510,35.416666666666664,2025-05-25 22:57:01.312137,2025-05-25 22:57:14.599537,0 days 00:00:13.287400,AdamW,0.24618177997739343,,,0.000743337433978987,,,,1,,,0.005801346406405468,,PRUNED
511,511,43.75,2025-05-25 22:57:14.662199,2025-05-25 22:57:27.746859,0 days 00:00:13.084660,AdamW,0.0018203192453752487,,,0.00014970055022408237,,,,2,,,0.00043612783670006624,,PRUNED
512,512,47.916666666666664,2025-05-25 22:57:27.808574,2025-05-25 22:57:40.986861,0 days 00:00:13.178287,AdamW,0.041590947268209257,,,0.0002424991506624007,,,,1,,,0.0004129747041159913,,PRUNED
513,513,,2025-05-25 22:57:41.049278,2025-05-25 22:57:53.988571,0 days 00:00:12.939293,SGD,0.21353015226630634,,,,2.6667639140993423e-05,77.62650664888747,False,0,,,,0.4962354312464315,PRUNED
514,514,37.5,2025-05-25 22:57:54.026612,2025-05-25 22:58:07.377094,0 days 00:00:13.350482,AdamW,0.0418401627724546,,,0.0003320189742199825,,,,1,,,0.0006198509076568423,,PRUNED
515,515,41.666666666666664,2025-05-25 22:58:07.438696,2025-05-25 22:58:20.559049,0 days 00:00:13.120353,AdamW,0.01396053363524652,,,0.0005968086560426321,,,,1,,,0.0003167705604207057,,PRUNED
516,516,37.5,2025-05-25 22:58:20.621265,2025-05-25 22:58:33.709279,0 days 00:00:13.088014,AdamW,0.0716052488391553,,,0.00039995072476280163,,,,1,,,0.0012084360142197396,,PRUNED
517,517,41.666666666666664,2025-05-25 22:58:33.774115,2025-05-25 22:58:47.111905,0 days 00:00:13.337790,AdamW,0.14276247011546286,,,0.0005068990059016422,,,,2,,,0.0012704309248316235,,PRUNED
518,518,33.333333333333336,2025-05-25 22:58:47.174600,2025-05-25 22:59:00.350132,0 days 00:00:13.175532,AdamW,0.0723169576378298,,,0.04930812567247221,,,,0,,,0.004984671811278698,,PRUNED
519,519,50.0,2025-05-25 22:59:00.391674,2025-05-25 22:59:13.480416,0 days 00:00:13.088742,AdamW,0.045662155283515,,,0.00018036822522368216,,,,1,,,0.009674230220287443,,PRUNED
520,520,45.833333333333336,2025-05-25 22:59:13.542061,2025-05-25 22:59:26.901080,0 days 00:00:13.359019,AdamW,0.15955341897769115,,,0.00028901670840077035,,,,1,,,0.001403854054092105,,PRUNED
521,521,39.583333333333336,2025-05-25 22:59:26.963092,2025-05-25 22:59:40.197959,0 days 00:00:13.234867,Adam,0.26588310905903517,,0.00016558783542872837,,,,,1,,60.10590248267288,,,PRUNED
522,522,33.333333333333336,2025-05-25 22:59:40.261074,2025-05-25 22:59:53.486328,0 days 00:00:13.225254,AdamW,0.20803227051862955,,,0.002050487520039719,,,,1,,,0.009975260843114082,,PRUNED
523,523,39.583333333333336,2025-05-25 22:59:53.548994,2025-05-25 23:00:06.598768,0 days 00:00:13.049774,AdamW,0.16922429196539035,,,0.00043835093285852144,,,,2,,,0.001709008575137364,,PRUNED
524,524,37.5,2025-05-25 23:00:06.637008,2025-05-25 23:00:20.026702,0 days 00:00:13.389694,AdamW,0.14957814328530356,,,0.00034963014840718804,,,,1,,,0.001529502537189345,,PRUNED
525,525,33.333333333333336,2025-05-25 23:00:20.089123,2025-05-25 23:00:33.231768,0 days 00:00:13.142645,AdamW,0.23438970999822933,,,0.0002121632724613751,,,,1,,,0.0010541606435815344,,PRUNED
526,526,35.416666666666664,2025-05-25 23:00:33.293490,2025-05-25 23:00:46.578436,0 days 00:00:13.284946,AdamW,0.2563545952127435,,,0.00013656246681250988,,,,3,,,0.0006692224988012548,,PRUNED
527,527,33.333333333333336,2025-05-25 23:00:46.639876,2025-05-25 23:00:59.817890,0 days 00:00:13.178014,AdamW,0.04822154832867466,,,0.0002703884112769801,,,,0,,,0.000552012486889843,,PRUNED
528,528,31.25,2025-05-25 23:00:59.881055,2025-05-25 23:01:13.176041,0 days 00:00:13.294986,AdamW,0.1996475964570526,,,0.0006514669143103564,,,,2,,,0.0007415431692306027,,PRUNED
529,529,33.333333333333336,2025-05-25 23:01:13.238112,2025-05-25 23:01:26.588444,0 days 00:00:13.350332,AdamW,0.12593319329643582,,,0.0005214893611484218,,,,1,,,0.006903486391613578,,PRUNED
530,530,33.333333333333336,2025-05-25 23:01:26.649784,2025-05-25 23:01:39.156661,0 days 00:00:12.506877,Adadelta,0.07187146013868109,2.041634211368062,,,,,,1,85.22723204227243,,,,PRUNED
531,531,43.75,2025-05-25 23:01:39.216989,2025-05-25 23:01:52.265220,0 days 00:00:13.048231,AdamW,0.06120214531957213,,,0.00038567658952368144,,,,4,,,0.008612002258193651,,PRUNED
532,532,43.75,2025-05-25 23:01:52.325878,2025-05-25 23:02:04.568471,0 days 00:00:12.242593,AdamW,0.0537291582993642,,,0.0003246818010963426,,,,2,,,0.001308937785726227,,PRUNED
533,533,35.416666666666664,2025-05-25 23:02:04.631149,2025-05-25 23:02:17.796392,0 days 00:00:13.165243,Adam,0.026723311099614455,,1.656966262811317e-05,,,,,1,,0.34202787348147856,,,PRUNED
534,534,43.75,2025-05-25 23:02:17.859217,2025-05-25 23:02:31.008396,0 days 00:00:13.149179,AdamW,0.10287112189741127,,,0.0001772396124610571,,,,1,,,0.0011382032324809732,,PRUNED
535,535,37.5,2025-05-25 23:02:31.069949,2025-05-25 23:02:44.172352,0 days 00:00:13.102403,AdamW,0.3757542076477127,,,0.00045664926310821067,,,,1,,,0.0004810031880441098,,PRUNED
536,536,37.5,2025-05-25 23:02:44.235682,2025-05-25 23:02:57.607537,0 days 00:00:13.371855,AdamW,0.1628257447358331,,,0.0010167762316579893,,,,3,,,0.0010060535225370514,,PRUNED
537,537,35.416666666666664,2025-05-25 23:02:57.668257,2025-05-25 23:03:10.730290,0 days 00:00:13.062033,AdamW,0.22310365284275152,,,0.00023580139454718317,,,,2,,,0.004172120922521357,,PRUNED
538,538,,2025-05-25 23:03:10.793415,2025-05-25 23:03:23.730034,0 days 00:00:12.936619,SGD,0.3030394071760951,,,,1.4863204416977223e-05,91.72085687368838,False,0,,,,0.03509001141086652,PRUNED
539,539,33.333333333333336,2025-05-25 23:03:23.786383,2025-05-25 23:03:36.850475,0 days 00:00:13.064092,AdamW,0.2943610184130205,,,9.339593345842012e-05,,,,1,,,0.006071116927038509,,PRUNED
540,540,45.833333333333336,2025-05-25 23:03:36.912440,2025-05-25 23:03:50.389193,0 days 00:00:13.476753,AdamW,0.24394530932306807,,,0.00029333855865412413,,,,1,,,0.0006136714443188096,,PRUNED
541,541,35.416666666666664,2025-05-25 23:03:50.451701,2025-05-25 23:04:03.682722,0 days 00:00:13.231021,AdamW,0.18053436610652457,,,0.0003771467286345681,,,,1,,,0.0008939541623473014,,PRUNED
542,542,41.666666666666664,2025-05-25 23:04:03.753898,2025-05-25 23:04:17.074426,0 days 00:00:13.320528,AdamW,0.15223655170270797,,,0.00025173754537927785,,,,1,,,0.0007782222351902349,,PRUNED
543,543,35.416666666666664,2025-05-25 23:04:17.136698,2025-05-25 23:04:30.273311,0 days 00:00:13.136613,AdamW,0.27080545574604065,,,0.00059122508950668,,,,1,,,0.0011723383423931067,,PRUNED
544,544,50.0,2025-05-25 23:04:30.337369,2025-05-25 23:04:43.658840,0 days 00:00:13.321471,AdamW,0.13650372933074334,,,0.0004667556573207827,,,,1,,,0.0026522958453106134,,PRUNED
545,545,39.583333333333336,2025-05-25 23:04:43.721702,2025-05-25 23:04:57.115798,0 days 00:00:13.394096,AdamW,0.19015891287925088,,,0.00019981569040239617,,,,2,,,0.0013562592919037332,,PRUNED
546,546,33.333333333333336,2025-05-25 23:04:57.177565,2025-05-25 23:05:10.460459,0 days 00:00:13.282894,Adam,0.17214929485541663,,0.001210587734949134,,,,,1,,10.446789143652918,,,PRUNED
547,547,35.416666666666664,2025-05-25 23:05:10.523745,2025-05-25 23:05:23.828940,0 days 00:00:13.305195,AdamW,0.2529257075085533,,,0.0003343913437450828,,,,2,,,0.0009945223237690123,,PRUNED
548,548,37.5,2025-05-25 23:05:23.867794,2025-05-25 23:05:37.060242,0 days 00:00:13.192448,AdamW,0.2130592993247522,,,0.00015889193759954787,,,,5,,,0.0005172779482500025,,PRUNED
549,549,33.333333333333336,2025-05-25 23:05:37.119481,2025-05-25 23:05:50.280992,0 days 00:00:13.161511,AdamW,0.16158167944907545,,,0.00041631684461642017,,,,0,,,0.0004100390858534451,,PRUNED
550,550,31.25,2025-05-25 23:05:50.344903,2025-05-25 23:06:03.514473,0 days 00:00:13.169570,AdamW,0.07173610535519959,,,0.0002818180486063461,,,,1,,,0.0006752844568149984,,PRUNED
551,551,35.416666666666664,2025-05-25 23:06:03.576712,2025-05-25 23:06:16.815325,0 days 00:00:13.238613,AdamW,0.174959654512314,,,0.0007374291799417991,,,,3,,,0.0015077924372262446,,PRUNED
552,552,47.916666666666664,2025-05-25 23:06:16.896261,2025-05-25 23:06:30.123997,0 days 00:00:13.227736,AdamW,0.28088051402728087,,,0.00011676117513911315,,,,1,,,0.000251802954443511,,PRUNED
553,553,33.333333333333336,2025-05-25 23:06:30.186722,2025-05-25 23:06:41.725374,0 days 00:00:11.538652,AdamW,0.1462563840658244,,,0.0004996407863343237,,,,8,,,0.0010854322368667613,,PRUNED
554,554,45.833333333333336,2025-05-25 23:06:41.775973,2025-05-25 23:06:54.978166,0 days 00:00:13.202193,AdamW,0.20134577351363772,,,0.000370195828355573,,,,1,,,0.003304640101221376,,PRUNED
555,555,33.333333333333336,2025-05-25 23:06:55.039720,2025-05-25 23:07:05.206178,0 days 00:00:10.166458,Adadelta,0.2611496719657165,0.03275596514918205,,,,,,1,0.8864897960685431,,,,PRUNED
556,556,41.666666666666664,2025-05-25 23:07:05.266941,2025-05-25 23:07:18.285761,0 days 00:00:13.018820,AdamW,0.23412574366003094,,,0.00022535480193098568,,,,2,,,0.000843133773072921,,PRUNED
557,557,35.416666666666664,2025-05-25 23:07:18.347917,2025-05-25 23:07:31.424184,0 days 00:00:13.076267,AdamW,0.1887717432820031,,,0.0003162015471483543,,,,1,,,0.0005752000071093265,,PRUNED
558,558,37.5,2025-05-25 23:07:31.486363,2025-05-25 23:08:04.966365,0 days 00:00:33.480002,AdamW,0.15285565852029973,,,0.000559502089333818,,,,0,,,0.0009591666727011498,,PRUNED
559,559,37.5,2025-05-25 23:08:05.030459,2025-05-25 23:08:18.423322,0 days 00:00:13.392863,AdamW,0.11992485091998822,,,0.00041976160075096535,,,,1,,,0.0019246362332685837,,PRUNED
560,560,33.333333333333336,2025-05-25 23:08:18.486911,2025-05-25 23:08:31.699774,0 days 00:00:13.212863,Adam,0.16639544927977684,,0.047655714390963354,,,,,2,,0.6731421899696841,,,PRUNED
561,561,47.916666666666664,2025-05-25 23:08:31.762011,2025-05-25 23:08:44.836971,0 days 00:00:13.074960,AdamW,0.17889238294991094,,,0.00025977006508116435,,,,1,,,0.0007183153740397558,,PRUNED
562,562,43.75,2025-05-25 23:08:44.899923,2025-05-25 23:08:58.232702,0 days 00:00:13.332779,AdamW,0.22136996581289398,,,0.0001922252762021941,,,,1,,,0.0007863909352278129,,PRUNED
563,563,,2025-05-25 23:08:58.295585,2025-05-25 23:09:09.186372,0 days 00:00:10.890787,SGD,0.4851724737014891,,,,0.09990596985804434,48.227867831625964,True,3,,,,1.8806384003338532,PRUNED
564,564,33.333333333333336,2025-05-25 23:09:09.224370,2025-05-25 23:09:22.404457,0 days 00:00:13.180087,AdamW,0.14259160032565768,,,0.0003413661604130099,,,,1,,,0.0012586475751334176,,PRUNED
565,565,33.333333333333336,2025-05-25 23:09:22.471597,2025-05-25 23:09:35.817225,0 days 00:00:13.345628,AdamW,0.03517736233905944,,,0.00015322840767987244,,,,2,,,0.0016328484528039912,,PRUNED
566,566,47.916666666666664,2025-05-25 23:09:35.879796,2025-05-25 23:09:49.008225,0 days 00:00:13.128429,AdamW,0.2721726496659029,,,0.000669799344983935,,,,1,,,0.0009109916564892797,,PRUNED
567,567,50.0,2025-05-25 23:09:49.070511,2025-05-25 23:10:02.175117,0 days 00:00:13.104606,AdamW,0.245851283917284,,,0.0004837085583926536,,,,0,,,0.0010608935695406929,,PRUNED
568,568,33.333333333333336,2025-05-25 23:10:02.238035,2025-05-25 23:10:15.373431,0 days 00:00:13.135396,AdamW,0.20787798254441403,,,0.00029553857394897605,,,,1,,,0.008207714417057295,,PRUNED
569,569,43.75,2025-05-25 23:10:15.435670,2025-05-25 23:10:28.784791,0 days 00:00:13.349121,AdamW,0.15815294938130217,,,0.0003974808387071266,,,,1,,,0.0006314837776246359,,PRUNED
570,570,33.333333333333336,2025-05-25 23:10:28.851018,2025-05-25 23:10:42.032642,0 days 00:00:13.181624,AdamW,0.19558834252988339,,,0.0002121775575871547,,,,1,,,0.005306318348926514,,PRUNED
571,571,45.833333333333336,2025-05-25 23:10:42.096544,2025-05-25 23:10:55.198469,0 days 00:00:13.101925,AdamW,0.18435667754825735,,,0.00024487945259869586,,,,2,,,0.00045831766525034333,,PRUNED
572,572,43.75,2025-05-25 23:10:55.260643,2025-05-25 23:11:28.805489,0 days 00:00:33.544846,AdamW,0.3282481014776891,,,0.0005481355768400968,,,,1,,,0.0003872758151228698,,PRUNED
573,573,33.333333333333336,2025-05-25 23:11:28.870978,2025-05-25 23:11:42.608839,0 days 00:00:13.737861,Adam,0.08845764928272291,,0.09554992844656465,,,,,0,,27.399323665436413,,,PRUNED
574,574,35.416666666666664,2025-05-25 23:11:42.671806,2025-05-25 23:11:56.360597,0 days 00:00:13.688791,AdamW,0.45239668270234157,,,0.0001312622340937124,,,,1,,,0.0011954554985996804,,PRUNED
575,575,43.75,2025-05-25 23:11:56.430748,2025-05-25 23:12:09.545933,0 days 00:00:13.115185,AdamW,0.13406253137568427,,,0.0003408643270122039,,,,2,,,0.0013988870594547902,,PRUNED
576,576,33.333333333333336,2025-05-25 23:12:09.611663,2025-05-25 23:12:22.993268,0 days 00:00:13.381605,AdamW,0.16836764677687216,,,0.012556500314677576,,,,1,,,0.0008536570641669537,,PRUNED
577,577,33.333333333333336,2025-05-25 23:12:23.056410,2025-05-25 23:12:35.829473,0 days 00:00:12.773063,AdamW,0.26173804119730837,,,0.000848776884854671,,,,1,,,0.000993820169794953,,PRUNED
578,578,47.916666666666664,2025-05-25 23:12:35.877744,2025-05-25 23:13:06.782533,0 days 00:00:30.904789,AdamW,0.23119425821925596,,,0.00042959202767493755,,,,4,,,0.0007457067557335746,,COMPLETE
579,579,39.583333333333336,2025-05-25 23:13:06.836051,2025-05-25 23:13:20.097332,0 days 00:00:13.261281,AdamW,0.1546463577551268,,,0.0002858907990068447,,,,1,,,0.0011121186664319735,,PRUNED
580,580,37.5,2025-05-25 23:13:20.162258,2025-05-25 23:13:31.793178,0 days 00:00:11.630920,AdamW,0.2521172372021497,,,0.0001749270245464446,,,,7,,,0.004661122080410676,,PRUNED
581,581,43.75,2025-05-25 23:13:31.846364,2025-05-25 23:13:44.926868,0 days 00:00:13.080504,AdamW,0.17160910747162356,,,0.0003838851130694744,,,,1,,,0.0009202825148049338,,PRUNED
582,582,60.416666666666664,2025-05-25 23:13:44.989671,2025-05-25 23:14:18.492884,0 days 00:00:33.503213,AdamW,0.19652541710655677,,,0.0005001002444958056,,,,1,,,0.0006912291896498558,,COMPLETE
583,583,33.333333333333336,2025-05-25 23:14:18.548849,2025-05-25 23:14:31.995161,0 days 00:00:13.446312,AdamW,0.19539609303702266,,,0.0005797687111073706,,,,1,,,0.0006598250591446273,,PRUNED
584,584,47.916666666666664,2025-05-25 23:14:32.057364,2025-05-25 23:14:45.335202,0 days 00:00:13.277838,AdamW,0.2076048418405167,,,0.0004974019915784004,,,,2,,,0.0006816095581688094,,PRUNED
585,585,33.333333333333336,2025-05-25 23:14:45.398392,2025-05-25 23:14:58.599528,0 days 00:00:13.201136,AdamW,0.18741327869875712,,,0.00046717959631480187,,,,1,,,0.0005906731759150265,,PRUNED
586,586,37.5,2025-05-25 23:14:58.680495,2025-05-25 23:15:11.728046,0 days 00:00:13.047551,AdamW,0.19632691662656188,,,0.0006299858690255484,,,,2,,,0.0007665079372016458,,PRUNED
587,587,33.333333333333336,2025-05-25 23:15:12.009038,2025-05-25 23:15:25.139221,0 days 00:00:13.130183,AdamW,0.1832405591180021,,,0.00038002632572361485,,,,0,,,0.0005502364633573329,,PRUNED
588,588,41.666666666666664,2025-05-25 23:15:25.201791,2025-05-25 23:15:38.217650,0 days 00:00:13.015859,AdamW,0.20979670979990334,,,0.0003162334156512734,,,,3,,,0.00010616594290949508,,PRUNED
589,589,41.666666666666664,2025-05-25 23:15:38.280079,2025-05-25 23:15:51.537265,0 days 00:00:13.257186,AdamW,0.19975388970599037,,,0.0004528391546146781,,,,1,,,0.0007967312845261742,,PRUNED
590,590,33.333333333333336,2025-05-25 23:15:51.602529,2025-05-25 23:16:05.417122,0 days 00:00:13.814593,Adadelta,0.18295178783678498,0.024424526222839308,,,,,,1,38.60893552474061,,,,PRUNED
591,591,47.916666666666664,2025-05-25 23:16:05.484989,2025-05-25 23:16:18.591653,0 days 00:00:13.106664,AdamW,0.17174901827782726,,,0.00037371165434964255,,,,1,,,0.0007049946706049976,,PRUNED
592,592,50.0,2025-05-25 23:16:18.664608,2025-05-25 23:16:31.821499,0 days 00:00:13.156891,AdamW,0.21443025018159265,,,0.0005535048823023913,,,,1,,,0.0004898784423605173,,PRUNED
593,593,39.583333333333336,2025-05-25 23:16:31.883735,2025-05-25 23:16:45.089086,0 days 00:00:13.205351,AdamW,0.14585332482872135,,,0.00026584653793816166,,,,1,,,0.0006425456229540899,,PRUNED
594,594,35.416666666666664,2025-05-25 23:16:45.152654,2025-05-25 23:16:58.573959,0 days 00:00:13.421305,AdamW,0.19255691236913197,,,0.00042599226033596165,,,,2,,,0.0008200223480666999,,PRUNED
595,595,33.333333333333336,2025-05-25 23:16:58.639888,2025-05-25 23:17:11.739889,0 days 00:00:13.100001,AdamW,0.16258161377736355,,,0.0007086412174860571,,,,0,,,0.0013105313320579098,,PRUNED
596,596,54.166666666666664,2025-05-25 23:17:11.803859,2025-05-25 23:17:44.918543,0 days 00:00:33.114684,AdamW,0.3946038335578417,,,0.00032463718802861445,,,,3,,,0.006510991040551855,,COMPLETE
597,597,,2025-05-25 23:17:44.976087,2025-05-25 23:17:58.308441,0 days 00:00:13.332354,SGD,0.17621131560832792,,,,0.002782218026832444,12.437461183839176,False,1,,,,17.136160215651188,PRUNED
598,598,33.333333333333336,2025-05-25 23:17:58.368684,2025-05-25 23:18:11.409129,0 days 00:00:13.040445,AdamW,0.20356313556843558,,,0.00021423838723339648,,,,1,,,0.0008906731328144508,,PRUNED
599,599,62.5,2025-05-25 23:18:11.480231,2025-05-25 23:18:42.420547,0 days 00:00:30.940316,AdamW,0.12725685211638116,,,0.0005073033754747506,,,,1,,,0.0007229410637106812,,COMPLETE
600,600,29.166666666666668,2025-05-25 23:18:42.478334,2025-05-25 23:18:55.755932,0 days 00:00:13.277598,AdamW,0.12563668853479829,,,0.0005227920471234069,,,,2,,,0.000718234896779984,,PRUNED
601,601,33.333333333333336,2025-05-25 23:18:55.818130,2025-05-25 23:19:09.360382,0 days 00:00:13.542252,AdamW,0.12194060116968974,,,0.0008133958584600386,,,,1,,,0.000610345524222178,,PRUNED
602,602,33.333333333333336,2025-05-25 23:19:09.424161,2025-05-25 23:19:22.952656,0 days 00:00:13.528495,AdamW,0.1265883883750672,,,0.0006048445683833596,,,,1,,,0.0007214377763210972,,PRUNED
603,603,43.75,2025-05-25 23:19:23.015363,2025-05-25 23:19:35.953764,0 days 00:00:12.938401,AdamW,0.11755595564640799,,,0.0004746570311294345,,,,4,,,0.0007773977686650523,,PRUNED
604,604,35.416666666666664,2025-05-25 23:19:36.016222,2025-05-25 23:19:49.266008,0 days 00:00:13.249786,AdamW,0.10657005374640557,,,0.0006689322071678342,,,,1,,,0.0008468172217936727,,PRUNED
605,605,60.416666666666664,2025-05-25 23:19:49.337353,2025-05-25 23:20:23.212657,0 days 00:00:33.875304,AdamW,0.13377547052177707,,,0.000255592499003031,,,,1,,,0.0005366817281144079,,COMPLETE
606,606,35.416666666666664,2025-05-25 23:20:23.269339,2025-05-25 23:20:36.585941,0 days 00:00:13.316602,AdamW,0.13189559197185358,,,0.00018343672081316394,,,,2,,,0.0005358032245567582,,PRUNED
607,607,43.75,2025-05-25 23:20:36.650772,2025-05-25 23:20:49.843662,0 days 00:00:13.192890,AdamW,0.14094291314304963,,,0.00024078880769410862,,,,0,,,0.0005943835065374762,,PRUNED
608,608,33.333333333333336,2025-05-25 23:20:49.907802,2025-05-25 23:21:03.269346,0 days 00:00:13.361544,AdamW,0.13361719463425964,,,0.00016763810127342883,,,,1,,,0.0004432015343910445,,PRUNED
609,609,39.583333333333336,2025-05-25 23:21:03.332565,2025-05-25 23:21:16.533129,0 days 00:00:13.200564,AdamW,0.0979145725286239,,,0.0002179506265015036,,,,1,,,0.0006278402977426442,,PRUNED
610,610,41.666666666666664,2025-05-25 23:21:16.597204,2025-05-25 23:21:29.931975,0 days 00:00:13.334771,AdamW,0.11120277619734417,,,0.00013005637745222104,,,,1,,,0.0005446522313629203,,PRUNED
611,611,37.5,2025-05-25 23:21:29.994913,2025-05-25 23:21:43.095707,0 days 00:00:13.100794,AdamW,0.13778947984495848,,,0.00027703614032318345,,,,2,,,0.00047859100967412137,,PRUNED
612,612,43.75,2025-05-25 23:21:43.160776,2025-05-25 23:21:56.522980,0 days 00:00:13.362204,AdamW,0.1240326013962787,,,0.00010577659660002864,,,,1,,,0.0005166942012318991,,PRUNED
613,613,37.5,2025-05-25 23:21:56.586015,2025-05-25 23:22:09.744733,0 days 00:00:13.158718,AdamW,0.14841380549135,,,0.00026231728554605623,,,,1,,,0.0006693500061558089,,PRUNED
614,614,43.75,2025-05-25 23:22:09.807530,2025-05-25 23:22:23.123412,0 days 00:00:13.315882,AdamW,0.134533322417927,,,0.0003421512294513008,,,,2,,,0.0005831736963970372,,PRUNED
615,615,41.666666666666664,2025-05-25 23:22:23.186421,2025-05-25 23:22:36.635764,0 days 00:00:13.449343,AdamW,0.05315118990543557,,,0.00021596499900784102,,,,1,,,0.0004118283611081821,,PRUNED
616,616,37.5,2025-05-25 23:22:36.698826,2025-05-25 23:22:49.951684,0 days 00:00:13.252858,AdamW,0.14250379943942593,,,0.0001548288639649709,,,,1,,,0.0005002808849769178,,PRUNED
617,617,33.333333333333336,2025-05-25 23:22:50.016759,2025-05-25 23:23:03.240701,0 days 00:00:13.223942,Adadelta,0.11729113412779177,7.913954522181184,,,,,,0,0.017303699892501922,,,,PRUNED
618,618,47.916666666666664,2025-05-25 23:23:03.301943,2025-05-25 23:23:16.392830,0 days 00:00:13.090887,AdamW,0.14910695271806582,,,0.0003092901034142062,,,,1,,,0.00072384315790505,,PRUNED
619,619,33.333333333333336,2025-05-25 23:23:16.456111,2025-05-25 23:23:29.847556,0 days 00:00:13.391445,AdamW,0.06487153556891337,,,0.0004225748094921828,,,,2,,,0.002428161590794932,,PRUNED
620,620,35.416666666666664,2025-05-25 23:23:29.912217,2025-05-25 23:23:43.288644,0 days 00:00:13.376427,AdamW,0.132928016135646,,,0.00019012078736172815,,,,1,,,0.0006379147585111283,,PRUNED
621,621,,2025-05-25 23:23:43.351351,2025-05-25 23:23:55.391551,0 days 00:00:12.040200,SGD,0.1576580666869931,,,,1.0571241857312785e-05,76.41617605425436,False,6,,,,4.856117489323494,PRUNED
622,622,41.666666666666664,2025-05-25 23:23:55.448077,2025-05-25 23:24:07.886479,0 days 00:00:12.438402,AdamW,0.14146605481161412,,,0.00026366964743038286,,,,1,,,0.0005618407129754765,,PRUNED
623,623,33.333333333333336,2025-05-25 23:24:07.950708,2025-05-25 23:24:21.345595,0 days 00:00:13.394887,AdamW,0.14945219397488094,,,0.0005679353549171371,,,,1,,,0.0015110508114939108,,PRUNED
624,624,37.5,2025-05-25 23:24:21.409154,2025-05-25 23:24:34.306802,0 days 00:00:12.897648,AdamW,0.11017984505138784,,,0.00034412315988026175,,,,1,,,0.0012090855802866978,,PRUNED
625,625,39.583333333333336,2025-05-25 23:24:34.371287,2025-05-25 23:24:47.545405,0 days 00:00:13.174118,AdamW,0.12946641320252217,,,0.00047782909253476553,,,,3,,,0.0006695067653810907,,PRUNED
626,626,47.916666666666664,2025-05-25 23:24:47.607964,2025-05-25 23:25:01.207803,0 days 00:00:13.599839,AdamW,0.08072405850374796,,,0.00024369507390356238,,,,2,,,0.0017549590891102135,,PRUNED
627,627,41.666666666666664,2025-05-25 23:25:01.271004,2025-05-25 23:25:14.470365,0 days 00:00:13.199361,AdamW,0.1574955322526332,,,0.00039653953574325977,,,,0,,,0.0013900681003665765,,PRUNED
628,628,33.333333333333336,2025-05-25 23:25:14.533038,2025-05-25 23:25:27.954353,0 days 00:00:13.421315,AdamW,0.21789843020409294,,,0.00029989925633483667,,,,1,,,0.0007456455276949774,,PRUNED
629,629,25.0,2025-05-25 23:25:28.017135,2025-05-25 23:25:41.164404,0 days 00:00:13.147269,AdamW,0.3676376453844017,,,0.0006848472272405202,,,,1,,,0.0010584627293294777,,PRUNED
630,630,41.666666666666664,2025-05-25 23:25:41.229282,2025-05-25 23:25:54.623609,0 days 00:00:13.394327,AdamW,0.012308391757703263,,,0.00019220344350444937,,,,2,,,0.000808770317424986,,PRUNED
631,631,35.416666666666664,2025-05-25 23:25:54.685874,2025-05-25 23:26:07.748316,0 days 00:00:13.062442,AdamW,0.2024006637966376,,,0.0005055701785164272,,,,1,,,0.0004756202780871875,,PRUNED
632,632,45.833333333333336,2025-05-25 23:26:07.812867,2025-05-25 23:26:41.572433,0 days 00:00:33.759566,AdamW,0.18949705595102467,,,0.00035528615789713115,,,,1,,,0.0006094132829548819,,COMPLETE
633,633,39.583333333333336,2025-05-25 23:26:41.629510,2025-05-25 23:26:55.215053,0 days 00:00:13.585543,AdamW,0.4293130332023062,,,0.00014609736759539727,,,,1,,,0.0021358222843897113,,PRUNED
634,634,33.333333333333336,2025-05-25 23:26:55.278325,2025-05-25 23:27:08.563552,0 days 00:00:13.285227,AdamW,0.1393752931749573,,,0.0012452971047007188,,,,2,,,0.001278951990951747,,PRUNED
635,635,39.583333333333336,2025-05-25 23:27:08.627648,2025-05-25 23:27:21.798717,0 days 00:00:13.171069,AdamW,0.16163581104888763,,,0.0003091300165755178,,,,1,,,0.00034183242271338234,,PRUNED
636,636,43.75,2025-05-25 23:27:21.861973,2025-05-25 23:27:34.847264,0 days 00:00:12.985291,AdamW,0.1482178070977903,,,0.00024320498136015938,,,,3,,,0.0005510713067691851,,PRUNED
637,637,33.333333333333336,2025-05-25 23:27:34.910675,2025-05-25 23:27:48.355207,0 days 00:00:13.444532,Adadelta,0.2941409290276146,3.1727166785420486,,,,,,1,8.432036394778194,,,,PRUNED
638,638,50.0,2025-05-25 23:27:48.416324,2025-05-25 23:28:01.732538,0 days 00:00:13.316214,AdamW,0.15602310772997374,,,0.0004178077591384611,,,,0,,,0.0009634713409198822,,PRUNED
639,639,33.333333333333336,2025-05-25 23:28:01.796340,2025-05-25 23:28:14.923350,0 days 00:00:13.127010,AdamW,0.1673899693204562,,,0.0009479964118105424,,,,1,,,0.0006979114040138691,,PRUNED
640,640,45.833333333333336,2025-05-25 23:28:14.989274,2025-05-25 23:28:28.353782,0 days 00:00:13.364508,AdamW,0.3156507000416529,,,0.0005253127116877977,,,,2,,,0.00044058408627504234,,PRUNED
641,641,45.833333333333336,2025-05-25 23:28:28.417036,2025-05-25 23:28:41.523184,0 days 00:00:13.106148,AdamW,0.17953228689155393,,,0.0002226010497972624,,,,1,,,0.0008646530891059243,,PRUNED
642,642,41.666666666666664,2025-05-25 23:28:41.586858,2025-05-25 23:28:55.164148,0 days 00:00:13.577290,AdamW,0.12110548921421238,,,0.0002843891275953443,,,,1,,,0.0011454738497734178,,PRUNED
643,643,45.833333333333336,2025-05-25 23:28:55.228248,2025-05-25 23:29:08.001343,0 days 00:00:12.773095,AdamW,0.1942627418896295,,,0.00036610225875507795,,,,5,,,0.003082254473791748,,PRUNED
644,644,43.75,2025-05-25 23:29:08.067203,2025-05-25 23:29:21.493586,0 days 00:00:13.426383,AdamW,0.09146930453932683,,,0.0006139039042238652,,,,0,,,0.0007706210053843348,,PRUNED
645,645,,2025-05-25 23:29:21.558229,2025-05-25 23:29:32.475280,0 days 00:00:10.917051,SGD,0.21111403608670007,,,,0.04044090069431958,67.46112674518872,True,1,,,,0.21157897520690921,PRUNED
646,646,33.333333333333336,2025-05-25 23:29:32.513425,2025-05-25 23:29:44.731047,0 days 00:00:12.217622,AdamW,0.12995662752042753,,,0.0004449642880252553,,,,1,,,0.0036228883973540684,,PRUNED
647,647,45.833333333333336,2025-05-25 23:29:44.793785,2025-05-25 23:29:58.127155,0 days 00:00:13.333370,AdamW,0.14339686523585607,,,0.0001260372273767886,,,,3,,,0.0005212803027493121,,PRUNED
648,648,33.333333333333336,2025-05-25 23:29:58.190242,2025-05-25 23:30:11.025779,0 days 00:00:12.835537,AdamW,0.2026429812443748,,,0.00019031794483394645,,,,2,,,0.0010321554425694024,,PRUNED
649,649,37.5,2025-05-25 23:30:11.089277,2025-05-25 23:30:24.227730,0 days 00:00:13.138453,AdamW,0.06778256680400199,,,0.0003162852607473858,,,,1,,,0.0016126713542384805,,PRUNED
650,650,39.583333333333336,2025-05-25 23:30:24.291678,2025-05-25 23:30:37.371289,0 days 00:00:13.079611,AdamW,0.18592039798589452,,,0.0007623202500260051,,,,1,,,0.0006794468490150013,,PRUNED
651,651,47.916666666666664,2025-05-25 23:30:37.434662,2025-05-25 23:30:50.657607,0 days 00:00:13.222945,AdamW,0.33887400595552464,,,0.00015969991075929748,,,,4,,,0.0009257102645555831,,PRUNED
652,652,41.666666666666664,2025-05-25 23:30:50.720438,2025-05-25 23:31:03.865539,0 days 00:00:13.145101,AdamW,0.16741878692395917,,,8.796915253314044e-05,,,,1,,,0.0014664688070950475,,PRUNED
653,653,33.333333333333336,2025-05-25 23:31:03.928527,2025-05-25 23:31:16.994266,0 days 00:00:13.065739,AdamW,0.10474568714036668,,,0.00041829755286649817,,,,1,,,0.0006086927557511868,,PRUNED
654,654,33.333333333333336,2025-05-25 23:31:17.060388,2025-05-25 23:31:30.561001,0 days 00:00:13.500613,AdamW,0.2836014700016785,,,0.0002472134093309618,,,,2,,,0.001251459825486282,,PRUNED
655,655,35.416666666666664,2025-05-25 23:31:30.625575,2025-05-25 23:31:43.733283,0 days 00:00:13.107708,AdamW,0.1407210878043646,,,0.0004972734385118844,,,,0,,,0.001120234567709633,,PRUNED
656,656,39.583333333333336,2025-05-25 23:31:43.797841,2025-05-25 23:31:55.474985,0 days 00:00:11.677144,AdamW,0.15322297569131882,,,0.00035364498348009263,,,,9,,,0.0008242898219893943,,PRUNED
657,657,33.333333333333336,2025-05-25 23:31:55.526930,2025-05-25 23:32:08.617113,0 days 00:00:13.090183,AdamW,0.16466750622105503,,,0.0029808697979997784,,,,1,,,0.0007451151185065774,,PRUNED
658,658,35.416666666666664,2025-05-25 23:32:08.691072,2025-05-25 23:32:22.061225,0 days 00:00:13.370153,AdamW,0.49970245614966075,,,0.0006007492542382832,,,,1,,,0.0003875587858298005,,PRUNED
659,659,33.333333333333336,2025-05-25 23:32:22.124756,2025-05-25 23:32:33.753705,0 days 00:00:11.628949,AdamW,0.2201678702092525,,,0.0002776367126124486,,,,8,,,0.000998886463162153,,PRUNED
660,660,33.333333333333336,2025-05-25 23:32:33.805958,2025-05-25 23:32:47.039249,0 days 00:00:13.233291,AdamW,0.17547518765854656,,,0.0002116559752062779,,,,1,,,0.0013948638061097227,,PRUNED
661,661,33.333333333333336,2025-05-25 23:32:47.102759,2025-05-25 23:33:00.398718,0 days 00:00:13.295959,Adadelta,0.18771367232745137,1.2209528965799474,,,,,,1,27.759852829023284,,,,PRUNED
662,662,39.583333333333336,2025-05-25 23:33:00.460774,2025-05-25 23:33:13.806319,0 days 00:00:13.345545,AdamW,0.1994276490638242,,,0.0004241974873186483,,,,2,,,0.000504504809239849,,PRUNED
663,663,45.833333333333336,2025-05-25 23:33:13.874934,2025-05-25 23:33:47.891111,0 days 00:00:34.016177,AdamW,0.12314172025352049,,,0.000322932026734015,,,,1,,,0.000878254782242638,,COMPLETE
664,664,47.916666666666664,2025-05-25 23:33:47.950274,2025-05-25 23:34:01.535520,0 days 00:00:13.585246,AdamW,0.4621556976505333,,,0.0005098042675606541,,,,0,,,0.0006645209814148069,,PRUNED
665,665,39.583333333333336,2025-05-25 23:34:01.598326,2025-05-25 23:34:15.031597,0 days 00:00:13.433271,AdamW,0.14989514588869005,,,0.0003835129670409925,,,,2,,,0.00915589292787345,,PRUNED
666,666,37.5,2025-05-25 23:34:15.104165,2025-05-25 23:34:28.333998,0 days 00:00:13.229833,AdamW,0.05347482187125062,,,0.0001064579297798763,,,,2,,,0.0011700143028268353,,PRUNED
667,667,,2025-05-25 23:34:28.397381,2025-05-25 23:34:39.916475,0 days 00:00:11.519094,SGD,0.1349257889264382,,,,0.0001637972462665289,33.52516233956777,True,1,,,,39.885221804604626,PRUNED
668,668,45.833333333333336,2025-05-25 23:34:39.968087,2025-05-25 23:34:53.138284,0 days 00:00:13.170197,AdamW,0.18005740710076595,,,0.00016513099001841963,,,,1,,,0.0005926491859916764,,PRUNED
669,669,37.5,2025-05-25 23:34:53.202054,2025-05-25 23:35:06.523743,0 days 00:00:13.321689,AdamW,0.1149660286339696,,,0.00029478698129159096,,,,1,,,0.0007811944222495086,,PRUNED
670,670,33.333333333333336,2025-05-25 23:35:06.593960,2025-05-25 23:35:19.324640,0 days 00:00:12.730680,AdamW,0.07654220663933758,,,0.00024000968268582488,,,,1,,,0.0009540800578691327,,PRUNED
671,671,33.333333333333336,2025-05-25 23:35:19.390119,2025-05-25 23:35:32.514979,0 days 00:00:13.124860,AdamW,0.3545182743997399,,,0.00152981946070613,,,,1,,,0.0013054398469261918,,PRUNED
672,672,33.333333333333336,2025-05-25 23:35:32.577895,2025-05-25 23:35:45.523016,0 days 00:00:12.945121,AdamW,0.2767509521820011,,,0.00036856915126690776,,,,1,,,0.0004538434063253198,,PRUNED
673,673,39.583333333333336,2025-05-25 23:35:45.587177,2025-05-25 23:35:58.716631,0 days 00:00:13.129454,AdamW,0.1599951820722414,,,0.0005829905768117811,,,,3,,,0.007669427967862565,,PRUNED
674,674,33.333333333333336,2025-05-25 23:35:58.779332,2025-05-25 23:36:11.871664,0 days 00:00:13.092332,AdamW,0.20424075857583854,,,0.028599871165548522,,,,2,,,0.0006909443240743126,,PRUNED
675,675,47.916666666666664,2025-05-25 23:36:11.934929,2025-05-25 23:36:25.130029,0 days 00:00:13.195100,AdamW,0.1753438163312182,,,0.0004692532498538875,,,,1,,,0.0005466164250590149,,PRUNED
676,676,31.25,2025-05-25 23:36:25.194267,2025-05-25 23:36:38.525061,0 days 00:00:13.330794,AdamW,0.21361728112491465,,,0.00019554078254252342,,,,1,,,0.00016370330819433034,,PRUNED
677,677,33.333333333333336,2025-05-25 23:36:38.593210,2025-05-25 23:36:51.721513,0 days 00:00:13.128303,AdamW,0.19249069639426727,,,0.0007120449118541385,,,,1,,,0.0008707493742534974,,PRUNED
678,678,41.666666666666664,2025-05-25 23:36:51.785329,2025-05-25 23:37:04.878934,0 days 00:00:13.093605,AdamW,0.15342102116538453,,,0.0001387356750802859,,,,0,,,0.0010602878085238586,,PRUNED
679,679,29.166666666666668,2025-05-25 23:37:04.942214,2025-05-25 23:37:18.100229,0 days 00:00:13.158015,AdamW,0.035448030893912186,,,7.002554038148493e-05,,,,1,,,0.0007858712104886578,,PRUNED
680,680,37.5,2025-05-25 23:37:18.164676,2025-05-25 23:37:31.608652,0 days 00:00:13.443976,AdamW,0.13120987257595704,,,0.0002664176970866744,,,,2,,,0.0011408748525837341,,PRUNED
681,681,35.416666666666664,2025-05-25 23:37:31.672963,2025-05-25 23:37:44.722760,0 days 00:00:13.049797,AdamW,0.1654167473563865,,,0.0003198627323199544,,,,1,,,0.0006147148935659333,,PRUNED
682,682,18.75,2025-05-25 23:37:44.787536,2025-05-25 23:37:57.907322,0 days 00:00:13.119786,AdamW,0.14686979656915508,,,0.0004001231491430691,,,,1,,,0.0009563991036810244,,PRUNED
683,683,47.916666666666664,2025-05-25 23:37:57.971244,2025-05-25 23:38:11.316518,0 days 00:00:13.345274,AdamW,0.18615846758275295,,,0.0002193357179095007,,,,1,,,0.00042053360468607173,,PRUNED
684,684,39.583333333333336,2025-05-25 23:38:11.380571,2025-05-25 23:38:25.131329,0 days 00:00:13.750758,Adadelta,0.171911908442276,0.13328182439092187,,,,,,2,0.07323180587736701,,,,PRUNED
685,685,35.416666666666664,2025-05-25 23:38:25.192192,2025-05-25 23:38:38.571101,0 days 00:00:13.378909,AdamW,0.19463099799638095,,,0.0008861898544456152,,,,0,,,0.00992343590375367,,PRUNED
686,686,47.916666666666664,2025-05-25 23:38:38.641745,2025-05-25 23:38:51.626465,0 days 00:00:12.984720,AdamW,0.22684715559744695,,,0.0004719183224166255,,,,4,,,0.0007237692601622801,,PRUNED
687,687,33.333333333333336,2025-05-25 23:38:51.688239,2025-05-25 23:39:05.075479,0 days 00:00:13.387240,AdamW,0.13967508857636826,,,0.0005626974550025982,,,,1,,,0.0015463484357456738,,PRUNED
688,688,33.333333333333336,2025-05-25 23:39:05.140038,2025-05-25 23:39:18.258415,0 days 00:00:13.118377,AdamW,0.20476886759962165,,,0.0002818481189566057,,,,3,,,0.001248314848179439,,PRUNED
689,689,33.333333333333336,2025-05-25 23:39:18.321179,2025-05-25 23:39:31.590669,0 days 00:00:13.269490,AdamW,0.15564707675040296,,,0.0003634337901301262,,,,1,,,0.0008515722940697033,,PRUNED
690,690,41.666666666666664,2025-05-25 23:39:31.654419,2025-05-25 23:39:44.965491,0 days 00:00:13.311072,AdamW,0.10012774800477783,,,0.00018219555055876428,,,,2,,,0.0010367065679215103,,PRUNED
691,691,,2025-05-25 23:39:45.029616,2025-05-25 23:39:56.584672,0 days 00:00:11.555056,SGD,0.2913883162382549,,,,0.007212960573752808,44.02042267266414,False,1,,,,0.010599197373880317,PRUNED
692,692,39.583333333333336,2025-05-25 23:39:56.624022,2025-05-25 23:40:09.716786,0 days 00:00:13.092764,AdamW,0.1810158187618727,,,0.00023547912183987939,,,,1,,,0.0004931830441039277,,PRUNED
693,693,35.416666666666664,2025-05-25 23:40:09.780390,2025-05-25 23:40:23.008513,0 days 00:00:13.228123,AdamW,0.2176916037200822,,,0.0004161626815606657,,,,0,,,0.0013776607520190453,,PRUNED
694,694,47.916666666666664,2025-05-25 23:40:23.072465,2025-05-25 23:40:36.389515,0 days 00:00:13.317050,AdamW,0.16268915042989804,,,0.00031257767483994583,,,,2,,,0.0005675580592480895,,PRUNED
695,695,50.0,2025-05-25 23:40:36.456201,2025-05-25 23:40:49.492903,0 days 00:00:13.036702,AdamW,0.12870102926642607,,,0.000675005360192831,,,,1,,,0.0006523331461665502,,PRUNED
696,696,54.166666666666664,2025-05-25 23:40:49.556545,2025-05-25 23:41:22.182572,0 days 00:00:32.626027,AdamW,0.2735406183037746,,,0.0004988692220758901,,,,3,,,0.000736474942526885,,COMPLETE
697,697,37.5,2025-05-25 23:41:22.236319,2025-05-25 23:41:34.889091,0 days 00:00:12.652772,AdamW,0.1950580260035269,,,0.0001661846178386292,,,,1,,,0.0008213029557166339,,PRUNED
698,698,37.5,2025-05-25 23:41:34.952771,2025-05-25 23:41:48.169335,0 days 00:00:13.216564,AdamW,0.14558045372245432,,,0.0003518907676358837,,,,1,,,0.000918972679800546,,PRUNED
699,699,43.75,2025-05-25 23:41:48.232989,2025-05-25 23:42:21.862668,0 days 00:00:33.629679,AdamW,0.11585618253746235,,,0.00027757623630517457,,,,1,,,0.0018310375607109553,,COMPLETE
700,700,33.333333333333336,2025-05-25 23:42:21.920480,2025-05-25 23:42:35.590964,0 days 00:00:13.670484,AdamW,0.16098483165717828,,,0.0004424796559515989,,,,1,,,0.001101925397067387,,PRUNED
701,701,31.25,2025-05-25 23:42:35.655398,2025-05-25 23:42:48.992225,0 days 00:00:13.336827,AdamW,0.4081070442869165,,,0.00012860486017603299,,,,2,,,0.0012141877165682533,,PRUNED
702,702,41.666666666666664,2025-05-25 23:42:49.060490,2025-05-25 23:43:02.191318,0 days 00:00:13.130828,AdamW,0.47570752000847916,,,0.00021838852921939782,,,,1,,,0.0006479360816159058,,PRUNED
703,703,35.416666666666664,2025-05-25 23:43:02.255574,2025-05-25 23:43:15.328742,0 days 00:00:13.073168,AdamW,0.17247091359461889,,,0.0005812227194023125,,,,1,,,0.0005219602798130304,,PRUNED
704,704,50.0,2025-05-25 23:43:15.393232,2025-05-25 23:43:28.398011,0 days 00:00:13.004779,AdamW,0.18421340331909997,,,0.00034286007687699143,,,,5,,,0.008968132263811603,,PRUNED
705,705,41.666666666666664,2025-05-25 23:43:28.459424,2025-05-25 23:43:41.591825,0 days 00:00:13.132401,AdamW,0.20470690921089257,,,0.0002652413525053376,,,,2,,,0.00046436896816167707,,PRUNED
706,706,39.583333333333336,2025-05-25 23:43:41.661392,2025-05-25 23:43:54.809190,0 days 00:00:13.147798,AdamW,0.14050818963535214,,,0.0004133264039700913,,,,0,,,0.0014006619374518764,,PRUNED
707,707,33.333333333333336,2025-05-25 23:43:54.874851,2025-05-25 23:44:08.257175,0 days 00:00:13.382324,Adadelta,0.15384472029539173,10.623983798990137,,,,,,1,0.022402401146654292,,,,PRUNED
708,708,39.583333333333336,2025-05-25 23:44:08.320125,2025-05-25 23:44:21.469790,0 days 00:00:13.149665,AdamW,0.26737038365588894,,,0.00047423342117971574,,,,1,,,0.0009984410061216827,,PRUNED
709,709,50.0,2025-05-25 23:44:21.534313,2025-05-25 23:44:34.711981,0 days 00:00:13.177668,AdamW,0.2250248577970483,,,0.0002011159609837262,,,,1,,,0.0016449297453814803,,PRUNED
710,710,37.5,2025-05-25 23:44:34.776564,2025-05-25 23:44:47.918377,0 days 00:00:13.141813,AdamW,0.08695496768553612,,,0.000322913953716377,,,,2,,,0.0007891899855426137,,PRUNED
711,711,43.75,2025-05-25 23:44:47.986109,2025-05-25 23:45:01.625845,0 days 00:00:13.639736,AdamW,0.06546091419330904,,,0.0002453279632118128,,,,1,,,0.000896207173050231,,PRUNED
712,712,52.083333333333336,2025-05-25 23:45:01.699886,2025-05-25 23:45:35.584130,0 days 00:00:33.884244,AdamW,0.1688780891592306,,,0.0005381401946509649,,,,0,,,0.0007194068171527823,,COMPLETE
713,713,37.5,2025-05-25 23:45:35.645072,2025-05-25 23:45:48.896653,0 days 00:00:13.251581,AdamW,0.212112176336427,,,0.00015805439518858056,,,,1,,,0.0005789181366000944,,PRUNED
714,714,33.333333333333336,2025-05-25 23:45:48.960567,2025-05-25 23:46:01.208586,0 days 00:00:12.248019,AdamW,0.19086609964538412,,,0.0007760610202066545,,,,6,,,0.004059315767993422,,PRUNED
715,715,,2025-05-25 23:46:01.266799,2025-05-25 23:46:12.202789,0 days 00:00:10.935990,SGD,0.3101153517296296,,,,0.02295626264260214,16.033911776043908,True,1,,,,88.96623737875666,PRUNED
716,716,43.75,2025-05-25 23:46:12.242481,2025-05-25 23:46:25.332582,0 days 00:00:13.090101,AdamW,0.12643158295173143,,,0.0003742059477496313,,,,1,,,0.0010783965250095457,,PRUNED
717,717,33.333333333333336,2025-05-25 23:46:25.388369,2025-05-25 23:46:37.855369,0 days 00:00:12.467000,AdamW,0.1744819065945287,,,0.0006455130462623414,,,,2,,,0.0071345754617589035,,PRUNED
718,718,39.583333333333336,2025-05-25 23:46:37.919837,2025-05-25 23:46:51.255160,0 days 00:00:13.335323,AdamW,0.3862136843136805,,,0.000299029731665921,,,,1,,,0.001214504650724787,,PRUNED
719,719,35.416666666666664,2025-05-25 23:46:51.320728,2025-05-25 23:47:04.111928,0 days 00:00:12.791200,AdamW,0.14791959407360092,,,0.00010832745658562194,,,,1,,,0.0009618731301873579,,PRUNED
720,720,37.5,2025-05-25 23:47:04.176366,2025-05-25 23:47:17.159160,0 days 00:00:12.982794,AdamW,0.18094076516720609,,,0.00040903957241383474,,,,3,,,0.0008428745913682692,,PRUNED
721,721,43.75,2025-05-25 23:47:17.222533,2025-05-25 23:47:30.413274,0 days 00:00:13.190741,AdamW,0.158889911924119,,,0.00023418768782611227,,,,1,,,0.0006828614292194875,,PRUNED
722,722,37.5,2025-05-25 23:47:30.477475,2025-05-25 23:47:43.763140,0 days 00:00:13.285665,AdamW,0.13684048134252733,,,0.0005156336058239361,,,,4,,,0.0014928840608819374,,PRUNED
723,723,50.0,2025-05-25 23:47:43.825886,2025-05-25 23:47:57.180660,0 days 00:00:13.354774,AdamW,0.28250538410017817,,,0.0003295107073249523,,,,1,,,0.000612462033097524,,PRUNED
724,724,31.25,2025-05-25 23:47:57.244276,2025-05-25 23:48:10.360387,0 days 00:00:13.116111,AdamW,0.23511961542420912,,,0.0001953755556171367,,,,0,,,0.0004229571238292432,,PRUNED
725,725,41.666666666666664,2025-05-25 23:48:10.426370,2025-05-25 23:48:23.541931,0 days 00:00:13.115561,AdamW,0.198840002031193,,,0.0004486899387751879,,,,2,,,0.0013058268053307016,,PRUNED
726,726,33.333333333333336,2025-05-25 23:48:23.606041,2025-05-25 23:48:36.904046,0 days 00:00:13.298005,AdamW,0.16576847117962382,,,0.00029397330038109456,,,,1,,,0.008239511243548806,,PRUNED
727,727,45.833333333333336,2025-05-25 23:48:36.968269,2025-05-25 23:48:50.177105,0 days 00:00:13.208836,AdamW,0.05650213296447987,,,0.0001366651755225716,,,,2,,,0.00037749304508692265,,PRUNED
728,728,33.333333333333336,2025-05-25 23:48:50.241314,2025-05-25 23:49:03.496389,0 days 00:00:13.255075,AdamW,0.21140776138339978,,,0.00037344368154982867,,,,1,,,0.000756308582764618,,PRUNED
729,729,35.416666666666664,2025-05-25 23:49:03.569576,2025-05-25 23:49:16.872649,0 days 00:00:13.303073,AdamW,0.18973047613925018,,,0.0011083163113838068,,,,1,,,0.0011210178395961014,,PRUNED
730,730,33.333333333333336,2025-05-25 23:49:16.937633,2025-05-25 23:49:30.108036,0 days 00:00:13.170403,Adadelta,0.15395819794281104,34.62954718258283,,,,,,2,0.4724686050705553,,,,PRUNED
731,731,37.5,2025-05-25 23:49:30.169892,2025-05-25 23:49:43.327629,0 days 00:00:13.157737,AdamW,0.26271051577821275,,,0.00025732036423500344,,,,1,,,0.0005299517098633203,,PRUNED
732,732,50.0,2025-05-25 23:49:43.393020,2025-05-25 23:49:56.671641,0 days 00:00:13.278621,AdamW,0.1360548968236165,,,0.0005936489224729701,,,,1,,,0.0009097809644798033,,PRUNED
733,733,33.333333333333336,2025-05-25 23:49:56.735728,2025-05-25 23:50:10.135426,0 days 00:00:13.399698,AdamW,0.0779563529111072,,,0.00045098447860263087,,,,1,,,0.0008201273217024372,,PRUNED
734,734,41.666666666666664,2025-05-25 23:50:10.202933,2025-05-25 23:50:23.389761,0 days 00:00:13.186828,AdamW,0.17920271934947915,,,0.00017398225447009207,,,,0,,,0.0004743325481972155,,PRUNED
735,735,39.583333333333336,2025-05-25 23:50:23.454786,2025-05-25 23:50:36.561336,0 days 00:00:13.106550,AdamW,0.44122483388913236,,,0.0003484922159478013,,,,1,,,0.002295228580558605,,PRUNED
736,736,33.333333333333336,2025-05-25 23:50:36.625176,2025-05-25 23:50:50.025570,0 days 00:00:13.400394,AdamW,0.12504299594395168,,,0.009985236116545086,,,,1,,,0.000692192791671296,,PRUNED
737,737,,2025-05-25 23:50:50.090855,2025-05-25 23:51:03.077947,0 days 00:00:12.987092,SGD,0.10957083481952806,,,,0.0003945089570306056,8.088265398596747,False,2,,,,0.39150801085325876,PRUNED
738,738,33.333333333333336,2025-05-25 23:51:03.138124,2025-05-25 23:51:16.366352,0 days 00:00:13.228228,AdamW,0.19727354671800415,,,0.00022744157755164493,,,,1,,,0.0009854158314249605,,PRUNED
739,739,43.75,2025-05-25 23:51:16.432314,2025-05-25 23:51:29.797979,0 days 00:00:13.365665,AdamW,0.1657614907601114,,,0.0002732447339877186,,,,3,,,0.0027874288807040503,,PRUNED
740,740,41.666666666666664,2025-05-25 23:51:29.861681,2025-05-25 23:51:43.022776,0 days 00:00:13.161095,AdamW,0.14788221589515038,,,0.000546468432232897,,,,1,,,0.0006370450021814169,,PRUNED
741,741,45.833333333333336,2025-05-25 23:51:43.088086,2025-05-25 23:52:16.638343,0 days 00:00:33.550257,AdamW,0.18413014088655377,,,0.00039123986833050097,,,,1,,,0.0005820446912943505,,COMPLETE
742,742,47.916666666666664,2025-05-25 23:52:16.696820,2025-05-25 23:52:30.025597,0 days 00:00:13.328777,AdamW,0.21920716966732387,,,0.00047656512335799084,,,,1,,,0.0010485360416597864,,PRUNED
743,743,41.666666666666664,2025-05-25 23:52:30.089551,2025-05-25 23:52:43.387140,0 days 00:00:13.297589,AdamW,0.2730997429722702,,,0.000310588163615477,,,,2,,,0.000753283785722208,,PRUNED
744,744,43.75,2025-05-25 23:52:43.450951,2025-05-25 23:52:56.342082,0 days 00:00:12.891131,AdamW,0.17382066267301888,,,0.00039470035493685063,,,,0,,,0.0013281946070175005,,PRUNED
745,745,43.75,2025-05-25 23:52:56.408131,2025-05-25 23:53:09.509649,0 days 00:00:13.101518,AdamW,0.25403891032596915,,,0.0007015936337635501,,,,1,,,0.000871600174597092,,PRUNED
746,746,41.666666666666664,2025-05-25 23:53:09.573422,2025-05-25 23:53:23.036574,0 days 00:00:13.463152,AdamW,0.04859099994213424,,,0.00015287602801062263,,,,1,,,0.0005058301148949681,,PRUNED
747,747,43.75,2025-05-25 23:53:23.100692,2025-05-25 23:53:36.002475,0 days 00:00:12.901783,AdamW,0.20664595265826013,,,0.00027958536968432753,,,,4,,,0.0011773372178258193,,PRUNED
748,748,37.5,2025-05-25 23:53:36.072079,2025-05-25 23:53:49.175961,0 days 00:00:13.103882,AdamW,0.14363294101832613,,,0.00019591856465856175,,,,2,,,0.0007962204649715579,,PRUNED
749,749,47.916666666666664,2025-05-25 23:53:49.240210,2025-05-25 23:54:02.507676,0 days 00:00:13.267466,AdamW,0.15906711751060937,,,0.000864688134183692,,,,1,,,0.0009398693518726452,,PRUNED
750,750,39.583333333333336,2025-05-25 23:54:02.571867,2025-05-25 23:54:15.655987,0 days 00:00:13.084120,AdamW,0.1912028978109181,,,0.0002280370907345338,,,,3,,,0.0014224053668049903,,PRUNED
751,751,37.5,2025-05-25 23:54:15.719496,2025-05-25 23:54:28.917405,0 days 00:00:13.197909,AdamW,0.2381028242560134,,,0.0005395828143031241,,,,0,,,0.0017045813451221775,,PRUNED
752,752,29.166666666666668,2025-05-25 23:54:28.989858,2025-05-25 23:54:42.395576,0 days 00:00:13.405718,AdamW,0.13276315908301486,,,1.0343829544712411e-05,,,,1,,,0.000705997673627419,,PRUNED
753,753,43.75,2025-05-25 23:54:42.478215,2025-05-25 23:54:55.691286,0 days 00:00:13.213071,AdamW,0.16927452887726008,,,0.0003421674123193749,,,,2,,,0.0020222933168240202,,PRUNED
754,754,33.333333333333336,2025-05-25 23:54:55.756232,2025-05-25 23:55:08.901520,0 days 00:00:13.145288,Adadelta,0.15135023323828278,0.34601776662516437,,,,,,1,0.8436310884649671,,,,PRUNED
755,755,33.333333333333336,2025-05-25 23:55:08.964702,2025-05-25 23:55:22.173223,0 days 00:00:13.208521,AdamW,0.2288198063474424,,,0.0004149484187230637,,,,1,,,0.0005696071630271811,,PRUNED
756,756,33.333333333333336,2025-05-25 23:55:22.238356,2025-05-25 23:55:35.570838,0 days 00:00:13.332482,AdamW,0.09565215629263607,,,0.00012003738473134878,,,,1,,,0.0011946153531092558,,PRUNED
757,757,41.666666666666664,2025-05-25 23:55:35.636074,2025-05-25 23:55:48.708727,0 days 00:00:13.072653,AdamW,0.1177001301753861,,,0.00017656589196843442,,,,1,,,0.0010121412439347657,,PRUNED
758,758,33.333333333333336,2025-05-25 23:55:48.775509,2025-05-25 23:56:01.926029,0 days 00:00:13.150520,AdamW,0.20228337292076512,,,0.0006466717544662504,,,,2,,,0.0008489416837771693,,PRUNED
759,759,33.333333333333336,2025-05-25 23:56:01.990914,2025-05-25 23:56:15.436538,0 days 00:00:13.445624,AdamW,0.2647968924733984,,,0.07472129274816942,,,,1,,,0.0004402731873851629,,PRUNED
760,760,,2025-05-25 23:56:15.500722,2025-05-25 23:56:26.852463,0 days 00:00:11.351741,SGD,0.18273032775335263,,,,0.0018316992082544562,95.33982644814034,True,1,,,,0.13019260281521897,PRUNED
761,761,47.916666666666664,2025-05-25 23:56:26.892171,2025-05-25 23:56:40.025264,0 days 00:00:13.133093,AdamW,0.15832821393246427,,,0.0003075732690292858,,,,1,,,0.0006247540544337897,,PRUNED
762,762,41.666666666666664,2025-05-25 23:56:40.089862,2025-05-25 23:56:53.209915,0 days 00:00:13.120053,AdamW,0.17203598069457685,,,0.0004746288664239307,,,,2,,,0.0010700393537351202,,PRUNED
763,763,33.333333333333336,2025-05-25 23:56:53.274085,2025-05-25 23:57:06.582553,0 days 00:00:13.308468,AdamW,0.29834776717500405,,,0.0002477573063216434,,,,0,,,0.0007322876463314557,,PRUNED
764,764,35.416666666666664,2025-05-25 23:57:06.651234,2025-05-25 23:57:19.854824,0 days 00:00:13.203590,AdamW,0.13629949734992902,,,0.000353726489907937,,,,1,,,0.0009092789383000892,,PRUNED
765,765,33.333333333333336,2025-05-25 23:57:19.919590,2025-05-25 23:57:33.037654,0 days 00:00:13.118064,AdamW,0.4190036222819487,,,0.004307612440953556,,,,1,,,0.001290302377538945,,PRUNED
766,766,43.75,2025-05-25 23:57:33.103494,2025-05-25 23:57:46.161199,0 days 00:00:13.057705,AdamW,0.21022860927814185,,,0.00020828954278223724,,,,1,,,0.000318004918000074,,PRUNED
767,767,25.0,2025-05-25 23:57:46.225270,2025-05-25 23:57:59.236453,0 days 00:00:13.011183,AdamW,0.2878766566296264,,,8.783888233820546e-05,,,,1,,,0.00012201894308008828,,PRUNED
768,768,33.333333333333336,2025-05-25 23:57:59.301117,2025-05-25 23:58:12.532805,0 days 00:00:13.231688,AdamW,0.19453338509914606,,,0.00043546165263054113,,,,1,,,0.0015687679333655164,,PRUNED
769,769,35.416666666666664,2025-05-25 23:58:12.596871,2025-05-25 23:58:25.442602,0 days 00:00:12.845731,AdamW,0.2462009672953225,,,0.00028164684647931837,,,,2,,,0.007869696626565911,,PRUNED
770,770,50.0,2025-05-25 23:58:25.506851,2025-05-25 23:58:38.629323,0 days 00:00:13.122472,AdamW,0.1442246035557608,,,0.0005575900090179975,,,,0,,,0.0006509855894736979,,PRUNED
771,771,52.083333333333336,2025-05-25 23:58:38.693553,2025-05-25 23:59:12.188998,0 days 00:00:33.495445,AdamW,0.1799110781643785,,,0.00034432869366260064,,,,1,,,0.0004703059413057464,,COMPLETE
772,772,35.416666666666664,2025-05-25 23:59:12.247223,2025-05-25 23:59:25.358997,0 days 00:00:13.111774,AdamW,0.15673026954590522,,,0.00014831018414328067,,,,3,,,0.0007855310382976257,,PRUNED
773,773,37.5,2025-05-25 23:59:25.423346,2025-05-25 23:59:38.603377,0 days 00:00:13.180031,AdamW,0.218958498103263,,,0.0003992967865507824,,,,1,,,0.0011832580712202935,,PRUNED
774,774,45.833333333333336,2025-05-25 23:59:38.668444,2025-05-25 23:59:52.996584,0 days 00:00:14.328140,AdamW,0.12695233302016373,,,0.00023852277913461825,,,,1,,,0.0005404583710500931,,PRUNED
775,775,33.333333333333336,2025-05-25 23:59:53.068960,2025-05-26 00:00:06.109183,0 days 00:00:13.040223,AdamW,0.06338181943394168,,,0.0004871066468666261,,,,2,,,0.0003993507690835396,,PRUNED
776,776,39.583333333333336,2025-05-26 00:00:06.174130,2025-05-26 00:00:19.305079,0 days 00:00:13.130949,AdamW,0.16585947221820382,,,0.0006566305599186377,,,,1,,,0.0010320756022429948,,PRUNED
777,777,45.833333333333336,2025-05-26 00:00:19.371949,2025-05-26 00:00:32.696344,0 days 00:00:13.324395,AdamW,0.2560996723478942,,,0.00030496325376410175,,,,2,,,0.003554366000262947,,PRUNED
778,778,31.25,2025-05-26 00:00:32.760457,2025-05-26 00:00:45.932315,0 days 00:00:13.171858,AdamW,0.27777305224187726,,,0.00018140943936065227,,,,1,,,0.0007014193359612544,,PRUNED
779,779,33.333333333333336,2025-05-26 00:00:45.997413,2025-05-26 00:00:59.180457,0 days 00:00:13.183044,Adadelta,0.1884131570648163,3.1180777296905338,,,,,,1,0.2444173330725012,,,,PRUNED
780,780,35.416666666666664,2025-05-26 00:00:59.252370,2025-05-26 00:01:12.342633,0 days 00:00:13.090263,AdamW,0.14726263448716662,,,0.00038988941187611734,,,,0,,,0.0008327789616731166,,PRUNED
781,781,33.333333333333336,2025-05-26 00:01:12.409267,2025-05-26 00:01:25.774813,0 days 00:00:13.365546,AdamW,0.20121992855045834,,,0.0007915196105647765,,,,1,,,0.001495186432601568,,PRUNED
782,782,50.0,2025-05-26 00:01:25.840137,2025-05-26 00:01:59.227934,0 days 00:00:33.387797,AdamW,0.17454584943691562,,,0.000257957869344127,,,,2,,,0.008932362134183823,,COMPLETE
783,783,,2025-05-26 00:01:59.303676,2025-05-26 00:02:12.530897,0 days 00:00:13.227221,SGD,0.029855769446035275,,,,0.0008715381451464663,27.705209172011013,False,1,,,,3.5237940573993827,PRUNED
784,784,33.333333333333336,2025-05-26 00:02:12.591643,2025-05-26 00:02:26.186960,0 days 00:00:13.595317,AdamW,0.10783103116830003,,,0.0004729071147556798,,,,3,,,0.0009530174526130067,,PRUNED
785,785,35.416666666666664,2025-05-26 00:02:26.250914,2025-05-26 00:02:39.457776,0 days 00:00:13.206862,AdamW,0.13807652218010824,,,0.00033023480960643733,,,,1,,,0.0013055933925846441,,PRUNED
786,786,39.583333333333336,2025-05-26 00:02:39.522712,2025-05-26 00:02:52.643530,0 days 00:00:13.120818,AdamW,0.16439986777198481,,,0.000614247789145112,,,,2,,,0.005653453813996136,,PRUNED
787,787,47.916666666666664,2025-05-26 00:02:52.708723,2025-05-26 00:03:06.076080,0 days 00:00:13.367357,AdamW,0.11851605827472975,,,0.0001961505963969241,,,,0,,,0.0007769719665518394,,PRUNED
788,788,33.333333333333336,2025-05-26 00:03:06.143750,2025-05-26 00:03:19.399553,0 days 00:00:13.255803,Adam,0.3680283698178951,,0.007558841648906279,,,,,1,,0.013241078242904498,,,PRUNED
789,789,33.333333333333336,2025-05-26 00:03:19.464438,2025-05-26 00:03:32.401893,0 days 00:00:12.937455,AdamW,0.15306409753516015,,,0.00027810531369861933,,,,1,,,0.0005914921585060986,,PRUNED
790,790,39.583333333333336,2025-05-26 00:03:32.466749,2025-05-26 00:03:44.888320,0 days 00:00:12.421571,AdamW,0.07282484347234791,,,0.00011370834738524428,,,,1,,,0.0011175995888650092,,PRUNED
791,791,39.583333333333336,2025-05-26 00:03:44.953213,2025-05-26 00:03:58.270644,0 days 00:00:13.317431,AdamW,0.1880285593506698,,,0.0003914772554594368,,,,1,,,0.0005081998676935122,,PRUNED
792,792,50.0,2025-05-26 00:03:58.337322,2025-05-26 00:04:10.943612,0 days 00:00:12.606290,AdamW,0.2430987198023289,,,0.0005207959426670086,,,,2,,,0.0006607723191880168,,PRUNED
793,793,50.0,2025-05-26 00:04:11.008659,2025-05-26 00:04:44.704263,0 days 00:00:33.695604,AdamW,0.21217987440574504,,,0.00015210858129241682,,,,1,,,0.000912400212232262,,PRUNED
794,794,35.416666666666664,2025-05-26 00:04:44.774324,2025-05-26 00:04:58.239701,0 days 00:00:13.465377,AdamW,0.26545755828916895,,,0.00022236650919935252,,,,1,,,0.0007417069273005445,,PRUNED
795,795,35.416666666666664,2025-05-26 00:04:58.305999,2025-05-26 00:05:11.389134,0 days 00:00:13.083135,AdamW,0.19781367154769708,,,0.0003435353171310232,,,,1,,,0.001432586219298466,,PRUNED
796,796,33.333333333333336,2025-05-26 00:05:11.453983,2025-05-26 00:05:24.578014,0 days 00:00:13.124031,AdamW,0.2240521914111063,,,0.00042359569325891466,,,,1,,,0.006346356119151543,,PRUNED
797,797,39.583333333333336,2025-05-26 00:05:24.644325,2025-05-26 00:05:37.806086,0 days 00:00:13.161761,AdamW,0.1735089120478015,,,0.0002741630589215455,,,,4,,,0.0008531413811699263,,PRUNED
798,798,43.75,2025-05-26 00:05:37.869402,2025-05-26 00:06:11.307814,0 days 00:00:33.438412,AdamW,0.14296988147874537,,,0.0005401590508157661,,,,2,,,0.0010212270288095051,,COMPLETE
799,799,37.5,2025-05-26 00:06:11.366385,2025-05-26 00:06:24.699050,0 days 00:00:13.332665,AdamW,0.16200081591736387,,,0.0003311704152047753,,,,0,,,0.0005484532456543021,,PRUNED
800,800,33.333333333333336,2025-05-26 00:06:24.763667,2025-05-26 00:06:37.821532,0 days 00:00:13.057865,AdamW,0.12969082853712466,,,5.44447932550824e-05,,,,3,,,0.0011381066173865291,,PRUNED
801,801,31.25,2025-05-26 00:06:37.889646,2025-05-26 00:06:51.368579,0 days 00:00:13.478933,Adadelta,0.18006003326708409,0.03115860054162692,,,,,,1,3.0656268969920126,,,,PRUNED
802,802,41.666666666666664,2025-05-26 00:06:51.432106,2025-05-26 00:07:04.591969,0 days 00:00:13.159863,AdamW,0.15169246489226118,,,0.00022180724377856407,,,,1,,,0.00035114097841338563,,PRUNED
803,803,33.333333333333336,2025-05-26 00:07:04.657603,2025-05-26 00:07:17.858352,0 days 00:00:13.200749,AdamW,0.32451134908019813,,,0.0004356144176538271,,,,1,,,0.0006482749727325199,,PRUNED
804,804,37.5,2025-05-26 00:07:17.923221,2025-05-26 00:07:31.329648,0 days 00:00:13.406427,AdamW,0.20751210671067524,,,0.00017111555346774874,,,,0,,,0.0012715698000732277,,PRUNED
805,805,29.166666666666668,2025-05-26 00:07:31.399529,2025-05-26 00:07:44.471550,0 days 00:00:13.072021,AdamW,0.18738263023580617,,,1.805690591963845e-05,,,,2,,,0.000197827593376394,,PRUNED
806,806,33.333333333333336,2025-05-26 00:07:44.544083,2025-05-26 00:07:57.794022,0 days 00:00:13.249939,AdamW,0.16359903810062443,,,0.000729199694068365,,,,1,,,0.0007980128210311413,,PRUNED
807,807,33.333333333333336,2025-05-26 00:07:57.859317,2025-05-26 00:08:11.212927,0 days 00:00:13.353610,AdamW,0.278457279255737,,,0.00028951109117170284,,,,1,,,0.00046399744544117706,,PRUNED
808,808,,2025-05-26 00:08:11.278774,2025-05-26 00:08:22.325641,0 days 00:00:11.046867,SGD,0.018024401778165444,,,,0.004273139566123339,80.00877587659765,True,2,,,,1.36749138840076,PRUNED
809,809,33.333333333333336,2025-05-26 00:08:22.400289,2025-05-26 00:08:35.491529,0 days 00:00:13.091240,AdamW,0.08094220573858885,,,0.00012929739048485545,,,,1,,,0.007358183532184628,,PRUNED
810,810,37.5,2025-05-26 00:08:35.560882,2025-05-26 00:08:48.640121,0 days 00:00:13.079239,AdamW,0.19977112604672467,,,0.0003736687906146644,,,,1,,,0.0009367462610480324,,PRUNED
811,811,33.333333333333336,2025-05-26 00:08:48.705870,2025-05-26 00:09:02.010641,0 days 00:00:13.304771,AdamW,0.23117701764504317,,,0.0005995781554127606,,,,1,,,0.0007059163593445835,,PRUNED
812,812,33.333333333333336,2025-05-26 00:09:02.075470,2025-05-26 00:09:14.658487,0 days 00:00:12.583017,Adam,0.25665924297007037,,0.01640523766743662,,,,,1,,0.07441969061762607,,,PRUNED
813,813,45.833333333333336,2025-05-26 00:09:14.723326,2025-05-26 00:09:48.151337,0 days 00:00:33.428011,AdamW,0.17737832436944795,,,0.0004983078025223009,,,,1,,,0.0017976209101649026,,COMPLETE
814,814,33.333333333333336,2025-05-26 00:09:48.211701,2025-05-26 00:10:00.934407,0 days 00:00:12.722706,AdamW,0.1458423207314271,,,0.0002265880636000767,,,,5,,,0.0005880163634462902,,PRUNED
815,815,39.583333333333336,2025-05-26 00:10:01.212488,2025-05-26 00:10:14.263072,0 days 00:00:13.050584,AdamW,0.13377993998362403,,,0.00031152553759111317,,,,2,,,0.0010427894959251904,,PRUNED
816,816,33.333333333333336,2025-05-26 00:10:14.327691,2025-05-26 00:10:27.535933,0 days 00:00:13.208242,AdamW,0.15571158271601995,,,0.00042502020804414416,,,,1,,,0.00041645553456319783,,PRUNED
817,817,33.333333333333336,2025-05-26 00:10:27.601172,2025-05-26 00:10:40.769047,0 days 00:00:13.167875,AdamW,0.19070450711919498,,,0.005696827316447177,,,,0,,,0.0008506988063384356,,PRUNED
818,818,33.333333333333336,2025-05-26 00:10:40.838258,2025-05-26 00:10:54.187227,0 days 00:00:13.348969,AdamW,0.12011282653141579,,,0.0010430297850312752,,,,1,,,0.001377216814952449,,PRUNED
819,819,45.833333333333336,2025-05-26 00:10:54.252624,2025-05-26 00:11:07.315238,0 days 00:00:13.062614,AdamW,0.17089834850064442,,,0.0002532148506567942,,,,2,,,0.0012011317807548785,,PRUNED
820,820,43.75,2025-05-26 00:11:07.380920,2025-05-26 00:11:20.531361,0 days 00:00:13.150441,AdamW,0.2693462868272082,,,0.00019965959997973425,,,,1,,,0.0005283424126151065,,PRUNED
821,821,50.0,2025-05-26 00:11:20.596265,2025-05-26 00:11:33.684355,0 days 00:00:13.088090,AdamW,0.21687571670415973,,,0.0004708650733281709,,,,3,,,0.0007692029263862973,,PRUNED
822,822,35.416666666666664,2025-05-26 00:11:33.748760,2025-05-26 00:11:47.091753,0 days 00:00:13.342993,AdamW,0.0962122872663923,,,0.00036582797189253086,,,,1,,,0.0006305739779025502,,PRUNED
823,823,35.416666666666664,2025-05-26 00:11:47.164666,2025-05-26 00:12:00.337775,0 days 00:00:13.173109,AdamW,0.16067905290898107,,,0.0005795353157613739,,,,1,,,0.000969750113607696,,PRUNED
824,824,50.0,2025-05-26 00:12:00.402764,2025-05-26 00:12:33.863693,0 days 00:00:33.460929,AdamW,0.1971309382996769,,,0.0003108580369309673,,,,1,,,0.00844641203071332,,PRUNED
825,825,33.333333333333336,2025-05-26 00:12:33.930420,2025-05-26 00:12:47.497570,0 days 00:00:13.567150,Adadelta,0.24016328385292474,64.42550171419556,,,,,,2,0.09560452389074323,,,,PRUNED
826,826,41.666666666666664,2025-05-26 00:12:47.560668,2025-05-26 00:12:59.666939,0 days 00:00:12.106271,AdamW,0.046914053678135545,,,0.00038228655976735694,,,,7,,,0.0015519265312465044,,PRUNED
827,827,41.666666666666664,2025-05-26 00:12:59.722270,2025-05-26 00:13:12.960647,0 days 00:00:13.238377,AdamW,0.14370099826247226,,,0.00014244661337508113,,,,2,,,0.00068862356628714,,PRUNED
828,828,47.916666666666664,2025-05-26 00:13:13.025530,2025-05-26 00:13:26.254692,0 days 00:00:13.229162,AdamW,0.17795837208030657,,,9.86314142870574e-05,,,,4,,,0.0008913867765734816,,PRUNED
829,829,47.916666666666664,2025-05-26 00:13:26.321255,2025-05-26 00:13:39.405660,0 days 00:00:13.084405,AdamW,0.2856930896663889,,,0.00017608314558041535,,,,1,,,0.0010837236467472337,,PRUNED
830,830,37.5,2025-05-26 00:13:39.470359,2025-05-26 00:13:52.607477,0 days 00:00:13.137118,AdamW,0.20976816255395028,,,0.0002589560314094031,,,,0,,,0.0005023427177607954,,PRUNED
831,831,47.916666666666664,2025-05-26 00:13:52.675205,2025-05-26 00:14:06.108560,0 days 00:00:13.433355,AdamW,0.129393779192445,,,0.0004665637702565258,,,,1,,,0.001317824421371334,,PRUNED
832,832,,2025-05-26 00:14:06.174281,2025-05-26 00:14:17.929566,0 days 00:00:11.755285,SGD,0.15521250829505057,,,,0.00021280376875563892,59.13453899381784,False,3,,,,23.178552330093947,PRUNED
833,833,35.416666666666664,2025-05-26 00:14:17.971248,2025-05-26 00:14:31.198126,0 days 00:00:13.226878,AdamW,0.25219457332856177,,,0.0007191951063857679,,,,1,,,0.0008335339730291836,,PRUNED
834,834,33.333333333333336,2025-05-26 00:14:31.262981,2025-05-26 00:14:44.314925,0 days 00:00:13.051944,AdamW,0.18328402538923375,,,0.00034944865595710773,,,,1,,,0.0007440818975821707,,PRUNED
835,835,37.5,2025-05-26 00:14:44.380834,2025-05-26 00:14:57.611733,0 days 00:00:13.230899,AdamW,0.4504512926761391,,,0.00026190281727827327,,,,0,,,0.0011358002055605713,,PRUNED
836,836,33.333333333333336,2025-05-26 00:14:57.676578,2025-05-26 00:15:10.901046,0 days 00:00:13.224468,Adam,0.16534492947151735,,0.06163264545644677,,,,,2,,0.03261445782192768,,,PRUNED
837,837,39.583333333333336,2025-05-26 00:15:10.966503,2025-05-26 00:15:24.053726,0 days 00:00:13.087223,AdamW,0.13988153263067443,,,0.0004937340262282805,,,,1,,,0.0005916602852282136,,PRUNED
838,838,35.416666666666664,2025-05-26 00:15:24.112653,2025-05-26 00:15:35.887780,0 days 00:00:11.775127,AdamW,0.0621271690596584,,,0.00021222232366087596,,,,1,,,0.0009209546351367394,,PRUNED
839,839,33.333333333333336,2025-05-26 00:15:35.953427,2025-05-26 00:15:49.342716,0 days 00:00:13.389289,AdamW,0.22732080846567945,,,0.0002990294234000935,,,,1,,,0.009857045077072333,,PRUNED
840,840,41.666666666666664,2025-05-26 00:15:49.409580,2025-05-26 00:16:02.546317,0 days 00:00:13.136737,AdamW,0.43058321931957444,,,0.000580421325653193,,,,2,,,0.0010017779155465356,,PRUNED
841,841,35.416666666666664,2025-05-26 00:16:02.613131,2025-05-26 00:16:15.704450,0 days 00:00:13.091319,AdamW,0.20554624225203863,,,0.0004000099467285947,,,,1,,,0.0029664564628246516,,PRUNED
842,842,47.916666666666664,2025-05-26 00:16:15.769165,2025-05-26 00:16:29.140801,0 days 00:00:13.371636,AdamW,0.006819408127148777,,,0.00016610667326485775,,,,1,,,0.0045193303053675995,,PRUNED
843,843,39.583333333333336,2025-05-26 00:16:29.206611,2025-05-26 00:16:42.306149,0 days 00:00:13.099538,AdamW,0.1954663666450711,,,0.0003042925514388049,,,,1,,,0.0006865033100621471,,PRUNED
844,844,37.5,2025-05-26 00:16:42.373530,2025-05-26 00:16:55.615980,0 days 00:00:13.242450,AdamW,0.17290551719976802,,,0.00042509104515125773,,,,0,,,0.0012325783397806225,,PRUNED
845,845,41.666666666666664,2025-05-26 00:16:55.681078,2025-05-26 00:17:08.800955,0 days 00:00:13.119877,AdamW,0.10539036100748336,,,0.0008295811868064338,,,,1,,,0.0016777700677292257,,PRUNED
846,846,39.583333333333336,2025-05-26 00:17:08.870200,2025-05-26 00:17:22.243694,0 days 00:00:13.373494,AdamW,0.3998878527130899,,,0.00023346536199363128,,,,1,,,0.000245288253417107,,PRUNED
847,847,37.5,2025-05-26 00:17:22.309727,2025-05-26 00:17:35.376533,0 days 00:00:13.066806,AdamW,0.14918512239818257,,,0.0003459660110688752,,,,2,,,0.00047578393890226786,,PRUNED
848,848,47.916666666666664,2025-05-26 00:17:35.443827,2025-05-26 00:17:48.559731,0 days 00:00:13.115904,AdamW,0.2611100454465935,,,0.0006332367747764705,,,,1,,,0.0007865421970185513,,PRUNED
849,849,37.5,2025-05-26 00:17:48.626650,2025-05-26 00:18:02.121116,0 days 00:00:13.494466,Adadelta,0.18711302089408732,0.010179026439721985,,,,,,1,0.010782485780884608,,,,PRUNED
850,850,39.583333333333336,2025-05-26 00:18:02.185727,2025-05-26 00:18:15.266650,0 days 00:00:13.080923,AdamW,0.30689907154321344,,,0.00019466023583252442,,,,2,,,0.0005496360614869682,,PRUNED
851,851,33.333333333333336,2025-05-26 00:18:15.332752,2025-05-26 00:18:28.427139,0 days 00:00:13.094387,AdamW,0.15622042719037552,,,0.0005147656345106111,,,,3,,,0.0014638731532161406,,PRUNED
852,852,37.5,2025-05-26 00:18:28.491472,2025-05-26 00:18:41.597875,0 days 00:00:13.106403,AdamW,0.12232619874341435,,,0.00013050060515818886,,,,1,,,0.00043053169025262757,,PRUNED
853,853,45.833333333333336,2025-05-26 00:18:41.663017,2025-05-26 00:18:55.105255,0 days 00:00:13.442238,AdamW,0.13659278536261088,,,0.00026582064848757803,,,,1,,,0.0003790033297469972,,PRUNED
854,854,33.333333333333336,2025-05-26 00:18:55.171383,2025-05-26 00:19:08.329230,0 days 00:00:13.157847,AdamW,0.08654720181618566,,,0.00037453385048938126,,,,0,,,0.0006484800808551804,,PRUNED
855,855,33.333333333333336,2025-05-26 00:19:08.396641,2025-05-26 00:19:21.542419,0 days 00:00:13.145778,AdamW,0.21818368587377895,,,0.00043250616148633676,,,,1,,,0.0011102297385455402,,PRUNED
856,856,58.333333333333336,2025-05-26 00:19:21.608155,2025-05-26 00:19:55.494068,0 days 00:00:33.885913,AdamW,0.17032645502400492,,,0.0003175570888868761,,,,1,,,0.0008853719116691325,,COMPLETE
857,857,35.416666666666664,2025-05-26 00:19:55.553673,2025-05-26 00:20:08.802076,0 days 00:00:13.248403,AdamW,0.1802620956433322,,,0.0005172738506019786,,,,2,,,0.0009928562313365507,,PRUNED
858,858,,2025-05-26 00:20:08.867369,2025-05-26 00:20:20.907705,0 days 00:00:12.040336,SGD,0.2456772572444539,,,,0.00010252726377259941,71.93576466889253,True,1,,,,0.03301400467155382,PRUNED
859,859,54.166666666666664,2025-05-26 00:20:20.949048,2025-05-26 00:20:54.512752,0 days 00:00:33.563704,AdamW,0.2714786934700431,,,0.00024323479995889881,,,,1,,,0.0007488453506494776,,COMPLETE
860,860,33.333333333333336,2025-05-26 00:20:54.571679,2025-05-26 00:21:07.407607,0 days 00:00:12.835928,Adam,0.2020207515674295,,0.02554386340146606,,,,,2,,63.460495769787045,,,PRUNED
861,861,33.333333333333336,2025-05-26 00:21:07.473458,2025-05-26 00:21:20.639048,0 days 00:00:13.165590,AdamW,0.18989630374495833,,,0.00019545244735560458,,,,1,,,0.0013702549802492928,,PRUNED
862,862,39.583333333333336,2025-05-26 00:21:20.704122,2025-05-26 00:21:33.844936,0 days 00:00:13.140814,AdamW,0.1647201426943818,,,0.0003400863032785375,,,,1,,,0.0012354295276825675,,PRUNED
863,863,41.666666666666664,2025-05-26 00:21:33.911166,2025-05-26 00:21:47.284764,0 days 00:00:13.373598,AdamW,0.14635402317209031,,,0.0006442415151518951,,,,1,,,0.00255395764793746,,PRUNED
864,864,41.666666666666664,2025-05-26 00:21:47.352085,2025-05-26 00:22:00.706062,0 days 00:00:13.353977,AdamW,0.03492722086113875,,,0.0001469687644080467,,,,2,,,0.0008608053388143563,,PRUNED
865,865,47.916666666666664,2025-05-26 00:22:00.771200,2025-05-26 00:22:13.800035,0 days 00:00:13.028835,AdamW,0.1150592392378269,,,0.00042991018900450723,,,,3,,,0.006762559959087127,,PRUNED
866,866,43.75,2025-05-26 00:22:13.867923,2025-05-26 00:22:47.701551,0 days 00:00:33.833628,AdamW,0.1295478475747984,,,0.00027880620276940385,,,,0,,,0.0006065342344733143,,COMPLETE
867,867,50.0,2025-05-26 00:22:47.762009,2025-05-26 00:23:00.997801,0 days 00:00:13.235792,AdamW,0.15557235686024318,,,0.0003653594474658243,,,,1,,,0.0007104915224981865,,PRUNED
868,868,33.333333333333336,2025-05-26 00:23:01.064251,2025-05-26 00:23:14.190387,0 days 00:00:13.126136,AdamW,0.48479332203262726,,,0.020909073978619564,,,,1,,,0.0008127402031278955,,PRUNED
869,869,31.25,2025-05-26 00:23:14.255821,2025-05-26 00:23:25.930280,0 days 00:00:11.674459,AdamW,0.29266954226663655,,,0.0005297825457816891,,,,9,,,0.0010799366132124698,,PRUNED
870,870,39.583333333333336,2025-05-26 00:23:25.985101,2025-05-26 00:23:39.358348,0 days 00:00:13.373247,AdamW,0.3520849733544216,,,0.00022706927240796198,,,,2,,,0.009052920491865709,,PRUNED
871,871,29.166666666666668,2025-05-26 00:23:39.424114,2025-05-26 00:23:52.466928,0 days 00:00:13.042814,AdamW,0.17766344829643493,,,0.00011249477517760168,,,,4,,,0.0005144861504487567,,PRUNED
872,872,39.583333333333336,2025-05-26 00:23:52.532281,2025-05-26 00:24:05.643340,0 days 00:00:13.111059,AdamW,0.21216484267658292,,,0.000446940336078195,,,,1,,,0.0009966360429428996,,PRUNED
873,873,31.25,2025-05-26 00:24:05.708735,2025-05-26 00:24:18.945787,0 days 00:00:13.237052,Adadelta,0.23323973695430655,0.18684186811141915,,,,,,0,63.202112515447375,,,,PRUNED
874,874,39.583333333333336,2025-05-26 00:24:19.010030,2025-05-26 00:24:32.494790,0 days 00:00:13.484760,AdamW,0.13936675068403515,,,0.00017330152069684052,,,,1,,,0.0005714089732994429,,PRUNED
875,875,50.0,2025-05-26 00:24:32.560435,2025-05-26 00:24:45.710537,0 days 00:00:13.150102,AdamW,0.19080414929835587,,,0.0003076098663745892,,,,1,,,0.0006432522643998514,,PRUNED
876,876,33.333333333333336,2025-05-26 00:24:45.782284,2025-05-26 00:24:58.971059,0 days 00:00:13.188775,AdamW,0.1654991117900301,,,0.0007131244596610213,,,,1,,,0.0004622785986891629,,PRUNED
877,877,43.75,2025-05-26 00:24:59.036474,2025-05-26 00:25:12.363389,0 days 00:00:13.326915,AdamW,0.07131148498366441,,,0.00038070549962153496,,,,1,,,0.0007569099195997939,,PRUNED
878,878,43.75,2025-05-26 00:25:12.429465,2025-05-26 00:25:25.236151,0 days 00:00:12.806686,AdamW,0.1515554320375735,,,0.0002609477588764759,,,,5,,,0.0012370237203832974,,PRUNED
879,879,33.333333333333336,2025-05-26 00:25:25.298854,2025-05-26 00:25:37.614070,0 days 00:00:12.315216,AdamW,0.056411371415250336,,,0.0005631256354156419,,,,6,,,0.0015969048353573134,,PRUNED
880,880,62.5,2025-05-26 00:25:37.673503,2025-05-26 00:26:11.351414,0 days 00:00:33.677911,AdamW,0.27777691378267066,,,0.00020890021233649434,,,,1,,,0.0009119013666132887,,COMPLETE
881,881,35.416666666666664,2025-05-26 00:26:11.409623,2025-05-26 00:26:24.560313,0 days 00:00:13.150690,AdamW,0.28286835677091404,,,0.00030706666007206855,,,,2,,,0.000946523092953459,,PRUNED
882,882,,2025-05-26 00:26:24.626068,2025-05-26 00:26:37.758791,0 days 00:00:13.132723,SGD,0.26915483471873347,,,,2.4615920407071784e-05,36.68300481026564,False,2,,,,56.34728675079412,PRUNED
883,883,50.0,2025-05-26 00:26:37.807640,2025-05-26 00:26:50.476719,0 days 00:00:12.669079,AdamW,0.30103119407144696,,,0.0004182786085013038,,,,1,,,0.0011548033779319367,,PRUNED
884,884,33.333333333333336,2025-05-26 00:26:50.543406,2025-05-26 00:27:03.923871,0 days 00:00:13.380465,AdamW,0.2816612159915841,,,0.000902416674536906,,,,1,,,0.001027838333054436,,PRUNED
885,885,33.333333333333336,2025-05-26 00:27:03.990742,2025-05-26 00:27:17.252832,0 days 00:00:13.262090,Adam,0.2773947033898917,,0.00347312805216716,,,,,0,,0.11197447551403511,,,PRUNED
886,886,35.416666666666664,2025-05-26 00:27:17.322094,2025-05-26 00:27:30.494535,0 days 00:00:13.172441,AdamW,0.27530192412099375,,,0.00021812995673566488,,,,1,,,0.0009449009873273184,,PRUNED
887,887,33.333333333333336,2025-05-26 00:27:30.562181,2025-05-26 00:27:43.698093,0 days 00:00:13.135912,AdamW,0.29552616565398326,,,0.0003550867981134163,,,,1,,,0.0077732964673721495,,PRUNED
888,888,50.0,2025-05-26 00:27:43.764212,2025-05-26 00:27:57.121131,0 days 00:00:13.356919,AdamW,0.28753534562361155,,,0.0002681275740636828,,,,2,,,0.005038604873238181,,PRUNED
889,889,43.75,2025-05-26 00:27:57.186684,2025-05-26 00:28:10.426380,0 days 00:00:13.239696,AdamW,0.2572727720193811,,,0.0001995760946272756,,,,1,,,0.0013443636858141577,,PRUNED
890,890,33.333333333333336,2025-05-26 00:28:10.492504,2025-05-26 00:28:23.769205,0 days 00:00:13.276701,AdamW,0.26506196001877647,,,0.0004569369813158066,,,,1,,,0.001077197984047312,,PRUNED
891,891,41.666666666666664,2025-05-26 00:28:23.835411,2025-05-26 00:28:37.165663,0 days 00:00:13.330252,AdamW,0.26018735992858844,,,0.0005491634107732689,,,,1,,,0.0008858427241630184,,PRUNED
892,892,31.25,2025-05-26 00:28:37.231313,2025-05-26 00:28:50.387162,0 days 00:00:13.155849,AdamW,0.2749385547611814,,,3.1833505421044486e-05,,,,1,,,0.003931305292974347,,PRUNED
893,893,37.5,2025-05-26 00:28:50.452905,2025-05-26 00:29:03.565032,0 days 00:00:13.112127,AdamW,0.28606568844838093,,,0.0003204710505914469,,,,3,,,0.0011623823047354853,,PRUNED
894,894,33.333333333333336,2025-05-26 00:29:03.630174,2025-05-26 00:29:16.845772,0 days 00:00:13.215598,AdamW,0.27250742811013196,,,0.00024688366765565644,,,,1,,,0.0008441342074585714,,PRUNED
895,895,35.416666666666664,2025-05-26 00:29:16.918926,2025-05-26 00:29:30.275536,0 days 00:00:13.356610,AdamW,0.2520622252498067,,,0.00038048441871727114,,,,2,,,0.003220857974748913,,PRUNED
896,896,58.333333333333336,2025-05-26 00:29:30.341423,2025-05-26 00:30:03.988566,0 days 00:00:33.647143,AdamW,0.16607219960162317,,,0.0004488262059850489,,,,0,,,0.0005410301418173853,,COMPLETE
897,897,33.333333333333336,2025-05-26 00:30:04.048979,2025-05-26 00:30:17.392150,0 days 00:00:13.343171,AdamW,0.2594273218324611,,,0.000621251366303646,,,,1,,,0.0004328106056935298,,PRUNED
898,898,33.333333333333336,2025-05-26 00:30:17.457883,2025-05-26 00:30:30.928717,0 days 00:00:13.470834,Adadelta,0.14645502445262745,0.09742252951419113,,,,,,1,4.284508768963073,,,,PRUNED
899,899,35.416666666666664,2025-05-26 00:30:30.992580,2025-05-26 00:30:44.100575,0 days 00:00:13.107995,AdamW,0.1333537189202162,,,0.0002896207508593382,,,,3,,,0.001374478029433033,,PRUNED
900,900,41.666666666666664,2025-05-26 00:30:44.166674,2025-05-26 00:30:57.381415,0 days 00:00:13.214741,AdamW,0.26687121350394544,,,0.0005021480547419472,,,,2,,,0.0010754679912140068,,PRUNED
901,901,35.416666666666664,2025-05-26 00:30:57.448697,2025-05-26 00:31:10.618347,0 days 00:00:13.169650,AdamW,0.3174130649634678,,,0.0003469141882776225,,,,1,,,0.00147647489613587,,PRUNED
902,902,37.5,2025-05-26 00:31:10.684191,2025-05-26 00:31:24.080588,0 days 00:00:13.396397,AdamW,0.15750210438987264,,,0.00016682190054307823,,,,1,,,0.0009195963175041085,,PRUNED
903,903,45.833333333333336,2025-05-26 00:31:24.146692,2025-05-26 00:31:37.300311,0 days 00:00:13.153619,AdamW,0.17135049778604944,,,0.00022039876082182472,,,,2,,,0.0006917997470458338,,PRUNED
904,904,35.416666666666664,2025-05-26 00:31:37.366116,2025-05-26 00:31:50.277366,0 days 00:00:12.911250,AdamW,0.2870250265802312,,,7.653319996002217e-05,,,,4,,,0.000602982314106128,,PRUNED
905,905,39.583333333333336,2025-05-26 00:31:50.344129,2025-05-26 00:32:03.668698,0 days 00:00:13.324569,AdamW,0.12170393663822918,,,0.0007663202996923856,,,,1,,,0.0012443449668118227,,PRUNED
906,906,,2025-05-26 00:32:03.735552,2025-05-26 00:32:16.639191,0 days 00:00:12.903639,SGD,0.46581330635280277,,,,1.456488174204212e-05,48.53728008058893,True,0,,,,0.01569568741457065,PRUNED
907,907,39.583333333333336,2025-05-26 00:32:16.696317,2025-05-26 00:32:28.797723,0 days 00:00:12.101406,AdamW,0.13909658902570676,,,0.0002772596631835844,,,,1,,,0.0010056091359441964,,PRUNED
908,908,43.75,2025-05-26 00:32:28.863424,2025-05-26 00:32:42.133393,0 days 00:00:13.269969,AdamW,0.2980395337037612,,,0.0003777387141924347,,,,1,,,0.005831901894049833,,PRUNED
909,909,33.333333333333336,2025-05-26 00:32:42.199291,2025-05-26 00:32:55.851867,0 days 00:00:13.652576,Adam,0.15826876242916565,,0.0015903370088149761,,,,,2,,0.01980363410709274,,,PRUNED
910,910,47.916666666666664,2025-05-26 00:32:55.918953,2025-05-26 00:33:09.149472,0 days 00:00:13.230519,AdamW,0.1690631439571767,,,0.0004484101132561961,,,,1,,,0.002010418843808106,,PRUNED
911,911,33.333333333333336,2025-05-26 00:33:09.215124,2025-05-26 00:33:22.580087,0 days 00:00:13.364963,AdamW,0.1490108802427166,,,0.00014773246528749405,,,,1,,,0.00047965093810647063,,PRUNED
912,912,37.5,2025-05-26 00:33:22.647094,2025-05-26 00:33:36.051541,0 days 00:00:13.404447,AdamW,0.2682665638460663,,,0.00031073878905079195,,,,0,,,0.0008548699067098526,,PRUNED
913,913,31.25,2025-05-26 00:33:36.118402,2025-05-26 00:33:49.476727,0 days 00:00:13.358325,AdamW,0.2789351255149501,,,0.0006338923291890587,,,,1,,,0.0007760576947077586,,PRUNED
914,914,33.333333333333336,2025-05-26 00:33:49.543618,2025-05-26 00:34:02.707577,0 days 00:00:13.163959,AdamW,0.11018463522443322,,,0.00021051946603728973,,,,2,,,0.0011425527992620095,,PRUNED
915,915,47.916666666666664,2025-05-26 00:34:02.787497,2025-05-26 00:34:36.558489,0 days 00:00:33.770992,AdamW,0.1764796419413347,,,0.0005253901285779053,,,,1,,,0.000397392238208703,,COMPLETE
916,916,39.583333333333336,2025-05-26 00:34:36.896499,2025-05-26 00:34:50.254543,0 days 00:00:13.358044,AdamW,0.24938596817221692,,,0.00025876636603118676,,,,1,,,0.0006478363087269388,,PRUNED
917,917,37.5,2025-05-26 00:34:50.321167,2025-05-26 00:35:03.533385,0 days 00:00:13.212218,AdamW,0.1304399235382758,,,0.00039400366936994204,,,,1,,,0.000555413951117423,,PRUNED
918,918,47.916666666666664,2025-05-26 00:35:03.599108,2025-05-26 00:35:37.043728,0 days 00:00:33.444620,AdamW,0.3345365046439154,,,0.00018698805126386855,,,,2,,,0.0009569836328972228,,COMPLETE
919,919,47.916666666666664,2025-05-26 00:35:37.103614,2025-05-26 00:35:50.587366,0 days 00:00:13.483752,AdamW,0.1586414020231312,,,0.0003385447679703538,,,,1,,,0.00179243386322346,,PRUNED
920,920,37.5,2025-05-26 00:35:50.655247,2025-05-26 00:36:03.874245,0 days 00:00:13.218998,AdamW,0.14050961591509412,,,0.00046146914896127734,,,,1,,,0.0005022194156706292,,PRUNED
921,921,50.0,2025-05-26 00:36:03.942203,2025-05-26 00:36:16.993571,0 days 00:00:13.051368,AdamW,0.17768465520698917,,,0.0002472888725734799,,,,3,,,0.0007920836410475488,,PRUNED
922,922,33.333333333333336,2025-05-26 00:36:17.060150,2025-05-26 00:36:30.515421,0 days 00:00:13.455271,Adadelta,0.14952878097182373,21.712648857283657,,,,,,1,7.458027556021748,,,,PRUNED
923,923,39.583333333333336,2025-05-26 00:36:30.584350,2025-05-26 00:36:43.703500,0 days 00:00:13.119150,AdamW,0.08987649355985876,,,0.00012584084265861517,,,,0,,,0.0012865540982363289,,PRUNED
924,924,33.333333333333336,2025-05-26 00:36:43.769273,2025-05-26 00:36:57.022613,0 days 00:00:13.253340,AdamW,0.1627572623256113,,,0.00039660491893481035,,,,1,,,0.00848315744608107,,PRUNED
925,925,43.75,2025-05-26 00:36:57.088780,2025-05-26 00:37:10.261727,0 days 00:00:13.172947,AdamW,0.18523146085010322,,,0.0003043670902446146,,,,2,,,0.0010433447500153136,,PRUNED
926,926,37.5,2025-05-26 00:37:10.327843,2025-05-26 00:37:23.707261,0 days 00:00:13.379418,AdamW,0.2624812756968162,,,0.0005476710679004746,,,,1,,,0.009908195839067947,,PRUNED
927,927,33.333333333333336,2025-05-26 00:37:23.772709,2025-05-26 00:37:36.677556,0 days 00:00:12.904847,AdamW,0.0698368977209394,,,0.0006822531501436887,,,,1,,,0.0007117892520616937,,PRUNED
928,928,54.166666666666664,2025-05-26 00:37:36.744038,2025-05-26 00:38:09.757678,0 days 00:00:33.013640,AdamW,0.042948328147508694,,,0.00017572710280249157,,,,1,,,0.000916488521280634,,COMPLETE
929,929,35.416666666666664,2025-05-26 00:38:09.817571,2025-05-26 00:38:23.126550,0 days 00:00:13.308979,SGD,0.1423580363132499,,,,0.010618235721840024,0.41672479080218494,True,2,,,,0.5485509998562215,PRUNED
930,930,50.0,2025-05-26 00:38:23.190651,2025-05-26 00:38:36.530885,0 days 00:00:13.340234,AdamW,0.15331720403310528,,,0.0002225550865261636,,,,0,,,0.0016050161691443768,,PRUNED
931,931,39.583333333333336,2025-05-26 00:38:36.597050,2025-05-26 00:38:50.046807,0 days 00:00:13.449757,AdamW,0.12270135748462997,,,0.00034841444186365397,,,,1,,,0.0014521988448852876,,PRUNED
932,932,47.916666666666664,2025-05-26 00:38:50.113656,2025-05-26 00:39:24.021796,0 days 00:00:33.908140,AdamW,0.1825530057351271,,,0.0004782139209212166,,,,1,,,0.0006210647551617134,,COMPLETE
933,933,37.5,2025-05-26 00:39:24.081903,2025-05-26 00:39:37.242780,0 days 00:00:13.160877,AdamW,0.10240304839929082,,,0.00025920235736709446,,,,3,,,0.0023200455677562727,,PRUNED
934,934,43.75,2025-05-26 00:39:37.315685,2025-05-26 00:39:50.584483,0 days 00:00:13.268798,AdamW,0.16557893093539366,,,0.00010429543037885288,,,,1,,,0.001173501648782327,,PRUNED
935,935,35.416666666666664,2025-05-26 00:39:50.651211,2025-05-26 00:40:03.998945,0 days 00:00:13.347734,Adam,0.25238022395181403,,4.395922208422007e-05,,,,,2,,4.573177822647809,,,PRUNED
936,936,31.25,2025-05-26 00:40:04.065666,2025-05-26 00:40:17.478453,0 days 00:00:13.412787,AdamW,0.17177689626727774,,,0.0020676859502645356,,,,1,,,0.000821983000572963,,PRUNED
937,937,66.66666666666667,2025-05-26 00:40:17.544764,2025-05-26 00:40:51.196446,0 days 00:00:33.651682,AdamW,0.2769587323544193,,,0.0004088862034321019,,,,1,,,0.0009972725812597905,,COMPLETE
938,938,33.333333333333336,2025-05-26 00:40:51.256624,2025-05-26 00:41:04.436961,0 days 00:00:13.180337,AdamW,0.30183900027790045,,,0.0005801582238702265,,,,1,,,0.0010131623736114972,,PRUNED
939,939,35.416666666666664,2025-05-26 00:41:04.502854,2025-05-26 00:41:17.984006,0 days 00:00:13.481152,AdamW,0.2881580109048191,,,0.0004414567707649514,,,,1,,,0.0010882713545310742,,PRUNED
940,940,45.833333333333336,2025-05-26 00:41:18.050893,2025-05-26 00:41:31.265731,0 days 00:00:13.214838,AdamW,0.29558362523591714,,,0.00040693362528728604,,,,1,,,0.0010242143063735277,,PRUNED
941,941,37.5,2025-05-26 00:41:31.342622,2025-05-26 00:41:42.893196,0 days 00:00:11.550574,AdamW,0.26197095475073245,,,0.0005320593746337611,,,,8,,,0.0011147918129253646,,PRUNED
942,942,33.333333333333336,2025-05-26 00:41:42.948318,2025-05-26 00:41:56.407857,0 days 00:00:13.459539,AdamW,0.2742482939027453,,,0.0008899302013420236,,,,2,,,0.0009848175859827866,,PRUNED
943,943,33.333333333333336,2025-05-26 00:41:56.474911,2025-05-26 00:42:09.662800,0 days 00:00:13.187889,AdamW,0.2719173124969961,,,0.000692149901315674,,,,0,,,0.0009033066609299386,,PRUNED
944,944,39.583333333333336,2025-05-26 00:42:09.738995,2025-05-26 00:42:22.945348,0 days 00:00:13.206353,AdamW,0.28520746197483215,,,0.0004701718440972244,,,,1,,,0.007134840565397396,,PRUNED
945,945,35.416666666666664,2025-05-26 00:42:23.017676,2025-05-26 00:42:36.152549,0 days 00:00:13.134873,AdamW,0.30646015259365356,,,0.00040245498608058395,,,,1,,,0.0012134979540438593,,PRUNED
946,946,33.333333333333336,2025-05-26 00:42:36.220626,2025-05-26 00:42:49.593542,0 days 00:00:13.372916,AdamW,0.2743744659362601,,,0.0005785195867343831,,,,2,,,0.0009407477104287827,,PRUNED
947,947,52.083333333333336,2025-05-26 00:42:49.659479,2025-05-26 00:43:22.699330,0 days 00:00:33.039851,AdamW,0.29172248506056025,,,0.000357351915897799,,,,1,,,0.0011439075727697364,,COMPLETE
948,948,33.333333333333336,2025-05-26 00:43:22.760799,2025-05-26 00:43:34.844739,0 days 00:00:12.083940,Adadelta,0.2648408404048868,82.18407870182338,,,,,,1,0.1461344371844598,,,,PRUNED
949,949,47.916666666666664,2025-05-26 00:43:34.914171,2025-05-26 00:44:00.989362,0 days 00:00:26.075191,AdamW,0.24135894639305147,,,0.0005014209697171806,,,,2,,,0.0013188850782444876,,COMPLETE
950,950,37.5,2025-05-26 00:44:01.049663,2025-05-26 00:44:13.572148,0 days 00:00:12.522485,AdamW,0.2822480021555829,,,0.0003212856559133942,,,,1,,,0.0008924891331834391,,PRUNED
951,951,45.833333333333336,2025-05-26 00:44:13.638617,2025-05-26 00:44:26.774778,0 days 00:00:13.136161,AdamW,0.2620538099950685,,,0.0004338533557411956,,,,4,,,0.0010838718823528283,,PRUNED
952,952,35.416666666666664,2025-05-26 00:44:26.840728,2025-05-26 00:44:40.033335,0 days 00:00:13.192607,AdamW,0.28533891802469885,,,0.00036716408810364933,,,,1,,,0.00100562454512192,,PRUNED
953,953,45.833333333333336,2025-05-26 00:44:40.099687,2025-05-26 00:44:53.463826,0 days 00:00:13.364139,AdamW,0.2738530766922425,,,0.0006025247185359751,,,,1,,,0.0011870407615919517,,PRUNED
954,954,,2025-05-26 00:44:53.532034,2025-05-26 00:45:04.493400,0 days 00:00:10.961366,SGD,0.2744483500834572,,,,0.05510990463771851,65.9962362727873,False,0,,,,14.597986267883797,PRUNED
955,955,31.25,2025-05-26 00:45:04.558928,2025-05-26 00:45:17.471925,0 days 00:00:12.912997,AdamW,0.25186255486791953,,,0.00030871608309861605,,,,1,,,0.000353723044120924,,PRUNED
956,956,39.583333333333336,2025-05-26 00:45:17.531002,2025-05-26 00:45:26.455580,0 days 00:00:08.924578,AdamW,0.2604647541410783,,,0.0004483629623674248,,,,1,,,0.0013906690813760784,,PRUNED
957,957,52.083333333333336,2025-05-26 00:45:26.518415,2025-05-26 00:45:54.077249,0 days 00:00:27.558834,AdamW,0.24961700997244296,,,0.0003689454223756115,,,,1,,,0.0004598654989373363,,COMPLETE
958,958,41.666666666666664,2025-05-26 00:45:54.134480,2025-05-26 00:46:03.448074,0 days 00:00:09.313594,AdamW,0.3855697854163414,,,0.0007680556774466927,,,,3,,,0.0008929284031972446,,PRUNED
959,959,31.25,2025-05-26 00:46:03.504419,2025-05-26 00:46:12.869171,0 days 00:00:09.364752,Adam,0.07763614303885215,,0.0006419063913057223,,,,,2,,1.841220164942838,,,PRUNED
960,960,35.416666666666664,2025-05-26 00:46:12.929075,2025-05-26 00:46:21.373663,0 days 00:00:08.444588,AdamW,0.29146297856348147,,,0.000538489652632871,,,,0,,,0.000989256382148413,,PRUNED
961,961,45.833333333333336,2025-05-26 00:46:21.433638,2025-05-26 00:46:30.725948,0 days 00:00:09.292310,AdamW,0.02420536453574229,,,0.0001489700663109658,,,,1,,,0.0008085004166691006,,PRUNED
962,962,50.0,2025-05-26 00:46:30.783458,2025-05-26 00:46:40.144668,0 days 00:00:09.361210,AdamW,0.19844355401653424,,,0.0002939144747940737,,,,2,,,0.0013168606934464016,,PRUNED
963,963,52.083333333333336,2025-05-26 00:46:40.197883,2025-05-26 00:47:06.738189,0 days 00:00:26.540306,AdamW,0.05386970397369297,,,0.00042699397769479207,,,,1,,,0.00014639574140125567,,COMPLETE
964,964,33.333333333333336,2025-05-26 00:47:06.790568,2025-05-26 00:47:15.340669,0 days 00:00:08.550101,AdamW,0.19134352904206003,,,0.000660429250857338,,,,1,,,0.0008584405421498409,,PRUNED
965,965,60.416666666666664,2025-05-26 00:47:15.401319,2025-05-26 00:47:41.815740,0 days 00:00:26.414421,AdamW,0.26609481838886356,,,0.0004991551154689854,,,,1,,,0.001532743562634246,,COMPLETE
966,966,31.25,2025-05-26 00:47:41.871412,2025-05-26 00:47:51.317484,0 days 00:00:09.446072,AdamW,0.266064677384612,,,0.0006126499247410147,,,,1,,,0.00121792931430317,,PRUNED
967,967,33.333333333333336,2025-05-26 00:47:51.375168,2025-05-26 00:48:00.712601,0 days 00:00:09.337433,AdamW,0.11289827211401676,,,0.0009879615158561417,,,,1,,,0.0018743090237282284,,PRUNED
968,968,37.5,2025-05-26 00:48:00.769618,2025-05-26 00:48:09.764352,0 days 00:00:08.994734,AdamW,0.24129468243416072,,,0.0007454287894089726,,,,1,,,0.0016553784772533897,,PRUNED
969,969,33.333333333333336,2025-05-26 00:48:09.824354,2025-05-26 00:48:18.420416,0 days 00:00:08.596062,AdamW,0.2604713243419653,,,0.0004720259517222178,,,,0,,,0.001693957488811969,,PRUNED
970,970,39.583333333333336,2025-05-26 00:48:18.480137,2025-05-26 00:48:27.976411,0 days 00:00:09.496274,AdamW,0.2539708704360059,,,0.0005543998900926966,,,,2,,,0.0014402092044764505,,PRUNED
971,971,33.333333333333336,2025-05-26 00:48:28.034436,2025-05-26 00:48:37.192198,0 days 00:00:09.157762,AdamW,0.23584455251832992,,,0.0005486767865889012,,,,1,,,0.0015839369048372797,,PRUNED
972,972,31.25,2025-05-26 00:48:37.246018,2025-05-26 00:48:46.052530,0 days 00:00:08.806512,Adadelta,0.24574422496744774,0.01773902024633831,,,,,,3,1.7086767797114835,,,,PRUNED
973,973,39.583333333333336,2025-05-26 00:48:46.111619,2025-05-26 00:48:54.990216,0 days 00:00:08.878597,AdamW,0.27731049754032366,,,0.0004963952602783065,,,,2,,,0.001514165874549482,,PRUNED
974,974,29.166666666666668,2025-05-26 00:48:55.050098,2025-05-26 00:49:05.331658,0 days 00:00:10.281560,AdamW,0.12828809653510262,,,0.0006638202138165329,,,,1,,,0.0015014708274477954,,PRUNED
975,975,47.916666666666664,2025-05-26 00:49:05.389627,2025-05-26 00:49:14.511163,0 days 00:00:09.121536,AdamW,0.19001050255164417,,,0.00041077299115075343,,,,5,,,0.001773415790457125,,PRUNED
976,976,50.0,2025-05-26 00:49:14.564593,2025-05-26 00:49:41.130636,0 days 00:00:26.566043,AdamW,0.1846845852909672,,,0.000496774203983505,,,,1,,,0.0014924771740010088,,COMPLETE
977,977,33.333333333333336,2025-05-26 00:49:41.184942,2025-05-26 00:49:50.242415,0 days 00:00:09.057473,AdamW,0.1318809190384387,,,0.03473422116577573,,,,2,,,0.0018740012160057987,,PRUNED
978,978,33.333333333333336,2025-05-26 00:49:50.303953,2025-05-26 00:49:58.723714,0 days 00:00:08.419761,AdamW,0.2706947169692659,,,0.0007569271827254972,,,,1,,,0.0012725352944791923,,PRUNED
979,979,68.75,2025-05-26 00:49:58.784093,2025-05-26 00:50:25.374234,0 days 00:00:26.590141,AdamW,0.19565239113779648,,,0.00038766038206124333,,,,1,,,0.006250319485931633,,COMPLETE
980,980,35.416666666666664,2025-05-26 00:50:25.430313,2025-05-26 00:50:34.893427,0 days 00:00:09.463114,AdamW,0.20446069610751677,,,0.00035608766935776604,,,,1,,,0.007274857152897657,,PRUNED
981,981,,2025-05-26 00:50:34.951233,2025-05-26 00:50:44.066831,0 days 00:00:09.115598,SGD,0.1938628469494513,,,,5.946147442751813e-05,44.83727897533031,True,1,,,,0.052731590647566565,PRUNED
982,982,37.5,2025-05-26 00:50:44.119181,2025-05-26 00:50:53.063868,0 days 00:00:08.944687,AdamW,0.20859137960408192,,,0.000367547757066151,,,,1,,,0.007425978980879118,,PRUNED
983,983,41.666666666666664,2025-05-26 00:50:53.123790,2025-05-26 00:51:01.745539,0 days 00:00:08.621749,AdamW,0.19962766954255906,,,0.0004099993744818191,,,,1,,,0.00600695466976207,,PRUNED
984,984,45.833333333333336,2025-05-26 00:51:01.805363,2025-05-26 00:51:10.884152,0 days 00:00:09.078789,AdamW,0.1850790719915159,,,0.00012404705004246088,,,,1,,,0.00543425417782638,,PRUNED
985,985,66.66666666666667,2025-05-26 00:51:10.940865,2025-05-26 00:51:37.305528,0 days 00:00:26.364663,AdamW,0.22299091599168147,,,0.00031402164177836,,,,1,,,0.007769518698402953,,COMPLETE
986,986,33.333333333333336,2025-05-26 00:51:37.360620,2025-05-26 00:51:46.468437,0 days 00:00:09.107817,Adam,0.21581681114647897,,0.004799672694599944,,,,,1,,0.051059099541320166,,,PRUNED
987,987,41.666666666666664,2025-05-26 00:51:46.527021,2025-05-26 00:51:55.675468,0 days 00:00:09.148447,AdamW,0.23541811372342503,,,0.0002937204161574753,,,,1,,,0.006434323645617831,,PRUNED
988,988,41.666666666666664,2025-05-26 00:51:55.737211,2025-05-26 00:52:21.729545,0 days 00:00:25.992334,AdamW,0.22458746357724363,,,0.00025173178312045725,,,,1,,,0.006549939443357568,,COMPLETE
989,989,39.583333333333336,2025-05-26 00:52:21.785889,2025-05-26 00:52:30.376341,0 days 00:00:08.590452,AdamW,0.2203224692521774,,,0.00032015437850561234,,,,1,,,0.008569210784164076,,PRUNED
990,990,33.333333333333336,2025-05-26 00:52:30.437030,2025-05-26 00:52:39.979129,0 days 00:00:09.542099,AdamW,0.22473778170001213,,,0.00020688839855430194,,,,1,,,0.007948996404366936,,PRUNED
991,991,41.666666666666664,2025-05-26 00:52:40.036598,2025-05-26 00:52:49.284464,0 days 00:00:09.247866,AdamW,0.21946969493396076,,,0.00027109821747875354,,,,1,,,0.0077406734649786025,,PRUNED
992,992,37.5,2025-05-26 00:52:49.337647,2025-05-26 00:52:58.228212,0 days 00:00:08.890565,AdamW,0.20655926702626515,,,0.0003380120410165132,,,,1,,,0.007548758023808537,,PRUNED
993,993,43.75,2025-05-26 00:52:58.288094,2025-05-26 00:53:06.852325,0 days 00:00:08.564231,AdamW,0.23249417803360872,,,0.00017767383149680234,,,,1,,,0.007595355086018933,,PRUNED
994,994,37.5,2025-05-26 00:53:06.912690,2025-05-26 00:53:16.318560,0 days 00:00:09.405870,AdamW,0.2001163122685866,,,0.0003288034641421373,,,,1,,,0.00803177719205213,,PRUNED
995,995,43.75,2025-05-26 00:53:16.377664,2025-05-26 00:53:25.552972,0 days 00:00:09.175308,AdamW,0.2056361818175269,,,0.00026256815099095224,,,,1,,,0.008126648702515782,,PRUNED
996,996,45.833333333333336,2025-05-26 00:53:25.606748,2025-05-26 00:53:34.346008,0 days 00:00:08.739260,AdamW,0.2255420652358386,,,0.00029596673683545245,,,,1,,,0.006212682837281927,,PRUNED
997,997,43.75,2025-05-26 00:53:34.406421,2025-05-26 00:53:43.288363,0 days 00:00:08.881942,AdamW,0.2006992579227939,,,0.0002215664930313497,,,,1,,,0.008335351850139403,,PRUNED
998,998,33.333333333333336,2025-05-26 00:53:43.348634,2025-05-26 00:53:52.622655,0 days 00:00:09.274021,Adadelta,0.21777265656288225,0.2362609939205396,,,,,,4,45.782772029813664,,,,PRUNED
999,999,37.5,2025-05-26 00:53:52.678905,2025-05-26 00:54:01.835343,0 days 00:00:09.156438,AdamW,0.21183602715853173,,,0.00038320501103860565,,,,1,,,0.00689379440139523,,PRUNED
