,number,value,datetime_start,datetime_complete,duration,params_algorithm,params_dropout_rate,params_lr_Adadelta,params_lr_Adam,params_lr_AdamW,params_lr_SGD,params_momentum_SGD,params_nesterov_SGD,params_suggested_freeze,params_weight_decay_Adadelta,params_weight_decay_Adam,params_weight_decay_AdamW,params_weight_decay_SGD,state
0,0,33.333333333333336,2025-05-25 05:12:24.864512,2025-05-25 05:12:35.864595,0 days 00:00:11.000083,Adadelta,0.4753571532049581,0.017073967431528128,,,,,,11,29.154431891537552,,,,COMPLETE
1,1,37.5,2025-05-25 05:12:35.922395,2025-05-25 05:12:48.301062,0 days 00:00:12.378667,Adam,0.35403628889802274,,5.3370327626039544e-05,,,,,19,,0.05415244119402541,,,COMPLETE
2,2,29.166666666666668,2025-05-25 05:12:48.350623,2025-05-25 05:12:59.283070,0 days 00:00:10.932447,AdamW,0.2623782158161189,,,0.00014742753159914678,,,,9,,,0.0005404103854647331,,COMPLETE
3,3,33.333333333333336,2025-05-25 05:12:59.321840,2025-05-25 05:13:10.199233,0 days 00:00:10.877393,AdamW,0.3925879806965068,,,0.0026926469100861782,,,,14,,,0.00021930485556643703,,COMPLETE
4,4,33.333333333333336,2025-05-25 05:13:10.249914,2025-05-25 05:13:22.385767,0 days 00:00:12.135853,Adadelta,0.4744427686266666,5.456725485601478,,,,,,2,0.5762487216478605,,,,COMPLETE
5,5,52.083333333333336,2025-05-25 05:13:22.436785,2025-05-25 05:13:36.535369,0 days 00:00:14.098584,Adam,0.2475884550556351,,0.00017654048052495074,,,,,3,,1.2030178871154673,,,COMPLETE
6,6,33.333333333333336,2025-05-25 05:13:36.586584,2025-05-25 05:13:46.104245,0 days 00:00:09.517661,Adadelta,0.09242722776276352,2.463768595899747,,,,,,17,48.696409415209004,,,,COMPLETE
7,7,33.333333333333336,2025-05-25 05:13:46.154577,2025-05-25 05:14:00.825343,0 days 00:00:14.670766,AdamW,0.0979914312095726,,,0.02065142557895925,,,,2,,,0.0005170191786366995,,COMPLETE
8,8,37.5,2025-05-25 05:14:00.874718,2025-05-25 05:14:12.910765,0 days 00:00:12.036047,SGD,0.27134804157912423,,,,0.012273800987852962,0.5621564911890039,True,8,,,,0.06235377135673159,COMPLETE
9,9,33.333333333333336,2025-05-25 05:14:12.961164,2025-05-25 05:14:23.205577,0 days 00:00:10.244413,SGD,0.38563517334297287,,,,0.0031130959561221226,6.365199445099503,False,23,,,,0.2106648601704221,PRUNED
10,10,33.333333333333336,2025-05-25 05:14:23.232882,2025-05-25 05:14:33.222331,0 days 00:00:09.989449,Adam,0.0029985914779085965,,0.008677867436457916,,,,,30,,15.014564618033251,,,COMPLETE
11,11,29.166666666666668,2025-05-25 05:14:33.272238,2025-05-25 05:14:39.379489,0 days 00:00:06.107251,Adam,0.32347484927641995,,3.1260711108007855e-05,,,,,21,,0.031784244157476306,,,PRUNED
12,12,29.166666666666668,2025-05-25 05:14:39.413608,2025-05-25 05:14:44.222594,0 days 00:00:04.808986,Adam,0.1780456116674968,,7.687186129682777e-05,,,,,26,,0.263700662588761,,,PRUNED
13,13,39.583333333333336,2025-05-25 05:14:44.259359,2025-05-25 05:14:56.918718,0 days 00:00:12.659359,Adam,0.21355615281666585,,0.0003330093350773776,,,,,17,,1.6147487621964751,,,COMPLETE
14,14,35.416666666666664,2025-05-25 05:14:56.969059,2025-05-25 05:15:09.137660,0 days 00:00:12.168601,Adam,0.1738216710439381,,0.0009641958295232134,,,,,14,,4.361999801372571,,,COMPLETE
15,15,33.333333333333336,2025-05-25 05:15:09.184872,2025-05-25 05:15:22.803916,0 days 00:00:13.619044,Adam,0.1944592741769797,,0.0011399654597808386,,,,,5,,1.1615601662040336,,,COMPLETE
16,16,33.333333333333336,2025-05-25 05:15:22.843080,2025-05-25 05:15:35.893898,0 days 00:00:13.050818,Adam,0.2303454029449063,,0.0004768833467042744,,,,,0,,82.01599076242123,,,COMPLETE
17,17,35.416666666666664,2025-05-25 05:15:35.944066,2025-05-25 05:15:46.640403,0 days 00:00:10.696337,Adam,0.10592991582002781,,0.0003012247646880887,,,,,12,,0.8260710761458845,,,COMPLETE
18,18,,2025-05-25 05:15:46.685979,2025-05-25 05:15:52.252761,0 days 00:00:05.566782,SGD,0.30922478699919376,,,,3.908443370991221e-05,97.4924546650071,False,6,,,,25.319619734613873,PRUNED
19,19,33.333333333333336,2025-05-25 05:15:52.290249,2025-05-25 05:16:04.889234,0 days 00:00:12.598985,Adam,0.2235277002969614,,0.08525986234166626,,,,,25,,5.384071515998923,,,COMPLETE
20,20,27.083333333333332,2025-05-25 05:16:04.938924,2025-05-25 05:16:09.722955,0 days 00:00:04.784031,Adam,0.13788403882202435,,1.1706679618278217e-05,,,,,19,,0.23039739513107133,,,PRUNED
21,21,27.083333333333332,2025-05-25 05:16:09.756628,2025-05-25 05:16:22.414839,0 days 00:00:12.658211,Adam,0.36073499568272394,,9.732654303123127e-05,,,,,17,,0.04736319289981568,,,COMPLETE
22,22,41.666666666666664,2025-05-25 05:16:22.478992,2025-05-25 05:16:33.018718,0 days 00:00:10.539726,Adam,0.30132179090606526,,0.000141196640363914,,,,,20,,0.8013518705510608,,,COMPLETE
23,23,33.333333333333336,2025-05-25 05:16:33.068767,2025-05-25 05:16:45.630236,0 days 00:00:12.561469,Adam,0.2735611329610561,,0.00015735561829238414,,,,,21,,0.9181915511704529,,,COMPLETE
24,24,33.333333333333336,2025-05-25 05:16:45.680163,2025-05-25 05:16:55.374981,0 days 00:00:09.694818,Adam,0.3015145756374827,,0.002734972446722128,,,,,28,,3.15099878527756,,,COMPLETE
25,25,33.333333333333336,2025-05-25 05:16:55.424566,2025-05-25 05:17:05.369387,0 days 00:00:09.944821,Adam,0.4165880282790245,,0.00024007302963576348,,,,,16,,0.30178064038428276,,,PRUNED
26,26,33.333333333333336,2025-05-25 05:17:05.406080,2025-05-25 05:17:16.574767,0 days 00:00:11.168687,AdamW,0.20048311882612463,,,1.6462494656141686e-05,,,,12,,,0.00978075905358462,,COMPLETE
27,27,33.333333333333336,2025-05-25 05:17:16.625374,2025-05-25 05:17:24.412066,0 days 00:00:07.786692,SGD,0.14733218300974946,,,,1.8001158293361365e-05,68.54278835088991,True,23,,,,90.04727869618729,PRUNED
28,28,33.333333333333336,2025-05-25 05:17:24.447213,2025-05-25 05:17:34.066568,0 days 00:00:09.619355,Adadelta,0.2339528640710009,84.18841767904223,,,,,,20,0.014236305881279616,,,,PRUNED
29,29,27.083333333333332,2025-05-25 05:17:34.100065,2025-05-25 05:17:41.674718,0 days 00:00:07.574653,Adadelta,0.046525854755602225,0.0163326397242079,,,,,,10,0.010094931633979147,,,,PRUNED
30,30,33.333333333333336,2025-05-25 05:17:41.710030,2025-05-25 05:17:49.948665,0 days 00:00:08.238635,Adam,0.431437086360815,,2.339484639506941e-05,,,,,15,,14.964549037785341,,,PRUNED
31,31,33.333333333333336,2025-05-25 05:17:49.986717,2025-05-25 05:17:59.564942,0 days 00:00:09.578225,Adam,0.3452354285306122,,5.765222660366239e-05,,,,,18,,0.014805849264902488,,,COMPLETE
32,32,37.5,2025-05-25 05:17:59.604952,2025-05-25 05:18:12.192787,0 days 00:00:12.587835,Adam,0.29492911754624995,,0.00013372501428914556,,,,,22,,0.07194964246699825,,,COMPLETE
33,33,33.333333333333336,2025-05-25 05:18:12.243607,2025-05-25 05:18:23.354227,0 days 00:00:11.110620,Adam,0.25689266590150933,,0.0005410127070272793,,,,,25,,2.4578359559478544,,,COMPLETE
34,34,33.333333333333336,2025-05-25 05:18:23.391962,2025-05-25 05:18:28.677259,0 days 00:00:05.285297,AdamW,0.35109830050646784,,,0.09946126450457445,,,,14,,,0.0045448386073854916,,PRUNED
35,35,33.333333333333336,2025-05-25 05:18:28.706002,2025-05-25 05:18:36.265076,0 days 00:00:07.559074,Adam,0.32959845104178465,,4.8734984220654607e-05,,,,,19,,0.12552562288275543,,,COMPLETE
36,36,35.416666666666664,2025-05-25 05:18:36.315402,2025-05-25 05:18:48.935684,0 days 00:00:12.620282,Adadelta,0.4986801883039284,0.18196467231102068,,,,,,13,0.5979116257704502,,,,COMPLETE
37,37,41.666666666666664,2025-05-25 05:18:48.986269,2025-05-25 05:19:00.759998,0 days 00:00:11.773729,AdamW,0.3767869752235491,,,0.0006361226904953428,,,,17,,,0.00010184640884966879,,COMPLETE
38,38,33.333333333333336,2025-05-25 05:19:00.807725,2025-05-25 05:19:11.399005,0 days 00:00:10.591280,AdamW,0.4392854451333647,,,0.0005516789129968933,,,,16,,,0.00013322396156587648,,COMPLETE
39,39,47.916666666666664,2025-05-25 05:19:11.446477,2025-05-25 05:19:21.759335,0 days 00:00:10.312858,AdamW,0.37804229836266623,,,7.811352829507415e-05,,,,11,,,0.0015860512586638492,,COMPLETE
40,40,50.0,2025-05-25 05:19:21.809118,2025-05-25 05:19:34.848260,0 days 00:00:13.039142,AdamW,0.4000508766094699,,,4.1893596862210494e-05,,,,7,,,0.0019624477360769593,,COMPLETE
41,41,54.166666666666664,2025-05-25 05:19:34.898891,2025-05-25 05:19:44.477681,0 days 00:00:09.578790,AdamW,0.3833949466139803,,,4.014561978607267e-05,,,,7,,,0.001757554333451538,,COMPLETE
42,42,39.583333333333336,2025-05-25 05:19:44.515528,2025-05-25 05:19:54.155072,0 days 00:00:09.639544,AdamW,0.45679536157746486,,,2.6764015585258727e-05,,,,7,,,0.002017967186066283,,COMPLETE
43,43,54.166666666666664,2025-05-25 05:19:54.204581,2025-05-25 05:20:08.482420,0 days 00:00:14.277839,AdamW,0.4054210964349363,,,0.00012041490311410282,,,,4,,,0.0017276062279176514,,COMPLETE
44,44,62.5,2025-05-25 05:20:08.529917,2025-05-25 05:20:21.441651,0 days 00:00:12.911734,AdamW,0.4013289521192077,,,7.227237745894655e-05,,,,4,,,0.0017497746295945455,,COMPLETE
45,45,58.333333333333336,2025-05-25 05:20:21.506229,2025-05-25 05:20:36.208796,0 days 00:00:14.702567,AdamW,0.4027350596901491,,,7.088424862840444e-05,,,,4,,,0.0022746995002867485,,COMPLETE
46,46,43.75,2025-05-25 05:20:36.260393,2025-05-25 05:20:50.934022,0 days 00:00:14.673629,AdamW,0.4101320728802785,,,0.00015650562583064098,,,,4,,,0.003429096987927951,,COMPLETE
47,47,45.833333333333336,2025-05-25 05:20:50.983985,2025-05-25 05:21:05.268541,0 days 00:00:14.284556,AdamW,0.47033792604351743,,,0.00013945123149732778,,,,3,,,0.0009690634019643146,,COMPLETE
48,48,33.333333333333336,2025-05-25 05:21:05.318440,2025-05-25 05:21:16.862979,0 days 00:00:11.544539,AdamW,0.4994316460754328,,,1.0441252608442617e-05,,,,1,,,0.0012338714720202908,,PRUNED
49,49,31.25,2025-05-25 05:21:16.904509,2025-05-25 05:21:22.962585,0 days 00:00:06.058076,AdamW,0.4449154028095889,,,4.517663752843518e-05,,,,3,,,0.0031665039430069024,,PRUNED
50,50,39.583333333333336,2025-05-25 05:21:22.996534,2025-05-25 05:21:35.412135,0 days 00:00:12.415601,AdamW,0.4226075160012001,,,0.0003195647942689299,,,,9,,,0.0007811805358133069,,COMPLETE
51,51,50.0,2025-05-25 05:21:35.460123,2025-05-25 05:21:48.231677,0 days 00:00:12.771554,AdamW,0.40206278695794073,,,4.545811173442922e-05,,,,6,,,0.0020155396836601747,,COMPLETE
52,52,58.333333333333336,2025-05-25 05:21:48.281986,2025-05-25 05:22:02.755066,0 days 00:00:14.473080,AdamW,0.39390512652164184,,,5.183899822932672e-05,,,,5,,,0.0023594879199339974,,COMPLETE
53,53,47.916666666666664,2025-05-25 05:22:02.805121,2025-05-25 05:22:17.294458,0 days 00:00:14.489337,AdamW,0.3859127355239573,,,7.487409896260576e-05,,,,1,,,0.002834797829031971,,COMPLETE
54,54,27.083333333333332,2025-05-25 05:22:17.345247,2025-05-25 05:22:27.143555,0 days 00:00:09.798308,AdamW,0.3639500422757762,,,0.002204969618691615,,,,4,,,0.005321463016865182,,PRUNED
55,55,62.5,2025-05-25 05:22:27.177779,2025-05-25 05:22:39.802452,0 days 00:00:12.624673,AdamW,0.47080327632215885,,,2.5245419900424137e-05,,,,5,,,0.0014621812894350153,,COMPLETE
56,56,50.0,2025-05-25 05:22:39.849038,2025-05-25 05:22:53.063451,0 days 00:00:13.214413,AdamW,0.4749033652761307,,,2.4163164440931174e-05,,,,5,,,0.0014336481868594262,,COMPLETE
57,57,33.333333333333336,2025-05-25 05:22:53.113122,2025-05-25 05:22:58.493156,0 days 00:00:05.380034,AdamW,0.45373919973505344,,,8.995869771921078e-05,,,,8,,,0.0023341141276853523,,PRUNED
58,58,56.25,2025-05-25 05:22:58.529429,2025-05-25 05:23:09.945035,0 days 00:00:11.415606,AdamW,0.32538064885073287,,,2.8351137448144202e-05,,,,0,,,0.0011490392396117926,,COMPLETE
59,59,,2025-05-25 05:23:09.995711,2025-05-25 05:23:15.646248,0 days 00:00:05.650537,SGD,0.3366413604433703,,,,0.08966166158884115,47.422449209730935,True,0,,,,2.746232834476269,PRUNED
60,60,37.5,2025-05-25 05:23:15.679319,2025-05-25 05:23:29.109475,0 days 00:00:13.430156,AdamW,0.36506092586747907,,,1.7397626284616147e-05,,,,2,,,0.0009990289967455436,,COMPLETE
61,61,50.0,2025-05-25 05:23:29.159936,2025-05-25 05:23:43.467113,0 days 00:00:14.307177,AdamW,0.39218495908624906,,,4.6355421227384955e-05,,,,5,,,0.0014561932016835504,,COMPLETE
62,62,52.083333333333336,2025-05-25 05:23:43.517373,2025-05-25 05:23:55.595110,0 days 00:00:12.077737,AdamW,0.4167440133699792,,,4.145711679125455e-05,,,,4,,,0.0016780925879041847,,COMPLETE
63,63,31.25,2025-05-25 05:23:55.642901,2025-05-25 05:24:01.062170,0 days 00:00:05.419269,AdamW,0.32141584283547353,,,2.0561608774276034e-05,,,,2,,,0.001197384543961218,,PRUNED
64,64,60.416666666666664,2025-05-25 05:24:01.096104,2025-05-25 05:24:14.911688,0 days 00:00:13.815584,AdamW,0.43414892281808354,,,0.00024825728707941015,,,,6,,,0.00266668140613554,,COMPLETE
65,65,39.583333333333336,2025-05-25 05:24:14.957648,2025-05-25 05:24:26.608123,0 days 00:00:11.650475,AdamW,0.4383560601631973,,,1.0947357574967845e-05,,,,6,,,0.0026736413357428793,,COMPLETE
66,66,29.166666666666668,2025-05-25 05:24:26.658202,2025-05-25 05:24:32.784712,0 days 00:00:06.126510,AdamW,0.45636188607470485,,,0.00023077720632584128,,,,8,,,0.0006477942869311065,,PRUNED
67,67,33.333333333333336,2025-05-25 05:24:32.822338,2025-05-25 05:24:38.221128,0 days 00:00:05.398790,AdamW,0.479735801090465,,,7.241546807476957e-05,,,,7,,,0.0039814861584243025,,PRUNED
68,68,33.333333333333336,2025-05-25 05:24:38.246927,2025-05-25 05:24:41.673387,0 days 00:00:03.426460,SGD,0.42702533820897676,,,,0.0003048968591961953,39.47777954482088,False,9,,,,0.012336726198866431,PRUNED
69,69,33.333333333333336,2025-05-25 05:24:41.699245,2025-05-25 05:24:45.467212,0 days 00:00:03.767967,Adadelta,0.2792786383681448,73.7299211254299,,,,,,0,8.396148259479292,,,,PRUNED
70,70,56.25,2025-05-25 05:24:45.496100,2025-05-25 05:24:56.800242,0 days 00:00:11.304142,AdamW,0.3658487037293443,,,2.844558576546198e-05,,,,1,,,0.0024571460386901872,,COMPLETE
71,71,33.333333333333336,2025-05-25 05:24:56.850214,2025-05-25 05:25:05.070006,0 days 00:00:08.219792,AdamW,0.37853496999898406,,,3.2541820279516416e-05,,,,1,,,0.0024050717692522664,,PRUNED
72,72,60.416666666666664,2025-05-25 05:25:05.110271,2025-05-25 05:25:16.668260,0 days 00:00:11.557989,AdamW,0.35210683580113106,,,6.562148761650005e-05,,,,3,,,0.0022955626480305356,,COMPLETE
73,73,56.25,2025-05-25 05:25:16.706682,2025-05-25 05:25:24.659019,0 days 00:00:07.952337,AdamW,0.3544374330404029,,,6.576600378865699e-05,,,,3,,,0.0025136046918524707,,COMPLETE
74,74,47.916666666666664,2025-05-25 05:25:24.697182,2025-05-25 05:25:36.034082,0 days 00:00:11.336900,AdamW,0.3365104138124555,,,0.0002196114391677589,,,,2,,,0.0033020390809312718,,COMPLETE
75,75,45.833333333333336,2025-05-25 05:25:36.084202,2025-05-25 05:25:50.858908,0 days 00:00:14.774706,AdamW,0.32007954198791283,,,2.037738560234762e-05,,,,1,,,0.005598987486349543,,COMPLETE
76,76,56.25,2025-05-25 05:25:50.909024,2025-05-25 05:26:05.336015,0 days 00:00:14.426991,AdamW,0.36565240139705696,,,8.719089707634195e-05,,,,5,,,0.0012148792480743656,,COMPLETE
77,77,54.166666666666664,2025-05-25 05:26:05.386474,2025-05-25 05:26:20.083726,0 days 00:00:14.697252,AdamW,0.4004895928261692,,,0.0004127678194493361,,,,3,,,0.0004425547975044844,,COMPLETE
78,78,33.333333333333336,2025-05-25 05:26:20.135261,2025-05-25 05:26:28.332247,0 days 00:00:08.196986,AdamW,0.3458112244898179,,,0.0012040409060669714,,,,0,,,0.0022401319393692016,,PRUNED
79,79,,2025-05-25 05:26:28.366643,2025-05-25 05:26:33.985772,0 days 00:00:05.619129,SGD,0.2893112816556556,,,,0.0004065594461285843,96.93992695377634,True,5,,,,3.281328900824506,PRUNED
80,80,33.333333333333336,2025-05-25 05:26:34.019553,2025-05-25 05:26:47.938865,0 days 00:00:13.919312,Adadelta,0.30985168031741595,0.21253531748853383,,,,,,6,0.09847742976508565,,,,COMPLETE
81,81,52.083333333333336,2025-05-25 05:26:47.989478,2025-05-25 05:27:02.764851,0 days 00:00:14.775373,AdamW,0.3528769558457036,,,5.8895417884884077e-05,,,,3,,,0.0025322448534830237,,COMPLETE
82,82,37.5,2025-05-25 05:27:02.815473,2025-05-25 05:27:12.071406,0 days 00:00:09.255933,AdamW,0.36916349893941053,,,2.6063501318541178e-05,,,,2,,,0.0027973119135948975,,PRUNED
83,83,56.25,2025-05-25 05:27:12.105949,2025-05-25 05:27:25.636260,0 days 00:00:13.530311,AdamW,0.41601620482042906,,,0.00011810579052064551,,,,3,,,0.003672109530995934,,COMPLETE
84,84,58.333333333333336,2025-05-25 05:27:25.674391,2025-05-25 05:27:35.713599,0 days 00:00:10.039208,AdamW,0.391838935516397,,,6.728904686374283e-05,,,,4,,,0.0020037728359128012,,COMPLETE
85,85,33.333333333333336,2025-05-25 05:27:35.763961,2025-05-25 05:27:43.874199,0 days 00:00:08.110238,AdamW,0.430618244795614,,,0.013076917398920904,,,,4,,,0.0018126917871639947,,PRUNED
86,86,50.0,2025-05-25 05:27:43.914495,2025-05-25 05:27:58.723857,0 days 00:00:14.809362,AdamW,0.3947098360657533,,,3.437691357213039e-05,,,,1,,,0.0014630079325973018,,COMPLETE
87,87,29.166666666666668,2025-05-25 05:27:58.774606,2025-05-25 05:28:05.214927,0 days 00:00:06.440321,AdamW,0.46422555255795755,,,0.00017470547121737308,,,,6,,,0.0018274061423445775,,PRUNED
88,88,27.083333333333332,2025-05-25 05:28:05.248757,2025-05-25 05:28:11.369853,0 days 00:00:06.121096,AdamW,0.44362911584042486,,,1.2846116444408964e-05,,,,31,,,0.0021622005689271103,,PRUNED
89,89,56.25,2025-05-25 05:28:11.407767,2025-05-25 05:28:26.255550,0 days 00:00:14.847783,AdamW,0.4125312893499044,,,0.00011510557598430157,,,,2,,,0.0042103098693464045,,COMPLETE
90,90,56.25,2025-05-25 05:28:26.306329,2025-05-25 05:28:40.371264,0 days 00:00:14.064935,AdamW,0.37481750934217706,,,4.9587744342607304e-05,,,,5,,,0.0008682292159634504,,COMPLETE
91,91,45.833333333333336,2025-05-25 05:28:40.425055,2025-05-25 05:28:55.424775,0 days 00:00:14.999720,AdamW,0.35574850354310766,,,7.739612523791999e-05,,,,4,,,0.002062715023981142,,COMPLETE
92,92,54.166666666666664,2025-05-25 05:28:55.475593,2025-05-25 05:29:10.283335,0 days 00:00:14.807742,AdamW,0.4885854710207717,,,6.367027651110522e-05,,,,3,,,0.0028540830992597856,,COMPLETE
93,93,33.333333333333336,2025-05-25 05:29:10.334096,2025-05-25 05:29:18.368232,0 days 00:00:08.034136,AdamW,0.38852889986519956,,,3.070008612377223e-05,,,,0,,,0.0013699756300913208,,PRUNED
94,94,43.75,2025-05-25 05:29:18.408948,2025-05-25 05:29:33.189677,0 days 00:00:14.780729,AdamW,0.34047513690294207,,,6.213189501503252e-05,,,,2,,,0.003103318613825822,,COMPLETE
95,95,33.333333333333336,2025-05-25 05:29:33.240005,2025-05-25 05:29:41.097920,0 days 00:00:07.857915,AdamW,0.3940750263044653,,,1.520811512632174e-05,,,,3,,,0.0017195239630709974,,PRUNED
96,96,31.25,2025-05-25 05:29:41.128387,2025-05-25 05:29:44.896575,0 days 00:00:03.768188,AdamW,0.4240322859985609,,,0.00010533138602834357,,,,1,,,0.002401421109554761,,PRUNED
97,97,33.333333333333336,2025-05-25 05:29:44.936729,2025-05-25 05:29:53.122126,0 days 00:00:08.185397,Adadelta,0.31341082987156593,14.712655582467917,,,,,,4,3.9656030001495144,,,,PRUNED
98,98,47.916666666666664,2025-05-25 05:29:53.162121,2025-05-25 05:30:03.779514,0 days 00:00:10.617393,AdamW,0.33130253249144137,,,3.2065176707735953e-05,,,,7,,,0.0020002365094653816,,COMPLETE
99,99,31.25,2025-05-25 05:30:03.817023,2025-05-25 05:30:08.188157,0 days 00:00:04.371134,AdamW,0.35807733622412846,,,5.179449037883421e-05,,,,10,,,0.001555977200017561,,PRUNED
100,100,,2025-05-25 05:30:08.226210,2025-05-25 05:30:14.594682,0 days 00:00:06.368472,SGD,0.3826572131754404,,,,0.05532044248245823,26.84567938800118,False,5,,,,0.3496320949987715,PRUNED
101,101,33.333333333333336,2025-05-25 05:30:14.628146,2025-05-25 05:30:22.097574,0 days 00:00:07.469428,AdamW,0.40710299743968953,,,8.786888733464307e-05,,,,8,,,0.0011820305210604846,,PRUNED
102,102,58.333333333333336,2025-05-25 05:30:22.131924,2025-05-25 05:30:29.950545,0 days 00:00:07.818621,AdamW,0.36425228081546973,,,0.0001568016813237768,,,,6,,,0.0013507432869437526,,COMPLETE
103,103,56.25,2025-05-25 05:30:29.989781,2025-05-25 05:30:38.948316,0 days 00:00:08.958535,AdamW,0.37365809787942267,,,0.00016579782817959044,,,,6,,,0.0010533794359172696,,COMPLETE
104,104,43.75,2025-05-25 05:30:38.997573,2025-05-25 05:30:47.593903,0 days 00:00:08.596330,AdamW,0.35440411969062013,,,3.8983983345734805e-05,,,,4,,,0.0021730792196861764,,COMPLETE
105,105,41.666666666666664,2025-05-25 05:30:47.631496,2025-05-25 05:30:56.204271,0 days 00:00:08.572775,AdamW,0.4356162434111274,,,0.00026229829889525306,,,,2,,,0.0016782547450688722,,COMPLETE
106,106,31.25,2025-05-25 05:30:56.241400,2025-05-25 05:30:59.232934,0 days 00:00:02.991534,AdamW,0.4505325758708999,,,2.50017367701437e-05,,,,3,,,0.0026558012694188854,,PRUNED
107,107,33.333333333333336,2025-05-25 05:30:59.258624,2025-05-25 05:31:03.001453,0 days 00:00:03.742829,AdamW,0.34498866219657004,,,0.00015238434915912624,,,,6,,,0.0013244129584410401,,PRUNED
108,108,56.25,2025-05-25 05:31:03.030388,2025-05-25 05:31:15.516074,0 days 00:00:12.485686,AdamW,0.40290085538251297,,,6.16825806298943e-05,,,,5,,,0.0019183109666925941,,COMPLETE
109,109,41.666666666666664,2025-05-25 05:31:15.567090,2025-05-25 05:31:27.308382,0 days 00:00:11.741292,AdamW,0.4625532707072922,,,0.0005902054168796965,,,,1,,,0.00519407261920124,,COMPLETE
110,110,25.0,2025-05-25 05:31:27.346392,2025-05-25 05:31:30.422344,0 days 00:00:03.075952,AdamW,0.38804697644405617,,,1.9091523582413252e-05,,,,7,,,0.0034260987779578377,,PRUNED
111,111,56.25,2025-05-25 05:31:30.448831,2025-05-25 05:31:38.637493,0 days 00:00:08.188662,AdamW,0.3605987622557802,,,9.622045031251996e-05,,,,5,,,0.0010823379413771516,,COMPLETE
112,112,52.083333333333336,2025-05-25 05:31:38.688277,2025-05-25 05:31:53.466239,0 days 00:00:14.777962,AdamW,0.3684259900836606,,,8.202319318443866e-05,,,,4,,,0.0008770467700433567,,COMPLETE
113,113,33.333333333333336,2025-05-25 05:31:53.518805,2025-05-25 05:32:00.953142,0 days 00:00:07.434337,AdamW,0.36938114704434893,,,4.425290095480943e-05,,,,8,,,0.0012811526843605429,,PRUNED
114,114,58.333333333333336,2025-05-25 05:32:00.987659,2025-05-25 05:32:15.335839,0 days 00:00:14.348180,AdamW,0.324983495592363,,,0.0001267590753609092,,,,5,,,0.0015063405890896877,,COMPLETE
115,115,43.75,2025-05-25 05:32:15.386517,2025-05-25 05:32:30.304660,0 days 00:00:14.918143,AdamW,0.32588963664452686,,,0.00013503381706375303,,,,0,,,0.001573223359826247,,COMPLETE
116,116,33.333333333333336,2025-05-25 05:32:30.355234,2025-05-25 05:32:38.521374,0 days 00:00:08.166140,AdamW,0.29896930136381916,,,5.5741864842504686e-05,,,,4,,,0.00237683612775824,,PRUNED
117,117,50.0,2025-05-25 05:32:38.561969,2025-05-25 05:32:52.349676,0 days 00:00:13.787707,AdamW,0.4219657367082886,,,0.00035815219684355625,,,,6,,,0.0029472579842910887,,COMPLETE
118,118,33.333333333333336,2025-05-25 05:32:52.401041,2025-05-25 05:33:00.550089,0 days 00:00:08.149048,Adadelta,0.016800621666295867,0.3482736211922678,,,,,,3,0.11951029519518513,,,,PRUNED
119,119,50.0,2025-05-25 05:33:00.590543,2025-05-25 05:33:15.322892,0 days 00:00:14.732349,AdamW,0.28541712489430066,,,0.00021332894436584988,,,,2,,,0.001888268944115586,,COMPLETE
120,120,,2025-05-25 05:33:15.373204,2025-05-25 05:33:21.873470,0 days 00:00:06.500266,SGD,0.3467768558148574,,,,0.0001253013967911842,68.32140741555789,False,1,,,,0.011195674574992726,PRUNED
121,121,52.083333333333336,2025-05-25 05:33:21.908627,2025-05-25 05:33:36.202105,0 days 00:00:14.293478,AdamW,0.38656235682078605,,,0.00010649622611325584,,,,5,,,0.001209772761159361,,COMPLETE
122,122,43.75,2025-05-25 05:33:36.253180,2025-05-25 05:33:48.857335,0 days 00:00:12.604155,AdamW,0.31644934155394555,,,7.940174942336465e-05,,,,5,,,0.0014770715317285953,,COMPLETE
123,123,33.333333333333336,2025-05-25 05:33:48.908975,2025-05-25 05:33:56.851243,0 days 00:00:07.942268,AdamW,0.33448797009781855,,,3.784851217627022e-05,,,,6,,,0.002240827538731427,,PRUNED
124,124,43.75,2025-05-25 05:33:56.890267,2025-05-25 05:34:11.126131,0 days 00:00:14.235864,AdamW,0.37994253172983633,,,0.0001320357797019796,,,,4,,,0.0026146109242928236,,COMPLETE
125,125,45.833333333333336,2025-05-25 05:34:11.177496,2025-05-25 05:34:25.731531,0 days 00:00:14.554035,AdamW,0.2624643014501108,,,6.88427402279173e-05,,,,3,,,0.00017926215471539422,,COMPLETE
126,126,33.333333333333336,2025-05-25 05:34:25.782526,2025-05-25 05:34:31.160127,0 days 00:00:05.377601,AdamW,0.3971929706346494,,,0.07004646124294021,,,,7,,,0.0006903561978404162,,PRUNED
127,127,33.333333333333336,2025-05-25 05:34:31.194825,2025-05-25 05:34:39.223011,0 days 00:00:08.028186,AdamW,0.3659435150597756,,,2.464484951470665e-05,,,,5,,,0.0016671402382782271,,PRUNED
128,128,47.916666666666664,2025-05-25 05:34:39.258181,2025-05-25 05:34:53.347737,0 days 00:00:14.089556,AdamW,0.4083961711609366,,,5.088391880426547e-05,,,,2,,,0.0011339936878438754,,COMPLETE
129,129,52.083333333333336,2025-05-25 05:34:53.399522,2025-05-25 05:35:06.592081,0 days 00:00:13.192559,AdamW,0.3531814642952234,,,9.39239673757243e-05,,,,4,,,0.0013490389456530824,,COMPLETE
130,130,31.25,2025-05-25 05:35:06.643671,2025-05-25 05:35:12.758439,0 days 00:00:06.114768,AdamW,0.3045312320323382,,,0.000185556803122601,,,,9,,,0.001989724290899878,,PRUNED
131,131,52.083333333333336,2025-05-25 05:35:12.797372,2025-05-25 05:35:26.015225,0 days 00:00:13.217853,AdamW,0.4132900351737714,,,0.0001237903027777731,,,,3,,,0.0038550093393994967,,COMPLETE
132,132,47.916666666666664,2025-05-25 05:35:26.063639,2025-05-25 05:35:40.896138,0 days 00:00:14.832499,AdamW,0.4844594541864569,,,0.0001076566749811017,,,,4,,,0.0035701754057006424,,COMPLETE
133,133,33.333333333333336,2025-05-25 05:35:40.948048,2025-05-25 05:35:46.157391,0 days 00:00:05.209343,AdamW,0.4223162577438303,,,0.0010086050826242786,,,,3,,,0.004827494403981617,,PRUNED
134,134,33.333333333333336,2025-05-25 05:35:46.183952,2025-05-25 05:35:51.409096,0 days 00:00:05.225144,AdamW,0.395220954268722,,,6.914307417215175e-05,,,,5,,,0.0009297057108133605,,PRUNED
135,135,43.75,2025-05-25 05:35:51.449691,2025-05-25 05:36:05.760915,0 days 00:00:14.311224,AdamW,0.24279824945906783,,,0.00028767999154167753,,,,2,,,0.003034323669947873,,COMPLETE
136,136,35.416666666666664,2025-05-25 05:36:05.799738,2025-05-25 05:36:12.570728,0 days 00:00:06.770990,AdamW,0.43343330469983776,,,1.4958074260352428e-05,,,,6,,,0.006957374105247663,,PRUNED
137,137,45.833333333333336,2025-05-25 05:36:12.610746,2025-05-25 05:36:25.814048,0 days 00:00:13.203302,AdamW,0.3771427177392255,,,3.203386361884327e-05,,,,1,,,0.002514933786075342,,COMPLETE
138,138,33.333333333333336,2025-05-25 05:36:25.852288,2025-05-25 05:36:30.003619,0 days 00:00:04.151331,AdamW,0.32773327093689164,,,4.5973502404792385e-05,,,,3,,,0.0020737884366521415,,PRUNED
139,139,45.833333333333336,2025-05-25 05:36:30.044532,2025-05-25 05:36:42.870889,0 days 00:00:12.826357,Adadelta,0.4473599685166398,0.05811541117049129,,,,,,7,4.225758375203358,,,,COMPLETE
140,140,33.333333333333336,2025-05-25 05:36:42.909465,2025-05-25 05:36:47.249985,0 days 00:00:04.340520,AdamW,0.41147533105651174,,,0.004771265587167338,,,,4,,,0.0014999557667582859,,PRUNED
141,141,31.25,2025-05-25 05:36:47.285348,2025-05-25 05:36:53.826193,0 days 00:00:06.540845,AdamW,0.40568270310583404,,,0.00013883153310518035,,,,2,,,0.0037070060933771035,,PRUNED
142,142,33.333333333333336,2025-05-25 05:36:53.861228,2025-05-25 05:36:58.731327,0 days 00:00:04.870099,AdamW,0.4142242081605988,,,0.00010926361699403735,,,,0,,,0.006590530989578881,,PRUNED
143,143,54.166666666666664,2025-05-25 05:36:58.757729,2025-05-25 05:37:06.366632,0 days 00:00:07.608903,AdamW,0.36080193660856424,,,0.0001932859222778416,,,,2,,,0.0041689323034061355,,COMPLETE
144,144,33.333333333333336,2025-05-25 05:37:06.417912,2025-05-25 05:37:11.237692,0 days 00:00:04.819780,AdamW,0.38744873990840534,,,7.640278090602515e-05,,,,3,,,0.00176002218089048,,PRUNED
145,145,54.166666666666664,2025-05-25 05:37:11.270558,2025-05-25 05:37:19.979913,0 days 00:00:08.709355,AdamW,0.3403978772943261,,,5.682074892665279e-05,,,,1,,,0.003184404784282263,,COMPLETE
146,146,47.916666666666664,2025-05-25 05:37:20.022992,2025-05-25 05:37:31.302767,0 days 00:00:11.279775,AdamW,0.3718551480137859,,,8.84885751220449e-05,,,,6,,,0.002248463525423644,,COMPLETE
147,147,,2025-05-25 05:37:31.355360,2025-05-25 05:37:36.934263,0 days 00:00:05.578903,SGD,0.4293216435393631,,,,0.002502126729293752,75.50607374845207,True,4,,,,12.062433044652332,PRUNED
148,148,33.333333333333336,2025-05-25 05:37:36.969733,2025-05-25 05:37:41.363148,0 days 00:00:04.393415,Adam,0.3962441541811481,,0.059138146319852765,,,,,5,,77.94781942834034,,,PRUNED
149,149,33.333333333333336,2025-05-25 05:37:41.389334,2025-05-25 05:37:44.282533,0 days 00:00:02.893199,AdamW,0.4680498972750672,,,0.00012090172392618721,,,,3,,,0.004525449236001021,,PRUNED
150,150,33.333333333333336,2025-05-25 05:37:44.308443,2025-05-25 05:37:47.200817,0 days 00:00:02.892374,AdamW,0.44073201660518785,,,2.772757527571674e-05,,,,0,,,0.0027535265089506052,,PRUNED
151,151,22.916666666666668,2025-05-25 05:37:47.226737,2025-05-25 05:37:50.058777,0 days 00:00:02.832040,AdamW,0.37845370245366816,,,3.884370208863483e-05,,,,5,,,0.0009224494096038687,,PRUNED
152,152,33.333333333333336,2025-05-25 05:37:50.088991,2025-05-25 05:37:52.985239,0 days 00:00:02.896248,AdamW,0.3608579870067445,,,5.080855780653052e-05,,,,5,,,0.000855362392396205,,PRUNED
153,153,27.083333333333332,2025-05-25 05:37:53.014395,2025-05-25 05:37:55.930986,0 days 00:00:02.916591,AdamW,0.3743818461769791,,,2.0815820908680347e-05,,,,27,,,0.0018477016608071353,,PRUNED
154,154,33.333333333333336,2025-05-25 05:37:55.956948,2025-05-25 05:37:59.885255,0 days 00:00:03.928307,AdamW,0.348832566821496,,,6.457119936846956e-05,,,,4,,,0.0007972685187056996,,PRUNED
155,155,33.333333333333336,2025-05-25 05:37:59.926335,2025-05-25 05:38:06.254108,0 days 00:00:06.327773,AdamW,0.38937800395552463,,,9.000711635339469e-05,,,,6,,,0.0009917073700482014,,PRUNED
156,156,50.0,2025-05-25 05:38:06.289121,2025-05-25 05:38:21.166840,0 days 00:00:14.877719,AdamW,0.41797878593465587,,,4.281101616239685e-05,,,,3,,,0.0012512571555485306,,COMPLETE
157,157,60.416666666666664,2025-05-25 05:38:21.220901,2025-05-25 05:38:36.044493,0 days 00:00:14.823592,AdamW,0.3694894098467963,,,0.000157835249044982,,,,2,,,0.0010917408889650744,,COMPLETE
158,158,33.333333333333336,2025-05-25 05:38:36.095831,2025-05-25 05:38:42.574570,0 days 00:00:06.478739,AdamW,0.400927651116048,,,0.00017491315363273664,,,,2,,,0.0010814470595555013,,PRUNED
159,159,33.333333333333336,2025-05-25 05:38:42.609413,2025-05-25 05:38:49.106443,0 days 00:00:06.497030,AdamW,0.3391042720090013,,,0.00014621537542480875,,,,1,,,0.00033561225324737646,,PRUNED
160,160,47.916666666666664,2025-05-25 05:38:49.141873,2025-05-25 05:39:03.934423,0 days 00:00:14.792550,AdamW,0.36681963677962925,,,0.00023332819927526546,,,,2,,,0.0013675892356450944,,COMPLETE
161,161,39.583333333333336,2025-05-25 05:39:03.986436,2025-05-25 05:39:18.437699,0 days 00:00:14.451263,AdamW,0.3775038177660507,,,0.00044302804768015094,,,,5,,,0.0015952395864728347,,COMPLETE
162,162,31.25,2025-05-25 05:39:18.489288,2025-05-25 05:39:25.076238,0 days 00:00:06.586950,AdamW,0.35298550350674457,,,7.324405512408186e-05,,,,4,,,0.0024281150870845486,,PRUNED
163,163,33.333333333333336,2025-05-25 05:39:25.111236,2025-05-25 05:39:31.797390,0 days 00:00:06.686154,AdamW,0.3871828977947861,,,0.00010615239984994036,,,,1,,,0.0007181011398986429,,PRUNED
164,164,70.83333333333333,2025-05-25 05:39:31.832052,2025-05-25 05:39:45.696638,0 days 00:00:13.864586,AdamW,0.36715664716593815,,,6.115153805247766e-05,,,,3,,,0.0011512298721695086,,COMPLETE
165,165,22.916666666666668,2025-05-25 05:39:45.748059,2025-05-25 05:39:53.057503,0 days 00:00:07.309444,AdamW,0.36371003979764244,,,6.039165251942005e-05,,,,3,,,0.0011826480135041153,,PRUNED
166,166,58.333333333333336,2025-05-25 05:39:53.095815,2025-05-25 05:40:07.694215,0 days 00:00:14.598400,AdamW,0.40534254272940606,,,0.00015955890958665994,,,,3,,,0.0021304396001806053,,COMPLETE
167,167,33.333333333333336,2025-05-25 05:40:07.745852,2025-05-25 05:40:13.458063,0 days 00:00:05.712211,AdamW,0.16257322597833257,,,0.00014698008102899206,,,,4,,,0.00209841423888287,,PRUNED
168,168,33.333333333333336,2025-05-25 05:40:13.492939,2025-05-25 05:40:19.986498,0 days 00:00:06.493559,AdamW,0.4017228336502734,,,3.516252248664709e-05,,,,3,,,0.0013911088302772793,,PRUNED
169,169,27.083333333333332,2025-05-25 05:40:20.021161,2025-05-25 05:40:26.612461,0 days 00:00:06.591300,AdamW,0.3450891895871488,,,8.830718128014941e-05,,,,2,,,0.0017862110542295998,,PRUNED
170,170,33.333333333333336,2025-05-25 05:40:26.647654,2025-05-25 05:40:32.854406,0 days 00:00:06.206752,Adadelta,0.33214055572609574,0.8419459047410245,,,,,,7,0.07846363345647958,,,,PRUNED
171,171,56.25,2025-05-25 05:40:32.889822,2025-05-25 05:40:47.648258,0 days 00:00:14.758436,AdamW,0.41705228431113617,,,0.00012101299335389395,,,,4,,,0.00258110235242554,,COMPLETE
172,172,33.333333333333336,2025-05-25 05:40:47.699437,2025-05-25 05:40:54.171964,0 days 00:00:06.472527,AdamW,0.4071617257440033,,,7.528181848117335e-05,,,,1,,,0.0010488499541810626,,PRUNED
173,173,50.0,2025-05-25 05:40:54.207266,2025-05-25 05:41:08.760696,0 days 00:00:14.553430,AdamW,0.39301161902555665,,,0.00010284189899531619,,,,2,,,0.0022771730063015335,,COMPLETE
174,174,33.333333333333336,2025-05-25 05:41:08.809248,2025-05-25 05:41:15.268559,0 days 00:00:06.459311,AdamW,0.38216326314201915,,,0.00016384943439994541,,,,3,,,0.0016145658781696348,,PRUNED
175,175,56.25,2025-05-25 05:41:15.303834,2025-05-25 05:41:29.707590,0 days 00:00:14.403756,AdamW,0.35673702608374885,,,0.0002449079016000079,,,,5,,,0.0027838762628053927,,COMPLETE
176,176,33.333333333333336,2025-05-25 05:41:29.759479,2025-05-25 05:41:37.882637,0 days 00:00:08.123158,AdamW,0.4245111819867768,,,5.3558525832011354e-05,,,,4,,,0.002004105667793071,,PRUNED
177,177,31.25,2025-05-25 05:41:37.923799,2025-05-25 05:41:44.145471,0 days 00:00:06.221672,AdamW,0.07571969728239009,,,0.0001251350847098142,,,,13,,,0.0012457830838174383,,PRUNED
178,178,,2025-05-25 05:41:44.180785,2025-05-25 05:41:50.628611,0 days 00:00:06.447826,SGD,0.3687420015061106,,,,0.01213981713588401,21.825429787590473,False,0,,,,0.9702394295655057,PRUNED
179,179,33.333333333333336,2025-05-25 05:41:50.668463,2025-05-25 05:41:55.230166,0 days 00:00:04.561703,Adam,0.4116771053198517,,0.024289060008096462,,,,,2,,30.90062818879468,,,PRUNED
180,180,33.333333333333336,2025-05-25 05:41:55.263628,2025-05-25 05:42:01.746673,0 days 00:00:06.483045,AdamW,0.3208519428398823,,,6.510029334867221e-05,,,,3,,,0.001507087612186096,,PRUNED
181,181,33.333333333333336,2025-05-25 05:42:01.781851,2025-05-25 05:42:08.220796,0 days 00:00:06.438945,AdamW,0.3797453394852609,,,4.7701538204997994e-05,,,,6,,,0.0011375184766824562,,PRUNED
182,182,33.333333333333336,2025-05-25 05:42:08.255883,2025-05-25 05:42:13.811427,0 days 00:00:05.555544,AdamW,0.3967192087485964,,,8.35846058603759e-05,,,,5,,,0.002353305018205011,,PRUNED
183,183,33.333333333333336,2025-05-25 05:42:13.846482,2025-05-25 05:42:18.725847,0 days 00:00:04.879365,AdamW,0.36760752216573395,,,5.604963290131208e-05,,,,4,,,0.0018858522000461445,,PRUNED
184,184,33.333333333333336,2025-05-25 05:42:18.761101,2025-05-25 05:42:25.252687,0 days 00:00:06.491586,AdamW,0.20631249091366244,,,2.0557449912660394e-05,,,,5,,,0.004264787005900229,,PRUNED
185,185,27.083333333333332,2025-05-25 05:42:25.295965,2025-05-25 05:42:31.206044,0 days 00:00:05.910079,AdamW,0.3858737606422308,,,3.6795570014645364e-05,,,,3,,,0.0031664894111560296,,PRUNED
186,186,33.333333333333336,2025-05-25 05:42:31.241639,2025-05-25 05:42:34.799265,0 days 00:00:03.557626,AdamW,0.3727912372412784,,,2.9345675056949777e-05,,,,6,,,0.0020962178880633477,,PRUNED
187,187,60.416666666666664,2025-05-25 05:42:34.834937,2025-05-25 05:42:46.703222,0 days 00:00:11.868285,AdamW,0.3526512148902379,,,0.00020677653864053865,,,,4,,,0.000984569016966165,,COMPLETE
188,188,33.333333333333336,2025-05-25 05:42:46.755602,2025-05-25 05:42:52.189512,0 days 00:00:05.433910,AdamW,0.3502010827553366,,,0.0001949107373557752,,,,4,,,0.0013049044748480374,,PRUNED
189,189,52.083333333333336,2025-05-25 05:42:52.225228,2025-05-25 05:43:00.695992,0 days 00:00:08.470764,AdamW,0.3592383894249494,,,0.000161654687309779,,,,3,,,0.0009672566350463531,,COMPLETE
190,190,45.833333333333336,2025-05-25 05:43:00.734155,2025-05-25 05:43:11.520736,0 days 00:00:10.786581,AdamW,0.3372422577631833,,,0.00020419357377208535,,,,1,,,0.0025404118500970316,,COMPLETE
191,191,56.25,2025-05-25 05:43:11.559204,2025-05-25 05:43:19.605340,0 days 00:00:08.046136,AdamW,0.4017424260401492,,,9.668121712748645e-05,,,,5,,,0.0008582495968401794,,COMPLETE
192,192,37.5,2025-05-25 05:43:19.643717,2025-05-25 05:43:23.499765,0 days 00:00:03.856048,AdamW,0.43175297930879053,,,7.056576712383879e-05,,,,4,,,0.0010606008442184296,,PRUNED
193,193,50.0,2025-05-25 05:43:23.525966,2025-05-25 05:43:30.869841,0 days 00:00:07.343875,AdamW,0.39112414201416595,,,0.00011785582352378815,,,,5,,,0.0014544778006074953,,COMPLETE
194,194,52.083333333333336,2025-05-25 05:43:30.908151,2025-05-25 05:43:39.950954,0 days 00:00:09.042803,AdamW,0.3754689892839264,,,0.00029171581710625306,,,,3,,,0.001176888069662016,,COMPLETE
195,195,33.333333333333336,2025-05-25 05:43:40.002725,2025-05-25 05:43:46.461806,0 days 00:00:06.459081,AdamW,0.35634839493495696,,,0.001752468433207655,,,,2,,,0.0017611587245392353,,PRUNED
196,196,52.083333333333336,2025-05-25 05:43:46.503157,2025-05-25 05:44:00.350504,0 days 00:00:13.847347,AdamW,0.3478710935865729,,,4.362961090665346e-05,,,,6,,,0.0029490031002257283,,COMPLETE
197,197,33.333333333333336,2025-05-25 05:44:00.401975,2025-05-25 05:44:06.125856,0 days 00:00:05.723881,AdamW,0.3861432339964545,,,0.00014210990926926233,,,,4,,,0.0007678525114080445,,PRUNED
198,198,25.0,2025-05-25 05:44:06.152196,2025-05-25 05:44:10.311284,0 days 00:00:04.159088,AdamW,0.4107803270718165,,,2.4849416535651225e-05,,,,4,,,0.0034881540341374652,,PRUNED
199,199,33.333333333333336,2025-05-25 05:44:10.337958,2025-05-25 05:44:13.791056,0 days 00:00:03.453098,AdamW,0.3655773537577884,,,8.477714238207322e-05,,,,2,,,0.0009644439274539069,,PRUNED
200,200,33.333333333333336,2025-05-25 05:44:13.817163,2025-05-25 05:44:17.648835,0 days 00:00:03.831672,AdamW,0.49436021147223447,,,6.566804509606082e-05,,,,5,,,0.002233776856023338,,PRUNED
201,201,60.416666666666664,2025-05-25 05:44:17.675134,2025-05-25 05:44:26.462137,0 days 00:00:08.787003,AdamW,0.3744630916213687,,,0.00016847917649775432,,,,6,,,0.0010462585333164604,,COMPLETE
202,202,60.416666666666664,2025-05-25 05:44:26.513474,2025-05-25 05:44:38.059214,0 days 00:00:11.545740,AdamW,0.37624341303811865,,,0.00020754698519266236,,,,6,,,0.0010504823957041616,,COMPLETE
203,203,56.25,2025-05-25 05:44:38.110466,2025-05-25 05:44:45.229006,0 days 00:00:07.118540,AdamW,0.3955529813967668,,,0.0003219045347937629,,,,6,,,0.001130094159349749,,COMPLETE
204,204,58.333333333333336,2025-05-25 05:44:45.267703,2025-05-25 05:44:51.847507,0 days 00:00:06.579804,AdamW,0.37907397149680877,,,0.00018095212412277075,,,,7,,,0.0012369836324669853,,COMPLETE
205,205,35.416666666666664,2025-05-25 05:44:51.885467,2025-05-25 05:44:54.622242,0 days 00:00:02.736775,AdamW,0.37958848535861434,,,0.0002568448832918529,,,,8,,,0.0013097166535522631,,PRUNED
206,206,33.333333333333336,2025-05-25 05:44:54.648254,2025-05-25 05:44:57.439901,0 days 00:00:02.791647,AdamW,0.36409542597790717,,,0.0001962994763016348,,,,7,,,0.0010325672584571802,,PRUNED
207,207,52.083333333333336,2025-05-25 05:44:57.474880,2025-05-25 05:45:07.195621,0 days 00:00:09.720741,AdamW,0.36987751251976486,,,0.0001372432696648947,,,,6,,,0.001262946992469308,,COMPLETE
208,208,39.583333333333336,2025-05-25 05:45:07.261230,2025-05-25 05:45:12.177767,0 days 00:00:04.916537,AdamW,0.35562242663404586,,,0.00017958090329383013,,,,7,,,0.0016208785313497956,,PRUNED
209,209,33.333333333333336,2025-05-25 05:45:12.204072,2025-05-25 05:45:15.320249,0 days 00:00:03.116177,Adadelta,0.3418842907118629,13.85664098168291,,,,,,5,1.4873471527382722,,,,PRUNED
210,210,35.416666666666664,2025-05-25 05:45:15.350574,2025-05-25 05:45:18.928993,0 days 00:00:03.578419,AdamW,0.38243051038937725,,,0.0002187549135405246,,,,6,,,0.001441182428707792,,PRUNED
211,211,54.166666666666664,2025-05-25 05:45:18.966677,2025-05-25 05:45:27.348667,0 days 00:00:08.381990,AdamW,0.40436854470002287,,,0.0001604304578285844,,,,4,,,0.0011109819963662458,,COMPLETE
212,212,35.416666666666664,2025-05-25 05:45:27.401362,2025-05-25 05:45:32.967716,0 days 00:00:05.566354,AdamW,0.3930421643158373,,,0.00010510772460827023,,,,3,,,0.001961835330412307,,PRUNED
213,213,35.416666666666664,2025-05-25 05:45:32.994389,2025-05-25 05:45:35.816766,0 days 00:00:02.822377,AdamW,0.41695587260912886,,,0.00013569565162542923,,,,6,,,0.0010205558948035614,,PRUNED
214,214,43.75,2025-05-25 05:45:35.845923,2025-05-25 05:45:48.015655,0 days 00:00:12.169732,AdamW,0.3735729434153363,,,0.00017055792296872957,,,,5,,,0.0011831662367796504,,COMPLETE
215,215,50.0,2025-05-25 05:45:48.068558,2025-05-25 05:46:03.125079,0 days 00:00:15.056521,AdamW,0.3590746875091215,,,0.00023839700695560038,,,,1,,,0.002373019153940695,,COMPLETE
216,216,33.333333333333336,2025-05-25 05:46:03.177947,2025-05-25 05:46:09.426384,0 days 00:00:06.248437,AdamW,0.3855216296698235,,,0.00010939893406955994,,,,7,,,0.0009207504212763635,,PRUNED
217,217,,2025-05-25 05:46:09.462208,2025-05-25 05:46:15.931335,0 days 00:00:06.469127,SGD,0.423124374946633,,,,1.2224153123384908e-05,82.96727584421141,True,3,,,,0.0776690437757186,PRUNED
218,218,33.333333333333336,2025-05-25 05:46:15.971783,2025-05-25 05:46:22.559330,0 days 00:00:06.587547,Adam,0.40137940485810336,,0.0060772266745351,,,,,4,,0.011299009987774887,,,PRUNED
219,219,33.333333333333336,2025-05-25 05:46:22.595911,2025-05-25 05:46:29.120509,0 days 00:00:06.524598,AdamW,0.3731122885145148,,,7.385189307271942e-05,,,,2,,,0.0014131988653622858,,PRUNED
220,220,35.416666666666664,2025-05-25 05:46:29.156894,2025-05-25 05:46:35.597390,0 days 00:00:06.440496,AdamW,0.34843976564418916,,,0.00036381037489377174,,,,5,,,0.00250869908685188,,PRUNED
221,221,31.25,2025-05-25 05:46:35.639730,2025-05-25 05:46:41.980186,0 days 00:00:06.340456,AdamW,0.37813052215831244,,,5.3070429741195996e-05,,,,6,,,0.002171073040815863,,PRUNED
222,222,33.333333333333336,2025-05-25 05:46:42.016637,2025-05-25 05:46:48.294727,0 days 00:00:06.278090,AdamW,0.36611621551966095,,,1.7234882638454476e-05,,,,15,,,0.0012466516476653045,,PRUNED
223,223,33.333333333333336,2025-05-25 05:46:48.334485,2025-05-25 05:46:54.574621,0 days 00:00:06.240136,AdamW,0.3909034942385293,,,9.10155864417625e-05,,,,24,,,0.0009131729496654119,,PRUNED
224,224,31.25,2025-05-25 05:46:54.610937,2025-05-25 05:47:01.082035,0 days 00:00:06.471098,AdamW,0.32908459350507496,,,5.976552431463147e-05,,,,5,,,0.0010419198984789888,,PRUNED
225,225,52.083333333333336,2025-05-25 05:47:01.124191,2025-05-25 05:47:15.487522,0 days 00:00:14.363331,AdamW,0.36157254835701574,,,0.00012026519025961214,,,,4,,,0.0008478840449977485,,COMPLETE
226,226,35.416666666666664,2025-05-25 05:47:15.540587,2025-05-25 05:47:22.118033,0 days 00:00:06.577446,AdamW,0.3829584316011773,,,3.2329038280798604e-05,,,,3,,,0.004722487323060559,,PRUNED
227,227,33.333333333333336,2025-05-25 05:47:22.154577,2025-05-25 05:47:28.658933,0 days 00:00:06.504356,AdamW,0.4082820286832791,,,0.0001519059997270766,,,,0,,,0.002687533724835359,,PRUNED
228,228,33.333333333333336,2025-05-25 05:47:28.704053,2025-05-25 05:47:35.054325,0 days 00:00:06.350272,AdamW,0.3724435910276223,,,4.641834991080575e-05,,,,5,,,0.0011172482079586975,,PRUNED
229,229,54.166666666666664,2025-05-25 05:47:35.095926,2025-05-25 05:47:49.548828,0 days 00:00:14.452902,AdamW,0.35261450871090316,,,0.00020317115391720045,,,,4,,,0.0016237183614338316,,COMPLETE
230,230,64.58333333333333,2025-05-25 05:47:49.600993,2025-05-25 05:48:01.818320,0 days 00:00:12.217327,AdamW,0.39953259123283075,,,7.843606625583806e-05,,,,3,,,0.0013271920516274621,,COMPLETE
231,231,22.916666666666668,2025-05-25 05:48:01.871406,2025-05-25 05:48:08.282884,0 days 00:00:06.411478,AdamW,0.3932514608984532,,,9.306304832287231e-05,,,,3,,,0.0013684432590563712,,PRUNED
232,232,33.333333333333336,2025-05-25 05:48:08.317711,2025-05-25 05:48:13.291254,0 days 00:00:04.973543,AdamW,0.4142419134890715,,,7.242564899220823e-05,,,,3,,,0.0012458776375460436,,PRUNED
233,233,33.333333333333336,2025-05-25 05:48:13.318010,2025-05-25 05:48:18.616953,0 days 00:00:05.298943,AdamW,0.40329575093604075,,,5.86662428877982e-05,,,,4,,,0.0018593796844659381,,PRUNED
234,234,47.916666666666664,2025-05-25 05:48:18.659577,2025-05-25 05:48:33.225109,0 days 00:00:14.565532,AdamW,0.38319042966487893,,,8.17380828009031e-05,,,,2,,,0.0015168052120589802,,COMPLETE
235,235,33.333333333333336,2025-05-25 05:48:33.275124,2025-05-25 05:48:38.761089,0 days 00:00:05.485965,AdamW,0.3991981831966142,,,0.004540355465151338,,,,6,,,0.000979368550242773,,PRUNED
236,236,33.333333333333336,2025-05-25 05:48:38.798460,2025-05-25 05:48:45.238602,0 days 00:00:06.440142,AdamW,0.42382825506069033,,,0.0001254774670832526,,,,5,,,0.0020695281770203734,,PRUNED
237,237,35.416666666666664,2025-05-25 05:48:45.280830,2025-05-25 05:48:51.848160,0 days 00:00:06.567330,AdamW,0.3717276252498473,,,0.00016755425650163245,,,,2,,,0.0008052243651123077,,PRUNED
238,238,33.333333333333336,2025-05-25 05:48:51.884088,2025-05-25 05:48:57.352274,0 days 00:00:05.468186,AdamW,0.45925421992917254,,,2.2309928463949278e-05,,,,7,,,0.005848403291389503,,PRUNED
239,239,45.833333333333336,2025-05-25 05:48:57.388641,2025-05-25 05:49:08.692611,0 days 00:00:11.303970,AdamW,0.36018373966045464,,,3.948279475714548e-05,,,,4,,,0.0011425250112742581,,PRUNED
240,240,35.416666666666664,2025-05-25 05:49:08.732728,2025-05-25 05:49:13.331654,0 days 00:00:04.598926,AdamW,0.38977741566849045,,,6.459558039941948e-05,,,,18,,,0.0038198794408329665,,PRUNED
241,241,33.333333333333336,2025-05-25 05:49:13.369037,2025-05-25 05:49:18.698991,0 days 00:00:05.329954,AdamW,0.3767560081063885,,,0.0006942840795264039,,,,6,,,0.0010493939310799697,,PRUNED
242,242,54.166666666666664,2025-05-25 05:49:18.734876,2025-05-25 05:49:30.962289,0 days 00:00:12.227413,AdamW,0.3687044750478057,,,0.00017624938642340972,,,,5,,,0.001348295378058708,,COMPLETE
243,243,54.166666666666664,2025-05-25 05:49:31.015461,2025-05-25 05:49:44.498821,0 days 00:00:13.483360,AdamW,0.4370187374761294,,,0.00014962275966393112,,,,6,,,0.0012180812810424113,,COMPLETE
244,244,33.333333333333336,2025-05-25 05:49:44.552621,2025-05-25 05:49:50.169596,0 days 00:00:05.616975,AdamW,0.34577136516173923,,,0.00010876319629998125,,,,3,,,0.0009497940387682683,,PRUNED
245,245,56.25,2025-05-25 05:49:50.205194,2025-05-25 05:50:01.658958,0 days 00:00:11.453764,AdamW,0.3794301293439092,,,0.00019659858358802627,,,,7,,,0.002353179460738048,,COMPLETE
246,246,54.166666666666664,2025-05-25 05:50:01.711830,2025-05-25 05:50:15.389200,0 days 00:00:13.677370,AdamW,0.3949716622674572,,,0.0002695321491511161,,,,4,,,0.0011293309604005087,,COMPLETE
247,247,33.333333333333336,2025-05-25 05:50:15.440145,2025-05-25 05:50:20.887155,0 days 00:00:05.447010,AdamW,0.4083004249106647,,,4.862721540053097e-05,,,,5,,,0.0017717788047123184,,PRUNED
248,248,33.333333333333336,2025-05-25 05:50:20.923622,2025-05-25 05:50:27.257247,0 days 00:00:06.333625,Adadelta,0.35948206486841966,0.06004108480722198,,,,,,6,72.08793213483371,,,,PRUNED
249,249,35.416666666666664,2025-05-25 05:50:27.291541,2025-05-25 05:50:31.950094,0 days 00:00:04.658553,AdamW,0.3706194798873273,,,7.568152212603046e-05,,,,1,,,0.002665147485234731,,PRUNED
250,250,50.0,2025-05-25 05:50:31.977785,2025-05-25 05:50:44.292121,0 days 00:00:12.314336,AdamW,0.38452653936454745,,,0.00012760463617463166,,,,4,,,0.0013402254739325729,,COMPLETE
251,251,33.333333333333336,2025-05-25 05:50:44.342162,2025-05-25 05:50:48.867729,0 days 00:00:04.525567,AdamW,0.35382371338791524,,,9.907481139408738e-05,,,,5,,,0.001028129257690204,,PRUNED
252,252,33.333333333333336,2025-05-25 05:50:48.898566,2025-05-25 05:50:53.012411,0 days 00:00:04.113845,AdamW,0.3985185513022618,,,2.8889845997575224e-05,,,,3,,,0.002259065937391975,,PRUNED
253,253,,2025-05-25 05:50:53.040203,2025-05-25 05:50:56.042915,0 days 00:00:03.002712,SGD,0.33744903841411444,,,,7.264063258839903e-05,57.14740440026301,False,6,,,,86.60007860928872,PRUNED
254,254,37.5,2025-05-25 05:50:56.072082,2025-05-25 05:51:02.452495,0 days 00:00:06.380413,AdamW,0.4184026446926566,,,0.0001554667071093115,,,,8,,,0.0029485696288424337,,PRUNED
255,255,52.083333333333336,2025-05-25 05:51:02.487234,2025-05-25 05:51:11.933546,0 days 00:00:09.446312,AdamW,0.3757646735368334,,,0.00024120729456523265,,,,2,,,0.0020227287503433145,,COMPLETE
256,256,33.333333333333336,2025-05-25 05:51:11.973528,2025-05-25 05:51:14.722745,0 days 00:00:02.749217,Adam,0.36380370898101533,,0.0267541587396017,,,,,11,,15.220851845696151,,,PRUNED
257,257,35.416666666666664,2025-05-25 05:51:14.752211,2025-05-25 05:51:17.548147,0 days 00:00:02.795936,AdamW,0.30866829371067306,,,8.641907175225702e-05,,,,7,,,0.0012043849459162502,,PRUNED
258,258,35.416666666666664,2025-05-25 05:51:17.575453,2025-05-25 05:51:20.770633,0 days 00:00:03.195180,AdamW,0.4820174343968893,,,5.658427940730726e-05,,,,2,,,0.0015487526518976533,,PRUNED
259,259,35.416666666666664,2025-05-25 05:51:20.798015,2025-05-25 05:51:24.607142,0 days 00:00:03.809127,AdamW,0.4479354952720899,,,7.061695538520445e-05,,,,3,,,0.000868378626003136,,PRUNED
260,260,33.333333333333336,2025-05-25 05:51:24.637627,2025-05-25 05:51:27.638882,0 days 00:00:03.001255,AdamW,0.38624404612660385,,,0.00021545858349812286,,,,5,,,0.0010802146816341902,,PRUNED
261,261,33.333333333333336,2025-05-25 05:51:27.682152,2025-05-25 05:51:30.867775,0 days 00:00:03.185623,AdamW,0.4041934683930407,,,0.00013281947851119107,,,,4,,,0.0012928888394932662,,PRUNED
262,262,33.333333333333336,2025-05-25 05:51:30.895844,2025-05-25 05:51:36.597665,0 days 00:00:05.701821,AdamW,0.3499659839212564,,,0.00011593097598485182,,,,29,,,0.0001240590537652874,,PRUNED
263,263,33.333333333333336,2025-05-25 05:51:36.638988,2025-05-25 05:51:43.077545,0 days 00:00:06.438557,AdamW,0.3922993755510281,,,0.00018369609012188265,,,,5,,,0.004275324373471496,,PRUNED
264,264,29.166666666666668,2025-05-25 05:51:43.119575,2025-05-25 05:51:49.390554,0 days 00:00:06.270979,AdamW,0.36761347322846444,,,8.169157711377775e-05,,,,1,,,0.0024998318053371963,,PRUNED
265,265,35.416666666666664,2025-05-25 05:51:49.424427,2025-05-25 05:51:53.542018,0 days 00:00:04.117591,AdamW,0.41118278692430377,,,3.695354956797566e-05,,,,0,,,0.001439241334205674,,PRUNED
266,266,50.0,2025-05-25 05:51:53.569696,2025-05-25 05:52:00.737844,0 days 00:00:07.168148,AdamW,0.3826110176284295,,,0.00010163132915823535,,,,6,,,0.0006375831455529027,,COMPLETE
267,267,29.166666666666668,2025-05-25 05:52:00.777555,2025-05-25 05:52:03.673669,0 days 00:00:02.896114,AdamW,0.3607086867726478,,,5.335402542943908e-05,,,,3,,,0.009623822764885053,,PRUNED
268,268,35.416666666666664,2025-05-25 05:52:03.709323,2025-05-25 05:52:06.946822,0 days 00:00:03.237499,AdamW,0.43318813761583363,,,6.306213891041743e-05,,,,4,,,0.0017041835491017293,,PRUNED
269,269,39.583333333333336,2025-05-25 05:52:06.973801,2025-05-25 05:52:16.446143,0 days 00:00:09.472342,AdamW,0.29328521768251464,,,0.0001665317853735902,,,,4,,,0.0021325323505715595,,PRUNED
270,270,33.333333333333336,2025-05-25 05:52:16.482869,2025-05-25 05:52:23.032067,0 days 00:00:06.549198,AdamW,0.26507479280034874,,,0.0577282469863356,,,,5,,,0.0018817135360743064,,PRUNED
271,271,33.333333333333336,2025-05-25 05:52:23.073426,2025-05-25 05:52:29.580452,0 days 00:00:06.507026,AdamW,0.37646028991298924,,,2.5689493179048324e-05,,,,2,,,0.0011623042046848622,,PRUNED
272,272,33.333333333333336,2025-05-25 05:52:29.618289,2025-05-25 05:52:35.977806,0 days 00:00:06.359517,AdamW,0.3209412659736957,,,1.4704272397190133e-05,,,,6,,,0.0009601164065930062,,PRUNED
273,273,54.166666666666664,2025-05-25 05:52:36.014485,2025-05-25 05:52:50.793681,0 days 00:00:14.779196,AdamW,0.47083169120070745,,,0.0001459170465918778,,,,3,,,0.0027500759619344976,,COMPLETE
274,274,33.333333333333336,2025-05-25 05:52:50.846771,2025-05-25 05:52:57.455890,0 days 00:00:06.609119,AdamW,0.3928005061659343,,,4.43516787875343e-05,,,,1,,,0.0010499773676885694,,PRUNED
275,275,33.333333333333336,2025-05-25 05:52:57.492699,2025-05-25 05:53:04.022472,0 days 00:00:06.529773,AdamW,0.340853608297874,,,9.086507158592186e-05,,,,4,,,0.0022753151945282594,,PRUNED
276,276,29.166666666666668,2025-05-25 05:53:04.059441,2025-05-25 05:53:10.589576,0 days 00:00:06.530135,Adadelta,0.42459037886914075,1.1298792320790505,,,,,,4,0.031353595254062325,,,,PRUNED
277,277,50.0,2025-05-25 05:53:10.625916,2025-05-25 05:53:24.576657,0 days 00:00:13.950741,AdamW,0.40707015001377067,,,0.0002125786475944551,,,,5,,,0.003436181103790532,,COMPLETE
278,278,,2025-05-25 05:53:24.626820,2025-05-25 05:53:28.287134,0 days 00:00:03.660314,SGD,0.3537889771624125,,,,0.0010946657060429724,19.654724725212116,True,7,,,,11.806216193055873,PRUNED
279,279,33.333333333333336,2025-05-25 05:53:28.317330,2025-05-25 05:53:33.452240,0 days 00:00:05.134910,Adam,0.37322505073682005,,0.0033628094433274048,,,,,5,,32.50206662584718,,,PRUNED
280,280,33.333333333333336,2025-05-25 05:53:33.494817,2025-05-25 05:53:39.986421,0 days 00:00:06.491604,AdamW,0.39729822137764625,,,0.00011325891181207954,,,,3,,,0.0012852862801273615,,PRUNED
281,281,66.66666666666667,2025-05-25 05:53:40.023350,2025-05-25 05:53:49.532865,0 days 00:00:09.509515,AdamW,0.385665237267471,,,0.0003184246106281429,,,,6,,,0.0014917232755838992,,COMPLETE
282,282,43.75,2025-05-25 05:53:49.572420,2025-05-25 05:54:00.380716,0 days 00:00:10.808296,AdamW,0.2192529388289537,,,0.0004403609673627506,,,,2,,,0.0015166452739332553,,COMPLETE
283,283,33.333333333333336,2025-05-25 05:54:00.434768,2025-05-25 05:54:06.862619,0 days 00:00:06.427851,AdamW,0.41459699799524535,,,7.724169658504816e-05,,,,7,,,0.001379387156569656,,PRUNED
284,284,45.833333333333336,2025-05-25 05:54:06.901969,2025-05-25 05:54:17.916269,0 days 00:00:11.014300,AdamW,0.387053806530222,,,0.000293067680513384,,,,0,,,0.0016578525372854275,,PRUNED
285,285,54.166666666666664,2025-05-25 05:54:17.953984,2025-05-25 05:54:31.931091,0 days 00:00:13.977107,AdamW,0.3997565634674133,,,0.0002462815730201405,,,,6,,,0.0051758389717556684,,COMPLETE
286,286,41.666666666666664,2025-05-25 05:54:31.987577,2025-05-25 05:54:39.694212,0 days 00:00:07.706635,AdamW,0.12530538313078968,,,0.0003782950057657235,,,,3,,,0.0019372582165601893,,PRUNED
287,287,35.416666666666664,2025-05-25 05:54:39.731226,2025-05-25 05:54:47.882126,0 days 00:00:08.150900,AdamW,0.36745982444014486,,,5.829393311803271e-05,,,,4,,,0.0014882493782670374,,PRUNED
288,288,33.333333333333336,2025-05-25 05:54:47.924531,2025-05-25 05:54:54.156697,0 days 00:00:06.232166,AdamW,0.3820389944588473,,,3.347186620691317e-05,,,,8,,,0.0031448892739797843,,PRUNED
289,289,43.75,2025-05-25 05:54:54.196184,2025-05-25 05:55:06.829605,0 days 00:00:12.633421,AdamW,0.3457288615165212,,,0.0002976010246228523,,,,2,,,0.0017134050485326658,,COMPLETE
290,290,27.083333333333332,2025-05-25 05:55:06.882629,2025-05-25 05:55:12.819516,0 days 00:00:05.936887,AdamW,0.35721312079547873,,,6.897246834428576e-05,,,,21,,,0.002405525962918748,,PRUNED
291,291,47.916666666666664,2025-05-25 05:55:12.855495,2025-05-25 05:55:25.093057,0 days 00:00:12.237562,AdamW,0.4073692867680589,,,5.125489772793154e-05,,,,3,,,0.002131893113901727,,COMPLETE
292,292,39.583333333333336,2025-05-25 05:55:25.146167,2025-05-25 05:55:39.477954,0 days 00:00:14.331787,AdamW,0.33315112809784825,,,0.0001384714143161127,,,,5,,,0.0011784615958236378,,COMPLETE
293,293,35.416666666666664,2025-05-25 05:55:39.532729,2025-05-25 05:55:45.076207,0 days 00:00:05.543478,AdamW,0.3878820394613838,,,0.00018585046409535383,,,,6,,,0.0013190221724480385,,PRUNED
294,294,35.416666666666664,2025-05-25 05:55:45.112765,2025-05-25 05:55:51.695475,0 days 00:00:06.582710,AdamW,0.1918597385665617,,,9.354018247009454e-05,,,,2,,,0.0025977295016967206,,PRUNED
295,295,33.333333333333336,2025-05-25 05:55:51.731621,2025-05-25 05:55:58.250099,0 days 00:00:06.518478,AdamW,0.3757110324877793,,,4.2263325097688426e-05,,,,4,,,0.0007794311540671424,,PRUNED
296,296,31.25,2025-05-25 05:55:58.286858,2025-05-25 05:56:05.878358,0 days 00:00:07.591500,AdamW,0.27652685622688083,,,2.0578984693961073e-05,,,,5,,,0.0014406984125979263,,PRUNED
297,297,60.416666666666664,2025-05-25 05:56:05.915212,2025-05-25 05:56:20.259028,0 days 00:00:14.343816,AdamW,0.42013259738132336,,,0.0002205867842252259,,,,1,,,0.000928185544126225,,COMPLETE
298,298,33.333333333333336,2025-05-25 05:56:20.311610,2025-05-25 05:56:23.798138,0 days 00:00:03.486528,Adadelta,0.41722489621064207,22.329356504181817,,,,,,1,17.618131054922216,,,,PRUNED
299,299,43.75,2025-05-25 05:56:23.828828,2025-05-25 05:56:36.048331,0 days 00:00:12.219503,AdamW,0.43036314410879295,,,0.0002229494937488307,,,,1,,,0.001101069355225807,,COMPLETE
300,300,35.416666666666664,2025-05-25 05:56:36.101377,2025-05-25 05:56:44.369776,0 days 00:00:08.268399,AdamW,0.4205333885077029,,,0.00025726689953021326,,,,0,,,0.0009584097569733207,,PRUNED
301,301,33.333333333333336,2025-05-25 05:56:44.402713,2025-05-25 05:56:50.642584,0 days 00:00:06.239871,AdamW,0.45199787614005027,,,0.00016387677534738097,,,,2,,,0.0003302819989790315,,PRUNED
302,302,37.5,2025-05-25 05:56:50.678588,2025-05-25 05:57:01.937612,0 days 00:00:11.259024,AdamW,0.4022218924191522,,,0.00020086668111587416,,,,2,,,0.0039342520124145694,,PRUNED
303,303,,2025-05-25 05:57:01.977357,2025-05-25 05:57:06.517378,0 days 00:00:04.540021,SGD,0.44173990350065295,,,,0.015773093553301126,37.36297085427326,False,1,,,,0.042160471646708116,PRUNED
304,304,41.666666666666664,2025-05-25 05:57:06.557454,2025-05-25 05:57:19.930230,0 days 00:00:13.372776,AdamW,0.428882339422648,,,0.00012235450043149106,,,,3,,,0.0012319612969363793,,COMPLETE
305,305,35.416666666666664,2025-05-25 05:57:19.969640,2025-05-25 05:57:22.982690,0 days 00:00:03.013050,AdamW,0.4102598634148811,,,0.00031200436046464615,,,,1,,,0.0016228570951517152,,PRUNED
306,306,33.333333333333336,2025-05-25 05:57:23.009187,2025-05-25 05:57:26.228776,0 days 00:00:03.219589,AdamW,0.40131082122597195,,,0.00010236391910031045,,,,0,,,0.001789471359307038,,PRUNED
307,307,33.333333333333336,2025-05-25 05:57:26.259779,2025-05-25 05:57:30.174700,0 days 00:00:03.914921,Adam,0.3908215890817698,,0.017910435839703004,,,,,3,,8.114672259159759,,,PRUNED
308,308,35.416666666666664,2025-05-25 05:57:30.211418,2025-05-25 05:57:36.724789,0 days 00:00:06.513371,AdamW,0.3623063083468572,,,0.000142576722185235,,,,4,,,0.0019989354202553664,,PRUNED
309,309,31.25,2025-05-25 05:57:36.760649,2025-05-25 05:57:43.002028,0 days 00:00:06.241379,AdamW,0.4150691077735566,,,7.485516283935742e-05,,,,3,,,0.0028175263048181077,,PRUNED
310,310,33.333333333333336,2025-05-25 05:57:43.028505,2025-05-25 05:57:46.299591,0 days 00:00:03.271086,AdamW,0.39739607346342937,,,0.00018236969757056058,,,,2,,,0.0011233412780154337,,PRUNED
311,311,43.75,2025-05-25 05:57:46.333397,2025-05-25 05:57:53.373067,0 days 00:00:07.039670,AdamW,0.38141514048948055,,,0.00022703039179293577,,,,6,,,0.002439452436604675,,PRUNED
312,312,33.333333333333336,2025-05-25 05:57:53.399621,2025-05-25 05:57:56.321790,0 days 00:00:02.922169,AdamW,0.2436578426679658,,,1.1690556485795034e-05,,,,4,,,0.0013750997432132666,,PRUNED
313,313,33.333333333333336,2025-05-25 05:57:56.348501,2025-05-25 05:57:59.203199,0 days 00:00:02.854698,AdamW,0.3503092721606131,,,0.00012089947169439173,,,,7,,,0.0012114992732670474,,PRUNED
314,314,47.916666666666664,2025-05-25 05:57:59.229562,2025-05-25 05:58:06.995179,0 days 00:00:07.765617,AdamW,0.3671266908814821,,,8.288221068424847e-05,,,,5,,,0.0022145285469493104,,COMPLETE
315,315,33.333333333333336,2025-05-25 05:58:07.048259,2025-05-25 05:58:10.320536,0 days 00:00:03.272277,AdamW,0.42502563946666266,,,2.817546983008869e-05,,,,4,,,0.0008766969443510423,,PRUNED
316,316,33.333333333333336,2025-05-25 05:58:10.346947,2025-05-25 05:58:13.158809,0 days 00:00:02.811862,AdamW,0.32649709775358554,,,0.0005490330579035645,,,,6,,,0.001515577922987174,,PRUNED
317,317,31.25,2025-05-25 05:58:13.185396,2025-05-25 05:58:15.896867,0 days 00:00:02.711471,AdamW,0.3909769070832579,,,0.00014967918429588655,,,,9,,,0.0010022480776971847,,PRUNED
318,318,35.416666666666664,2025-05-25 05:58:15.923410,2025-05-25 05:58:19.005614,0 days 00:00:03.082204,AdamW,0.3420041999891499,,,6.58300944490749e-05,,,,1,,,0.0019276068823925116,,PRUNED
319,319,60.416666666666664,2025-05-25 05:58:19.032201,2025-05-25 05:58:31.721730,0 days 00:00:12.689529,AdamW,0.3608705806407583,,,0.00010096554515881487,,,,3,,,0.0012921395806065538,,COMPLETE
320,320,41.666666666666664,2025-05-25 05:58:31.812217,2025-05-25 05:58:39.708801,0 days 00:00:07.896584,AdamW,0.3576478575800587,,,0.00010120722497050456,,,,3,,,0.001261607230159176,,PRUNED
321,321,33.333333333333336,2025-05-25 05:58:39.736953,2025-05-25 05:58:42.792903,0 days 00:00:03.055950,AdamW,0.36660125243598973,,,8.430808478952533e-05,,,,5,,,0.00135984095125401,,PRUNED
322,322,33.333333333333336,2025-05-25 05:58:42.823008,2025-05-25 05:58:45.706136,0 days 00:00:02.883128,AdamW,0.3748616141309437,,,1.7851013986395825e-05,,,,3,,,0.0011117798909247303,,PRUNED
323,323,56.25,2025-05-25 05:58:45.732933,2025-05-25 05:58:55.062483,0 days 00:00:09.329550,AdamW,0.35089876131945663,,,0.00021007445748782123,,,,4,,,0.0014921267792052002,,COMPLETE
324,324,33.333333333333336,2025-05-25 05:58:55.116393,2025-05-25 05:59:01.569138,0 days 00:00:06.452745,AdamW,0.3807483762768578,,,6.208843709997817e-05,,,,5,,,0.0016292992875745823,,PRUNED
325,325,47.916666666666664,2025-05-25 05:59:01.611218,2025-05-25 05:59:15.486136,0 days 00:00:13.874918,AdamW,0.3623001003064608,,,0.0002749199439210448,,,,6,,,0.000986257823307367,,COMPLETE
326,326,33.333333333333336,2025-05-25 05:59:15.538928,2025-05-25 05:59:22.116128,0 days 00:00:06.577200,AdamW,0.36811525039279214,,,0.00016026030040870492,,,,3,,,0.0012680063812514036,,PRUNED
327,327,56.25,2025-05-25 05:59:22.158768,2025-05-25 05:59:37.059071,0 days 00:00:14.900303,Adadelta,0.34124504553982576,0.051677207191530065,,,,,,4,0.2232554450693207,,,,COMPLETE
328,328,,2025-05-25 05:59:37.113326,2025-05-25 05:59:42.899012,0 days 00:00:05.785686,SGD,0.35492291594365544,,,,0.0037625267187959867,57.57234600739907,True,0,,,,1.069962184639502,PRUNED
329,329,45.833333333333336,2025-05-25 05:59:42.936166,2025-05-25 05:59:57.812459,0 days 00:00:14.876293,AdamW,0.33255983645864395,,,0.00012989689709457826,,,,4,,,0.002288483477541825,,COMPLETE
330,330,33.333333333333336,2025-05-25 05:59:57.866668,2025-05-25 06:00:04.103954,0 days 00:00:06.237286,Adam,0.38189869817727756,,1.1831531267797078e-05,,,,,7,,0.08198706629334776,,,PRUNED
331,331,33.333333333333336,2025-05-25 06:00:04.144573,2025-05-25 06:00:10.595168,0 days 00:00:06.450595,AdamW,0.3947544758554451,,,0.01690043139477152,,,,5,,,0.0010358127253875253,,PRUNED
332,332,56.25,2025-05-25 06:00:10.639586,2025-05-25 06:00:25.319286,0 days 00:00:14.679700,AdamW,0.371179225868363,,,0.00010351923738797131,,,,3,,,0.0025418947441650966,,COMPLETE
333,333,33.333333333333336,2025-05-25 06:00:25.373325,2025-05-25 06:00:31.786675,0 days 00:00:06.413350,AdamW,0.3872120148726153,,,2.2779726495617865e-05,,,,6,,,0.0011519684661048088,,PRUNED
334,334,35.416666666666664,2025-05-25 06:00:31.829536,2025-05-25 06:00:38.364143,0 days 00:00:06.534607,AdamW,0.3493199500177821,,,7.288412523935975e-05,,,,2,,,0.0017817030363782918,,PRUNED
335,335,43.75,2025-05-25 06:00:38.400912,2025-05-25 06:00:53.277766,0 days 00:00:14.876854,AdamW,0.308631487721844,,,0.00033698020784065703,,,,3,,,0.0013956852903523225,,PRUNED
336,336,35.416666666666664,2025-05-25 06:00:53.315263,2025-05-25 06:00:59.849982,0 days 00:00:06.534719,AdamW,0.40814748674721535,,,0.0014790408534376051,,,,4,,,0.0009107925207598775,,PRUNED
337,337,29.166666666666668,2025-05-25 06:00:59.886228,2025-05-25 06:01:06.427021,0 days 00:00:06.540793,AdamW,0.35988148016391475,,,5.066843550500614e-05,,,,2,,,0.0028806685878183997,,PRUNED
338,338,33.333333333333336,2025-05-25 06:01:06.464804,2025-05-25 06:01:12.652885,0 days 00:00:06.188081,AdamW,0.4407513912744935,,,0.0001808369000623497,,,,8,,,0.002079928166691908,,PRUNED
339,339,54.166666666666664,2025-05-25 06:01:12.693029,2025-05-25 06:01:27.184912,0 days 00:00:14.491883,AdamW,0.37683744483116566,,,0.000240303195204536,,,,5,,,0.0015751116130994002,,COMPLETE
340,340,33.333333333333336,2025-05-25 06:01:27.239359,2025-05-25 06:01:33.592659,0 days 00:00:06.353300,AdamW,0.4922597889115282,,,8.680861069762851e-05,,,,1,,,0.001191644211662832,,PRUNED
341,341,33.333333333333336,2025-05-25 06:01:33.629025,2025-05-25 06:01:39.801068,0 days 00:00:06.172043,AdamW,0.39919069041456445,,,6.089921431787622e-05,,,,12,,,0.0012948480351921803,,PRUNED
342,342,33.333333333333336,2025-05-25 06:01:39.841232,2025-05-25 06:01:46.084954,0 days 00:00:06.243722,AdamW,0.47716106360871374,,,3.295069662916857e-05,,,,7,,,0.0011005370343642339,,PRUNED
343,343,56.25,2025-05-25 06:01:46.121609,2025-05-25 06:02:00.945851,0 days 00:00:14.824242,AdamW,0.3885560215855061,,,0.00011547149028945718,,,,4,,,0.002146023652326941,,COMPLETE
344,344,35.416666666666664,2025-05-25 06:02:00.999215,2025-05-25 06:02:09.781564,0 days 00:00:08.782349,AdamW,0.3655273852549787,,,0.00019060542312869397,,,,16,,,0.0025136627095268963,,PRUNED
345,345,39.583333333333336,2025-05-25 06:02:09.818228,2025-05-25 06:02:17.405027,0 days 00:00:07.586799,AdamW,0.3772235034446777,,,4.04693465937679e-05,,,,5,,,0.0014352767987000684,,PRUNED
346,346,35.416666666666664,2025-05-25 06:02:17.442164,2025-05-25 06:02:26.478244,0 days 00:00:09.036080,AdamW,0.3438407907662874,,,0.0001436066672008641,,,,22,,,0.0018782497067229781,,PRUNED
347,347,60.416666666666664,2025-05-25 06:02:26.515234,2025-05-25 06:02:37.970152,0 days 00:00:11.454918,AdamW,0.4075285586943146,,,7.401941621062777e-05,,,,6,,,0.002320913530964659,,COMPLETE
348,348,33.333333333333336,2025-05-25 06:02:38.023797,2025-05-25 06:02:44.388948,0 days 00:00:06.365151,AdamW,0.4041236468766255,,,6.771081770193034e-05,,,,6,,,0.0023729459763885954,,PRUNED
349,349,35.416666666666664,2025-05-25 06:02:44.425257,2025-05-25 06:02:50.807723,0 days 00:00:06.382466,AdamW,0.39448395208995934,,,5.3415737136934625e-05,,,,6,,,0.0022466598464562296,,PRUNED
350,350,29.166666666666668,2025-05-25 06:02:50.845119,2025-05-25 06:02:54.747929,0 days 00:00:03.902810,AdamW,0.0382542795597442,,,7.836071379641605e-05,,,,7,,,0.002607817468842728,,PRUNED
351,351,54.166666666666664,2025-05-25 06:02:54.783505,2025-05-25 06:03:08.662049,0 days 00:00:13.878544,AdamW,0.3199835672936034,,,9.687045821476061e-05,,,,5,,,0.002060411088077831,,COMPLETE
352,352,,2025-05-25 06:03:08.716606,2025-05-25 06:03:13.652936,0 days 00:00:04.936330,SGD,0.3605386992902582,,,,0.0003113517686608748,87.47986637341606,True,6,,,,0.21551341322961276,PRUNED
353,353,33.333333333333336,2025-05-25 06:03:13.681573,2025-05-25 06:03:17.552457,0 days 00:00:03.870884,AdamW,0.38272972059964117,,,6.528923275811559e-05,,,,7,,,0.00275832538352903,,PRUNED
354,354,33.333333333333336,2025-05-25 06:03:17.589315,2025-05-25 06:03:24.116738,0 days 00:00:06.527423,Adam,0.3717320257821684,,0.002229781011653465,,,,,5,,0.49760247362867716,,,PRUNED
355,355,33.333333333333336,2025-05-25 06:03:24.161543,2025-05-25 06:03:30.442184,0 days 00:00:06.280641,Adadelta,0.41339380569226747,4.725993792412543,,,,,,6,1.5251016851077779,,,,PRUNED
356,356,43.75,2025-05-25 06:03:30.483160,2025-05-25 06:03:41.348534,0 days 00:00:10.865374,AdamW,0.35312619822556207,,,0.00026758870725784466,,,,4,,,0.0010143264672298482,,COMPLETE
357,357,37.5,2025-05-25 06:03:41.402388,2025-05-25 06:03:47.931444,0 days 00:00:06.529056,AdamW,0.46129514952872536,,,4.5449294747394966e-05,,,,1,,,0.0016702493057722118,,PRUNED
358,358,29.166666666666668,2025-05-25 06:03:47.967827,2025-05-25 06:03:54.118591,0 days 00:00:06.150764,AdamW,0.3910686944104504,,,2.74999514258704e-05,,,,6,,,0.001268036097332847,,PRUNED
359,359,37.5,2025-05-25 06:03:54.145503,2025-05-25 06:03:57.340386,0 days 00:00:03.194883,AdamW,0.33606928157974253,,,9.131105232981882e-05,,,,4,,,0.002404853692700698,,PRUNED
360,360,33.333333333333336,2025-05-25 06:03:57.381548,2025-05-25 06:04:01.296898,0 days 00:00:03.915350,AdamW,0.40446020920239467,,,7.479348610602361e-05,,,,5,,,0.0008494953289691928,,PRUNED
361,361,33.333333333333336,2025-05-25 06:04:01.333779,2025-05-25 06:04:04.697964,0 days 00:00:03.364185,AdamW,0.37240492402846465,,,0.00022861457635912178,,,,0,,,0.0011684990049465789,,PRUNED
362,362,35.416666666666664,2025-05-25 06:04:04.728223,2025-05-25 06:04:11.316158,0 days 00:00:06.587935,AdamW,0.38323058392803566,,,0.0008703695885653069,,,,3,,,0.0013953230267810493,,PRUNED
363,363,45.833333333333336,2025-05-25 06:04:11.353604,2025-05-25 06:04:22.304430,0 days 00:00:10.950826,AdamW,0.420148674995653,,,5.598052794533194e-05,,,,2,,,0.0030241130466986624,,COMPLETE
364,364,33.333333333333336,2025-05-25 06:04:22.343821,2025-05-25 06:04:25.620072,0 days 00:00:03.276251,AdamW,0.3569034162980494,,,0.00017097004251686912,,,,8,,,0.001903935156036576,,PRUNED
365,365,31.25,2025-05-25 06:04:25.662082,2025-05-25 06:04:32.117231,0 days 00:00:06.455149,AdamW,0.3660673778451439,,,0.00012030719669030937,,,,5,,,0.0009341379789844405,,PRUNED
366,366,52.083333333333336,2025-05-25 06:04:32.160043,2025-05-25 06:04:46.552053,0 days 00:00:14.392010,AdamW,0.3941804720811105,,,0.0002017447942274691,,,,2,,,0.0010862170899607847,,COMPLETE
367,367,33.333333333333336,2025-05-25 06:04:46.602522,2025-05-25 06:04:51.336122,0 days 00:00:04.733600,AdamW,0.3786368271574913,,,3.712798070125745e-05,,,,3,,,0.0007114245484556145,,PRUNED
368,368,29.166666666666668,2025-05-25 06:04:51.373893,2025-05-25 06:04:54.310730,0 days 00:00:02.936837,AdamW,0.4062412112712963,,,0.00015831341422278675,,,,13,,,0.001512630608769851,,PRUNED
369,369,33.333333333333336,2025-05-25 06:04:54.348831,2025-05-25 06:04:58.015529,0 days 00:00:03.666698,AdamW,0.29939318599370457,,,8.605661320746342e-05,,,,6,,,0.0022782941298328347,,PRUNED
370,370,33.333333333333336,2025-05-25 06:04:58.045055,2025-05-25 06:05:04.319245,0 days 00:00:06.274190,AdamW,0.34808450969948035,,,7.010074748047038e-05,,,,7,,,0.0013471256514773955,,PRUNED
371,371,33.333333333333336,2025-05-25 06:05:04.356495,2025-05-25 06:05:10.886932,0 days 00:00:06.530437,AdamW,0.36640637903435314,,,5.0532567151371816e-05,,,,4,,,0.0017984205361497962,,PRUNED
372,372,20.833333333333332,2025-05-25 06:05:10.923530,2025-05-25 06:05:17.161958,0 days 00:00:06.238428,AdamW,0.3852893270897237,,,0.00010456980719140406,,,,20,,,0.0012137272078746465,,PRUNED
373,373,37.5,2025-05-25 06:05:17.202799,2025-05-25 06:05:23.763553,0 days 00:00:06.560754,AdamW,0.3282633994739911,,,0.00013654843891840125,,,,5,,,0.001034988580458098,,PRUNED
374,374,33.333333333333336,2025-05-25 06:05:23.806013,2025-05-25 06:05:30.340194,0 days 00:00:06.534181,Adadelta,0.42761347976065256,0.6856434116529694,,,,,,3,96.28183332040987,,,,PRUNED
375,375,33.333333333333336,2025-05-25 06:05:30.382598,2025-05-25 06:05:36.957856,0 days 00:00:06.575258,AdamW,0.39840818838714054,,,6.032982807772464e-05,,,,2,,,0.002095527622252057,,PRUNED
376,376,31.25,2025-05-25 06:05:37.001501,2025-05-25 06:05:43.537578,0 days 00:00:06.536077,AdamW,0.3585961251577963,,,2.4171256702804104e-05,,,,4,,,0.002660186154850132,,PRUNED
377,377,41.666666666666664,2025-05-25 06:05:43.575023,2025-05-25 06:05:58.112455,0 days 00:00:14.537432,AdamW,0.3753528603316191,,,0.000347635050740796,,,,5,,,0.0016653420373012216,,COMPLETE
378,378,,2025-05-25 06:05:58.166926,2025-05-25 06:06:04.754906,0 days 00:00:06.587980,SGD,0.28736899623527534,,,,0.029803018118707135,12.90152088188428,False,1,,,,4.045156000732857,PRUNED
379,379,41.666666666666664,2025-05-25 06:06:04.796220,2025-05-25 06:06:19.673367,0 days 00:00:14.877147,AdamW,0.33907283282915107,,,0.00024943273193752145,,,,0,,,0.0013153732941812134,,COMPLETE
380,380,33.333333333333336,2025-05-25 06:06:19.727620,2025-05-25 06:06:26.194145,0 days 00:00:06.466525,Adam,0.41484842539701766,,0.011663408147610153,,,,,6,,0.02767672354448805,,,PRUNED
381,381,56.25,2025-05-25 06:06:26.231420,2025-05-25 06:06:41.034464,0 days 00:00:14.803044,AdamW,0.43620380783877716,,,0.000208178130567022,,,,4,,,0.00244180737168417,,COMPLETE
382,382,31.25,2025-05-25 06:06:41.089055,2025-05-25 06:06:47.563809,0 days 00:00:06.474754,AdamW,0.3855969295772535,,,7.828042270181602e-05,,,,5,,,0.0011053197479170822,,PRUNED
383,383,33.333333333333336,2025-05-25 06:06:47.608471,2025-05-25 06:06:54.216992,0 days 00:00:06.608521,AdamW,0.3989598444928783,,,0.00017729201150172696,,,,3,,,0.0009373426572408409,,PRUNED
384,384,37.5,2025-05-25 06:06:54.254811,2025-05-25 06:07:00.452747,0 days 00:00:06.197936,AdamW,0.36852049828555966,,,0.0004923949929643154,,,,10,,,0.0014919332141748707,,PRUNED
385,385,33.333333333333336,2025-05-25 06:07:00.494084,2025-05-25 06:07:06.880387,0 days 00:00:06.386303,AdamW,0.3497338217204996,,,4.537872385662635e-05,,,,6,,,0.0019778896555884135,,PRUNED
386,386,33.333333333333336,2025-05-25 06:07:06.917469,2025-05-25 06:07:13.487905,0 days 00:00:06.570436,AdamW,0.409930580414478,,,1.4173118975032357e-05,,,,4,,,0.001193657934829873,,PRUNED
387,387,35.416666666666664,2025-05-25 06:07:13.527160,2025-05-25 06:07:19.789284,0 days 00:00:06.262124,AdamW,0.45169590624130757,,,9.745667424463945e-05,,,,7,,,0.0022108790353052013,,PRUNED
388,388,50.0,2025-05-25 06:07:19.826808,2025-05-25 06:07:34.750123,0 days 00:00:14.923315,AdamW,0.23084768115156223,,,0.0001428455081215395,,,,3,,,0.002798290812762022,,COMPLETE
389,389,33.333333333333336,2025-05-25 06:07:34.804511,2025-05-25 06:07:41.279266,0 days 00:00:06.474755,AdamW,0.3161417315546651,,,6.109709535319369e-05,,,,5,,,0.0010336372752016514,,PRUNED
390,390,43.75,2025-05-25 06:07:41.323979,2025-05-25 06:07:54.116314,0 days 00:00:12.792335,AdamW,0.3915047970860795,,,0.00028915066767319815,,,,6,,,0.0016031659160876714,,COMPLETE
391,391,33.333333333333336,2025-05-25 06:07:54.170614,2025-05-25 06:08:00.778206,0 days 00:00:06.607592,AdamW,0.3592965500500745,,,1.9524792418641353e-05,,,,1,,,0.0013164156933198664,,PRUNED
392,392,33.333333333333336,2025-05-25 06:08:00.815459,2025-05-25 06:08:06.263499,0 days 00:00:05.448040,AdamW,0.377075278955201,,,7.443078347264249e-05,,,,2,,,0.0007872196933434707,,PRUNED
393,393,45.833333333333336,2025-05-25 06:08:06.300485,2025-05-25 06:08:21.089898,0 days 00:00:14.789413,AdamW,0.37173550909291725,,,0.00011519476438985189,,,,4,,,0.0017660752684834028,,COMPLETE
394,394,33.333333333333336,2025-05-25 06:08:21.144925,2025-05-25 06:08:27.747863,0 days 00:00:06.602938,AdamW,0.4215004097642108,,,0.0001681868050688613,,,,3,,,0.002513677778993597,,PRUNED
395,395,33.333333333333336,2025-05-25 06:08:27.785040,2025-05-25 06:08:34.282382,0 days 00:00:06.497342,AdamW,0.34506559017775773,,,3.018984942854702e-05,,,,5,,,0.001431981843312478,,PRUNED
396,396,35.416666666666664,2025-05-25 06:08:34.325963,2025-05-25 06:08:40.922650,0 days 00:00:06.596687,AdamW,0.3884152013006043,,,8.250704645507736e-05,,,,2,,,0.0011790759385060898,,PRUNED
397,397,33.333333333333336,2025-05-25 06:08:40.959626,2025-05-25 06:08:47.655705,0 days 00:00:06.696079,AdamW,0.4059533447585654,,,0.0002051177619953736,,,,6,,,0.000882113049850238,,PRUNED
398,398,60.416666666666664,2025-05-25 06:08:47.697473,2025-05-25 06:09:00.928576,0 days 00:00:13.231103,Adadelta,0.3627243268405249,0.108494065461836,,,,,,7,0.029042628646443577,,,,COMPLETE
399,399,31.25,2025-05-25 06:09:00.983708,2025-05-25 06:09:07.257566,0 days 00:00:06.273858,Adadelta,0.35565856895779663,0.11069992331101261,,,,,,7,0.04759359482326269,,,,PRUNED
400,400,37.5,2025-05-25 06:09:07.298380,2025-05-25 06:09:14.956292,0 days 00:00:07.657912,Adadelta,0.3813751223546427,0.028579527442092568,,,,,,7,0.19821111346960882,,,,PRUNED
401,401,33.333333333333336,2025-05-25 06:09:14.998020,2025-05-25 06:09:21.183135,0 days 00:00:06.185115,Adadelta,0.3964936983772902,0.011523899410513393,,,,,,8,0.027947619624335875,,,,PRUNED
402,402,33.333333333333336,2025-05-25 06:09:21.222942,2025-05-25 06:09:27.841924,0 days 00:00:06.618982,Adadelta,0.36374074626912356,0.36698971263827196,,,,,,0,0.33064015497696075,,,,PRUNED
403,403,33.333333333333336,2025-05-25 06:09:27.885078,2025-05-25 06:09:34.062087,0 days 00:00:06.177009,Adadelta,0.3367166770142687,1.8447299586372623,,,,,,8,0.01895116134673745,,,,PRUNED
404,404,33.333333333333336,2025-05-25 06:09:34.102958,2025-05-25 06:09:40.446169,0 days 00:00:06.343211,Adadelta,0.3749188197050915,0.10937743216119734,,,,,,7,0.05378759761376462,,,,PRUNED
405,405,25.0,2025-05-25 06:09:40.484086,2025-05-25 06:09:47.081521,0 days 00:00:06.597435,Adadelta,0.350328297909072,0.029561179538022248,,,,,,1,2.8894257205644793,,,,PRUNED
406,406,33.333333333333336,2025-05-25 06:09:47.125540,2025-05-25 06:09:53.126103,0 days 00:00:06.000563,SGD,0.4031676339107309,,,,2.9977440911565956e-05,32.93031081611353,True,8,,,,24.547343478140796,PRUNED
407,407,33.333333333333336,2025-05-25 06:09:53.153357,2025-05-25 06:09:56.595509,0 days 00:00:03.442152,Adadelta,0.0933457727302166,0.010022238725565633,,,,,,3,8.373521606778414,,,,PRUNED
408,408,33.333333333333336,2025-05-25 06:09:56.634541,2025-05-25 06:10:00.398953,0 days 00:00:03.764412,Adam,0.41716667689763465,,0.04929356185692761,,,,,2,,42.50141320336427,,,PRUNED
409,409,33.333333333333336,2025-05-25 06:10:00.427276,2025-05-25 06:10:03.318621,0 days 00:00:02.891345,AdamW,0.3901036449354623,,,0.0055342124339456756,,,,4,,,0.002010012290460342,,PRUNED
410,410,33.333333333333336,2025-05-25 06:10:03.345580,2025-05-25 06:10:06.134243,0 days 00:00:02.788663,AdamW,0.36412253958562113,,,4.496027355356983e-05,,,,7,,,0.003171164851795868,,PRUNED
411,411,39.583333333333336,2025-05-25 06:10:06.161175,2025-05-25 06:10:11.377011,0 days 00:00:05.215836,AdamW,0.3777502567894949,,,0.00039250952506064685,,,,6,,,0.002268228346014652,,PRUNED
412,412,33.333333333333336,2025-05-25 06:10:11.404459,2025-05-25 06:10:14.326107,0 days 00:00:02.921648,AdamW,0.3977171131562144,,,0.0002414728201178049,,,,19,,,0.0019434515046195483,,PRUNED
413,413,47.916666666666664,2025-05-25 06:10:14.355114,2025-05-25 06:10:26.440580,0 days 00:00:12.085466,AdamW,0.4363544560318059,,,0.0001228914935916695,,,,3,,,0.0016040592558581805,,COMPLETE
414,414,54.166666666666664,2025-05-25 06:10:26.495893,2025-05-25 06:10:39.315043,0 days 00:00:12.819150,AdamW,0.3558205143766642,,,0.00015521453514596103,,,,6,,,0.0025255531121060344,,COMPLETE
415,415,33.333333333333336,2025-05-25 06:10:39.355202,2025-05-25 06:10:42.570903,0 days 00:00:03.215701,AdamW,0.46843653053918327,,,3.79622999510966e-05,,,,5,,,0.0009573874209413164,,PRUNED
416,416,33.333333333333336,2025-05-25 06:10:42.601736,2025-05-25 06:10:45.316156,0 days 00:00:02.714420,AdamW,0.3256778995747956,,,0.00031740491763585524,,,,31,,,0.00025231397010658073,,PRUNED
417,417,37.5,2025-05-25 06:10:45.345468,2025-05-25 06:10:48.265478,0 days 00:00:02.920010,AdamW,0.3854954013671023,,,5.987272019232635e-05,,,,4,,,0.002911928757891825,,PRUNED
418,418,60.416666666666664,2025-05-25 06:10:48.292597,2025-05-25 06:11:00.483556,0 days 00:00:12.190959,AdamW,0.3705704381195094,,,0.0001875157470027208,,,,1,,,0.001761351893663291,,COMPLETE
419,419,33.333333333333336,2025-05-25 06:11:00.537925,2025-05-25 06:11:07.179014,0 days 00:00:06.641089,AdamW,0.3690268439192686,,,0.00019228495880760146,,,,0,,,0.001797211408358004,,PRUNED
420,420,33.333333333333336,2025-05-25 06:11:07.216958,2025-05-25 06:11:13.762321,0 days 00:00:06.545363,AdamW,0.40934966681274726,,,0.0002618862394913246,,,,1,,,0.001667563576677065,,PRUNED
421,421,33.333333333333336,2025-05-25 06:11:13.799620,2025-05-25 06:11:20.339341,0 days 00:00:06.539721,Adadelta,0.3817415267949755,38.09821954110221,,,,,,2,25.744398242222704,,,,PRUNED
422,422,45.833333333333336,2025-05-25 06:11:20.382394,2025-05-25 06:11:35.288062,0 days 00:00:14.905668,AdamW,0.3938199967657741,,,0.00022339878646655896,,,,0,,,0.0014524445967197797,,COMPLETE
423,423,33.333333333333336,2025-05-25 06:11:35.342574,2025-05-25 06:11:41.916658,0 days 00:00:06.574084,AdamW,0.37949183273892334,,,0.00016616229116038684,,,,1,,,0.0006350273550870411,,PRUNED
424,424,54.166666666666664,2025-05-25 06:11:41.953414,2025-05-25 06:11:56.895660,0 days 00:00:14.942246,AdamW,0.4036588709938615,,,0.00013583565609783557,,,,1,,,0.002121276742079597,,COMPLETE
425,425,58.333333333333336,2025-05-25 06:11:56.950292,2025-05-25 06:12:10.830096,0 days 00:00:13.879804,AdamW,0.4256695157450149,,,0.0001831201792799797,,,,6,,,0.001757721538261732,,COMPLETE
426,426,47.916666666666664,2025-05-25 06:12:10.885104,2025-05-25 06:12:22.735028,0 days 00:00:11.849924,AdamW,0.43175767778703683,,,0.000222258939012161,,,,6,,,0.0018129345068878724,,COMPLETE
427,427,31.25,2025-05-25 06:12:22.789541,2025-05-25 06:12:29.080408,0 days 00:00:06.290867,AdamW,0.44452620919835595,,,0.00017884092756017682,,,,26,,,0.001594446458831402,,PRUNED
428,428,,2025-05-25 06:12:29.117438,2025-05-25 06:12:35.370923,0 days 00:00:06.253485,SGD,0.4217806315733885,,,,0.0009718095617649206,48.698459626950026,False,7,,,,0.02389852966162191,PRUNED
429,429,47.916666666666664,2025-05-25 06:12:35.412753,2025-05-25 06:12:45.250780,0 days 00:00:09.838027,AdamW,0.42898639401779515,,,0.00014526158503798265,,,,6,,,0.001726451948910604,,COMPLETE
430,430,33.333333333333336,2025-05-25 06:12:45.306336,2025-05-25 06:12:51.920114,0 days 00:00:06.613778,Adam,0.41999062142285637,,0.004864153277138324,,,,,5,,0.019368755735703125,,,PRUNED
431,431,58.333333333333336,2025-05-25 06:12:51.962831,2025-05-25 06:13:04.087580,0 days 00:00:12.124749,AdamW,0.45732006881796844,,,0.0002875752312948596,,,,7,,,0.0015077864240977993,,COMPLETE
432,432,37.5,2025-05-25 06:13:04.142326,2025-05-25 06:13:10.335484,0 days 00:00:06.193158,AdamW,0.45113706954279914,,,0.0003018132534190148,,,,8,,,0.0014874064431837674,,PRUNED
433,433,37.5,2025-05-25 06:13:10.376220,2025-05-25 06:13:17.996955,0 days 00:00:07.620735,AdamW,0.4705692082829942,,,0.0002835999988848538,,,,7,,,0.0018693696730113663,,PRUNED
434,434,33.333333333333336,2025-05-25 06:13:18.035197,2025-05-25 06:13:22.923127,0 days 00:00:04.887930,AdamW,0.4677658129420065,,,0.00019504796771462014,,,,7,,,0.0015557995201975086,,PRUNED
435,435,33.333333333333336,2025-05-25 06:13:22.960604,2025-05-25 06:13:29.152513,0 days 00:00:06.191909,AdamW,0.4578745783492684,,,0.0002449353220608069,,,,8,,,0.0017761016572842884,,PRUNED
436,436,33.333333333333336,2025-05-25 06:13:29.398771,2025-05-25 06:13:35.663158,0 days 00:00:06.264387,AdamW,0.4347937873998179,,,0.0004520695752703202,,,,7,,,0.0013498946712829217,,PRUNED
437,437,31.25,2025-05-25 06:13:35.703978,2025-05-25 06:13:41.067273,0 days 00:00:05.363295,AdamW,0.4421097651909038,,,0.00020694994369876388,,,,9,,,0.0016632377197963893,,PRUNED
438,438,27.083333333333332,2025-05-25 06:13:41.097572,2025-05-25 06:13:46.955356,0 days 00:00:05.857784,AdamW,0.48680846819977686,,,0.0001660068098811825,,,,9,,,0.001960658854885289,,PRUNED
439,439,33.333333333333336,2025-05-25 06:13:46.992865,2025-05-25 06:13:53.438795,0 days 00:00:06.445930,Adadelta,0.45146798324632903,5.374386863436469,,,,,,6,0.7057339942053454,,,,PRUNED
440,440,41.666666666666664,2025-05-25 06:13:53.476067,2025-05-25 06:14:05.182267,0 days 00:00:11.706200,AdamW,0.45700141684236933,,,0.0003278500245590442,,,,6,,,0.0014315349862265947,,COMPLETE
441,441,35.416666666666664,2025-05-25 06:14:05.236916,2025-05-25 06:14:11.708425,0 days 00:00:06.471509,AdamW,0.47499832661245445,,,0.00012517822031389708,,,,5,,,0.0015537723361847859,,PRUNED
442,442,33.333333333333336,2025-05-25 06:14:11.751262,2025-05-25 06:14:18.132811,0 days 00:00:06.381549,AdamW,0.4120711189709202,,,0.0002399031672654731,,,,6,,,0.001282614871490017,,PRUNED
443,443,27.083333333333332,2025-05-25 06:14:18.177416,2025-05-25 06:14:23.223725,0 days 00:00:05.046309,AdamW,0.42746438695698663,,,0.00011165130240217203,,,,8,,,0.0020488197745773097,,PRUNED
444,444,33.333333333333336,2025-05-25 06:14:23.250703,2025-05-25 06:14:27.759550,0 days 00:00:04.508847,AdamW,0.477737622339816,,,1.04695946412511e-05,,,,5,,,0.0008196169573637132,,PRUNED
445,445,58.333333333333336,2025-05-25 06:14:27.802164,2025-05-25 06:14:41.453204,0 days 00:00:13.651040,AdamW,0.41024163781807715,,,0.0003464989541482826,,,,6,,,0.0013874159662578503,,COMPLETE
446,446,33.333333333333336,2025-05-25 06:14:41.503673,2025-05-25 06:14:44.886585,0 days 00:00:03.382912,AdamW,0.4190637872067964,,,0.03945377376753546,,,,5,,,0.0012249603716903907,,PRUNED
447,447,37.5,2025-05-25 06:14:44.916269,2025-05-25 06:14:50.135452,0 days 00:00:05.219183,AdamW,0.39541787794456656,,,0.00014934591400262977,,,,7,,,0.0017408539146648496,,PRUNED
448,448,39.583333333333336,2025-05-25 06:14:50.172546,2025-05-25 06:15:03.089939,0 days 00:00:12.917393,AdamW,0.25326442408735445,,,0.0002732990352000251,,,,7,,,0.001106629402397305,,COMPLETE
449,449,58.333333333333336,2025-05-25 06:15:03.129710,2025-05-25 06:15:15.131689,0 days 00:00:12.001979,AdamW,0.3881182776381708,,,9.968366263262341e-05,,,,4,,,0.0019441748465953306,,COMPLETE
450,450,35.416666666666664,2025-05-25 06:15:15.186653,2025-05-25 06:15:21.730933,0 days 00:00:06.544280,AdamW,0.46324798357408764,,,0.0001878078035298572,,,,5,,,0.0015228736684351947,,PRUNED
451,451,33.333333333333336,2025-05-25 06:15:21.771931,2025-05-25 06:15:24.991320,0 days 00:00:03.219389,Adadelta,0.44146856078394925,2.2018566946607256,,,,,,6,0.2725010642804949,,,,PRUNED
452,452,35.416666666666664,2025-05-25 06:15:25.022021,2025-05-25 06:15:30.285231,0 days 00:00:05.263210,AdamW,0.40080650461401796,,,0.0001417573550725823,,,,5,,,0.0012990696785169006,,PRUNED
453,453,33.333333333333336,2025-05-25 06:15:30.323399,2025-05-25 06:15:36.875829,0 days 00:00:06.552430,AdamW,0.37009499922413835,,,0.00038901487544649153,,,,4,,,0.0010082636450487565,,PRUNED
454,454,,2025-05-25 06:15:36.914610,2025-05-25 06:15:42.529492,0 days 00:00:05.614882,SGD,0.3886639223239315,,,,0.00011021370057569487,62.80052631887652,True,6,,,,0.7226034221988231,PRUNED
455,455,29.166666666666668,2025-05-25 06:15:42.568144,2025-05-25 06:15:45.610404,0 days 00:00:03.042260,Adam,0.41207078540363035,,0.0015530440013413012,,,,,3,,0.14414714446390245,,,PRUNED
456,456,39.583333333333336,2025-05-25 06:15:45.637493,2025-05-25 06:15:53.594868,0 days 00:00:07.957375,AdamW,0.42868884822353254,,,0.0002177705539175641,,,,4,,,0.0016546901575623667,,PRUNED
457,457,37.5,2025-05-25 06:15:53.632866,2025-05-25 06:15:59.897023,0 days 00:00:06.264157,AdamW,0.3764173506575911,,,0.0001874722787443367,,,,7,,,0.0021554900815231306,,PRUNED
458,458,60.416666666666664,2025-05-25 06:15:59.934778,2025-05-25 06:16:12.788711,0 days 00:00:12.853933,AdamW,0.40379329363722444,,,0.00012212517877371437,,,,4,,,0.001413633735192389,,COMPLETE
459,459,33.333333333333336,2025-05-25 06:16:12.840618,2025-05-25 06:16:17.759693,0 days 00:00:04.919075,AdamW,0.4024564159049051,,,0.0001077105970119726,,,,4,,,0.0011899000293542493,,PRUNED
460,460,33.333333333333336,2025-05-25 06:16:17.795110,2025-05-25 06:16:22.093173,0 days 00:00:04.298063,AdamW,0.412649102306035,,,0.003215603254669225,,,,3,,,0.0010770665147987215,,PRUNED
461,461,33.333333333333336,2025-05-25 06:16:22.119731,2025-05-25 06:16:25.411432,0 days 00:00:03.291701,AdamW,0.49970041297184664,,,0.00012342228468621044,,,,4,,,0.000921317185074741,,PRUNED
462,462,33.333333333333336,2025-05-25 06:16:25.438332,2025-05-25 06:16:28.966216,0 days 00:00:03.527884,AdamW,0.3972833403677301,,,9.109967286227221e-05,,,,3,,,0.0013188578102633092,,PRUNED
463,463,31.25,2025-05-25 06:16:29.003434,2025-05-25 06:16:32.867787,0 days 00:00:03.864353,AdamW,0.40484303400690586,,,0.0001517675994463205,,,,5,,,0.0018708892993994002,,PRUNED
464,464,58.333333333333336,2025-05-25 06:16:32.897728,2025-05-25 06:16:40.650001,0 days 00:00:07.752273,AdamW,0.38892257949209896,,,0.00012990073132707365,,,,4,,,0.0023544482476385072,,COMPLETE
465,465,33.333333333333336,2025-05-25 06:16:40.689368,2025-05-25 06:16:43.756092,0 days 00:00:03.066724,Adadelta,0.38163997046263565,0.4870284860211046,,,,,,5,1.2719193128941793,,,,PRUNED
466,466,29.166666666666668,2025-05-25 06:16:43.786008,2025-05-25 06:16:46.751633,0 days 00:00:02.965625,AdamW,0.42078584740996383,,,8.679490821268672e-05,,,,3,,,0.0013971506120774447,,PRUNED
467,467,43.75,2025-05-25 06:16:46.779277,2025-05-25 06:16:56.301482,0 days 00:00:09.522205,AdamW,0.36743467410883723,,,0.0001777668603572386,,,,5,,,0.001125331786102835,,PRUNED
468,468,31.25,2025-05-25 06:16:56.345011,2025-05-25 06:17:03.022185,0 days 00:00:06.677174,AdamW,0.3973308353209315,,,0.00010522164744963266,,,,2,,,0.001248633431551786,,PRUNED
469,469,31.25,2025-05-25 06:17:03.060498,2025-05-25 06:17:07.813273,0 days 00:00:04.752775,AdamW,0.40866897155814624,,,7.476520992358678e-05,,,,14,,,0.000989767480804246,,PRUNED
470,470,47.916666666666664,2025-05-25 06:17:07.840108,2025-05-25 06:17:15.085181,0 days 00:00:07.245073,AdamW,0.3625731491826618,,,0.00015267426032169115,,,,4,,,0.0021077078333233967,,COMPLETE
471,471,33.333333333333336,2025-05-25 06:17:15.124693,2025-05-25 06:17:18.116453,0 days 00:00:02.991760,AdamW,0.38937763444865503,,,0.00011540388072093106,,,,4,,,0.0017089043564079052,,PRUNED
472,472,37.5,2025-05-25 06:17:18.144049,2025-05-25 06:17:21.383646,0 days 00:00:03.239597,AdamW,0.37433724379530975,,,6.51689109083311e-05,,,,6,,,0.0014814072501821802,,PRUNED
473,473,33.333333333333336,2025-05-25 06:17:21.422122,2025-05-25 06:17:27.808911,0 days 00:00:06.386789,AdamW,0.38333109104943874,,,0.00016476180920294858,,,,17,,,0.0008505730528559262,,PRUNED
474,474,33.333333333333336,2025-05-25 06:17:27.847130,2025-05-25 06:17:34.335667,0 days 00:00:06.488537,AdamW,0.42092850981132834,,,5.252654771670571e-05,,,,5,,,0.00010544539931333079,,PRUNED
475,475,50.0,2025-05-25 06:17:34.373745,2025-05-25 06:17:49.137292,0 days 00:00:14.763547,AdamW,0.40007275091428657,,,9.386236231274565e-05,,,,3,,,0.0007535423623852563,,COMPLETE
476,476,54.166666666666664,2025-05-25 06:17:49.193629,2025-05-25 06:18:04.309384,0 days 00:00:15.115755,AdamW,0.3725420060213882,,,0.0001291159780301607,,,,3,,,0.002256315474818891,,COMPLETE
477,477,,2025-05-25 06:18:04.364754,2025-05-25 06:18:10.236510,0 days 00:00:05.871756,SGD,0.35947091681661175,,,,0.006664601466812642,84.56018837085294,False,2,,,,0.10988215694788546,PRUNED
478,478,39.583333333333336,2025-05-25 06:18:10.279421,2025-05-25 06:18:21.572447,0 days 00:00:11.293026,AdamW,0.4139626417225865,,,0.00020812700082255742,,,,5,,,0.000458233802679759,,PRUNED
479,479,35.416666666666664,2025-05-25 06:18:21.621175,2025-05-25 06:18:28.054678,0 days 00:00:06.433503,Adadelta,0.39505305754555575,0.029265848397495103,,,,,,6,0.39616036640159985,,,,PRUNED
480,480,37.5,2025-05-25 06:18:28.097047,2025-05-25 06:18:37.960240,0 days 00:00:09.863193,AdamW,0.34957291603277263,,,0.0001759002946213482,,,,2,,,0.0019124170034207958,,PRUNED
481,481,25.0,2025-05-25 06:18:37.999395,2025-05-25 06:18:44.607369,0 days 00:00:06.607974,Adam,0.1714754324529799,,2.307567554576222e-05,,,,,4,,9.413021780787005,,,PRUNED
482,482,35.416666666666664,2025-05-25 06:18:44.645503,2025-05-25 06:18:51.212396,0 days 00:00:06.566893,AdamW,0.4056795390091523,,,0.0007424457898430988,,,,4,,,0.0016023613358114137,,PRUNED
483,483,33.333333333333336,2025-05-25 06:18:51.250488,2025-05-25 06:18:57.827532,0 days 00:00:06.577044,AdamW,0.3823892622983632,,,8.882938889628812e-05,,,,5,,,0.0013853451135439853,,PRUNED
484,484,54.166666666666664,2025-05-25 06:18:57.871290,2025-05-25 06:19:12.424105,0 days 00:00:14.552815,AdamW,0.367216513088749,,,6.687504235269427e-05,,,,3,,,0.001077982515708558,,COMPLETE
485,485,33.333333333333336,2025-05-25 06:19:12.480390,2025-05-25 06:19:18.901988,0 days 00:00:06.421598,AdamW,0.42770558816479726,,,0.00013789188131835877,,,,6,,,0.0012420111584210572,,PRUNED
486,486,45.833333333333336,2025-05-25 06:19:18.945663,2025-05-25 06:19:33.825810,0 days 00:00:14.880147,AdamW,0.3904246461860406,,,0.00023643549151065052,,,,3,,,0.0017789367759563246,,COMPLETE
487,487,31.25,2025-05-25 06:19:33.881812,2025-05-25 06:19:40.365181,0 days 00:00:06.483369,AdamW,0.3585116160390879,,,7.693304913053618e-05,,,,5,,,0.0011627414133325567,,PRUNED
488,488,33.333333333333336,2025-05-25 06:19:40.409939,2025-05-25 06:19:46.968037,0 days 00:00:06.558098,AdamW,0.37874227693601914,,,0.00011133176230603342,,,,4,,,0.0020301781426726563,,PRUNED
489,489,37.5,2025-05-25 06:19:47.006557,2025-05-25 06:19:53.663347,0 days 00:00:06.656790,AdamW,0.4152296599496624,,,5.384029152522901e-05,,,,2,,,0.0009903968711504317,,PRUNED
490,490,33.333333333333336,2025-05-25 06:19:53.702041,2025-05-25 06:20:00.115433,0 days 00:00:06.413392,AdamW,0.4023894382041674,,,0.00019765082639599878,,,,6,,,0.0015405547828747765,,PRUNED
491,491,35.416666666666664,2025-05-25 06:20:00.153898,2025-05-25 06:20:06.595756,0 days 00:00:06.441858,AdamW,0.3442391799974137,,,0.00015714298998362628,,,,4,,,0.0013813382440498682,,PRUNED
492,492,29.166666666666668,2025-05-25 06:20:06.633953,2025-05-25 06:20:13.033975,0 days 00:00:06.400022,Adadelta,0.37275516522364205,0.13512831073247944,,,,,,6,0.011462590242208139,,,,PRUNED
493,493,43.75,2025-05-25 06:20:13.076227,2025-05-25 06:20:23.028472,0 days 00:00:09.952245,AdamW,0.3920899330692483,,,0.00010338987883479592,,,,3,,,0.0023593273900946675,,PRUNED
494,494,35.416666666666664,2025-05-25 06:20:23.068019,2025-05-25 06:20:29.550391,0 days 00:00:06.482372,AdamW,0.38315205679363484,,,0.0001393304601476311,,,,5,,,0.0012592129110837545,,PRUNED
495,495,52.083333333333336,2025-05-25 06:20:29.588386,2025-05-25 06:20:43.465860,0 days 00:00:13.877474,AdamW,0.06745082973452443,,,0.00022922950032241358,,,,6,,,0.002707756737908683,,COMPLETE
496,496,45.833333333333336,2025-05-25 06:20:43.521400,2025-05-25 06:20:52.899952,0 days 00:00:09.378552,AdamW,0.36145017080456304,,,7.78533126085293e-05,,,,4,,,0.001682604493702102,,PRUNED
497,497,39.583333333333336,2025-05-25 06:20:52.938516,2025-05-25 06:21:02.608367,0 days 00:00:09.669851,AdamW,0.40867498965438076,,,0.00017636331471937298,,,,2,,,0.0010723875455365957,,PRUNED
498,498,52.083333333333336,2025-05-25 06:21:02.644022,2025-05-25 06:21:14.332985,0 days 00:00:11.688963,AdamW,0.3714691853674143,,,5.588380012593476e-05,,,,5,,,0.002163884476386616,,COMPLETE
499,499,33.333333333333336,2025-05-25 06:21:14.388227,2025-05-25 06:21:20.939568,0 days 00:00:06.551341,AdamW,0.4345063091625583,,,0.007857884004659756,,,,4,,,0.0009072668968249587,,PRUNED
500,500,54.166666666666664,2025-05-25 06:21:20.977067,2025-05-25 06:21:34.215920,0 days 00:00:13.238853,AdamW,0.3959151741629908,,,0.00012399717572423623,,,,3,,,0.001899726915085826,,COMPLETE
501,501,33.333333333333336,2025-05-25 06:21:34.271190,2025-05-25 06:21:40.538581,0 days 00:00:06.267391,AdamW,0.4209064392810977,,,0.0002548893583145679,,,,7,,,0.0014210803584580247,,PRUNED
502,502,,2025-05-25 06:21:40.576699,2025-05-25 06:21:47.022869,0 days 00:00:06.446170,SGD,0.3841483555881087,,,,0.0007490678513732959,14.290432293078943,True,5,,,,36.56466382031994,PRUNED
503,503,37.5,2025-05-25 06:21:47.060082,2025-05-25 06:21:53.025666,0 days 00:00:05.965584,Adam,0.35310485550199006,,0.0008573689742163176,,,,,6,,1.7681077840439903,,,PRUNED
504,504,43.75,2025-05-25 06:21:53.052729,2025-05-25 06:22:00.551425,0 days 00:00:07.498696,AdamW,0.4023569877960558,,,9.356691406804569e-05,,,,3,,,0.0011496757146926338,,PRUNED
505,505,37.5,2025-05-25 06:22:00.590149,2025-05-25 06:22:06.809226,0 days 00:00:06.219077,AdamW,0.3664022327215343,,,7.088156294364294e-05,,,,10,,,0.0015672264258058512,,PRUNED
506,506,33.333333333333336,2025-05-25 06:22:06.847223,2025-05-25 06:22:13.035387,0 days 00:00:06.188164,Adadelta,0.14473950858460644,1.343411967679704,,,,,,11,0.1619608148151146,,,,PRUNED
507,507,33.333333333333336,2025-05-25 06:22:13.062612,2025-05-25 06:22:16.817056,0 days 00:00:03.754444,AdamW,0.3780449301518937,,,0.00020774544840956838,,,,2,,,0.0025162184854236763,,PRUNED
508,508,33.333333333333336,2025-05-25 06:22:16.853689,2025-05-25 06:22:19.720104,0 days 00:00:02.866415,AdamW,0.33907376477017176,,,0.00015690267424254984,,,,8,,,0.0013054732696658952,,PRUNED
509,509,37.5,2025-05-25 06:22:19.750073,2025-05-25 06:22:23.648398,0 days 00:00:03.898325,AdamW,0.39133883979126777,,,0.00011378690656574146,,,,5,,,0.000158401691690821,,PRUNED
510,510,37.5,2025-05-25 06:22:23.683998,2025-05-25 06:22:28.435322,0 days 00:00:04.751324,AdamW,0.4113155167133956,,,4.786265264056203e-05,,,,4,,,0.001897532578099165,,PRUNED
511,511,50.0,2025-05-25 06:22:28.462205,2025-05-25 06:22:36.698236,0 days 00:00:08.236031,AdamW,0.34937344274509297,,,0.0001804820461067718,,,,6,,,0.0022788302039442637,,COMPLETE
512,512,35.416666666666664,2025-05-25 06:22:36.746976,2025-05-25 06:22:39.849000,0 days 00:00:03.102024,AdamW,0.35911285902997014,,,6.668250454208999e-05,,,,7,,,0.0009794031928056846,,PRUNED
513,513,58.333333333333336,2025-05-25 06:22:39.875984,2025-05-25 06:22:47.377318,0 days 00:00:07.501334,AdamW,0.37544633059645127,,,8.759120301147132e-05,,,,3,,,0.0017140556349803946,,COMPLETE
514,514,35.416666666666664,2025-05-25 06:22:47.443436,2025-05-25 06:22:51.654241,0 days 00:00:04.210805,AdamW,0.3993900383417313,,,0.00027960667671828016,,,,2,,,0.0011871889943333809,,PRUNED
515,515,50.0,2025-05-25 06:22:51.692200,2025-05-25 06:23:06.484112,0 days 00:00:14.791912,AdamW,0.38812134537897525,,,0.00013641563867356228,,,,4,,,0.0013432489576081952,,COMPLETE
516,516,33.333333333333336,2025-05-25 06:23:06.551204,2025-05-25 06:23:10.751954,0 days 00:00:04.200750,AdamW,0.4256205024655648,,,0.0021016248533341393,,,,5,,,0.001501356654538046,,PRUNED
517,517,64.58333333333333,2025-05-25 06:23:10.779274,2025-05-25 06:23:17.822582,0 days 00:00:07.043308,AdamW,0.41465572644437976,,,0.000221554801749129,,,,6,,,0.0010428576407975865,,COMPLETE
518,518,37.5,2025-05-25 06:23:17.863243,2025-05-25 06:23:20.915831,0 days 00:00:03.052588,AdamW,0.4019391564578954,,,0.0011303279123409964,,,,5,,,0.0008491563728863385,,PRUNED
519,519,56.25,2025-05-25 06:23:20.946429,2025-05-25 06:23:30.712729,0 days 00:00:09.766300,AdamW,0.4134410483338715,,,0.00023226297360294114,,,,3,,,0.0010335777980178954,,COMPLETE
520,520,33.333333333333336,2025-05-25 06:23:30.768508,2025-05-25 06:23:37.324611,0 days 00:00:06.556103,Adadelta,0.370482261909259,2.918672534785843,,,,,,4,0.019493396355474743,,,,PRUNED
521,521,33.333333333333336,2025-05-25 06:23:37.368151,2025-05-25 06:23:43.684848,0 days 00:00:06.316697,AdamW,0.3938289191119429,,,0.00031725886919085477,,,,7,,,0.0010657289520229348,,PRUNED
522,522,52.083333333333336,2025-05-25 06:23:43.727281,2025-05-25 06:23:58.630198,0 days 00:00:14.902917,AdamW,0.3851240705292288,,,6.0675104894670204e-05,,,,2,,,0.0009151688933150085,,COMPLETE
523,523,31.25,2025-05-25 06:23:58.685796,2025-05-25 06:24:05.267884,0 days 00:00:06.582088,AdamW,0.0014717275030401988,,,9.925939379143778e-05,,,,1,,,0.0011899202022568913,,PRUNED
524,524,31.25,2025-05-25 06:24:05.312281,2025-05-25 06:24:11.861687,0 days 00:00:06.549406,AdamW,0.4086544314098761,,,7.801182851071309e-05,,,,4,,,0.0009770779805726004,,PRUNED
525,525,45.833333333333336,2025-05-25 06:24:11.905862,2025-05-25 06:24:25.850073,0 days 00:00:13.944211,AdamW,0.3629048897117967,,,0.00020775815723559675,,,,6,,,0.0011008027480407683,,COMPLETE
526,526,47.916666666666664,2025-05-25 06:24:25.906042,2025-05-25 06:24:38.835228,0 days 00:00:12.929186,AdamW,0.12486266795913603,,,0.000260064096700662,,,,5,,,0.001219232529558927,,COMPLETE
527,527,33.333333333333336,2025-05-25 06:24:38.890940,2025-05-25 06:24:45.150233,0 days 00:00:06.259293,Adam,0.37908085648623135,,0.009820376746953529,,,,,3,,0.3978349003599288,,,PRUNED
528,528,33.333333333333336,2025-05-25 06:24:45.194599,2025-05-25 06:24:51.327645,0 days 00:00:06.133046,SGD,0.348901326818378,,,,0.0018445070003034942,44.63982246587466,False,28,,,,9.01355692088704,PRUNED
529,529,33.333333333333336,2025-05-25 06:24:51.366358,2025-05-25 06:24:56.384368,0 days 00:00:05.018010,AdamW,0.39735032200566506,,,0.00015572057620663612,,,,6,,,0.0008600187285921632,,PRUNED
530,530,31.25,2025-05-25 06:24:56.424540,2025-05-25 06:25:02.109696,0 days 00:00:05.685156,AdamW,0.36838703743837553,,,0.00012216358446159116,,,,4,,,0.0010920833308120982,,PRUNED
531,531,33.333333333333336,2025-05-25 06:25:02.141958,2025-05-25 06:25:07.871820,0 days 00:00:05.729862,AdamW,0.4130961799954817,,,4.480227475922787e-05,,,,7,,,0.002671649727729031,,PRUNED
532,532,37.5,2025-05-25 06:25:07.910113,2025-05-25 06:25:14.388199,0 days 00:00:06.478086,AdamW,0.38562809586287994,,,8.393816931346781e-05,,,,5,,,0.0013077803444151743,,PRUNED
533,533,33.333333333333336,2025-05-25 06:25:14.426182,2025-05-25 06:25:20.478876,0 days 00:00:06.052694,Adadelta,0.3569541375147006,0.29209261644323803,,,,,,3,0.056032407590014426,,,,PRUNED
534,534,33.333333333333336,2025-05-25 06:25:20.516609,2025-05-25 06:25:23.700948,0 days 00:00:03.184339,AdamW,0.40362110918773003,,,0.0002115262111728823,,,,2,,,0.0007955903178810814,,PRUNED
535,535,33.333333333333336,2025-05-25 06:25:23.728317,2025-05-25 06:25:26.556789,0 days 00:00:02.828472,AdamW,0.3763655627357002,,,0.000393786767589394,,,,6,,,0.0010210262493392202,,PRUNED
536,536,33.333333333333336,2025-05-25 06:25:26.586488,2025-05-25 06:25:30.284638,0 days 00:00:03.698150,AdamW,0.3917790024584837,,,6.12067235275146e-05,,,,4,,,0.002383409957301119,,PRUNED
537,537,37.5,2025-05-25 06:25:30.324459,2025-05-25 06:25:38.510049,0 days 00:00:08.185590,AdamW,0.1910513728054316,,,0.0001079083005952714,,,,5,,,0.0009282126827655446,,PRUNED
538,538,35.416666666666664,2025-05-25 06:25:38.548998,2025-05-25 06:25:45.160314,0 days 00:00:06.611316,AdamW,0.4187806769015962,,,0.0001597014350130546,,,,4,,,0.0014132023459148464,,PRUNED
539,539,31.25,2025-05-25 06:25:45.203146,2025-05-25 06:25:48.536680,0 days 00:00:03.333534,AdamW,0.3670209772996138,,,0.00013959974320980817,,,,1,,,0.008741176938438117,,PRUNED
540,540,37.5,2025-05-25 06:25:48.568139,2025-05-25 06:25:51.697473,0 days 00:00:03.129334,AdamW,0.3406865440442928,,,0.00025058725673468725,,,,7,,,0.00320674073409566,,PRUNED
541,541,29.166666666666668,2025-05-25 06:25:51.736255,2025-05-25 06:25:57.635401,0 days 00:00:05.899146,AdamW,0.3833362207510163,,,5.24751814621059e-05,,,,8,,,0.0011710548681080164,,PRUNED
542,542,33.333333333333336,2025-05-25 06:25:57.676982,2025-05-25 06:26:04.235319,0 days 00:00:06.558337,AdamW,0.39674214132234303,,,7.231559181066253e-05,,,,3,,,0.002120393006345489,,PRUNED
543,543,35.416666666666664,2025-05-25 06:26:04.273579,2025-05-25 06:26:10.057950,0 days 00:00:05.784371,AdamW,0.3330110927138512,,,0.0001764369394005501,,,,12,,,0.002902674432527115,,PRUNED
544,544,35.416666666666664,2025-05-25 06:26:10.100151,2025-05-25 06:26:13.622233,0 days 00:00:03.522082,AdamW,0.3592453529974911,,,9.314067306809149e-05,,,,6,,,0.0012531212756437182,,PRUNED
545,545,33.333333333333336,2025-05-25 06:26:13.653287,2025-05-25 06:26:18.581482,0 days 00:00:04.928195,AdamW,0.4050497579444872,,,0.0005557949995390707,,,,24,,,0.0014520741524938776,,PRUNED
546,546,45.833333333333336,2025-05-25 06:26:18.619627,2025-05-25 06:26:33.208483,0 days 00:00:14.588856,AdamW,0.3767756279570503,,,0.000127243667661436,,,,5,,,0.001590655727588627,,COMPLETE
547,547,33.333333333333336,2025-05-25 06:26:33.265431,2025-05-25 06:26:39.966933,0 days 00:00:06.701502,Adadelta,0.4377946059051868,7.872476794686766,,,,,,2,11.408503745934798,,,,PRUNED
548,548,25.0,2025-05-25 06:26:40.005820,2025-05-25 06:26:45.948372,0 days 00:00:05.942552,AdamW,0.4221184915098072,,,0.0002923506980545775,,,,15,,,0.0006700165906455184,,PRUNED
549,549,41.666666666666664,2025-05-25 06:26:45.986697,2025-05-25 06:26:55.744071,0 days 00:00:09.757374,AdamW,0.3523124180141237,,,3.955146789453656e-05,,,,5,,,0.0009965124842711021,,PRUNED
550,550,54.166666666666664,2025-05-25 06:26:55.783644,2025-05-25 06:27:10.509635,0 days 00:00:14.725991,AdamW,0.39337245168954543,,,0.00020169456976673963,,,,4,,,0.0011384722473594807,,COMPLETE
551,551,,2025-05-25 06:27:10.565065,2025-05-25 06:27:16.128482,0 days 00:00:05.563417,SGD,0.3709126785547806,,,,0.03453616307294355,76.80161902472305,False,7,,,,1.781677048372603,PRUNED
552,552,27.083333333333332,2025-05-25 06:27:16.171112,2025-05-25 06:27:22.315343,0 days 00:00:06.144231,AdamW,0.40680241553923535,,,6.721655519779596e-05,,,,3,,,0.001292679998995187,,PRUNED
553,553,37.5,2025-05-25 06:27:22.345972,2025-05-25 06:27:26.368867,0 days 00:00:04.022895,Adam,0.38529906064658254,,0.00045608256530440763,,,,,2,,0.028683284267636427,,,PRUNED
554,554,33.333333333333336,2025-05-25 06:27:26.413823,2025-05-25 06:27:32.628221,0 days 00:00:06.214398,AdamW,0.3622490894823024,,,0.00011091240075560084,,,,16,,,0.0022447970135403847,,PRUNED
555,555,31.25,2025-05-25 06:27:32.670091,2025-05-25 06:27:38.991611,0 days 00:00:06.321520,AdamW,0.37582780370992114,,,0.00015735379989143173,,,,6,,,0.0025436650147894263,,PRUNED
556,556,39.583333333333336,2025-05-25 06:27:39.034896,2025-05-25 06:27:53.954371,0 days 00:00:14.919475,AdamW,0.38909144211681584,,,8.918958205129314e-05,,,,4,,,0.0019746093735368343,,COMPLETE
557,557,47.916666666666664,2025-05-25 06:27:54.011206,2025-05-25 06:28:08.469450,0 days 00:00:14.458244,AdamW,0.4081717389433308,,,0.00035617352240435333,,,,5,,,0.0013653827251503153,,COMPLETE
558,558,43.75,2025-05-25 06:28:08.525218,2025-05-25 06:28:21.863330,0 days 00:00:13.338112,AdamW,0.41895053534873766,,,0.0002452820085398091,,,,3,,,0.0010683532856437827,,COMPLETE
559,559,33.333333333333336,2025-05-25 06:28:21.919259,2025-05-25 06:28:28.338947,0 days 00:00:06.419688,AdamW,0.2722290246094604,,,5.326459932207408e-05,,,,6,,,0.0009290846424450108,,PRUNED
560,560,33.333333333333336,2025-05-25 06:28:28.381924,2025-05-25 06:28:34.608710,0 days 00:00:06.226786,Adadelta,0.341587443847766,0.20318757289624945,,,,,,7,2.259971286503934,,,,PRUNED
561,561,45.833333333333336,2025-05-25 06:28:34.649553,2025-05-25 06:28:43.273208,0 days 00:00:08.623655,AdamW,0.3993934741616411,,,0.00018620334670217873,,,,1,,,0.0015591833358772696,,COMPLETE
562,562,39.583333333333336,2025-05-25 06:28:43.325318,2025-05-25 06:28:50.745498,0 days 00:00:07.420180,AdamW,0.3545341445469097,,,0.00012830534416730297,,,,5,,,0.0018066329007911082,,PRUNED
563,563,35.416666666666664,2025-05-25 06:28:50.789582,2025-05-25 06:28:57.426129,0 days 00:00:06.636547,AdamW,0.3685852332408902,,,7.619196734803294e-05,,,,4,,,0.002096967541915671,,PRUNED
564,564,45.833333333333336,2025-05-25 06:28:57.471025,2025-05-25 06:29:09.428112,0 days 00:00:11.957087,AdamW,0.38188231408940676,,,0.00010642507549520529,,,,2,,,0.0011949643507637585,,COMPLETE
565,565,47.916666666666664,2025-05-25 06:29:09.468022,2025-05-25 06:29:16.747056,0 days 00:00:07.279034,AdamW,0.4158064272493863,,,0.00020855641746197372,,,,3,,,0.0014227974248783848,,COMPLETE
566,566,33.333333333333336,2025-05-25 06:29:16.787025,2025-05-25 06:29:19.569011,0 days 00:00:02.781986,AdamW,0.38925022383780344,,,0.00014649835477769884,,,,8,,,0.0023946738171851142,,PRUNED
567,567,33.333333333333336,2025-05-25 06:29:19.598713,2025-05-25 06:29:22.668702,0 days 00:00:03.069989,AdamW,0.3975894007282671,,,6.115802370482165e-05,,,,4,,,0.001266925047772629,,PRUNED
568,568,33.333333333333336,2025-05-25 06:29:22.695956,2025-05-25 06:29:25.696777,0 days 00:00:03.000821,AdamW,0.43440554816381566,,,0.00017471114485269107,,,,5,,,0.0016485214543942158,,PRUNED
569,569,29.166666666666668,2025-05-25 06:29:25.739420,2025-05-25 06:29:28.841733,0 days 00:00:03.102313,AdamW,0.37342644462653773,,,0.00028057481483534873,,,,18,,,0.002740906841461736,,PRUNED
570,570,43.75,2025-05-25 06:29:28.870792,2025-05-25 06:29:33.527259,0 days 00:00:04.656467,AdamW,0.3583419847459539,,,8.438770908157363e-05,,,,1,,,0.001101700865122088,,PRUNED
571,571,33.333333333333336,2025-05-25 06:29:33.564549,2025-05-25 06:29:37.120817,0 days 00:00:03.556268,AdamW,0.4061759351929585,,,4.792681900298237e-05,,,,9,,,0.0010065968705700974,,PRUNED
572,572,33.333333333333336,2025-05-25 06:29:37.162344,2025-05-25 06:29:43.564458,0 days 00:00:06.402114,Adadelta,0.3652135286268859,67.74339559117706,,,,,,6,0.09369311026189334,,,,PRUNED
573,573,35.416666666666664,2025-05-25 06:29:43.607516,2025-05-25 06:29:50.180795,0 days 00:00:06.573279,AdamW,0.48630832426862697,,,0.00022992869048308584,,,,3,,,0.0008338828016823576,,PRUNED
574,574,54.166666666666664,2025-05-25 06:29:50.225166,2025-05-25 06:30:00.335389,0 days 00:00:10.110223,AdamW,0.3478064313164527,,,0.00013658880326291662,,,,5,,,0.0019289196977224203,,COMPLETE
575,575,,2025-05-25 06:30:00.375155,2025-05-25 06:30:03.184038,0 days 00:00:02.808883,SGD,0.3824373571693481,,,,5.976073878136609e-05,30.788157300302725,True,6,,,,0.4257776428756822,PRUNED
576,576,33.333333333333336,2025-05-25 06:30:03.213492,2025-05-25 06:30:06.116503,0 days 00:00:02.903011,AdamW,0.4122160355698564,,,0.00010501168712374594,,,,4,,,0.0014678104141131307,,PRUNED
577,577,33.333333333333336,2025-05-25 06:30:06.148747,2025-05-25 06:30:10.173979,0 days 00:00:04.025232,Adam,0.430082588505813,,0.09358504428941891,,,,,3,,0.14030783708949424,,,PRUNED
578,578,41.666666666666664,2025-05-25 06:30:10.205338,2025-05-25 06:30:17.955205,0 days 00:00:07.749867,AdamW,0.39771130528557036,,,0.00018866866233922797,,,,7,,,0.0020960831153504973,,PRUNED
579,579,37.5,2025-05-25 06:30:17.994675,2025-05-25 06:30:24.594360,0 days 00:00:06.599685,AdamW,0.37591992663304197,,,6.656835661029467e-05,,,,5,,,0.0013222301376422452,,PRUNED
580,580,33.333333333333336,2025-05-25 06:30:24.633178,2025-05-25 06:30:31.111465,0 days 00:00:06.478287,AdamW,0.3291846281070318,,,0.0003201522655675031,,,,6,,,0.0011416790877309328,,PRUNED
581,581,33.333333333333336,2025-05-25 06:30:31.158665,2025-05-25 06:30:37.725156,0 days 00:00:06.566491,AdamW,0.36391635190545857,,,0.00015936626913085387,,,,2,,,0.0007262087064129025,,PRUNED
582,582,33.333333333333336,2025-05-25 06:30:37.770094,2025-05-25 06:30:44.372736,0 days 00:00:06.602642,AdamW,0.4451171843970197,,,9.718598426856863e-05,,,,4,,,0.002375403054507398,,PRUNED
583,583,39.583333333333336,2025-05-25 06:30:44.418934,2025-05-25 06:30:52.796501,0 days 00:00:08.377567,AdamW,0.384937484785853,,,0.00012369668968003925,,,,3,,,0.0008909438938964383,,PRUNED
584,584,33.333333333333336,2025-05-25 06:30:52.835105,2025-05-25 06:30:59.443077,0 days 00:00:06.607972,AdamW,0.42051793045232494,,,7.929447445970085e-05,,,,1,,,0.0005657125693916882,,PRUNED
585,585,33.333333333333336,2025-05-25 06:30:59.485052,2025-05-25 06:31:06.022591,0 days 00:00:06.537539,AdamW,0.39666676051707833,,,1.3270620128969114e-05,,,,5,,,0.001755621389017989,,PRUNED
586,586,33.333333333333336,2025-05-25 06:31:06.066762,2025-05-25 06:31:12.517786,0 days 00:00:06.451024,Adadelta,0.3549433957852586,0.017663078086514895,,,,,,6,0.7868220170683607,,,,PRUNED
587,587,33.333333333333336,2025-05-25 06:31:12.560881,2025-05-25 06:31:19.141745,0 days 00:00:06.580864,AdamW,0.4070424789737577,,,3.421824545815253e-05,,,,4,,,0.0012502209564802576,,PRUNED
588,588,31.25,2025-05-25 06:31:19.186374,2025-05-25 06:31:25.549082,0 days 00:00:06.362708,AdamW,0.39020773300226197,,,0.0002275298542957475,,,,7,,,0.001563274653244962,,PRUNED
589,589,35.416666666666664,2025-05-25 06:31:25.591484,2025-05-25 06:31:32.427729,0 days 00:00:06.836245,AdamW,0.37147632834347916,,,4.22813662700245e-05,,,,2,,,0.003024829599717412,,PRUNED
590,590,37.5,2025-05-25 06:31:32.472339,2025-05-25 06:31:40.684956,0 days 00:00:08.212617,AdamW,0.37944372527151143,,,5.9771573166363656e-05,,,,4,,,0.0010177628827803137,,PRUNED
591,591,47.916666666666664,2025-05-25 06:31:40.724049,2025-05-25 06:31:54.243562,0 days 00:00:13.519513,AdamW,0.34193936251259294,,,0.00016281743999916004,,,,6,,,0.0013680503475024602,,COMPLETE
592,592,31.25,2025-05-25 06:31:54.300402,2025-05-25 06:32:00.869563,0 days 00:00:06.569161,AdamW,0.4270685919109691,,,0.00012112788093892988,,,,3,,,0.0011364100502772895,,PRUNED
593,593,33.333333333333336,2025-05-25 06:32:00.914255,2025-05-25 06:32:07.236034,0 days 00:00:06.321779,AdamW,0.4140716167296191,,,1.7002648821892376e-05,,,,7,,,0.0026425091583504776,,PRUNED
594,594,33.333333333333336,2025-05-25 06:32:07.279136,2025-05-25 06:32:13.782379,0 days 00:00:06.503243,AdamW,0.3904606870840474,,,0.00020116884606427004,,,,5,,,0.002151915217868058,,PRUNED
595,595,33.333333333333336,2025-05-25 06:32:13.826540,2025-05-25 06:32:20.406503,0 days 00:00:06.579963,AdamW,0.362566339125896,,,7.064469541857504e-05,,,,2,,,0.0018917717590888968,,PRUNED
596,596,33.333333333333336,2025-05-25 06:32:20.451256,2025-05-25 06:32:27.045374,0 days 00:00:06.594118,AdamW,0.40184824865587854,,,9.391773417060692e-05,,,,5,,,0.0009481045965972339,,PRUNED
597,597,64.58333333333333,2025-05-25 06:32:27.089967,2025-05-25 06:32:41.902848,0 days 00:00:14.812881,AdamW,0.37388803638635504,,,0.00013718972551403662,,,,4,,,0.0016933917791086234,,COMPLETE
598,598,35.416666666666664,2025-05-25 06:32:41.959566,2025-05-25 06:32:48.521639,0 days 00:00:06.562073,AdamW,0.3699636680904463,,,0.00013972405947551108,,,,4,,,0.001843209018603224,,PRUNED
599,599,31.25,2025-05-25 06:32:48.566525,2025-05-25 06:32:55.251824,0 days 00:00:06.685299,Adadelta,0.3505913035515396,0.07877642571761037,,,,,,4,0.49133044937672016,,,,PRUNED
600,600,52.083333333333336,2025-05-25 06:32:55.296077,2025-05-25 06:33:10.149088,0 days 00:00:14.853011,AdamW,0.3608010650827773,,,8.638542125531022e-05,,,,3,,,0.0015712153759717383,,COMPLETE
601,601,35.416666666666664,2025-05-25 06:33:10.224817,2025-05-25 06:33:16.288914,0 days 00:00:06.064097,Adam,0.34732959868595514,,3.802430436762175e-05,,,,,3,,0.04398603627680036,,,PRUNED
602,602,33.333333333333336,2025-05-25 06:33:16.330848,2025-05-25 06:33:22.368989,0 days 00:00:06.038141,SGD,0.38222014959275047,,,,1.0192771632582076e-05,2.1694572128887373,True,4,,,,0.1361905869731148,PRUNED
603,603,31.25,2025-05-25 06:33:22.413254,2025-05-25 06:33:28.941607,0 days 00:00:06.528353,AdamW,0.37245919931564786,,,0.00011992321760381458,,,,5,,,0.0017466452635482238,,PRUNED
604,604,33.333333333333336,2025-05-25 06:33:28.987578,2025-05-25 06:33:32.188916,0 days 00:00:03.201338,AdamW,0.40394194554039153,,,0.00010876982297561919,,,,2,,,0.0020033210757177903,,PRUNED
605,605,52.083333333333336,2025-05-25 06:33:32.216532,2025-05-25 06:33:44.511587,0 days 00:00:12.295055,AdamW,0.3939545612788575,,,0.00014353043849647045,,,,4,,,0.00226460117801386,,COMPLETE
606,606,33.333333333333336,2025-05-25 06:33:44.568433,2025-05-25 06:33:50.979868,0 days 00:00:06.411435,AdamW,0.33329769786999836,,,5.919532000705495e-05,,,,3,,,0.0015649279229193415,,PRUNED
607,607,54.166666666666664,2025-05-25 06:33:51.021544,2025-05-25 06:34:03.244933,0 days 00:00:12.223389,AdamW,0.41327054799388024,,,7.650495506936269e-05,,,,5,,,0.0016897570373327953,,COMPLETE
608,608,41.666666666666664,2025-05-25 06:34:03.302429,2025-05-25 06:34:15.480536,0 days 00:00:12.178107,AdamW,0.4267548915493661,,,0.00025529957736921744,,,,4,,,0.001988409362018205,,COMPLETE
609,609,33.333333333333336,2025-05-25 06:34:15.537114,2025-05-25 06:34:22.203471,0 days 00:00:06.666357,AdamW,0.35769558883608993,,,0.0306596614348069,,,,3,,,0.002518607890639442,,PRUNED
610,610,47.916666666666664,2025-05-25 06:34:22.252004,2025-05-25 06:34:32.460211,0 days 00:00:10.208207,AdamW,0.3817450889044605,,,9.973762154566918e-05,,,,1,,,0.00022785297932009714,,PRUNED
611,611,39.583333333333336,2025-05-25 06:34:32.491180,2025-05-25 06:34:38.697541,0 days 00:00:06.206361,AdamW,0.37172594209010806,,,5.3243874089303194e-05,,,,4,,,0.0014772114468212865,,PRUNED
612,612,33.333333333333336,2025-05-25 06:34:38.744720,2025-05-25 06:34:45.258116,0 days 00:00:06.513396,AdamW,0.392026121744776,,,0.08577929359423592,,,,5,,,0.0016906317215403784,,PRUNED
613,613,33.333333333333336,2025-05-25 06:34:45.303038,2025-05-25 06:34:51.036638,0 days 00:00:05.733600,Adadelta,0.4422684305342779,3.557838576969118,,,,,,2,0.031900005822479094,,,,PRUNED
614,614,50.0,2025-05-25 06:34:51.067428,2025-05-25 06:35:04.570465,0 days 00:00:13.503037,AdamW,0.40438879738427547,,,0.00016007453550781852,,,,0,,,0.00347817961420045,,COMPLETE
615,615,31.25,2025-05-25 06:35:04.627383,2025-05-25 06:35:10.571341,0 days 00:00:05.943958,AdamW,0.3652484882323219,,,0.0004620654305489334,,,,3,,,0.002252517984941296,,PRUNED
616,616,37.5,2025-05-25 06:35:10.614899,2025-05-25 06:35:15.015056,0 days 00:00:04.400157,AdamW,0.4205175079565482,,,0.00018476685410466509,,,,6,,,0.0018308927480640315,,PRUNED
617,617,33.333333333333336,2025-05-25 06:35:15.055644,2025-05-25 06:35:19.997785,0 days 00:00:04.942141,AdamW,0.3164499922590888,,,0.00012624117937050608,,,,4,,,0.0014335973909956493,,PRUNED
618,618,37.5,2025-05-25 06:35:20.039087,2025-05-25 06:35:24.551226,0 days 00:00:04.512139,AdamW,0.3439098987401788,,,6.984628626427529e-05,,,,30,,,0.0020327090017280497,,PRUNED
619,619,35.416666666666664,2025-05-25 06:35:24.580367,2025-05-25 06:35:27.516203,0 days 00:00:02.935836,AdamW,0.3841247704163026,,,0.0014950574359928746,,,,5,,,0.0007910693209395132,,PRUNED
620,620,35.416666666666664,2025-05-25 06:35:27.559950,2025-05-25 06:35:31.479835,0 days 00:00:03.919885,AdamW,0.35430740852370973,,,9.140759937814465e-05,,,,5,,,0.002430965431668598,,PRUNED
621,621,37.5,2025-05-25 06:35:31.510500,2025-05-25 06:35:34.421618,0 days 00:00:02.911118,AdamW,0.3979244008547418,,,0.00014563938759342841,,,,3,,,0.0016391383568142195,,PRUNED
622,622,35.416666666666664,2025-05-25 06:35:34.452373,2025-05-25 06:35:39.046326,0 days 00:00:04.593953,AdamW,0.3758005213552397,,,0.0002938964025413757,,,,1,,,0.0013264470290052647,,PRUNED
623,623,33.333333333333336,2025-05-25 06:35:39.077261,2025-05-25 06:35:42.144619,0 days 00:00:03.067358,AdamW,0.4152899125850938,,,0.0002121402365578829,,,,4,,,0.0027790726161397664,,PRUNED
624,624,,2025-05-25 06:35:42.175475,2025-05-25 06:35:45.482035,0 days 00:00:03.306560,SGD,0.3884704504785199,,,,0.00692240160308303,57.45868782727264,False,2,,,,0.032227239086775446,PRUNED
625,625,33.333333333333336,2025-05-25 06:35:45.511370,2025-05-25 06:35:49.340882,0 days 00:00:03.829512,Adam,0.36478664868354027,,0.037197538775758016,,,,,6,,5.1708186706832056,,,PRUNED
626,626,37.5,2025-05-25 06:35:49.384122,2025-05-25 06:35:55.652607,0 days 00:00:06.268485,AdamW,0.4052655118409252,,,4.033394075493989e-05,,,,20,,,0.0009052741307394838,,PRUNED
627,627,35.416666666666664,2025-05-25 06:35:55.694541,2025-05-25 06:36:02.225415,0 days 00:00:06.530874,AdamW,0.37870877382577195,,,4.864615287457586e-05,,,,5,,,0.0010347996048551608,,PRUNED
628,628,33.333333333333336,2025-05-25 06:36:02.270796,2025-05-25 06:36:08.547455,0 days 00:00:06.276659,Adadelta,0.43043189077808014,8.615422546359158,,,,,,4,5.644172419494716,,,,PRUNED
629,629,25.0,2025-05-25 06:36:08.588755,2025-05-25 06:36:13.108722,0 days 00:00:04.519967,AdamW,0.3918462488924503,,,8.052659821104965e-05,,,,13,,,0.00034762859105623027,,PRUNED
630,630,33.333333333333336,2025-05-25 06:36:13.147516,2025-05-25 06:36:17.555063,0 days 00:00:04.407547,AdamW,0.35488633301994493,,,0.00010982001047518213,,,,3,,,0.002155083251712652,,PRUNED
631,631,41.666666666666664,2025-05-25 06:36:17.585949,2025-05-25 06:36:25.618326,0 days 00:00:08.032377,AdamW,0.4115430932555246,,,0.0001645494018495924,,,,5,,,0.0014604391244961855,,PRUNED
632,632,37.5,2025-05-25 06:36:25.665286,2025-05-25 06:36:33.584194,0 days 00:00:07.918908,AdamW,0.3686498043355139,,,0.0003551269334021021,,,,6,,,0.001209567214541022,,PRUNED
633,633,33.333333333333336,2025-05-25 06:36:33.628108,2025-05-25 06:36:40.232317,0 days 00:00:06.604209,AdamW,0.02578659037219222,,,0.010118722177973787,,,,2,,,0.001852391470280983,,PRUNED
634,634,56.25,2025-05-25 06:36:40.277360,2025-05-25 06:36:55.198751,0 days 00:00:14.921391,AdamW,0.4002560165467241,,,0.0002456387791678412,,,,3,,,0.0010859381357867291,,COMPLETE
635,635,45.833333333333336,2025-05-25 06:36:55.256650,2025-05-25 06:37:06.789904,0 days 00:00:11.533254,AdamW,0.33488465914158894,,,6.653760935317645e-05,,,,4,,,0.001567426009041732,,PRUNED
636,636,43.75,2025-05-25 06:37:06.835905,2025-05-25 06:37:21.220368,0 days 00:00:14.384463,AdamW,0.37810261796991784,,,0.00018656467042689302,,,,1,,,0.0013672197400182338,,COMPLETE
637,637,31.25,2025-05-25 06:37:21.278662,2025-05-25 06:37:27.809677,0 days 00:00:06.531015,AdamW,0.38777486187763577,,,0.0001303859061041713,,,,6,,,0.001720056556287736,,PRUNED
638,638,37.5,2025-05-25 06:37:27.853481,2025-05-25 06:37:34.432761,0 days 00:00:06.579280,AdamW,0.3487691978965474,,,9.241956552580907e-05,,,,4,,,0.002486800087833066,,PRUNED
639,639,37.5,2025-05-25 06:37:34.479923,2025-05-25 06:37:40.888951,0 days 00:00:06.409028,AdamW,0.4234815302353603,,,5.350834255399025e-05,,,,5,,,0.002046061108294298,,PRUNED
640,640,33.333333333333336,2025-05-25 06:37:40.930119,2025-05-25 06:37:45.028619,0 days 00:00:04.098500,Adadelta,0.30598553535201606,0.5963812310142731,,,,,,3,0.1366548655950533,,,,PRUNED
641,641,35.416666666666664,2025-05-25 06:37:45.073248,2025-05-25 06:37:51.620488,0 days 00:00:06.547240,AdamW,0.36417464927200416,,,0.00011016905225508758,,,,5,,,0.0009645547751661588,,PRUNED
642,642,35.416666666666664,2025-05-25 06:37:51.665794,2025-05-25 06:37:57.868757,0 days 00:00:06.202963,AdamW,0.4095103611450537,,,0.00020692738474239583,,,,22,,,0.0011665428340786603,,PRUNED
643,643,37.5,2025-05-25 06:37:57.911044,2025-05-25 06:38:03.676751,0 days 00:00:05.765707,AdamW,0.20637483449316213,,,7.673682629063679e-05,,,,4,,,0.002227100132994283,,PRUNED
644,644,37.5,2025-05-25 06:38:03.721785,2025-05-25 06:38:10.139716,0 days 00:00:06.417931,AdamW,0.3967546757258609,,,0.00014832276711415876,,,,6,,,0.0014196498148275794,,PRUNED
645,645,50.0,2025-05-25 06:38:10.183738,2025-05-25 06:38:23.721346,0 days 00:00:13.537608,AdamW,0.3726863133881845,,,0.0001700540056488855,,,,1,,,0.0012499583314178326,,COMPLETE
646,646,31.25,2025-05-25 06:38:23.779442,2025-05-25 06:38:30.541788,0 days 00:00:06.762346,AdamW,0.3835545289259519,,,6.207344951030932e-05,,,,2,,,0.0018502087024804615,,PRUNED
647,647,33.333333333333336,2025-05-25 06:38:30.589917,2025-05-25 06:38:37.151556,0 days 00:00:06.561639,AdamW,0.43657502393730124,,,0.00025488034355994864,,,,4,,,0.0008859515484105658,,PRUNED
648,648,,2025-05-25 06:38:37.197611,2025-05-25 06:38:42.027742,0 days 00:00:04.830131,SGD,0.26021705716331484,,,,0.0001863454308790785,91.43460741626899,True,6,,,,7.742760974029206,PRUNED
649,649,47.916666666666664,2025-05-25 06:38:42.067400,2025-05-25 06:38:53.437873,0 days 00:00:11.370473,AdamW,0.35775068145358524,,,0.00012233707338560267,,,,3,,,0.001041504013412417,,COMPLETE
650,650,29.166666666666668,2025-05-25 06:38:53.495329,2025-05-25 06:39:00.082534,0 days 00:00:06.587205,Adam,0.4180407225248085,,0.000803644580420055,,,,,3,,50.12976204198712,,,PRUNED
651,651,47.916666666666664,2025-05-25 06:39:00.127643,2025-05-25 06:39:14.425937,0 days 00:00:14.298294,AdamW,0.4014095818675588,,,9.753811031099431e-05,,,,5,,,0.0016519232095835625,,COMPLETE
652,652,33.333333333333336,2025-05-25 06:39:14.483958,2025-05-25 06:39:20.525181,0 days 00:00:06.041223,AdamW,0.3888556666064513,,,0.00022534831442276828,,,,5,,,0.0012720967838372218,,PRUNED
653,653,58.333333333333336,2025-05-25 06:39:20.567762,2025-05-25 06:39:32.403044,0 days 00:00:11.835282,AdamW,0.49182846373286276,,,8.023140702255223e-05,,,,6,,,0.002984804581601578,,COMPLETE
654,654,33.333333333333336,2025-05-25 06:39:32.461670,2025-05-25 06:39:38.953492,0 days 00:00:06.491822,Adadelta,0.239691169616216,33.77274086001071,,,,,,2,0.01558398597623401,,,,PRUNED
655,655,33.333333333333336,2025-05-25 06:39:38.995524,2025-05-25 06:39:44.052505,0 days 00:00:05.056981,AdamW,0.3419642323286235,,,4.6377177232049146e-05,,,,4,,,0.0015352236684698342,,PRUNED
656,656,52.083333333333336,2025-05-25 06:39:44.098480,2025-05-25 06:39:58.097161,0 days 00:00:13.998681,AdamW,0.37551315313023037,,,0.0003182692991774361,,,,5,,,0.0026490757960665454,,COMPLETE
657,657,54.166666666666664,2025-05-25 06:39:58.151780,2025-05-25 06:40:11.222366,0 days 00:00:13.070586,AdamW,0.3636924679843405,,,0.00018142217598847882,,,,0,,,0.002356574679697091,,COMPLETE
658,658,41.666666666666664,2025-05-25 06:40:11.280589,2025-05-25 06:40:21.247141,0 days 00:00:09.966552,AdamW,0.40922615363450554,,,0.00014123535326429447,,,,2,,,0.0011112374474033188,,PRUNED
659,659,58.333333333333336,2025-05-25 06:40:21.293774,2025-05-25 06:40:36.264647,0 days 00:00:14.970873,AdamW,0.39500506317003686,,,0.00011214423385339054,,,,4,,,0.0020071318504450305,,COMPLETE
660,660,35.416666666666664,2025-05-25 06:40:36.323224,2025-05-25 06:40:42.906398,0 days 00:00:06.583174,AdamW,0.1068622432016636,,,7.047764517118801e-05,,,,3,,,0.000827859066880543,,PRUNED
661,661,31.25,2025-05-25 06:40:42.952619,2025-05-25 06:40:49.268870,0 days 00:00:06.316251,AdamW,0.45189156147482334,,,0.00028448199455333173,,,,7,,,0.0013806806138292472,,PRUNED
662,662,33.333333333333336,2025-05-25 06:40:49.312756,2025-05-25 06:40:56.013764,0 days 00:00:06.701008,AdamW,0.3507410384883898,,,3.337878163989677e-05,,,,6,,,0.0016965946530177471,,PRUNED
663,663,33.333333333333336,2025-05-25 06:40:56.059352,2025-05-25 06:41:02.624630,0 days 00:00:06.565278,AdamW,0.3805011486233613,,,0.00016417408758115801,,,,4,,,0.0011715712200417033,,PRUNED
664,664,33.333333333333336,2025-05-25 06:41:02.670388,2025-05-25 06:41:09.136682,0 days 00:00:06.466294,AdamW,0.36618552419246986,,,5.6963553060876776e-05,,,,5,,,0.0009787616582874906,,PRUNED
665,665,33.333333333333336,2025-05-25 06:41:09.177019,2025-05-25 06:41:14.993765,0 days 00:00:05.816746,AdamW,0.41793032464566593,,,9.129729975120304e-05,,,,3,,,0.0022139190865325758,,PRUNED
666,666,31.25,2025-05-25 06:41:15.039445,2025-05-25 06:41:21.693215,0 days 00:00:06.653770,AdamW,0.4017700651848749,,,0.0008686018901720079,,,,1,,,0.0019224117195737252,,PRUNED
667,667,33.333333333333336,2025-05-25 06:41:21.738774,2025-05-25 06:41:28.051978,0 days 00:00:06.313204,Adadelta,0.3869464775106953,0.03867446304326178,,,,,,7,0.010218066498833497,,,,PRUNED
668,668,41.666666666666664,2025-05-25 06:41:28.100041,2025-05-25 06:41:40.006664,0 days 00:00:11.906623,AdamW,0.36961086801918674,,,0.0002113339554247691,,,,5,,,0.0015212989946791738,,COMPLETE
669,669,31.25,2025-05-25 06:41:40.048269,2025-05-25 06:41:42.898413,0 days 00:00:02.850144,AdamW,0.4261406278268844,,,0.00014162950100508203,,,,6,,,0.0012679215768087856,,PRUNED
670,670,43.75,2025-05-25 06:41:42.929046,2025-05-25 06:41:47.737360,0 days 00:00:04.808314,AdamW,0.35840452953855695,,,0.00039620156949703866,,,,4,,,0.0013515761260473192,,PRUNED
671,671,33.333333333333336,2025-05-25 06:41:47.782219,2025-05-25 06:41:52.967657,0 days 00:00:05.185438,AdamW,0.32338236403650206,,,0.00011625138889064573,,,,2,,,0.001772915773719763,,PRUNED
672,672,37.5,2025-05-25 06:41:53.013476,2025-05-25 06:41:59.392864,0 days 00:00:06.379388,AdamW,0.37436548861026314,,,8.135329804991723e-05,,,,3,,,0.001034890595080416,,PRUNED
673,673,,2025-05-25 06:41:59.438953,2025-05-25 06:42:06.051578,0 days 00:00:06.612625,SGD,0.4081866569636427,,,,3.6882549225456235e-05,8.32979718664587,False,3,,,,41.00001131221489,PRUNED
674,674,33.333333333333336,2025-05-25 06:42:06.097664,2025-05-25 06:42:12.429616,0 days 00:00:06.331952,Adam,0.3882560027503116,,0.001580958095287577,,,,,4,,0.554595517567617,,,PRUNED
675,675,33.333333333333336,2025-05-25 06:42:12.473077,2025-05-25 06:42:16.799674,0 days 00:00:04.326597,AdamW,0.3989153244562492,,,0.00019323087041598518,,,,5,,,0.002429251968639638,,PRUNED
676,676,33.333333333333336,2025-05-25 06:42:16.843544,2025-05-25 06:42:21.528756,0 days 00:00:04.685212,AdamW,0.28172059733380517,,,6.748643050290618e-05,,,,7,,,0.000755625060301449,,PRUNED
677,677,33.333333333333336,2025-05-25 06:42:21.598271,2025-05-25 06:42:28.122399,0 days 00:00:06.524128,AdamW,0.43541267168905357,,,0.00010264513416800726,,,,5,,,0.0014819298200793535,,PRUNED
678,678,47.916666666666664,2025-05-25 06:42:28.168746,2025-05-25 06:42:43.070075,0 days 00:00:14.901329,AdamW,0.3426111457995863,,,0.0002547642218454771,,,,4,,,0.0028016269021804837,,COMPLETE
679,679,31.25,2025-05-25 06:42:43.128951,2025-05-25 06:42:49.566678,0 days 00:00:06.437727,AdamW,0.38349524738073776,,,0.00013175033065509326,,,,6,,,0.0011266740739635278,,PRUNED
680,680,33.333333333333336,2025-05-25 06:42:49.611664,2025-05-25 06:42:56.294532,0 days 00:00:06.682868,AdamW,0.2238394527623542,,,4.478211141068112e-05,,,,2,,,0.0009472767141167787,,PRUNED
681,681,33.333333333333336,2025-05-25 06:42:56.340751,2025-05-25 06:43:06.253085,0 days 00:00:09.912334,Adadelta,0.3548413502660883,0.021360592039549698,,,,,,2,23.758343311059367,,,,PRUNED
682,682,29.166666666666668,2025-05-25 06:43:06.299271,2025-05-25 06:43:12.889257,0 days 00:00:06.589986,AdamW,0.41528766042985615,,,5.574521163591624e-05,,,,0,,,0.0020801306425803447,,PRUNED
683,683,45.833333333333336,2025-05-25 06:43:12.935560,2025-05-25 06:43:27.886154,0 days 00:00:14.950594,AdamW,0.3758826193324339,,,0.00017351905016416638,,,,3,,,0.0015842965458385018,,COMPLETE
684,684,56.25,2025-05-25 06:43:27.945166,2025-05-25 06:43:42.112554,0 days 00:00:14.167388,AdamW,0.39244189845644584,,,0.0002183743256840504,,,,6,,,0.001857371262224386,,COMPLETE
685,685,33.333333333333336,2025-05-25 06:43:42.171387,2025-05-25 06:43:48.763213,0 days 00:00:06.591826,AdamW,0.3656478290134382,,,8.627580160286264e-05,,,,4,,,0.0012142972567667262,,PRUNED
686,686,60.416666666666664,2025-05-25 06:43:48.808639,2025-05-25 06:44:03.056832,0 days 00:00:14.248193,AdamW,0.4063817138038279,,,0.00015805528538029206,,,,5,,,0.001378253157229236,,COMPLETE
687,687,47.916666666666664,2025-05-25 06:44:03.115309,2025-05-25 06:44:17.472044,0 days 00:00:14.356735,AdamW,0.44553914968601316,,,0.0001478053626056011,,,,5,,,0.0013775521425291482,,COMPLETE
688,688,45.833333333333336,2025-05-25 06:44:17.528580,2025-05-25 06:44:32.040436,0 days 00:00:14.511856,AdamW,0.40359372995073856,,,0.00010095783744439527,,,,5,,,0.0013136543833974204,,COMPLETE
689,689,35.416666666666664,2025-05-25 06:44:32.099190,2025-05-25 06:44:36.560755,0 days 00:00:04.461565,AdamW,0.47899135683762545,,,6.703645434027519e-05,,,,14,,,0.0014933988573704704,,PRUNED
690,690,62.5,2025-05-25 06:44:36.603721,2025-05-25 06:44:48.411802,0 days 00:00:11.808081,AdamW,0.420648940556991,,,0.00012462854602940902,,,,6,,,0.0012168460187263065,,COMPLETE
691,691,33.333333333333336,2025-05-25 06:44:48.470102,2025-05-25 06:44:54.973741,0 days 00:00:06.503639,AdamW,0.43211765813908054,,,3.775466988503711e-05,,,,6,,,0.0010833097636667353,,PRUNED
692,692,37.5,2025-05-25 06:44:55.018214,2025-05-25 06:45:01.268651,0 days 00:00:06.250437,AdamW,0.42726336018896144,,,0.00012605475206429396,,,,8,,,0.0012205504512568276,,PRUNED
693,693,39.583333333333336,2025-05-25 06:45:01.311457,2025-05-25 06:45:07.618721,0 days 00:00:06.307264,AdamW,0.4223165354650026,,,0.0002769253552020646,,,,7,,,0.0011471590863236878,,PRUNED
694,694,33.333333333333336,2025-05-25 06:45:07.662809,2025-05-25 06:45:14.026797,0 days 00:00:06.363988,AdamW,0.4182401667683072,,,0.00017832533723352072,,,,7,,,0.0010143042363058503,,PRUNED
695,695,39.583333333333336,2025-05-25 06:45:14.071374,2025-05-25 06:45:20.545675,0 days 00:00:06.474301,AdamW,0.4365015659496219,,,8.452909795255109e-05,,,,6,,,0.001231544396567047,,PRUNED
696,696,33.333333333333336,2025-05-25 06:45:20.590620,2025-05-25 06:45:26.949880,0 days 00:00:06.359260,Adadelta,0.4149336566332627,1.483455712665459,,,,,,7,0.07259517517673302,,,,PRUNED
697,697,47.916666666666664,2025-05-25 06:45:26.993688,2025-05-25 06:45:38.186039,0 days 00:00:11.192351,AdamW,0.4133869923810559,,,0.000222168372577345,,,,6,,,0.0010920241792736173,,PRUNED
698,698,33.333333333333336,2025-05-25 06:45:38.231267,2025-05-25 06:45:44.724082,0 days 00:00:06.492815,AdamW,0.4061701200191178,,,5.365828320431795e-05,,,,6,,,0.0008904308943365317,,PRUNED
699,699,33.333333333333336,2025-05-25 06:45:44.771001,2025-05-25 06:45:51.308871,0 days 00:00:06.537870,Adam,0.42678516782714826,,9.466931268789825e-05,,,,,5,,1.5343845845588509,,,PRUNED
700,700,,2025-05-25 06:45:51.354477,2025-05-25 06:45:57.177506,0 days 00:00:05.823029,SGD,0.39410796402870474,,,,0.0005705264126641491,75.41066064772444,True,6,,,,0.019020350669534645,PRUNED
701,701,29.166666666666668,2025-05-25 06:45:57.221530,2025-05-25 06:46:03.491980,0 days 00:00:06.270450,AdamW,0.43973484336318147,,,0.00010834567367024895,,,,8,,,0.0013588221783582914,,PRUNED
702,702,39.583333333333336,2025-05-25 06:46:03.537994,2025-05-25 06:46:09.983848,0 days 00:00:06.445854,AdamW,0.44752663210225857,,,0.00031820363759918344,,,,6,,,0.00114518006685314,,PRUNED
703,703,35.416666666666664,2025-05-25 06:46:10.028625,2025-05-25 06:46:16.568955,0 days 00:00:06.540330,AdamW,0.46646168204951444,,,2.4751878455346714e-05,,,,5,,,0.0013009458718966052,,PRUNED
704,704,33.333333333333336,2025-05-25 06:46:16.614824,2025-05-25 06:46:23.004323,0 days 00:00:06.389499,AdamW,0.40809683598739793,,,0.00015463498977063802,,,,7,,,0.000988187938203667,,PRUNED
705,705,33.333333333333336,2025-05-25 06:46:23.047747,2025-05-25 06:46:29.489697,0 days 00:00:06.441950,AdamW,0.4201922784190045,,,0.002700633018118134,,,,6,,,0.0014182523503940925,,PRUNED
706,706,35.416666666666664,2025-05-25 06:46:29.535191,2025-05-25 06:46:36.078318,0 days 00:00:06.543127,AdamW,0.3941091739429456,,,7.185139189454035e-05,,,,5,,,0.0012503932745060256,,PRUNED
707,707,35.416666666666664,2025-05-25 06:46:36.123904,2025-05-25 06:46:42.723111,0 days 00:00:06.599207,AdamW,0.3997161692644596,,,0.0001912509454739898,,,,4,,,0.0008606760162403093,,PRUNED
708,708,33.333333333333336,2025-05-25 06:46:42.769550,2025-05-25 06:46:49.382949,0 days 00:00:06.613399,AdamW,0.3818568410822792,,,0.00012904555607477783,,,,1,,,0.0010957675789149634,,PRUNED
709,709,33.333333333333336,2025-05-25 06:46:49.429126,2025-05-25 06:46:56.072292,0 days 00:00:06.643166,Adadelta,0.4094751828694143,0.8966831380833541,,,,,,5,1.04069410496774,,,,PRUNED
710,710,39.583333333333336,2025-05-25 06:46:56.118666,2025-05-25 06:47:02.666962,0 days 00:00:06.548296,AdamW,0.42646258902608974,,,6.305084423765376e-05,,,,5,,,0.0009319387846312915,,PRUNED
711,711,33.333333333333336,2025-05-25 06:47:02.712468,2025-05-25 06:47:09.037128,0 days 00:00:06.324660,AdamW,0.3748623364288496,,,0.00023769164457236092,,,,7,,,0.0016022358504395886,,PRUNED
712,712,31.25,2025-05-25 06:47:09.081174,2025-05-25 06:47:14.674854,0 days 00:00:05.593680,AdamW,0.3860016393708006,,,9.791105823250383e-05,,,,6,,,0.0012006760582420636,,PRUNED
713,713,45.833333333333336,2025-05-25 06:47:14.718625,2025-05-25 06:47:25.700553,0 days 00:00:10.981928,AdamW,0.49983124147046876,,,0.00015555042220206247,,,,4,,,0.0010472847081945008,,COMPLETE
714,714,35.416666666666664,2025-05-25 06:47:25.759259,2025-05-25 06:47:32.395688,0 days 00:00:06.636429,AdamW,0.3983584087580714,,,0.00019722218053573904,,,,4,,,0.0031530355224003784,,PRUNED
715,715,56.25,2025-05-25 06:47:32.442347,2025-05-25 06:47:44.616042,0 days 00:00:12.173695,AdamW,0.36972113120757416,,,0.0006482745468014819,,,,7,,,0.001449821423111651,,COMPLETE
716,716,39.583333333333336,2025-05-25 06:47:44.657603,2025-05-25 06:47:47.927552,0 days 00:00:03.269949,AdamW,0.41724926646115024,,,7.77609976159481e-05,,,,5,,,0.0013018539364849993,,PRUNED
717,717,35.416666666666664,2025-05-25 06:47:47.968176,2025-05-25 06:47:51.369945,0 days 00:00:03.401769,AdamW,0.40503403695197127,,,4.7390283686222976e-05,,,,8,,,0.001654599327206601,,PRUNED
718,718,33.333333333333336,2025-05-25 06:47:51.404139,2025-05-25 06:47:55.651195,0 days 00:00:04.247056,AdamW,0.3913764927441479,,,0.0001206784443264128,,,,6,,,0.001039529366546065,,PRUNED
719,719,33.333333333333336,2025-05-25 06:47:55.696573,2025-05-25 06:48:02.067004,0 days 00:00:06.370431,AdamW,0.3822716547449383,,,5.9344258430681036e-05,,,,4,,,0.0011818844712466366,,PRUNED
720,720,37.5,2025-05-25 06:48:02.115745,2025-05-25 06:48:06.845852,0 days 00:00:04.730107,AdamW,0.45534522979572767,,,0.00026637493967174487,,,,3,,,0.001331776490932026,,PRUNED
721,721,33.333333333333336,2025-05-25 06:48:06.892447,2025-05-25 06:48:13.479381,0 days 00:00:06.586934,Adadelta,0.4316121538275655,17.121335606953373,,,,,,5,40.09439010858465,,,,PRUNED
722,722,52.083333333333336,2025-05-25 06:48:13.524844,2025-05-25 06:48:28.515607,0 days 00:00:14.990763,AdamW,0.3603575011849063,,,0.00016410301261692275,,,,0,,,0.0015119960652194742,,COMPLETE
723,723,37.5,2025-05-25 06:48:28.575410,2025-05-25 06:48:35.187618,0 days 00:00:06.612208,SGD,0.4115408338002827,,,,0.001668492684455437,1.657985456120599,False,11,,,,5.859192164603447,PRUNED
724,724,39.583333333333336,2025-05-25 06:48:35.231506,2025-05-25 06:48:41.863535,0 days 00:00:06.632029,Adam,0.3751742545980976,,0.00021842922557262036,,,,,1,,0.20358029718055679,,,PRUNED
725,725,39.583333333333336,2025-05-25 06:48:41.909713,2025-05-25 06:48:48.391136,0 days 00:00:06.481423,AdamW,0.3999732647117539,,,9.483328649926923e-05,,,,6,,,0.0009684362564950923,,PRUNED
726,726,35.416666666666664,2025-05-25 06:48:48.435821,2025-05-25 06:48:55.242017,0 days 00:00:06.806196,AdamW,0.38974674585582364,,,0.00014614254480427918,,,,5,,,0.0008162655723232572,,PRUNED
727,727,39.583333333333336,2025-05-25 06:48:55.289129,2025-05-25 06:49:01.638216,0 days 00:00:06.349087,AdamW,0.36824274274033464,,,0.00011296912497403233,,,,7,,,0.0025718281412515035,,PRUNED
728,728,60.416666666666664,2025-05-25 06:49:01.682578,2025-05-25 06:49:16.521492,0 days 00:00:14.838914,AdamW,0.42546093213640607,,,0.00035473057250238484,,,,3,,,0.0011286007853247891,,COMPLETE
729,729,33.333333333333336,2025-05-25 06:49:16.580330,2025-05-25 06:49:23.318660,0 days 00:00:06.738330,AdamW,0.44138820696380754,,,0.0004906221063855933,,,,3,,,0.0011169829441796987,,PRUNED
730,730,33.333333333333336,2025-05-25 06:49:23.365430,2025-05-25 06:49:29.971328,0 days 00:00:06.605898,AdamW,0.4311495253799914,,,0.00030936890425259703,,,,2,,,0.0009594195535203634,,PRUNED
731,731,37.5,2025-05-25 06:49:30.017807,2025-05-25 06:49:36.625011,0 days 00:00:06.607204,AdamW,0.4209830352356712,,,0.00029959539473092383,,,,3,,,0.0010624964725197048,,PRUNED
732,732,52.083333333333336,2025-05-25 06:49:36.671571,2025-05-25 06:49:51.639323,0 days 00:00:14.967752,AdamW,0.43742766184476295,,,0.0004394749549165148,,,,2,,,0.0008869745326519462,,COMPLETE
733,733,37.5,2025-05-25 06:49:51.698541,2025-05-25 06:49:58.318463,0 days 00:00:06.619922,AdamW,0.4265913803179648,,,0.00035553787245258095,,,,3,,,0.0011899877585283714,,PRUNED
734,734,41.666666666666664,2025-05-25 06:49:58.364897,2025-05-25 06:50:13.341781,0 days 00:00:14.976884,AdamW,0.4615767915628337,,,0.0003888924322253335,,,,1,,,0.0010748153074059993,,COMPLETE
735,735,43.75,2025-05-25 06:50:13.400324,2025-05-25 06:50:24.998444,0 days 00:00:11.598120,AdamW,0.41009550631433095,,,0.0003620443996544004,,,,4,,,0.0009783687510715822,,PRUNED
736,736,35.416666666666664,2025-05-25 06:50:25.045928,2025-05-25 06:50:31.437151,0 days 00:00:06.391223,AdamW,0.4199355724447041,,,0.00024375050045082045,,,,3,,,0.0022488007358556325,,PRUNED
737,737,33.333333333333336,2025-05-25 06:50:31.484919,2025-05-25 06:50:38.119202,0 days 00:00:06.634283,Adadelta,0.43372411287625046,0.07715594632356522,,,,,,2,2.1768297708525672,,,,PRUNED
738,738,43.75,2025-05-25 06:50:38.166158,2025-05-25 06:50:49.699561,0 days 00:00:11.533403,AdamW,0.41839337224255174,,,0.0005523984112674722,,,,4,,,0.0011701861905362289,,PRUNED
739,739,33.333333333333336,2025-05-25 06:50:49.742681,2025-05-25 06:50:54.975101,0 days 00:00:05.232420,AdamW,0.40867690633143605,,,0.0002710964641653323,,,,10,,,0.0007552841490555894,,PRUNED
740,740,33.333333333333336,2025-05-25 06:50:55.019511,2025-05-25 06:51:00.955350,0 days 00:00:05.935839,AdamW,0.4502602533053106,,,7.385868208596804e-05,,,,3,,,0.00711241111660597,,PRUNED
741,741,33.333333333333336,2025-05-25 06:51:01.004583,2025-05-25 06:51:07.608938,0 days 00:00:06.604355,AdamW,0.444325414033721,,,4.1824206360622964e-05,,,,3,,,0.0017654277451166975,,PRUNED
742,742,35.416666666666664,2025-05-25 06:51:07.655798,2025-05-25 06:51:20.245993,0 days 00:00:12.590195,AdamW,0.40399827043527514,,,0.00034215591592060647,,,,4,,,0.0013184757642170312,,COMPLETE
743,743,33.333333333333336,2025-05-25 06:51:20.305335,2025-05-25 06:51:26.964163,0 days 00:00:06.658828,AdamW,0.42465668968697606,,,5.6486288249584914e-05,,,,2,,,0.002708528417484825,,PRUNED
744,744,43.75,2025-05-25 06:51:27.010991,2025-05-25 06:51:41.923033,0 days 00:00:14.912042,AdamW,0.39691079345444014,,,0.00022569118854975941,,,,4,,,0.000867443901637834,,COMPLETE
745,745,39.583333333333336,2025-05-25 06:51:41.982408,2025-05-25 06:51:48.602413,0 days 00:00:06.620005,AdamW,0.41316506679261106,,,3.20267938625658e-05,,,,3,,,0.0010196939471603607,,PRUNED
746,746,33.333333333333336,2025-05-25 06:51:48.650335,2025-05-25 06:51:55.387958,0 days 00:00:06.737623,AdamW,0.48464313076431825,,,7.906500304030022e-05,,,,2,,,0.0020499967160488284,,PRUNED
747,747,,2025-05-25 06:51:55.434815,2025-05-25 06:52:01.339525,0 days 00:00:05.904710,SGD,0.40070800902481696,,,,2.0435461305208998e-05,65.17803128383969,True,1,,,,1.857667078857429,PRUNED
748,748,33.333333333333336,2025-05-25 06:52:01.385775,2025-05-25 06:52:08.007581,0 days 00:00:06.621806,AdamW,0.43132461670285094,,,0.00021108768893114406,,,,4,,,0.001441546865993179,,PRUNED
749,749,33.333333333333336,2025-05-25 06:52:08.055633,2025-05-25 06:52:14.664808,0 days 00:00:06.609175,Adam,0.3881496973562058,,0.006500757202774495,,,,,4,,19.53435162249819,,,PRUNED
750,750,33.333333333333336,2025-05-25 06:52:14.711464,2025-05-25 06:52:21.182606,0 days 00:00:06.471142,Adadelta,0.4162888951786594,0.3207269510887805,,,,,,12,0.04400499843872715,,,,PRUNED
751,751,50.0,2025-05-25 06:52:21.230187,2025-05-25 06:52:36.215733,0 days 00:00:14.985546,AdamW,0.16292656306406128,,,0.00043238060793093704,,,,3,,,0.001235366760859055,,COMPLETE
752,752,33.333333333333336,2025-05-25 06:52:36.275753,2025-05-25 06:52:42.917135,0 days 00:00:06.641382,AdamW,0.3933131313477495,,,6.34448898957511e-05,,,,4,,,0.0023632094617105238,,PRUNED
753,753,29.166666666666668,2025-05-25 06:52:42.965666,2025-05-25 06:52:49.205416,0 days 00:00:06.239750,AdamW,0.4092395396578898,,,9.27458562372636e-05,,,,25,,,0.0011341043821989259,,PRUNED
754,754,43.75,2025-05-25 06:52:49.249311,2025-05-25 06:53:01.058981,0 days 00:00:11.809670,AdamW,0.3814251230841197,,,0.00026814042827723745,,,,5,,,0.001645220663423753,,COMPLETE
755,755,33.333333333333336,2025-05-25 06:53:01.100323,2025-05-25 06:53:03.866334,0 days 00:00:02.766011,AdamW,0.4237994782922426,,,1.1803180448863017e-05,,,,19,,,0.0019230855059335016,,PRUNED
756,756,33.333333333333336,2025-05-25 06:53:03.897597,2025-05-25 06:53:07.906771,0 days 00:00:04.009174,AdamW,0.4745000135102253,,,4.846696857124497e-05,,,,2,,,0.0029835905507282667,,PRUNED
757,757,35.416666666666664,2025-05-25 06:53:07.953543,2025-05-25 06:53:16.077943,0 days 00:00:08.124400,AdamW,0.40169931095915223,,,0.00017936801560821335,,,,5,,,0.0033578660279174246,,PRUNED
758,758,33.333333333333336,2025-05-25 06:53:16.124344,2025-05-25 06:53:22.814799,0 days 00:00:06.690455,AdamW,0.441013468887495,,,8.383375293954709e-05,,,,3,,,0.0009588842227607397,,PRUNED
759,759,37.5,2025-05-25 06:53:22.867755,2025-05-25 06:53:26.520690,0 days 00:00:03.652935,AdamW,0.4142834509777947,,,0.00019972387559038152,,,,0,,,0.001269237905720237,,PRUNED
760,760,37.5,2025-05-25 06:53:26.552380,2025-05-25 06:53:29.824788,0 days 00:00:03.272408,AdamW,0.3950965336211916,,,1.572990074486038e-05,,,,3,,,0.0014136309732452107,,PRUNED
761,761,31.25,2025-05-25 06:53:29.856705,2025-05-25 06:53:33.136702,0 days 00:00:03.279997,AdamW,0.3816447713979354,,,6.722754427101152e-05,,,,4,,,0.0010751810172027177,,PRUNED
762,762,33.333333333333336,2025-05-25 06:53:33.170093,2025-05-25 06:53:37.213739,0 days 00:00:04.043646,AdamW,0.426037321140686,,,0.00013280846478730626,,,,1,,,0.0025446136881530617,,PRUNED
763,763,33.333333333333336,2025-05-25 06:53:37.261564,2025-05-25 06:53:43.804962,0 days 00:00:06.543398,Adadelta,0.40543939194712164,0.14834736462028483,,,,,,5,50.57457421390074,,,,PRUNED
764,764,29.166666666666668,2025-05-25 06:53:43.851654,2025-05-25 06:53:50.187264,0 days 00:00:06.335610,AdamW,0.3884947182292731,,,0.00010622884880525463,,,,21,,,0.0017286925088875163,,PRUNED
765,765,52.083333333333336,2025-05-25 06:53:50.235597,2025-05-25 06:54:05.217025,0 days 00:00:14.981428,AdamW,0.38039423716673476,,,0.0003241306918252988,,,,2,,,0.002192043744128976,,COMPLETE
766,766,47.916666666666664,2025-05-25 06:54:05.277670,2025-05-25 06:54:19.335718,0 days 00:00:14.058048,AdamW,0.3724193283093286,,,0.00024335394086741056,,,,6,,,0.0015388060546809273,,COMPLETE
767,767,33.333333333333336,2025-05-25 06:54:19.396009,2025-05-25 06:54:26.105553,0 days 00:00:06.709544,AdamW,0.355477627729556,,,5.38490973353811e-05,,,,5,,,0.0008110245453620217,,PRUNED
768,768,33.333333333333336,2025-05-25 06:54:26.152427,2025-05-25 06:54:32.771654,0 days 00:00:06.619227,AdamW,0.41663306709072845,,,2.8441315441526897e-05,,,,2,,,0.0011764184726869758,,PRUNED
769,769,39.583333333333336,2025-05-25 06:54:32.818747,2025-05-25 06:54:39.506906,0 days 00:00:06.688159,AdamW,0.39919495975042313,,,8.411001591723538e-05,,,,4,,,0.0009252784716548745,,PRUNED
770,770,35.416666666666664,2025-05-25 06:54:39.554995,2025-05-25 06:54:46.161621,0 days 00:00:06.606626,AdamW,0.4358227627461314,,,2.1949241575847813e-05,,,,3,,,0.001292676421641259,,PRUNED
771,771,,2025-05-25 06:54:46.210086,2025-05-25 06:54:52.044543,0 days 00:00:05.834457,SGD,0.3647469379331248,,,,0.07125233165414263,99.3712432818253,False,5,,,,0.05627711021681616,PRUNED
772,772,39.583333333333336,2025-05-25 06:54:52.085415,2025-05-25 06:54:58.719831,0 days 00:00:06.634416,AdamW,0.3918696615530584,,,0.0001753802504978671,,,,4,,,0.001879951725844706,,PRUNED
773,773,33.333333333333336,2025-05-25 06:54:58.767146,2025-05-25 06:55:05.214227,0 days 00:00:06.447081,Adam,0.452123256215324,,0.015115859350589315,,,,,6,,2.828445645221025,,,PRUNED
774,774,58.333333333333336,2025-05-25 06:55:05.260604,2025-05-25 06:55:20.389431,0 days 00:00:15.128827,AdamW,0.40779367364055824,,,0.00011486179821774023,,,,4,,,0.0010784185485372899,,COMPLETE
775,775,47.916666666666664,2025-05-25 06:55:20.452065,2025-05-25 06:55:35.060457,0 days 00:00:14.608392,AdamW,0.4210075281938688,,,0.00014082636616528964,,,,5,,,0.0013737292511196819,,COMPLETE
776,776,45.833333333333336,2025-05-25 06:55:35.120498,2025-05-25 06:55:45.938883,0 days 00:00:10.818385,AdamW,0.3761370965167252,,,0.00022123551272711003,,,,6,,,0.0010189425374989669,,PRUNED
777,777,33.333333333333336,2025-05-25 06:55:45.980039,2025-05-25 06:55:52.642996,0 days 00:00:06.662957,Adadelta,0.3856396047462054,9.774426592690991,,,,,,1,0.023959688267933828,,,,PRUNED
778,778,47.916666666666664,2025-05-25 06:55:52.689919,2025-05-25 06:56:03.907018,0 days 00:00:11.217099,AdamW,0.35172445631261484,,,7.421322626291895e-05,,,,3,,,0.0015743056289257542,,PRUNED
779,779,45.833333333333336,2025-05-25 06:56:03.940745,2025-05-25 06:56:16.102146,0 days 00:00:12.161401,AdamW,0.40096564214953895,,,3.889927699138827e-05,,,,4,,,0.00029106230445900805,,COMPLETE
780,780,33.333333333333336,2025-05-25 06:56:16.162207,2025-05-25 06:56:22.744392,0 days 00:00:06.582185,AdamW,0.3632948369552577,,,0.020221008458396587,,,,5,,,0.002370052375860607,,PRUNED
781,781,33.333333333333336,2025-05-25 06:56:22.788548,2025-05-25 06:56:28.086139,0 days 00:00:05.297591,AdamW,0.43123155489469406,,,6.187356104348486e-05,,,,15,,,0.0011394874401493616,,PRUNED
782,782,33.333333333333336,2025-05-25 06:56:28.130514,2025-05-25 06:56:34.378748,0 days 00:00:06.248234,AdamW,0.4106310149920008,,,9.602207057449633e-05,,,,17,,,0.00016834809866273247,,PRUNED
783,783,33.333333333333336,2025-05-25 06:56:34.423622,2025-05-25 06:56:40.959250,0 days 00:00:06.535628,AdamW,0.39337766008098973,,,0.00027720594755382375,,,,3,,,0.0021173435959275415,,PRUNED
784,784,33.333333333333336,2025-05-25 06:56:41.005917,2025-05-25 06:56:45.674491,0 days 00:00:04.668574,AdamW,0.46250032777281835,,,0.00016623585960941933,,,,7,,,0.001770747169948703,,PRUNED
785,785,37.5,2025-05-25 06:56:45.718728,2025-05-25 06:56:52.374312,0 days 00:00:06.655584,AdamW,0.06454004414566517,,,0.0001964291266300636,,,,2,,,0.0012455536290379135,,PRUNED
786,786,39.583333333333336,2025-05-25 06:56:52.421499,2025-05-25 06:56:58.958350,0 days 00:00:06.536851,AdamW,0.37605586781584804,,,4.818588011735899e-05,,,,1,,,0.0014009053709427013,,PRUNED
787,787,35.416666666666664,2025-05-25 06:56:59.002759,2025-05-25 06:57:02.604872,0 days 00:00:03.602113,AdamW,0.4214172861797084,,,0.00012736540721030798,,,,4,,,0.0027595169278198358,,PRUNED
788,788,39.583333333333336,2025-05-25 06:57:02.647059,2025-05-25 06:57:08.553345,0 days 00:00:05.906286,AdamW,0.3859639253126462,,,0.0008020678887038701,,,,6,,,0.0008797710530153807,,PRUNED
789,789,39.583333333333336,2025-05-25 06:57:08.599466,2025-05-25 06:57:18.958909,0 days 00:00:10.359443,AdamW,0.40327122850481106,,,0.0003970066215768317,,,,5,,,0.001961602140667833,,PRUNED
790,790,33.333333333333336,2025-05-25 06:57:18.990174,2025-05-25 06:57:22.928236,0 days 00:00:03.938062,Adadelta,0.34866290558392143,0.4656101424357469,,,,,,4,13.175331027026038,,,,PRUNED
791,791,47.916666666666664,2025-05-25 06:57:22.970798,2025-05-25 06:57:34.107689,0 days 00:00:11.136891,AdamW,0.36884374313598284,,,7.029388124333162e-05,,,,2,,,0.0014813535484367816,,PRUNED
792,792,43.75,2025-05-25 06:57:34.156471,2025-05-25 06:57:41.570713,0 days 00:00:07.414242,AdamW,0.44390969456808327,,,0.00022996743413712377,,,,5,,,0.000979999710722792,,PRUNED
793,793,31.25,2025-05-25 06:57:41.603137,2025-05-25 06:57:45.421175,0 days 00:00:03.818038,AdamW,0.4141756634299342,,,8.911446540879356e-05,,,,3,,,0.0016688631317151059,,PRUNED
794,794,35.416666666666664,2025-05-25 06:57:45.469017,2025-05-25 06:57:51.853947,0 days 00:00:06.384930,AdamW,0.379584452839761,,,0.00015098841138896457,,,,7,,,0.0011501117930871425,,PRUNED
795,795,31.25,2025-05-25 06:57:51.898989,2025-05-25 06:57:58.531172,0 days 00:00:06.632183,AdamW,0.39661849380587844,,,0.0001172402491401349,,,,0,,,0.0006891964596386212,,PRUNED
796,796,41.666666666666664,2025-05-25 06:57:58.580619,2025-05-25 06:58:12.218441,0 days 00:00:13.637822,AdamW,0.1829538002607102,,,0.000303795783097597,,,,6,,,0.001292224523771586,,COMPLETE
797,797,33.333333333333336,2025-05-25 06:58:12.278210,2025-05-25 06:58:17.802082,0 days 00:00:05.523872,AdamW,0.3598665687577669,,,5.927281830613781e-05,,,,8,,,0.002476612504425357,,PRUNED
798,798,,2025-05-25 06:58:17.832671,2025-05-25 06:58:20.580908,0 days 00:00:02.748237,SGD,0.40765481934269193,,,,0.005038948249589638,41.5977133909267,True,2,,,,0.47896436559244115,PRUNED
799,799,33.333333333333336,2025-05-25 06:58:20.622802,2025-05-25 06:58:27.077602,0 days 00:00:06.454800,Adam,0.4265354473550911,,1.6089554689740477e-05,,,,,4,,9.768855965564244,,,PRUNED
800,800,37.5,2025-05-25 06:58:27.124748,2025-05-25 06:58:33.584266,0 days 00:00:06.459518,AdamW,0.38886540742099746,,,0.00018035565573172124,,,,6,,,0.0010696675002313046,,PRUNED
801,801,31.25,2025-05-25 06:58:33.632172,2025-05-25 06:58:39.469842,0 days 00:00:05.837670,AdamW,0.3704864197437846,,,0.0011903993141312186,,,,3,,,0.0011963586757265372,,PRUNED
802,802,33.333333333333336,2025-05-25 06:58:39.501029,2025-05-25 06:58:42.424326,0 days 00:00:02.923297,AdamW,0.39445852250523883,,,1.85778375464327e-05,,,,4,,,0.002201286521734055,,PRUNED
803,803,27.083333333333332,2025-05-25 06:58:42.455573,2025-05-25 06:58:45.189071,0 days 00:00:02.733498,AdamW,0.3391269333284198,,,0.0001078257801616495,,,,9,,,0.001483560813157594,,PRUNED
804,804,58.333333333333336,2025-05-25 06:58:45.218751,2025-05-25 06:58:52.357838,0 days 00:00:07.139087,AdamW,0.41280067494501693,,,0.0002578555035335547,,,,5,,,0.0018243507499591555,,COMPLETE
805,805,35.416666666666664,2025-05-25 06:58:52.399203,2025-05-25 06:58:55.724436,0 days 00:00:03.325233,Adadelta,0.379749681700851,0.015127055265761188,,,,,,3,4.1885997458872275,,,,PRUNED
806,806,56.25,2025-05-25 06:58:55.760812,2025-05-25 06:59:09.200844,0 days 00:00:13.440032,AdamW,0.35999032808415127,,,0.0001340823542793611,,,,6,,,0.0009125214572844254,,COMPLETE
807,807,33.333333333333336,2025-05-25 06:59:09.260498,2025-05-25 06:59:15.513957,0 days 00:00:06.253459,AdamW,0.43538738351044154,,,7.525730142411119e-05,,,,5,,,0.0020127556249313885,,PRUNED
808,808,39.583333333333336,2025-05-25 06:59:15.556249,2025-05-25 06:59:20.129767,0 days 00:00:04.573518,AdamW,0.402480315505356,,,0.00020041888115266744,,,,7,,,0.0013553354006273564,,PRUNED
809,809,35.416666666666664,2025-05-25 06:59:20.170863,2025-05-25 06:59:23.909108,0 days 00:00:03.738245,AdamW,0.4236352724743861,,,9.535909509172961e-05,,,,2,,,0.0016614355097671614,,PRUNED
810,810,58.333333333333336,2025-05-25 06:59:23.954183,2025-05-25 06:59:35.775418,0 days 00:00:11.821235,AdamW,0.3840131067862536,,,5.04588468992724e-05,,,,4,,,0.0010494255072499882,,COMPLETE
811,811,52.083333333333336,2025-05-25 06:59:35.835176,2025-05-25 06:59:50.751532,0 days 00:00:14.916356,AdamW,0.34753659940016535,,,0.0001596740243910932,,,,3,,,0.001256743905839218,,COMPLETE
812,812,33.333333333333336,2025-05-25 06:59:50.810844,2025-05-25 06:59:59.168432,0 days 00:00:08.357588,AdamW,0.37185951050558264,,,3.9265528526421255e-05,,,,1,,,0.0028586737827096167,,PRUNED
813,813,31.25,2025-05-25 06:59:59.216465,2025-05-25 07:00:05.016358,0 days 00:00:05.799893,AdamW,0.39463733444397087,,,0.0003323459139803986,,,,27,,,0.0015982690850781796,,PRUNED
814,814,33.333333333333336,2025-05-25 07:00:05.060320,2025-05-25 07:00:11.513878,0 days 00:00:06.453558,AdamW,0.4130367796118874,,,6.42696656211303e-05,,,,6,,,0.0008133838504296209,,PRUNED
815,815,50.0,2025-05-25 07:00:11.559589,2025-05-25 07:00:26.075240,0 days 00:00:14.515651,AdamW,0.40319028986749056,,,0.0004967788477829666,,,,5,,,0.0023107228933940266,,COMPLETE
816,816,35.416666666666664,2025-05-25 07:00:26.135238,2025-05-25 07:00:41.069894,0 days 00:00:14.934656,Adadelta,0.37153659559243285,0.08364725336656634,,,,,,3,0.20007339087649423,,,,COMPLETE
817,817,41.666666666666664,2025-05-25 07:00:41.129808,2025-05-25 07:00:49.199945,0 days 00:00:08.070137,AdamW,0.3594899352426969,,,0.00024281454349046297,,,,4,,,0.0009921452712794393,,PRUNED
818,818,33.333333333333336,2025-05-25 07:00:49.247279,2025-05-25 07:00:55.771014,0 days 00:00:06.523735,AdamW,0.3898765450872732,,,8.432290496315003e-05,,,,5,,,0.001136987009192693,,PRUNED
819,819,33.333333333333336,2025-05-25 07:00:55.817400,2025-05-25 07:01:02.138833,0 days 00:00:06.321433,AdamW,0.41676335442365614,,,0.003689677043425973,,,,7,,,0.001393219701763436,,PRUNED
820,820,,2025-05-25 07:01:02.183396,2025-05-25 07:01:07.635279,0 days 00:00:05.451883,SGD,0.3814317552980178,,,,0.01886449352240703,23.919864373059422,False,5,,,,95.17010641156139,PRUNED
821,821,35.416666666666664,2025-05-25 07:01:07.670636,2025-05-25 07:01:13.734630,0 days 00:00:06.063994,AdamW,0.42926724218870554,,,0.0001406583345664092,,,,1,,,0.001885375797703269,,PRUNED
822,822,58.333333333333336,2025-05-25 07:01:13.781885,2025-05-25 07:01:27.876720,0 days 00:00:14.094835,AdamW,0.4425494267992888,,,0.0001048154803784629,,,,6,,,0.0025579465640915592,,COMPLETE
823,823,56.25,2025-05-25 07:01:27.936777,2025-05-25 07:01:42.694455,0 days 00:00:14.757678,AdamW,0.40300309917320026,,,0.00018329413575408467,,,,2,,,0.0012241452640032486,,COMPLETE
824,824,33.333333333333336,2025-05-25 07:01:42.754377,2025-05-25 07:01:57.930102,0 days 00:00:15.175725,Adam,0.35332353242944164,,0.0003777255856668616,,,,,4,,0.6881790276945166,,,COMPLETE
825,825,45.833333333333336,2025-05-25 07:01:57.990128,2025-05-25 07:02:09.559592,0 days 00:00:11.569464,AdamW,0.36545595672993214,,,0.00022750255089721893,,,,3,,,0.0014484195111961946,,PRUNED
826,826,45.833333333333336,2025-05-25 07:02:09.607883,2025-05-25 07:02:19.601147,0 days 00:00:09.993264,AdamW,0.3344928612874479,,,7.728568417543449e-05,,,,4,,,0.0020826903016397708,,PRUNED
827,827,45.833333333333336,2025-05-25 07:02:19.649118,2025-05-25 07:02:34.214934,0 days 00:00:14.565816,AdamW,0.3924733497522809,,,0.00012310842291101673,,,,5,,,0.0011222998665655454,,COMPLETE
828,828,56.25,2025-05-25 07:02:34.275022,2025-05-25 07:02:47.732720,0 days 00:00:13.457698,AdamW,0.37511063572895326,,,0.00016109886622555115,,,,7,,,0.000982955398502171,,COMPLETE
829,829,33.333333333333336,2025-05-25 07:02:47.792585,2025-05-25 07:02:54.464841,0 days 00:00:06.672256,AdamW,0.45422391206179785,,,1.0057905206570815e-05,,,,4,,,0.0015729210043554118,,PRUNED
830,830,37.5,2025-05-25 07:02:54.511825,2025-05-25 07:03:00.759870,0 days 00:00:06.248045,Adadelta,0.4199693694627609,0.04594607159356708,,,,,,18,0.03943649936801522,,,,PRUNED
831,831,33.333333333333336,2025-05-25 07:03:00.803981,2025-05-25 07:03:05.152686,0 days 00:00:04.348705,AdamW,0.47133927451262725,,,5.370665417671354e-05,,,,2,,,0.0017922695718942871,,PRUNED
832,832,33.333333333333336,2025-05-25 07:03:05.192096,2025-05-25 07:03:11.432328,0 days 00:00:06.240232,AdamW,0.4083337462745963,,,0.0006164004136703908,,,,6,,,0.001328211449002876,,PRUNED
833,833,33.333333333333336,2025-05-25 07:03:11.477408,2025-05-25 07:03:18.090666,0 days 00:00:06.613258,AdamW,0.3862157658990385,,,0.00020824454633952945,,,,0,,,0.0009071161068760791,,PRUNED
834,834,41.666666666666664,2025-05-25 07:03:18.137949,2025-05-25 07:03:27.316186,0 days 00:00:09.178237,AdamW,0.3774912584930624,,,9.123334723400511e-05,,,,3,,,0.0023588515687021196,,PRUNED
835,835,41.666666666666664,2025-05-25 07:03:27.363754,2025-05-25 07:03:42.161600,0 days 00:00:14.797846,AdamW,0.39697731918121026,,,0.0002979481871949967,,,,4,,,0.0012354573020809422,,COMPLETE
836,836,33.333333333333336,2025-05-25 07:03:42.254595,2025-05-25 07:03:48.063729,0 days 00:00:05.809134,AdamW,0.43027024453828133,,,7.09649402595018e-05,,,,6,,,0.0010670169982687167,,PRUNED
837,837,33.333333333333336,2025-05-25 07:03:48.109444,2025-05-25 07:03:54.706642,0 days 00:00:06.597198,AdamW,0.36402139786242893,,,0.0001437416239530201,,,,5,,,0.0026057844438815885,,PRUNED
838,838,56.25,2025-05-25 07:03:54.753070,2025-05-25 07:04:08.317974,0 days 00:00:13.564904,AdamW,0.3481024583493617,,,0.00011077760812436579,,,,3,,,0.0015109128300673635,,COMPLETE
839,839,33.333333333333336,2025-05-25 07:04:08.377633,2025-05-25 07:04:14.912989,0 days 00:00:06.535356,AdamW,0.41548270839509494,,,4.314535964105749e-05,,,,5,,,0.0019721977278591633,,PRUNED
840,840,47.916666666666664,2025-05-25 07:04:14.959916,2025-05-25 07:04:26.030222,0 days 00:00:11.070306,AdamW,0.4041893096330248,,,0.00038573642908706993,,,,3,,,0.0021821593428798377,,COMPLETE
841,841,41.666666666666664,2025-05-25 07:04:26.071574,2025-05-25 07:04:30.817079,0 days 00:00:04.745505,AdamW,0.3861658771829031,,,0.00018568654257168575,,,,4,,,0.0016890839853884938,,PRUNED
842,842,33.333333333333336,2025-05-25 07:04:30.848674,2025-05-25 07:04:33.706540,0 days 00:00:02.857866,Adadelta,0.36913363206320016,0.24128788043752988,,,,,,6,0.5093145837482763,,,,PRUNED
843,843,31.25,2025-05-25 07:04:33.737599,2025-05-25 07:04:36.680957,0 days 00:00:02.943358,AdamW,0.3960408688658476,,,0.00028150336541049223,,,,1,,,0.0011525963690412128,,PRUNED
844,844,33.333333333333336,2025-05-25 07:04:36.712010,2025-05-25 07:04:39.626359,0 days 00:00:02.914349,AdamW,0.3589957532104509,,,5.66011078172903e-05,,,,2,,,0.003015804003998661,,PRUNED
845,845,33.333333333333336,2025-05-25 07:04:39.657868,2025-05-25 07:04:42.923092,0 days 00:00:03.265224,Adam,0.421139220564805,,0.0006280110898781444,,,,,7,,86.00665564261566,,,PRUNED
846,846,,2025-05-25 07:04:42.968147,2025-05-25 07:04:48.616649,0 days 00:00:05.648502,SGD,0.40756210774046675,,,,0.03753159397238318,91.94686599353696,True,5,,,,0.23116998283212253,PRUNED
847,847,33.333333333333336,2025-05-25 07:04:48.657517,2025-05-25 07:04:54.985562,0 days 00:00:06.328045,AdamW,0.4836837224084055,,,9.868505247702162e-05,,,,8,,,0.0013286585062224927,,PRUNED
848,848,39.583333333333336,2025-05-25 07:04:55.029751,2025-05-25 07:05:00.092988,0 days 00:00:05.063237,AdamW,0.38028296988956817,,,0.00015972533872289483,,,,4,,,0.0008748546582062685,,PRUNED
849,849,33.333333333333336,2025-05-25 07:05:00.124886,2025-05-25 07:05:03.053698,0 days 00:00:02.928812,AdamW,0.4332064364406682,,,0.00021531660601575714,,,,5,,,0.0010238611318056554,,PRUNED
850,850,54.166666666666664,2025-05-25 07:05:03.085281,2025-05-25 07:05:12.167027,0 days 00:00:09.081746,AdamW,0.3905462035488279,,,6.769228790836299e-05,,,,2,,,0.0001935592343948008,,COMPLETE
851,851,31.25,2025-05-25 07:05:12.227659,2025-05-25 07:05:18.706641,0 days 00:00:06.478982,AdamW,0.4443755238771049,,,0.00013130519885139235,,,,6,,,0.0014597575622733447,,PRUNED
852,852,27.083333333333332,2025-05-25 07:05:18.753324,2025-05-25 07:05:25.469273,0 days 00:00:06.715949,AdamW,0.3424819386523808,,,8.381850434982613e-05,,,,3,,,0.0005875518231147359,,PRUNED
853,853,39.583333333333336,2025-05-25 07:05:25.516869,2025-05-25 07:05:33.784172,0 days 00:00:08.267303,AdamW,0.37444953999882225,,,0.000244089937358043,,,,4,,,0.0017730941909432692,,PRUNED
854,854,64.58333333333333,2025-05-25 07:05:33.831754,2025-05-25 07:05:47.723915,0 days 00:00:13.892161,AdamW,0.4116040042969575,,,0.00011301136422770917,,,,6,,,0.001236397888857401,,COMPLETE
855,855,27.083333333333332,2025-05-25 07:05:47.784862,2025-05-25 07:05:53.161097,0 days 00:00:05.376235,AdamW,0.4210775815142601,,,0.00011661502750673804,,,,8,,,0.0011395493779919783,,PRUNED
856,856,33.333333333333336,2025-05-25 07:05:53.206059,2025-05-25 07:05:58.768692,0 days 00:00:05.562633,AdamW,0.4157810105288716,,,0.00013543010936523377,,,,7,,,0.0012235705746824362,,PRUNED
857,857,33.333333333333336,2025-05-25 07:05:58.814315,2025-05-25 07:06:05.137826,0 days 00:00:06.323511,Adadelta,0.4278076255547874,1.0660707068638982,,,,,,7,0.11817957454207717,,,,PRUNED
858,858,33.333333333333336,2025-05-25 07:06:05.395565,2025-05-25 07:06:11.894946,0 days 00:00:06.499381,AdamW,0.4107464345760043,,,0.00011989514854745803,,,,6,,,0.0013289014516198394,,PRUNED
859,859,33.333333333333336,2025-05-25 07:06:11.940897,2025-05-25 07:06:18.571046,0 days 00:00:06.630149,AdamW,0.4381914709435719,,,0.00017526009657859156,,,,6,,,0.003295601378695608,,PRUNED
860,860,35.416666666666664,2025-05-25 07:06:18.617541,2025-05-25 07:06:25.043679,0 days 00:00:06.426138,AdamW,0.4258717367882461,,,0.00014425591190880694,,,,7,,,0.0012563224194584949,,PRUNED
861,861,35.416666666666664,2025-05-25 07:06:25.089277,2025-05-25 07:06:31.063365,0 days 00:00:05.974088,AdamW,0.40915676081418795,,,0.00010303871338418277,,,,6,,,0.0010861299062095776,,PRUNED
862,862,33.333333333333336,2025-05-25 07:06:31.109783,2025-05-25 07:06:37.572554,0 days 00:00:06.462771,AdamW,0.4003631264026736,,,0.00016906637889797143,,,,6,,,0.0009702711612225976,,PRUNED
863,863,50.0,2025-05-25 07:06:37.619402,2025-05-25 07:06:51.745723,0 days 00:00:14.126321,AdamW,0.4177401242458247,,,0.00020092534111580386,,,,6,,,0.001366861461689251,,COMPLETE
864,864,35.416666666666664,2025-05-25 07:06:51.807065,2025-05-25 07:06:58.184016,0 days 00:00:06.376951,AdamW,0.46019967389801014,,,0.00010820724387475041,,,,7,,,0.00013179643947011036,,PRUNED
865,865,29.166666666666668,2025-05-25 07:06:58.225377,2025-05-25 07:07:03.649446,0 days 00:00:05.424069,AdamW,0.4064919395579024,,,0.00014683860925302462,,,,0,,,0.0011586613128532059,,PRUNED
866,866,33.333333333333336,2025-05-25 07:07:03.692309,2025-05-25 07:07:09.500556,0 days 00:00:05.808247,AdamW,0.4353587413588837,,,0.00027245584862104264,,,,23,,,0.001286488747925853,,PRUNED
867,867,31.25,2025-05-25 07:07:09.545782,2025-05-25 07:07:15.998761,0 days 00:00:06.452979,AdamW,0.42334227954589915,,,9.198274202210427e-05,,,,5,,,0.0010555467451506188,,PRUNED
868,868,41.666666666666664,2025-05-25 07:07:16.046076,2025-05-25 07:07:24.368663,0 days 00:00:08.322587,AdamW,0.3521699977903239,,,0.0001255353527430665,,,,1,,,0.0011884986816575837,,PRUNED
869,869,33.333333333333336,2025-05-25 07:07:24.419706,2025-05-25 07:07:30.659426,0 days 00:00:06.239720,SGD,0.39958496845336255,,,,0.0001911331884021361,35.26021433783856,False,8,,,,19.38321338671587,PRUNED
870,870,33.333333333333336,2025-05-25 07:07:30.707277,2025-05-25 07:07:35.740152,0 days 00:00:05.032875,AdamW,0.4504243535783715,,,0.00017207344243018251,,,,13,,,0.00045170228597466003,,PRUNED
871,871,33.333333333333336,2025-05-25 07:07:35.783838,2025-05-25 07:07:42.147789,0 days 00:00:06.363951,Adadelta,0.36204301593116645,54.77343996609374,,,,,,6,0.07050780759142139,,,,PRUNED
872,872,33.333333333333336,2025-05-25 07:07:42.193707,2025-05-25 07:07:48.726576,0 days 00:00:06.532869,Adam,0.41282989523765956,,6.86595411381035e-05,,,,,5,,0.08368110050343384,,,PRUNED
873,873,33.333333333333336,2025-05-25 07:07:48.775399,2025-05-25 07:07:54.615321,0 days 00:00:05.839922,AdamW,0.2959497027688832,,,0.05492589420507781,,,,7,,,0.0007507884270933509,,PRUNED
874,874,43.75,2025-05-25 07:07:54.657179,2025-05-25 07:08:02.310573,0 days 00:00:07.653394,AdamW,0.32857899696941,,,0.0002078169217411607,,,,6,,,0.0014568503942260602,,PRUNED
875,875,35.416666666666664,2025-05-25 07:08:02.357606,2025-05-25 07:08:08.924399,0 days 00:00:06.566793,AdamW,0.3697891457338831,,,0.00032618113911304377,,,,5,,,0.0035426613051666367,,PRUNED
876,876,29.166666666666668,2025-05-25 07:08:08.971462,2025-05-25 07:08:15.494543,0 days 00:00:06.523081,AdamW,0.24895127079009477,,,3.1093473724857704e-05,,,,5,,,0.0009252897575414638,,PRUNED
877,877,52.083333333333336,2025-05-25 07:08:15.526902,2025-05-25 07:08:26.446421,0 days 00:00:10.919519,AdamW,0.4936711529853723,,,0.00015506732205334035,,,,6,,,0.001355956522123498,,COMPLETE
878,878,35.416666666666664,2025-05-25 07:08:26.507394,2025-05-25 07:08:33.144160,0 days 00:00:06.636766,AdamW,0.39518762341399855,,,0.00010306015294285663,,,,1,,,0.0009936952346884637,,PRUNED
879,879,35.416666666666664,2025-05-25 07:08:33.191865,2025-05-25 07:08:39.832510,0 days 00:00:06.640645,AdamW,0.41454974191045263,,,0.0002410082859251738,,,,2,,,0.0011696993159141429,,PRUNED
880,880,35.416666666666664,2025-05-25 07:08:39.880276,2025-05-25 07:08:46.217378,0 days 00:00:06.337102,AdamW,0.3868797448681297,,,0.00012486503257824906,,,,7,,,0.00038377295791426483,,PRUNED
881,881,35.416666666666664,2025-05-25 07:08:46.262578,2025-05-25 07:08:52.916852,0 days 00:00:06.654274,AdamW,0.42818393357351525,,,8.288417113404633e-05,,,,5,,,0.0008137566552226069,,PRUNED
882,882,35.416666666666664,2025-05-25 07:08:52.965632,2025-05-25 07:09:07.898519,0 days 00:00:14.932887,AdamW,0.354677839596622,,,0.000405598290157818,,,,2,,,0.0012689621489636014,,COMPLETE
883,883,33.333333333333336,2025-05-25 07:09:07.963418,2025-05-25 07:09:11.832105,0 days 00:00:03.868687,AdamW,0.4036792571301499,,,0.0002101785002546627,,,,4,,,0.0010754272641289079,,PRUNED
884,884,33.333333333333336,2025-05-25 07:09:11.864621,2025-05-25 07:09:15.430056,0 days 00:00:03.565435,AdamW,0.13383624676981556,,,0.0009839923174541658,,,,7,,,0.001465880769483081,,PRUNED
885,885,33.333333333333336,2025-05-25 07:09:15.475390,2025-05-25 07:09:22.089837,0 days 00:00:06.614447,Adadelta,0.3792840292841331,0.7323483699488093,,,,,,5,0.2974598395617179,,,,PRUNED
886,886,33.333333333333336,2025-05-25 07:09:22.138506,2025-05-25 07:09:28.636558,0 days 00:00:06.498052,AdamW,0.39912908688934035,,,0.00018385068676788057,,,,6,,,0.0013886002464021218,,PRUNED
887,887,39.583333333333336,2025-05-25 07:09:28.684002,2025-05-25 07:09:34.028132,0 days 00:00:05.344130,AdamW,0.3433936167916814,,,0.00013792368824661332,,,,3,,,0.0015380566615472567,,PRUNED
888,888,33.333333333333336,2025-05-25 07:09:34.080877,2025-05-25 07:09:38.078208,0 days 00:00:03.997331,AdamW,0.43813822987620576,,,9.353439867927906e-05,,,,3,,,0.0012088943635156068,,PRUNED
889,889,33.333333333333336,2025-05-25 07:09:38.125767,2025-05-25 07:09:44.408816,0 days 00:00:06.283049,AdamW,0.3629113077453019,,,0.0002809722318409994,,,,30,,,0.001083185089949151,,PRUNED
890,890,52.083333333333336,2025-05-25 07:09:44.453563,2025-05-25 07:09:59.080404,0 days 00:00:14.626841,AdamW,0.4210823471026189,,,0.00011591410585732893,,,,5,,,0.0009229258829153605,,COMPLETE
891,891,31.25,2025-05-25 07:09:59.142280,2025-05-25 07:10:06.003138,0 days 00:00:06.860858,AdamW,0.38700190597802686,,,7.383840687975948e-05,,,,4,,,0.0010238537777842603,,PRUNED
892,892,37.5,2025-05-25 07:10:06.051455,2025-05-25 07:10:12.548581,0 days 00:00:06.497126,AdamW,0.41276947097123234,,,2.5269052211998788e-05,,,,6,,,0.0027942668738578803,,PRUNED
893,893,,2025-05-25 07:10:12.595588,2025-05-25 07:10:18.407925,0 days 00:00:05.812337,SGD,0.3692605234736064,,,,0.09625652129317105,53.1964858233702,False,0,,,,55.25766151986771,PRUNED
894,894,33.333333333333336,2025-05-25 07:10:18.455389,2025-05-25 07:10:24.875219,0 days 00:00:06.419830,AdamW,0.4052094391355575,,,0.00015582747298264883,,,,6,,,0.0013366020927622437,,PRUNED
895,895,33.333333333333336,2025-05-25 07:10:24.920361,2025-05-25 07:10:28.744843,0 days 00:00:03.824482,Adam,0.378071455769475,,0.003306005393939618,,,,,4,,3.879124273263149,,,PRUNED
896,896,45.833333333333336,2025-05-25 07:10:28.793092,2025-05-25 07:10:42.805729,0 days 00:00:14.012637,AdamW,0.39381740623495193,,,0.00035016955748078837,,,,2,,,0.0016079822458691568,,COMPLETE
897,897,43.75,2025-05-25 07:10:42.866542,2025-05-25 07:10:56.554274,0 days 00:00:13.687732,AdamW,0.3585858006382418,,,0.00024753223209213556,,,,3,,,0.0011821084642631191,,COMPLETE
898,898,33.333333333333336,2025-05-25 07:10:56.607106,2025-05-25 07:11:02.295174,0 days 00:00:05.688068,Adadelta,0.42966696608566507,3.6279091528122485,,,,,,1,2.9763464966278583,,,,PRUNED
899,899,33.333333333333336,2025-05-25 07:11:02.342649,2025-05-25 07:11:08.597917,0 days 00:00:06.255268,AdamW,0.4190496566073224,,,0.00018550136123364266,,,,8,,,0.0008482129645011065,,PRUNED
900,900,37.5,2025-05-25 07:11:08.643430,2025-05-25 07:11:15.217419,0 days 00:00:06.573989,AdamW,0.08168395869371803,,,0.00010212539762848457,,,,5,,,0.0012573143250599115,,PRUNED
901,901,33.333333333333336,2025-05-25 07:11:15.265470,2025-05-25 07:11:22.090982,0 days 00:00:06.825512,AdamW,0.38291070552950457,,,8.081472441110657e-05,,,,4,,,0.0014905149680302504,,PRUNED
902,902,33.333333333333336,2025-05-25 07:11:22.140660,2025-05-25 07:11:28.623609,0 days 00:00:06.482949,AdamW,0.4447929752127012,,,6.265922958007369e-05,,,,6,,,0.0010011621537451723,,PRUNED
903,903,27.083333333333332,2025-05-25 07:11:28.671120,2025-05-25 07:11:35.024563,0 days 00:00:06.353443,AdamW,0.3494534679112516,,,0.00013045150824798202,,,,7,,,0.0011167145848080206,,PRUNED
904,904,39.583333333333336,2025-05-25 07:11:35.070423,2025-05-25 07:11:41.656331,0 days 00:00:06.585908,AdamW,0.3687678437586812,,,0.0002009681136055379,,,,5,,,0.0013800554821113914,,PRUNED
905,905,33.333333333333336,2025-05-25 07:11:41.704071,2025-05-25 07:11:48.343841,0 days 00:00:06.639770,AdamW,0.40887241586407047,,,0.00016371312908778471,,,,3,,,0.0015938038864779518,,PRUNED
906,906,33.333333333333336,2025-05-25 07:11:48.392246,2025-05-25 07:11:54.732880,0 days 00:00:06.340634,AdamW,0.3954308575248833,,,0.0004897777668251907,,,,9,,,0.0012182734796721971,,PRUNED
907,907,39.583333333333336,2025-05-25 07:11:54.778153,2025-05-25 07:12:01.420598,0 days 00:00:06.642445,AdamW,0.3760579999694501,,,0.00024233259890027274,,,,4,,,0.0011044005738361,,PRUNED
908,908,33.333333333333336,2025-05-25 07:12:01.470914,2025-05-25 07:12:08.130260,0 days 00:00:06.659346,AdamW,0.46862866144014,,,0.0016583963285714,,,,1,,,0.003084680857174515,,PRUNED
909,909,33.333333333333336,2025-05-25 07:12:08.179873,2025-05-25 07:12:14.671024,0 days 00:00:06.491151,AdamW,0.10698851088229394,,,0.00011525785954993226,,,,6,,,0.00384215825285236,,PRUNED
910,910,37.5,2025-05-25 07:12:14.717958,2025-05-25 07:12:21.376459,0 days 00:00:06.658501,AdamW,0.40254437855290054,,,9.372604560555448e-05,,,,3,,,0.0009322253137872329,,PRUNED
911,911,33.333333333333336,2025-05-25 07:12:21.424719,2025-05-25 07:12:28.117400,0 days 00:00:06.692681,Adadelta,0.4239368964157161,21.11784498470899,,,,,,2,6.5767107678759835,,,,PRUNED
912,912,35.416666666666664,2025-05-25 07:12:28.165287,2025-05-25 07:12:34.732693,0 days 00:00:06.567406,AdamW,0.390470131881741,,,3.5291798160058816e-05,,,,5,,,0.0013779670926647575,,PRUNED
913,913,33.333333333333336,2025-05-25 07:12:34.780452,2025-05-25 07:12:41.194180,0 days 00:00:06.413728,AdamW,0.41123781050667363,,,1.4588433730506146e-05,,,,7,,,0.0012657227540753286,,PRUNED
914,914,33.333333333333336,2025-05-25 07:12:41.240521,2025-05-25 07:12:47.683219,0 days 00:00:06.442698,AdamW,0.36203465193916745,,,0.0002920554703643272,,,,4,,,0.0026262463053356505,,PRUNED
915,915,56.25,2025-05-25 07:12:47.731659,2025-05-25 07:13:02.335019,0 days 00:00:14.603360,AdamW,0.38538841447953065,,,0.00014440673006293402,,,,5,,,0.0010551183028244117,,COMPLETE
916,916,39.583333333333336,2025-05-25 07:13:02.397951,2025-05-25 07:13:08.885925,0 days 00:00:06.487974,AdamW,0.33934600295096373,,,6.832521309091638e-05,,,,6,,,0.0016532881277751528,,PRUNED
917,917,33.333333333333336,2025-05-25 07:13:08.933680,2025-05-25 07:13:16.505839,0 days 00:00:07.572159,AdamW,0.43082496803943454,,,0.0002148834880296811,,,,20,,,0.000961263583122789,,PRUNED
918,918,33.333333333333336,2025-05-25 07:13:16.536686,2025-05-25 07:13:19.432218,0 days 00:00:02.895532,Adam,0.3715851516386836,,2.7411680899554708e-05,,,,,4,,1.2514048569897969,,,PRUNED
919,919,33.333333333333336,2025-05-25 07:13:19.463326,2025-05-25 07:13:22.377279,0 days 00:00:02.913953,AdamW,0.4004865707582997,,,5.234310166310123e-05,,,,3,,,0.0011838580901423373,,PRUNED
920,920,,2025-05-25 07:13:22.409902,2025-05-25 07:13:25.314400,0 days 00:00:02.904498,SGD,0.4177983901271241,,,,6.970233178983925e-05,71.41157853064449,True,2,,,,0.010634165264359716,PRUNED
921,921,33.333333333333336,2025-05-25 07:13:25.345038,2025-05-25 07:13:28.310529,0 days 00:00:02.965491,AdamW,0.35747481975255085,,,0.00017024408552108222,,,,7,,,0.0014219295265109888,,PRUNED
922,922,54.166666666666664,2025-05-25 07:13:28.341654,2025-05-25 07:13:35.400052,0 days 00:00:07.058398,AdamW,0.3811168129897416,,,8.17010658893001e-05,,,,5,,,0.0008461993492584914,,COMPLETE
923,923,33.333333333333336,2025-05-25 07:13:35.441083,2025-05-25 07:13:38.251376,0 days 00:00:02.810293,AdamW,0.40953850353032284,,,0.00011724126182079987,,,,6,,,0.0015239443967058068,,PRUNED
924,924,33.333333333333336,2025-05-25 07:13:38.282355,2025-05-25 07:13:41.192500,0 days 00:00:02.910145,AdamW,0.39390782107543487,,,2.000158817234257e-05,,,,2,,,0.0012936021993119775,,PRUNED
925,925,33.333333333333336,2025-05-25 07:13:41.224318,2025-05-25 07:13:44.088226,0 days 00:00:02.863908,Adadelta,0.4382981049640656,88.78597636163019,,,,,,5,84.05604816366825,,,,PRUNED
926,926,33.333333333333336,2025-05-25 07:13:44.119947,2025-05-25 07:13:46.853277,0 days 00:00:02.733330,AdamW,0.35056484263843785,,,0.00014716908095605097,,,,8,,,0.0024166373423351933,,PRUNED
927,927,33.333333333333336,2025-05-25 07:13:46.883662,2025-05-25 07:13:49.770375,0 days 00:00:02.886713,AdamW,0.3663052087461436,,,4.6829902245084486e-05,,,,3,,,0.0011403661801583542,,PRUNED
928,928,33.333333333333336,2025-05-25 07:13:49.803030,2025-05-25 07:13:52.799396,0 days 00:00:02.996366,AdamW,0.4017807375906734,,,0.0003447708965885593,,,,4,,,0.0010581646482994964,,PRUNED
929,929,33.333333333333336,2025-05-25 07:13:52.993332,2025-05-25 07:13:55.923364,0 days 00:00:02.930032,AdamW,0.2687175581631612,,,0.00018370398176587288,,,,1,,,0.0017127261505555079,,PRUNED
930,930,50.0,2025-05-25 07:13:55.955219,2025-05-25 07:14:03.241089,0 days 00:00:07.285870,AdamW,0.3858507406661352,,,9.358637328329527e-05,,,,3,,,0.002830277514863884,,COMPLETE
931,931,43.75,2025-05-25 07:14:03.282639,2025-05-25 07:14:10.060238,0 days 00:00:06.777599,AdamW,0.4191005620402885,,,0.00025356138689944984,,,,6,,,0.0013015643983643236,,COMPLETE
932,932,33.333333333333336,2025-05-25 07:14:10.102387,2025-05-25 07:14:12.969489,0 days 00:00:02.867102,AdamW,0.37352510550270984,,,6.067033406571557e-05,,,,5,,,0.0009737491143913717,,PRUNED
933,933,62.5,2025-05-25 07:14:13.000892,2025-05-25 07:14:20.298439,0 days 00:00:07.297547,AdamW,0.4579575917034403,,,0.00010419242987038321,,,,3,,,0.001501217161037407,,COMPLETE
934,934,37.5,2025-05-25 07:14:20.340498,2025-05-25 07:14:25.031704,0 days 00:00:04.691206,AdamW,0.46211284313218015,,,0.00011233706042827758,,,,2,,,0.0015274639514077468,,PRUNED
935,935,37.5,2025-05-25 07:14:25.118181,2025-05-25 07:14:28.247421,0 days 00:00:03.129240,AdamW,0.46981913590027363,,,0.00013177909653888008,,,,3,,,0.0015010968851909053,,PRUNED
936,936,35.416666666666664,2025-05-25 07:14:28.279629,2025-05-25 07:14:31.173602,0 days 00:00:02.893973,AdamW,0.4554000201377181,,,0.00010933159984586841,,,,2,,,0.0016234826200950468,,PRUNED
937,937,50.0,2025-05-25 07:14:31.205715,2025-05-25 07:14:38.451722,0 days 00:00:07.246007,AdamW,0.4847484769204336,,,0.00013383057140331958,,,,3,,,0.001399947126077777,,COMPLETE
938,938,29.166666666666668,2025-05-25 07:14:38.493017,2025-05-25 07:14:41.392789,0 days 00:00:02.899772,AdamW,0.46138952187582694,,,9.993365991401649e-05,,,,2,,,0.0014010710464775215,,PRUNED
939,939,39.583333333333336,2025-05-25 07:14:41.424752,2025-05-25 07:14:44.335600,0 days 00:00:02.910848,AdamW,0.4675987953219223,,,0.00014663563918669936,,,,3,,,0.0012444776711227682,,PRUNED
940,940,33.333333333333336,2025-05-25 07:14:44.368755,2025-05-25 07:14:47.302869,0 days 00:00:02.934114,Adadelta,0.4802225156020525,11.478003946495978,,,,,,2,0.014118832622350913,,,,PRUNED
941,941,33.333333333333336,2025-05-25 07:14:47.334847,2025-05-25 07:14:50.238670,0 days 00:00:02.903823,AdamW,0.4848616318886377,,,0.00016753944136010238,,,,1,,,0.0014582267775758975,,PRUNED
942,942,41.666666666666664,2025-05-25 07:14:50.271449,2025-05-25 07:14:55.838685,0 days 00:00:05.567236,AdamW,0.46845259503313325,,,0.00021370246030714239,,,,4,,,0.00010401843134162087,,PRUNED
943,943,33.333333333333336,2025-05-25 07:14:55.870681,2025-05-25 07:14:58.684816,0 days 00:00:02.814135,SGD,0.45515907703303643,,,,0.00888235333085448,28.175455902602092,False,11,,,,17.736483649178986,PRUNED
944,944,33.333333333333336,2025-05-25 07:14:58.714895,2025-05-25 07:15:01.622262,0 days 00:00:02.907367,Adam,0.4417283486503796,,0.0014467375550926032,,,,,3,,0.2976179130205507,,,PRUNED
945,945,33.333333333333336,2025-05-25 07:15:01.653985,2025-05-25 07:15:04.556378,0 days 00:00:02.902393,AdamW,0.4263393340428291,,,0.0001194709634586119,,,,0,,,0.0016438654237010966,,PRUNED
946,946,33.333333333333336,2025-05-25 07:15:04.588492,2025-05-25 07:15:07.513514,0 days 00:00:02.925022,AdamW,0.4781579319621909,,,9.361919751773304e-05,,,,2,,,0.0013163386608600336,,PRUNED
947,947,56.25,2025-05-25 07:15:07.546517,2025-05-25 07:15:14.781274,0 days 00:00:07.234757,AdamW,0.4542721247756232,,,0.00018839257396064402,,,,3,,,0.0011454960777124606,,COMPLETE
948,948,37.5,2025-05-25 07:15:14.822787,2025-05-25 07:15:17.738588,0 days 00:00:02.915801,AdamW,0.45586111752854497,,,0.00030293230245000374,,,,4,,,0.001734527360809531,,PRUNED
949,949,45.833333333333336,2025-05-25 07:15:17.771725,2025-05-25 07:15:23.341363,0 days 00:00:05.569638,AdamW,0.4703693065422867,,,0.00013357155529266273,,,,1,,,0.0012152067521357644,,PRUNED
950,950,33.333333333333336,2025-05-25 07:15:23.373664,2025-05-25 07:15:27.157263,0 days 00:00:03.783599,AdamW,0.441527172118741,,,8.203836428272335e-05,,,,3,,,0.0015698713621431686,,PRUNED
951,951,33.333333333333336,2025-05-25 07:15:27.189462,2025-05-25 07:15:30.480502,0 days 00:00:03.291040,AdamW,0.4393965329349814,,,0.00015975379882299218,,,,2,,,0.0007485878727270325,,PRUNED
952,952,33.333333333333336,2025-05-25 07:15:30.512758,2025-05-25 07:15:33.279345,0 days 00:00:02.766587,Adadelta,0.44926641991419014,0.1645769119919639,,,,,,7,1.840734303181332,,,,PRUNED
953,953,39.583333333333336,2025-05-25 07:15:33.310538,2025-05-25 07:15:37.148513,0 days 00:00:03.837975,AdamW,0.4501098086024291,,,0.00023256469033749972,,,,4,,,0.0013894848934824502,,PRUNED
954,954,33.333333333333336,2025-05-25 07:15:37.181442,2025-05-25 07:15:40.076335,0 days 00:00:02.894893,AdamW,0.43663190103855853,,,0.006908831010279254,,,,3,,,0.0010421593608019144,,PRUNED
955,955,37.5,2025-05-25 07:15:40.109340,2025-05-25 07:15:43.036020,0 days 00:00:02.926680,AdamW,0.4266784411742161,,,0.0001014485415020914,,,,4,,,0.0018154001670042071,,PRUNED
956,956,31.25,2025-05-25 07:15:43.067953,2025-05-25 07:15:45.991594,0 days 00:00:02.923641,AdamW,0.01834720719093358,,,0.00011234501593756095,,,,2,,,0.0008977392079699403,,PRUNED
957,957,45.833333333333336,2025-05-25 07:15:46.023471,2025-05-25 07:15:53.451634,0 days 00:00:07.428163,AdamW,0.33254368151626096,,,0.00018562938688006044,,,,4,,,0.0012939786154494732,,COMPLETE
958,958,33.333333333333336,2025-05-25 07:15:53.493141,2025-05-25 07:15:56.411384,0 days 00:00:02.918243,AdamW,0.4321903658959054,,,0.00014690640818979266,,,,1,,,0.0011246781086265592,,PRUNED
959,959,33.333333333333336,2025-05-25 07:15:56.442894,2025-05-25 07:15:59.379475,0 days 00:00:02.936581,AdamW,0.3457561834667282,,,0.0021679109401424724,,,,24,,,0.0014740555287199846,,PRUNED
960,960,45.833333333333336,2025-05-25 07:15:59.409980,2025-05-25 07:16:04.050673,0 days 00:00:04.640693,AdamW,0.4766217659151607,,,0.000267676034673009,,,,3,,,0.0009954061810858237,,PRUNED
961,961,35.416666666666664,2025-05-25 07:16:04.082777,2025-05-25 07:16:06.984569,0 days 00:00:02.901792,AdamW,0.4631006902863033,,,8.014649469778582e-05,,,,3,,,0.0012273120612144087,,PRUNED
962,962,33.333333333333336,2025-05-25 07:16:07.016252,2025-05-25 07:16:09.788598,0 days 00:00:02.772346,AdamW,0.3538532089507216,,,0.0004183714127461427,,,,7,,,0.0016112501185078568,,PRUNED
963,963,45.833333333333336,2025-05-25 07:16:09.819379,2025-05-25 07:16:14.477104,0 days 00:00:04.657725,AdamW,0.4481078043881016,,,0.00012339182483567975,,,,4,,,0.006008605402553114,,PRUNED
964,964,33.333333333333336,2025-05-25 07:16:14.509019,2025-05-25 07:16:17.378215,0 days 00:00:02.869196,Adadelta,0.4208300113097314,6.409871345196975,,,,,,5,0.4094615903818256,,,,PRUNED
965,965,33.333333333333336,2025-05-25 07:16:17.409536,2025-05-25 07:16:20.234051,0 days 00:00:02.824515,AdamW,0.21552100571181512,,,0.0135307716194547,,,,6,,,0.0011111268882789739,,PRUNED
966,966,50.0,2025-05-25 07:16:20.264562,2025-05-25 07:16:27.769692,0 days 00:00:07.505130,AdamW,0.3148052163949171,,,0.00021115468748360535,,,,2,,,0.0013510402057519183,,COMPLETE
967,967,,2025-05-25 07:16:27.831019,2025-05-25 07:16:30.737393,0 days 00:00:02.906374,SGD,0.36368025691256406,,,,1.8161725305217956e-05,17.529518327973555,True,3,,,,1.748151394216761,PRUNED
968,968,39.583333333333336,2025-05-25 07:16:30.769192,2025-05-25 07:16:33.636370,0 days 00:00:02.867178,AdamW,0.4151966775971385,,,0.00015969575580731583,,,,5,,,0.0009100630453657998,,PRUNED
969,969,33.333333333333336,2025-05-25 07:16:33.667488,2025-05-25 07:16:36.565869,0 days 00:00:02.898381,Adam,0.43171346900077157,,0.00012186731180599336,,,,,4,,21.154168258398695,,,PRUNED
970,970,39.583333333333336,2025-05-25 07:16:36.597750,2025-05-25 07:16:39.497103,0 days 00:00:02.899353,AdamW,0.35469617303132006,,,9.428213797466604e-05,,,,1,,,0.0014902499821831724,,PRUNED
971,971,33.333333333333336,2025-05-25 07:16:39.528601,2025-05-25 07:16:42.366371,0 days 00:00:02.837770,AdamW,0.37250442378417425,,,0.00033241672413169605,,,,6,,,0.0017409356456361334,,PRUNED
972,972,47.916666666666664,2025-05-25 07:16:42.397714,2025-05-25 07:16:49.634390,0 days 00:00:07.236676,AdamW,0.4173626452518268,,,0.00013432835865614622,,,,2,,,0.001186552484815908,,COMPLETE
973,973,31.25,2025-05-25 07:16:49.676187,2025-05-25 07:16:52.486467,0 days 00:00:02.810280,AdamW,0.4096727016076518,,,0.00023157834578481186,,,,7,,,0.0010199387283664667,,PRUNED
974,974,37.5,2025-05-25 07:16:52.517619,2025-05-25 07:16:55.385255,0 days 00:00:02.867636,AdamW,0.34035767243560516,,,7.152038891404479e-05,,,,5,,,0.0013672200183158937,,PRUNED
975,975,35.416666666666664,2025-05-25 07:16:55.416775,2025-05-25 07:16:58.569955,0 days 00:00:03.153180,AdamW,0.36202503414562476,,,0.000189403824143548,,,,0,,,0.0019108202940687513,,PRUNED
976,976,39.583333333333336,2025-05-25 07:16:58.603183,2025-05-25 07:17:01.515258,0 days 00:00:02.912075,AdamW,0.3765312952052423,,,0.00010469104464586207,,,,4,,,0.0008175139446659022,,PRUNED
977,977,39.583333333333336,2025-05-25 07:17:01.546730,2025-05-25 07:17:04.448256,0 days 00:00:02.901526,AdamW,0.05580548318469519,,,0.00016248924794390633,,,,3,,,0.0010982196571223065,,PRUNED
978,978,33.333333333333336,2025-05-25 07:17:04.479785,2025-05-25 07:17:07.312754,0 days 00:00:02.832969,AdamW,0.4465339076695641,,,8.530715535385524e-05,,,,6,,,0.0012763851416788764,,PRUNED
979,979,33.333333333333336,2025-05-25 07:17:07.343736,2025-05-25 07:17:10.075611,0 days 00:00:02.731875,Adadelta,0.47586431501311016,0.11476419512482243,,,,,,8,0.9013775762393446,,,,PRUNED
980,980,41.666666666666664,2025-05-25 07:17:10.105708,2025-05-25 07:17:14.747954,0 days 00:00:04.642246,AdamW,0.492765200012533,,,0.00027672480104966166,,,,3,,,0.001603263477977363,,PRUNED
981,981,35.416666666666664,2025-05-25 07:17:14.779535,2025-05-25 07:17:17.680931,0 days 00:00:02.901396,AdamW,0.4066062700229095,,,0.00012084658162247387,,,,4,,,0.0014705968113000003,,PRUNED
982,982,35.416666666666664,2025-05-25 07:17:17.712796,2025-05-25 07:17:20.478615,0 days 00:00:02.765819,AdamW,0.3924436233604171,,,0.0002241311539560752,,,,7,,,0.0011637618399166225,,PRUNED
983,983,35.416666666666664,2025-05-25 07:17:20.509958,2025-05-25 07:17:23.435192,0 days 00:00:02.925234,AdamW,0.42584549717240083,,,0.00014533001987165922,,,,5,,,0.0009802015817373408,,PRUNED
984,984,35.416666666666664,2025-05-25 07:17:23.465945,2025-05-25 07:17:26.365029,0 days 00:00:02.899084,AdamW,0.36887916843875973,,,8.03686620316092e-05,,,,2,,,0.001276353678627993,,PRUNED
985,985,33.333333333333336,2025-05-25 07:17:26.397105,2025-05-25 07:17:29.229203,0 days 00:00:02.832098,AdamW,0.4609044334183989,,,0.0001954933689251532,,,,16,,,0.0017252430147504379,,PRUNED
986,986,37.5,2025-05-25 07:17:29.260389,2025-05-25 07:17:32.082730,0 days 00:00:02.822341,AdamW,0.4011916599625409,,,0.00010457083119750565,,,,6,,,0.001388570295368181,,PRUNED
987,987,33.333333333333336,2025-05-25 07:17:32.115008,2025-05-25 07:17:34.981444,0 days 00:00:02.866436,AdamW,0.43652085875316077,,,0.0003642375245798613,,,,5,,,0.0010690874530366553,,PRUNED
988,988,35.416666666666664,2025-05-25 07:17:35.012928,2025-05-25 07:17:37.927732,0 days 00:00:02.914804,AdamW,0.3826678962806205,,,0.00012751039559312887,,,,3,,,0.0008857110344779636,,PRUNED
989,989,39.583333333333336,2025-05-25 07:17:37.959685,2025-05-25 07:17:40.877695,0 days 00:00:02.918010,AdamW,0.35503130130936883,,,0.00017280309808635403,,,,4,,,0.001562487456007024,,PRUNED
990,990,33.333333333333336,2025-05-25 07:17:40.910785,2025-05-25 07:17:43.992605,0 days 00:00:03.081820,AdamW,0.4122922904252077,,,0.0002766558242424203,,,,4,,,0.001171908983235604,,PRUNED
991,991,,2025-05-25 07:17:44.024995,2025-05-25 07:17:46.850151,0 days 00:00:02.825156,SGD,0.42404197611166283,,,,0.0004885126466031971,6.356069795963776,False,6,,,,4.212612459277283,PRUNED
992,992,33.333333333333336,2025-05-25 07:17:46.880465,2025-05-25 07:17:49.779979,0 days 00:00:02.899514,Adam,0.3921911243327545,,0.06177245499545761,,,,,1,,0.017670265539236448,,,PRUNED
993,993,33.333333333333336,2025-05-25 07:17:49.811525,2025-05-25 07:17:52.755199,0 days 00:00:02.943674,Adadelta,0.37864959621226996,1.7759750785848611,,,,,,3,0.022972179115700733,,,,PRUNED
994,994,33.333333333333336,2025-05-25 07:17:52.787215,2025-05-25 07:17:55.515625,0 days 00:00:02.728410,AdamW,0.3646929149248385,,,6.883895206926261e-05,,,,10,,,0.0019375199310471905,,PRUNED
995,995,25.0,2025-05-25 07:17:55.545776,2025-05-25 07:17:58.483140,0 days 00:00:02.937364,AdamW,0.4020695100449181,,,9.388397894824588e-05,,,,8,,,0.0013202904898965743,,PRUNED
996,996,58.333333333333336,2025-05-25 07:17:58.513189,2025-05-25 07:18:05.567458,0 days 00:00:07.054269,AdamW,0.3478493967697851,,,0.00015700908394293707,,,,5,,,0.0010290999743029525,,COMPLETE
997,997,56.25,2025-05-25 07:18:05.609231,2025-05-25 07:18:12.868814,0 days 00:00:07.259583,AdamW,0.41430090792654795,,,0.0002329339454097137,,,,2,,,0.001457943918446197,,COMPLETE
998,998,35.416666666666664,2025-05-25 07:18:12.911926,2025-05-25 07:18:15.753484,0 days 00:00:02.841558,AdamW,0.431681085373116,,,0.00012426236528928763,,,,6,,,0.0012084495624645124,,PRUNED
999,999,66.66666666666667,2025-05-25 07:18:15.784597,2025-05-25 07:18:22.245688,0 days 00:00:06.461091,AdamW,0.3879861144076923,,,0.00020393829301105704,,,,7,,,0.0009462450691106754,,COMPLETE
