,number,value,datetime_start,datetime_complete,duration,params_algorithm,params_dropout_rate,params_lr_Adadelta,params_lr_Adam,params_lr_AdamW,params_lr_SGD,params_momentum_SGD,params_nesterov_SGD,params_suggested_freeze,params_weight_decay_Adadelta,params_weight_decay_Adam,params_weight_decay_AdamW,params_weight_decay_SGD,state
0,0,37.5,2025-05-24 16:27:20.133735,2025-05-24 16:27:35.657141,0 days 00:00:15.523406,Adadelta,0.4753571532049581,0.017073967431528128,,,,,,11,29.154431891537552,,,,COMPLETE
1,1,58.333333333333336,2025-05-24 16:27:35.716882,2025-05-24 16:27:54.086880,0 days 00:00:18.369998,Adam,0.35403628889802274,,5.3370327626039544e-05,,,,,19,,0.05415244119402541,,,COMPLETE
2,2,52.083333333333336,2025-05-24 16:27:54.858361,2025-05-24 16:28:17.971664,0 days 00:00:23.113303,AdamW,0.2623782158161189,,,0.00014742753159914678,,,,9,,,0.0005404103854647331,,COMPLETE
3,3,33.333333333333336,2025-05-24 16:28:18.793941,2025-05-24 16:28:38.186512,0 days 00:00:19.392571,AdamW,0.3925879806965068,,,0.0026926469100861782,,,,14,,,0.00021930485556643703,,COMPLETE
4,4,33.333333333333336,2025-05-24 16:28:38.961164,2025-05-24 16:28:57.194251,0 days 00:00:18.233087,Adadelta,0.4744427686266666,5.456725485601478,,,,,,2,0.5762487216478605,,,,COMPLETE
5,5,37.5,2025-05-24 16:28:58.947980,2025-05-24 16:29:19.702598,0 days 00:00:20.754618,Adam,0.2475884550556351,,0.00017654048052495074,,,,,3,,1.2030178871154673,,,COMPLETE
6,6,33.333333333333336,2025-05-24 16:29:19.752249,2025-05-24 16:29:33.009523,0 days 00:00:13.257274,Adadelta,0.09242722776276352,2.463768595899747,,,,,,17,48.696409415209004,,,,PRUNED
7,7,33.333333333333336,2025-05-24 16:29:33.856825,2025-05-24 16:29:46.261533,0 days 00:00:12.404708,AdamW,0.0979914312095726,,,0.02065142557895925,,,,2,,,0.0005170191786366995,,PRUNED
8,8,33.333333333333336,2025-05-24 16:29:47.933005,2025-05-24 16:30:04.481130,0 days 00:00:16.548125,SGD,0.27134804157912423,,,,0.012273800987852962,0.5621564911890039,True,8,,,,0.06235377135673159,PRUNED
9,9,,2025-05-24 16:30:05.229466,2025-05-24 16:30:17.626637,0 days 00:00:12.397171,SGD,0.38563517334297287,,,,0.0031130959561221226,6.365199445099503,False,23,,,,0.2106648601704221,PRUNED
10,10,56.25,2025-05-24 16:30:17.660221,2025-05-24 16:30:36.295167,0 days 00:00:18.634946,Adam,0.0029985914779085965,,1.1799062523159256e-05,,,,,30,,0.011627478296224469,,,COMPLETE
11,11,50.0,2025-05-24 16:30:37.182952,2025-05-24 16:30:54.017896,0 days 00:00:16.834944,Adam,0.007797399829228002,,1.4092674202848303e-05,,,,,29,,0.010351345342149884,,,COMPLETE
12,12,50.0,2025-05-24 16:30:55.623319,2025-05-24 16:31:21.569184,0 days 00:00:25.945865,Adam,0.1780456116674968,,1.303899505677634e-05,,,,,31,,0.011705333802247565,,,COMPLETE
13,13,33.333333333333336,2025-05-24 16:31:21.625744,2025-05-24 16:31:36.539264,0 days 00:00:14.913520,Adam,0.34494521167484593,,0.03509224713892094,,,,,24,,0.07202554321357184,,,PRUNED
14,14,35.416666666666664,2025-05-24 16:31:36.620746,2025-05-24 16:31:47.308639,0 days 00:00:10.687893,Adam,0.006357269289235547,,0.00022102953841516675,,,,,21,,28.71704329664146,,,PRUNED
15,15,60.416666666666664,2025-05-24 16:31:48.908794,2025-05-24 16:32:05.816743,0 days 00:00:16.907949,Adam,0.1778133559297399,,5.625103603684528e-05,,,,,27,,0.15801715774258915,,,COMPLETE
16,16,41.666666666666664,2025-05-24 16:32:06.643993,2025-05-24 16:32:17.223587,0 days 00:00:10.579594,Adam,0.1851080041316471,,0.00027551193949285475,,,,,19,,0.37230480177438474,,,PRUNED
17,17,33.333333333333336,2025-05-24 16:32:17.257030,2025-05-24 16:32:27.885562,0 days 00:00:10.628532,Adam,0.3239477433104646,,0.0028549587020762083,,,,,26,,0.2773116308155133,,,PRUNED
18,18,,2025-05-24 16:32:27.918849,2025-05-24 16:32:34.847658,0 days 00:00:06.928809,SGD,0.1747154281887268,,,,3.908443370991221e-05,97.4924546650071,False,26,,,,25.319619734613873,PRUNED
19,19,54.166666666666664,2025-05-24 16:32:34.881924,2025-05-24 16:32:53.062695,0 days 00:00:18.180771,Adam,0.4057694026342346,,8.051995261493982e-05,,,,,14,,2.6308955801746947,,,COMPLETE
20,20,33.333333333333336,2025-05-24 16:32:53.112448,2025-05-24 16:33:06.224286,0 days 00:00:13.111838,Adam,0.11205911755332149,,0.0012645520144342998,,,,,19,,0.09442971127881689,,,PRUNED
21,21,50.0,2025-05-24 16:33:06.977102,2025-05-24 16:33:23.549106,0 days 00:00:16.572004,Adam,0.05066515165687685,,3.6524345437376747e-05,,,,,29,,0.0378610858850995,,,COMPLETE
22,22,56.25,2025-05-24 16:33:23.599282,2025-05-24 16:33:42.401444,0 days 00:00:18.802162,Adam,0.31837472033247816,,3.1131346646743656e-05,,,,,27,,0.03732730498711264,,,COMPLETE
23,23,56.25,2025-05-24 16:33:43.199958,2025-05-24 16:34:01.610448,0 days 00:00:18.410490,Adam,0.2197900237981126,,5.9928864983460224e-05,,,,,23,,0.2064621410320974,,,COMPLETE
24,24,35.416666666666664,2025-05-24 16:34:02.415873,2025-05-24 16:34:15.266999,0 days 00:00:12.851126,Adam,0.13203518323118493,,1.0037358116120055e-05,,,,,31,,0.029676745984187416,,,PRUNED
25,25,33.333333333333336,2025-05-24 16:34:16.168458,2025-05-24 16:34:29.750350,0 days 00:00:13.581892,Adam,0.05402646553412849,,0.0006451712292602032,,,,,28,,0.12405319719901486,,,PRUNED
26,26,31.25,2025-05-24 16:34:30.655615,2025-05-24 16:34:41.199437,0 days 00:00:10.543822,AdamW,0.43975039794403503,,,1.6462494656141686e-05,,,,24,,,0.00978075905358462,,PRUNED
27,27,,2025-05-24 16:34:41.233432,2025-05-24 16:34:50.982537,0 days 00:00:09.749105,SGD,0.3072491265495468,,,,1.8001158293361365e-05,68.54278835088991,True,21,,,,90.04727869618729,PRUNED
28,28,33.333333333333336,2025-05-24 16:34:51.015853,2025-05-24 16:34:59.562263,0 days 00:00:08.546410,Adadelta,0.3609555272514224,84.18841767904223,,,,,,31,0.014236305881279616,,,,PRUNED
29,29,33.333333333333336,2025-05-24 16:34:59.596122,2025-05-24 16:35:13.430316,0 days 00:00:13.834194,Adadelta,0.14066609175991898,0.0163326397242079,,,,,,12,0.010094931633979147,,,,PRUNED
30,30,31.25,2025-05-24 16:35:14.214188,2025-05-24 16:35:27.766476,0 days 00:00:13.552288,Adam,0.05373168408334303,,0.00010134990108102034,,,,,17,,0.6124842392044597,,,PRUNED
31,31,47.916666666666664,2025-05-24 16:35:27.800595,2025-05-24 16:35:49.051999,0 days 00:00:21.251404,Adam,0.30235607658858027,,2.849014023895212e-05,,,,,27,,0.030117618516002916,,,COMPLETE
32,32,54.166666666666664,2025-05-24 16:35:49.967081,2025-05-24 16:36:11.657209,0 days 00:00:21.690128,Adam,0.2165680753367213,,3.2085944540267664e-05,,,,,26,,0.030434217437068024,,,COMPLETE
33,33,52.083333333333336,2025-05-24 16:36:11.704640,2025-05-24 16:36:27.965532,0 days 00:00:16.260892,Adam,0.2734920242424279,,2.7463528082888617e-05,,,,,28,,0.010319490660873155,,,COMPLETE
34,34,33.333333333333336,2025-05-24 16:36:28.766139,2025-05-24 16:36:38.054432,0 days 00:00:09.288293,AdamW,0.43392474200945563,,,0.09946126450457445,,,,21,,,0.0045448386073854916,,PRUNED
35,35,41.666666666666664,2025-05-24 16:36:38.086171,2025-05-24 16:36:50.056032,0 days 00:00:11.969861,Adam,0.359781384542588,,6.331651968787996e-05,,,,,29,,0.05700920637608914,,,PRUNED
36,36,56.25,2025-05-24 16:36:50.845576,2025-05-24 16:37:06.612213,0 days 00:00:15.766637,Adam,0.4986801883039284,,2.1838171060410276e-05,,,,,7,,0.019727627933442904,,,COMPLETE
37,37,37.5,2025-05-24 16:37:07.106994,2025-05-24 16:37:16.430557,0 days 00:00:09.323563,Adadelta,0.3311104186632117,0.21514314769815227,,,,,,25,0.8609573721753037,,,,PRUNED
38,38,33.333333333333336,2025-05-24 16:37:16.462574,2025-05-24 16:37:30.660553,0 days 00:00:14.197979,AdamW,0.24977453972126268,,,0.0005516789129968933,,,,15,,,0.0021396821263543835,,PRUNED
39,39,33.333333333333336,2025-05-24 16:37:31.504754,2025-05-24 16:37:39.521350,0 days 00:00:08.016596,Adam,0.282111179374557,,0.008365047330010568,,,,,22,,0.12123449907534184,,,PRUNED
40,40,,2025-05-24 16:37:39.553911,2025-05-24 16:37:50.765821,0 days 00:00:11.211910,SGD,0.22442781099818837,,,,0.04553662854131712,36.28686457290567,True,18,,,,2.4943757639053636,PRUNED
41,41,50.0,2025-05-24 16:37:51.443361,2025-05-24 16:38:07.711782,0 days 00:00:16.268421,Adam,0.3056196990412929,,5.339277744590958e-05,,,,,23,,0.19865092766838002,,,COMPLETE
42,42,37.5,2025-05-24 16:38:07.759327,2025-05-24 16:38:14.209719,0 days 00:00:06.450392,Adam,0.21641733201675076,,0.0001366262093489908,,,,,25,,0.0607079800385049,,,PRUNED
43,43,37.5,2025-05-24 16:38:14.241059,2025-05-24 16:38:20.565268,0 days 00:00:06.324209,Adam,0.37448710202434154,,5.627410074857175e-05,,,,,30,,0.18346969513923767,,,PRUNED
44,44,35.416666666666664,2025-05-24 16:38:20.597533,2025-05-24 16:38:27.011386,0 days 00:00:06.413853,Adam,0.24453889416469882,,0.0004252795218144744,,,,,27,,1.3438558928848077,,,PRUNED
45,45,35.416666666666664,2025-05-24 16:38:27.042647,2025-05-24 16:38:33.638448,0 days 00:00:06.595801,Adam,0.40740578530559707,,1.8281442543519256e-05,,,,,23,,0.5611050160040346,,,PRUNED
46,46,37.5,2025-05-24 16:38:33.670828,2025-05-24 16:38:40.098791,0 days 00:00:06.427963,Adam,0.15614294039307972,,9.027556162660835e-05,,,,,20,,0.018958885558003843,,,PRUNED
47,47,33.333333333333336,2025-05-24 16:38:40.134575,2025-05-24 16:38:46.666215,0 days 00:00:06.531640,Adadelta,0.08206777385603724,98.43155468624178,,,,,,0,0.12410453331373307,,,,PRUNED
48,48,45.833333333333336,2025-05-24 16:38:46.700273,2025-05-24 16:38:54.070785,0 days 00:00:07.370512,AdamW,0.2901880957762785,,,1.6532915747157256e-05,,,,24,,,0.0001096724838697779,,PRUNED
49,49,37.5,2025-05-24 16:38:54.103038,2025-05-24 16:39:00.671532,0 days 00:00:06.568494,Adam,0.19373026966744397,,3.974566931725285e-05,,,,,17,,0.05075427102861869,,,PRUNED
50,50,,2025-05-24 16:39:00.704997,2025-05-24 16:39:06.559208,0 days 00:00:05.854211,SGD,0.030155740680654946,,,,0.00019617051137421125,47.540635735411044,False,28,,,,0.012267280752973314,PRUNED
51,51,37.5,2025-05-24 16:39:06.591807,2025-05-24 16:39:13.968112,0 days 00:00:07.376305,Adam,0.49003539439073296,,2.2947943579366435e-05,,,,,5,,0.015340999303352643,,,PRUNED
52,52,45.833333333333336,2025-05-24 16:39:14.000660,2025-05-24 16:39:32.403946,0 days 00:00:18.403286,Adam,0.4556523163571451,,1.700202340931696e-05,,,,,8,,0.022117061587793713,,,COMPLETE
53,53,33.333333333333336,2025-05-24 16:39:33.506035,2025-05-24 16:39:46.374531,0 days 00:00:12.868496,Adam,0.26174322667889954,,0.00016186760165568765,,,,,9,,0.019156454556584046,,,PRUNED
54,54,39.583333333333336,2025-05-24 16:39:47.073628,2025-05-24 16:39:59.688215,0 days 00:00:12.614587,Adam,0.20091060992700982,,1.0298841922781263e-05,,,,,30,,0.04772180831980235,,,PRUNED
55,55,39.583333333333336,2025-05-24 16:40:01.304032,2025-05-24 16:40:17.366494,0 days 00:00:16.062462,Adam,0.33676173777897966,,1.9145218951876263e-05,,,,,12,,0.13444623407770817,,,PRUNED
56,56,27.083333333333332,2025-05-24 16:40:19.016750,2025-05-24 16:40:33.002194,0 days 00:00:13.985444,Adam,0.16019716770505182,,4.624402180189483e-05,,,,,6,,0.011281222971506763,,,PRUNED
57,57,33.333333333333336,2025-05-24 16:40:33.900523,2025-05-24 16:40:45.927574,0 days 00:00:12.027051,Adam,0.40844237146326123,,0.08360603301436347,,,,,25,,0.08686418929766505,,,PRUNED
58,58,39.583333333333336,2025-05-24 16:40:47.036788,2025-05-24 16:41:00.201985,0 days 00:00:13.165197,Adam,0.12377540786208836,,1.4487661705798838e-05,,,,,22,,4.500166630234591,,,PRUNED
59,59,52.083333333333336,2025-05-24 16:41:01.141863,2025-05-24 16:41:17.588175,0 days 00:00:16.446312,Adam,0.47296920386026464,,0.0001047074721290902,,,,,27,,0.3060158131762764,,,COMPLETE
60,60,,2025-05-24 16:41:17.635420,2025-05-24 16:41:23.450490,0 days 00:00:05.815070,SGD,0.09848923114980704,,,,0.00036341024619856055,91.16455750012199,True,19,,,,3.177288097473464,PRUNED
61,61,39.583333333333336,2025-05-24 16:41:23.483490,2025-05-24 16:41:34.611364,0 days 00:00:11.127874,Adam,0.4085686360514559,,7.840681504008438e-05,,,,,13,,2.8255998051590256,,,PRUNED
62,62,33.333333333333336,2025-05-24 16:41:34.642370,2025-05-24 16:41:42.840619,0 days 00:00:08.198249,Adam,0.3562768430588038,,0.00026423625986252944,,,,,16,,7.200594725592219,,,PRUNED
63,63,39.583333333333336,2025-05-24 16:41:42.871767,2025-05-24 16:41:50.154870,0 days 00:00:07.283103,Adam,0.39476022690673507,,2.5737134697195717e-05,,,,,3,,1.194093695179066,,,PRUNED
64,64,33.333333333333336,2025-05-24 16:41:50.185833,2025-05-24 16:41:57.962878,0 days 00:00:07.777045,Adam,0.433453089445019,,4.721818519635003e-05,,,,,14,,18.61994350754371,,,PRUNED
65,65,33.333333333333336,2025-05-24 16:41:57.994035,2025-05-24 16:42:05.045659,0 days 00:00:07.051624,Adadelta,0.49737649638882764,0.184151355113088,,,,,,9,8.24020629459324,,,,PRUNED
66,66,37.5,2025-05-24 16:42:05.077250,2025-05-24 16:42:11.540711,0 days 00:00:06.463461,Adam,0.3190335184657892,,1.437388907791875e-05,,,,,30,,0.01764199403197035,,,PRUNED
67,67,33.333333333333336,2025-05-24 16:42:11.572903,2025-05-24 16:42:18.038895,0 days 00:00:06.465992,AdamW,0.37397369687732834,,,0.0020025150981560933,,,,10,,,0.0014639088684649893,,PRUNED
68,68,37.5,2025-05-24 16:42:18.070494,2025-05-24 16:42:24.617855,0 days 00:00:06.547361,Adam,0.4232001990520409,,0.0001395659649636101,,,,,6,,1.8695722917475275,,,PRUNED
69,69,37.5,2025-05-24 16:42:24.650588,2025-05-24 16:42:31.312215,0 days 00:00:06.661627,Adam,0.45502001879539067,,3.5822912272687165e-05,,,,,20,,0.03479697025942868,,,PRUNED
70,70,62.5,2025-05-24 16:42:31.343615,2025-05-24 16:42:42.304684,0 days 00:00:10.961069,Adam,0.34730557124251527,,7.274688726839535e-05,,,,,29,,0.5807207603073212,,,COMPLETE
71,71,58.333333333333336,2025-05-24 16:42:42.351282,2025-05-24 16:42:53.449727,0 days 00:00:11.098445,Adam,0.3409248663628026,,8.658847120424372e-05,,,,,28,,0.3571173835162434,,,COMPLETE
72,72,54.166666666666664,2025-05-24 16:42:53.497790,2025-05-24 16:43:12.412935,0 days 00:00:18.915145,Adam,0.23546392909136526,,6.907137397953346e-05,,,,,29,,0.6672229792665043,,,COMPLETE
73,73,33.333333333333336,2025-05-24 16:43:12.461946,2025-05-24 16:43:18.972388,0 days 00:00:06.510442,Adam,0.3449118215479567,,0.00020436889390660989,,,,,26,,0.21980304760004493,,,PRUNED
74,74,29.166666666666668,2025-05-24 16:43:19.004577,2025-05-24 16:43:25.450210,0 days 00:00:06.445633,Adam,0.26005916199615603,,2.5139094842699735e-05,,,,,28,,0.46785179895120804,,,PRUNED
75,75,50.0,2025-05-24 16:43:25.482465,2025-05-24 16:43:36.648484,0 days 00:00:11.166019,Adam,0.32522491642206236,,4.093124973736848e-05,,,,,31,,0.3593297688699374,,,COMPLETE
76,76,33.333333333333336,2025-05-24 16:43:36.696892,2025-05-24 16:43:43.107711,0 days 00:00:06.410819,Adam,0.2862973006813642,,9.692054101933408e-05,,,,,27,,0.08977724133987068,,,PRUNED
77,77,33.333333333333336,2025-05-24 16:43:43.140539,2025-05-24 16:43:49.564097,0 days 00:00:06.423558,Adam,0.3808081894354234,,0.0019966193821541692,,,,,29,,0.7031843242176335,,,PRUNED
78,78,33.333333333333336,2025-05-24 16:43:49.598797,2025-05-24 16:43:56.074453,0 days 00:00:06.475656,Adadelta,0.309874991996239,13.5689681377064,,,,,,24,6.3420025289775595,,,,PRUNED
79,79,,2025-05-24 16:43:56.107082,2025-05-24 16:44:02.089645,0 days 00:00:05.982563,SGD,0.3501821208365256,,,,0.07543707429298092,27.712418558374008,False,26,,,,0.3743271445833639,PRUNED
80,80,62.5,2025-05-24 16:44:02.124293,2025-05-24 16:44:13.019569,0 days 00:00:10.895276,AdamW,0.20558475585754796,,,0.00010898987308834993,,,,30,,,0.0035401130509912205,,COMPLETE
81,81,54.166666666666664,2025-05-24 16:44:13.068694,2025-05-24 16:44:23.997347,0 days 00:00:10.928653,AdamW,0.16945312095840226,,,0.00012679657859297213,,,,30,,,0.0036351277516955757,,COMPLETE
82,82,39.583333333333336,2025-05-24 16:44:24.046770,2025-05-24 16:44:32.465857,0 days 00:00:08.419087,AdamW,0.2059298462127881,,,0.00017777788358720655,,,,28,,,0.009036750256522206,,PRUNED
83,83,45.833333333333336,2025-05-24 16:44:32.497660,2025-05-24 16:44:40.422947,0 days 00:00:07.925287,AdamW,0.18647925554715564,,,4.2265148057132265e-05,,,,31,,,0.0008091078966681815,,PRUNED
84,84,33.333333333333336,2025-05-24 16:44:40.456164,2025-05-24 16:44:48.142429,0 days 00:00:07.686265,AdamW,0.23631424342298582,,,0.0073645274174562155,,,,27,,,0.0031589248923642927,,PRUNED
85,85,39.583333333333336,2025-05-24 16:44:48.174951,2025-05-24 16:44:54.621540,0 days 00:00:06.446589,Adam,0.07458156945236294,,1.040070059183705e-05,,,,,29,,0.1645483049369477,,,PRUNED
86,86,54.166666666666664,2025-05-24 16:44:54.654158,2025-05-24 16:45:05.745797,0 days 00:00:11.091639,AdamW,0.02061503866173703,,,0.0006137298769434754,,,,30,,,0.0012857942435621692,,COMPLETE
87,87,33.333333333333336,2025-05-24 16:45:05.795837,2025-05-24 16:45:12.177808,0 days 00:00:06.381971,Adam,0.27393381505091974,,0.0004237530308879304,,,,,22,,0.2804945103357771,,,PRUNED
88,88,56.25,2025-05-24 16:45:12.209178,2025-05-24 16:45:23.273622,0 days 00:00:11.064444,Adam,0.2115735118215922,,2.9049116592413363e-05,,,,,25,,0.025887815686212436,,,COMPLETE
89,89,41.666666666666664,2025-05-24 16:45:23.322667,2025-05-24 16:45:30.867991,0 days 00:00:07.545324,Adam,0.14942556071359656,,5.7426786385378e-05,,,,,28,,0.04270306198605521,,,PRUNED
90,90,33.333333333333336,2025-05-24 16:45:30.899620,2025-05-24 16:45:37.901538,0 days 00:00:07.001918,Adam,0.36347528949664853,,0.00837022464396943,,,,,26,,0.06595725052676937,,,PRUNED
91,91,41.666666666666664,2025-05-24 16:45:37.934290,2025-05-24 16:45:45.266584,0 days 00:00:07.332294,Adam,0.21974429757888855,,3.332163774243174e-05,,,,,25,,0.026184431643920987,,,PRUNED
92,92,37.5,2025-05-24 16:45:45.298105,2025-05-24 16:45:51.736841,0 days 00:00:06.438736,Adam,0.20761871485592756,,2.128115380762867e-05,,,,,28,,0.014699816070113664,,,PRUNED
93,93,62.5,2025-05-24 16:45:51.770677,2025-05-24 16:46:02.883975,0 days 00:00:11.113298,Adam,0.29623289763848465,,6.644409811129573e-05,,,,,23,,0.026317716169373426,,,COMPLETE
94,94,50.0,2025-05-24 16:46:02.930689,2025-05-24 16:46:13.789543,0 days 00:00:10.858854,Adam,0.29673480711795286,,0.00011383282423397384,,,,,29,,0.8914472504707251,,,COMPLETE
95,95,39.583333333333336,2025-05-24 16:46:13.836473,2025-05-24 16:46:20.250204,0 days 00:00:06.413731,Adam,0.3374130718812959,,6.9410712226009e-05,,,,,23,,0.43582920020511223,,,PRUNED
96,96,60.416666666666664,2025-05-24 16:46:20.282262,2025-05-24 16:46:33.725171,0 days 00:00:13.442909,Adam,0.3137279358519456,,5.440718742242263e-05,,,,,20,,0.012442368491691199,,,COMPLETE
97,97,54.166666666666664,2025-05-24 16:46:33.772561,2025-05-24 16:46:45.012675,0 days 00:00:11.240114,Adam,0.3278784616911973,,5.7343483902166326e-05,,,,,21,,0.013252811427042063,,,COMPLETE
98,98,,2025-05-24 16:46:45.060896,2025-05-24 16:46:50.870329,0 days 00:00:05.809433,SGD,0.3108533587612144,,,,0.0023630690523579684,67.69153705184817,False,18,,,,0.010030806503661342,PRUNED
99,99,33.333333333333336,2025-05-24 16:46:50.903378,2025-05-24 16:46:57.282255,0 days 00:00:06.378877,Adadelta,0.2758940058572871,0.38106994596996735,,,,,,30,0.04737436389652316,,,,PRUNED
100,100,68.75,2025-05-24 16:46:57.314916,2025-05-24 16:47:08.681838,0 days 00:00:11.366922,Adam,0.31688490901093114,,8.0321436372778e-05,,,,,18,,0.12889622838232076,,,COMPLETE
101,101,41.666666666666664,2025-05-24 16:47:08.729739,2025-05-24 16:47:18.184439,0 days 00:00:09.454700,Adam,0.3175724856071481,,0.00013626527192939965,,,,,18,,0.14535746936673308,,,PRUNED
102,102,39.583333333333336,2025-05-24 16:47:19.125162,2025-05-24 16:47:27.745007,0 days 00:00:08.619845,Adam,0.2965333029689818,,7.839927605961819e-05,,,,,20,,0.10554855823913234,,,PRUNED
103,103,47.916666666666664,2025-05-24 16:47:27.777534,2025-05-24 16:47:39.003174,0 days 00:00:11.225640,Adam,0.3646400321753917,,4.1821154479996894e-05,,,,,16,,0.21227953426828944,,,COMPLETE
104,104,31.25,2025-05-24 16:47:39.049986,2025-05-24 16:47:45.965725,0 days 00:00:06.915739,Adam,0.3452963765499867,,0.00018175012798198704,,,,,19,,0.010042891909241318,,,PRUNED
105,105,33.333333333333336,2025-05-24 16:47:46.001051,2025-05-24 16:47:52.581078,0 days 00:00:06.580027,Adam,0.2580953081754911,,9.587759744153081e-05,,,,,22,,0.03432667043448533,,,PRUNED
106,106,37.5,2025-05-24 16:47:52.613106,2025-05-24 16:47:59.343421,0 days 00:00:06.730315,Adam,0.3937404701974736,,5.2996905096827034e-05,,,,,20,,0.08372581058150105,,,PRUNED
107,107,37.5,2025-05-24 16:47:59.377883,2025-05-24 16:48:05.886144,0 days 00:00:06.508261,Adam,0.315456426204952,,7.248358955756834e-05,,,,,18,,94.24351478653367,,,PRUNED
108,108,37.5,2025-05-24 16:48:05.919054,2025-05-24 16:48:12.403534,0 days 00:00:06.484480,AdamW,0.3344554408031234,,,4.814436580149504e-05,,,,31,,,0.00535171833053829,,PRUNED
109,109,43.75,2025-05-24 16:48:12.437140,2025-05-24 16:48:18.937609,0 days 00:00:06.500469,Adam,0.2988293530920605,,3.4742751431748226e-05,,,,,17,,0.236184703066339,,,PRUNED
110,110,33.333333333333336,2025-05-24 16:48:18.970320,2025-05-24 16:48:25.469684,0 days 00:00:06.499364,Adam,0.37505894169828125,,0.00013265841599635234,,,,,24,,0.06452095238638159,,,PRUNED
111,111,37.5,2025-05-24 16:48:25.501429,2025-05-24 16:48:32.226558,0 days 00:00:06.725129,Adam,0.23917142841095665,,1.2506584933069986e-05,,,,,23,,0.021460255660932372,,,PRUNED
112,112,41.666666666666664,2025-05-24 16:48:32.257896,2025-05-24 16:48:38.736105,0 days 00:00:06.478209,Adam,0.2250299071972194,,1.9867280095247344e-05,,,,,21,,0.044945439289678195,,,PRUNED
113,113,37.5,2025-05-24 16:48:38.767846,2025-05-24 16:48:46.208231,0 days 00:00:07.440385,Adam,0.28750293377786795,,5.161534107214638e-05,,,,,27,,0.016698937038680677,,,PRUNED
114,114,41.666666666666664,2025-05-24 16:48:46.244989,2025-05-24 16:48:53.531661,0 days 00:00:07.286672,Adam,0.19186273343690144,,2.8418368657293943e-05,,,,,15,,0.025768373107206182,,,PRUNED
115,115,31.25,2025-05-24 16:48:53.564003,2025-05-24 16:49:00.410381,0 days 00:00:06.846378,Adam,0.1731465786287928,,1.770463923147448e-05,,,,,19,,0.12226556232420073,,,PRUNED
116,116,56.25,2025-05-24 16:49:00.442848,2025-05-24 16:49:12.377478,0 days 00:00:11.934630,Adam,0.2486404528104403,,4.430329873435307e-05,,,,,26,,0.012572701356473884,,,COMPLETE
117,117,33.333333333333336,2025-05-24 16:49:12.429639,2025-05-24 16:49:20.932496,0 days 00:00:08.502857,AdamW,0.2662263627119643,,,0.013430725167061244,,,,29,,,0.00021217878882598276,,PRUNED
118,118,56.25,2025-05-24 16:49:20.967422,2025-05-24 16:49:35.685521,0 days 00:00:14.718099,Adam,0.3399990291388974,,8.404619109661192e-05,,,,,28,,0.38674520987049193,,,COMPLETE
119,119,,2025-05-24 16:49:35.741985,2025-05-24 16:49:41.602450,0 days 00:00:05.860465,SGD,0.3535794850855068,,,,0.00015923910778871056,74.71604746003558,True,30,,,,11.594699414952471,PRUNED
120,120,45.833333333333336,2025-05-24 16:49:41.638638,2025-05-24 16:49:52.369252,0 days 00:00:10.730614,Adam,0.3275665170715564,,2.3646326049677668e-05,,,,,0,,0.0200325817725231,,,PRUNED
121,121,60.416666666666664,2025-05-24 16:49:52.403678,2025-05-24 16:50:08.083476,0 days 00:00:15.679798,Adam,0.22658367044411978,,6.531593415821929e-05,,,,,24,,0.026989014272641203,,,COMPLETE
122,122,64.58333333333333,2025-05-24 16:50:08.133602,2025-05-24 16:50:22.487207,0 days 00:00:14.353605,Adam,0.20002929854451376,,6.144154915346487e-05,,,,,24,,0.036024268468108495,,,COMPLETE
123,123,37.5,2025-05-24 16:50:22.536346,2025-05-24 16:50:29.980929,0 days 00:00:07.444583,Adam,0.1942596774415523,,6.330043170541165e-05,,,,,24,,0.037083300633073434,,,PRUNED
124,124,41.666666666666664,2025-05-24 16:50:30.015358,2025-05-24 16:50:38.143777,0 days 00:00:08.128419,Adam,0.23010644060920274,,0.00010866441597830419,,,,,22,,0.05253209666882449,,,PRUNED
125,125,45.833333333333336,2025-05-24 16:50:38.178614,2025-05-24 16:50:47.843749,0 days 00:00:09.665135,Adam,0.30872236680167386,,8.402843030279805e-05,,,,,23,,0.15882024840732822,,,PRUNED
126,126,33.333333333333336,2025-05-24 16:50:47.878587,2025-05-24 16:50:57.523570,0 days 00:00:09.644983,Adadelta,0.20083002429963023,0.08284742747851695,,,,,,25,3.856792997805734,,,,PRUNED
127,127,43.75,2025-05-24 16:50:57.559859,2025-05-24 16:51:09.081980,0 days 00:00:11.522121,Adam,0.36666643975075897,,4.709405487540856e-05,,,,,25,,0.03003430311567871,,,PRUNED
128,128,37.5,2025-05-24 16:51:09.118472,2025-05-24 16:51:16.797913,0 days 00:00:07.679441,Adam,0.18067358199354472,,6.112214310033333e-05,,,,,27,,0.07588624676894237,,,PRUNED
129,129,33.333333333333336,2025-05-24 16:51:16.831875,2025-05-24 16:51:23.847193,0 days 00:00:07.015318,Adam,0.0007233404623392396,,0.0002496152770603716,,,,,21,,0.2635951048900536,,,PRUNED
130,130,33.333333333333336,2025-05-24 16:51:23.879741,2025-05-24 16:51:32.255110,0 days 00:00:08.375369,Adam,0.32474237085285973,,3.62129559665493e-05,,,,,23,,0.31680030357527383,,,PRUNED
131,131,39.583333333333336,2025-05-24 16:51:32.289969,2025-05-24 16:51:42.913573,0 days 00:00:10.623604,Adam,0.21769494469467007,,2.9453450818287327e-05,,,,,26,,0.02356262188752835,,,PRUNED
132,132,43.75,2025-05-24 16:51:42.948416,2025-05-24 16:51:52.650259,0 days 00:00:09.701843,Adam,0.12262643013566968,,0.00011615605854879521,,,,,17,,0.014152257861283579,,,PRUNED
133,133,41.666666666666664,2025-05-24 16:51:52.684440,2025-05-24 16:52:03.235149,0 days 00:00:10.550709,Adam,0.06713345402769999,,1.3577041768282566e-05,,,,,29,,0.5482818741298019,,,PRUNED
134,134,39.583333333333336,2025-05-24 16:52:03.270580,2025-05-24 16:52:11.322004,0 days 00:00:08.051424,Adam,0.16266855628482726,,6.537295181463398e-05,,,,,24,,0.04075174828977134,,,PRUNED
135,135,33.333333333333336,2025-05-24 16:52:11.355740,2025-05-24 16:52:18.725163,0 days 00:00:07.369423,AdamW,0.2801241921371027,,,1.01477808983307e-05,,,,31,,,0.0018350339587722365,,PRUNED
136,136,41.666666666666664,2025-05-24 16:52:18.753223,2025-05-24 16:52:27.193837,0 days 00:00:08.440614,Adam,0.04151702642824234,,4.321996626588556e-05,,,,,21,,0.017826529452292607,,,PRUNED
137,137,43.75,2025-05-24 16:52:27.227083,2025-05-24 16:52:34.679971,0 days 00:00:07.452888,Adam,0.25385968411352,,0.0001661074969432683,,,,,28,,0.030536754708388555,,,PRUNED
138,138,45.833333333333336,2025-05-24 16:52:34.714892,2025-05-24 16:52:40.946811,0 days 00:00:06.231919,Adam,0.20050123974034417,,8.603806471820002e-05,,,,,27,,0.011726776346510884,,,PRUNED
139,139,33.333333333333336,2025-05-24 16:52:40.980961,2025-05-24 16:52:50.681248,0 days 00:00:09.700287,Adam,0.22980903067083616,,0.006979426566529074,,,,,20,,0.05534999413836667,,,PRUNED
140,140,33.333333333333336,2025-05-24 16:52:50.715884,2025-05-24 16:53:00.175167,0 days 00:00:09.459283,Adam,0.29892568573219686,,1.5774921810710092e-05,,,,,22,,0.8517735942899098,,,PRUNED
141,141,45.833333333333336,2025-05-24 16:53:00.209870,2025-05-24 16:53:10.776275,0 days 00:00:10.566405,Adam,0.21289457614223023,,3.139469529170069e-05,,,,,25,,0.023334048225269508,,,PRUNED
142,142,37.5,2025-05-24 16:53:10.803758,2025-05-24 16:53:16.906477,0 days 00:00:06.102719,Adam,0.21101680915294396,,5.17243614320676e-05,,,,,26,,0.027056926324490648,,,PRUNED
143,143,41.666666666666664,2025-05-24 16:53:16.940739,2025-05-24 16:53:28.223553,0 days 00:00:11.282814,Adam,0.2428552259929638,,2.511268808177401e-05,,,,,24,,0.01575506579388441,,,PRUNED
144,144,56.25,2025-05-24 16:53:28.259350,2025-05-24 16:53:46.999344,0 days 00:00:18.739994,Adam,0.18512680244855553,,3.956061405074738e-05,,,,,25,,0.03794052235783462,,,COMPLETE
145,145,52.083333333333336,2025-05-24 16:53:47.918673,2025-05-24 16:54:00.882219,0 days 00:00:12.963546,Adam,0.4631442600401666,,7.401422666916046e-05,,,,,30,,0.1739915417416512,,,COMPLETE
146,146,33.333333333333336,2025-05-24 16:54:00.929411,2025-05-24 16:54:08.327916,0 days 00:00:07.398505,AdamW,0.14351390073822823,,,0.0003310086577085576,,,,23,,,0.006096308924527025,,PRUNED
147,147,33.333333333333336,2025-05-24 16:54:09.183067,2025-05-24 16:54:17.792631,0 days 00:00:08.609564,Adam,0.3542409454791582,,0.0003413218789982978,,,,,27,,0.1003982588175224,,,PRUNED
148,148,33.333333333333336,2025-05-24 16:54:17.825578,2025-05-24 16:54:24.523562,0 days 00:00:06.697984,Adadelta,0.32061248113039637,14.311685071480156,,,,,,19,0.16881807697474782,,,,PRUNED
149,149,,2025-05-24 16:54:24.569132,2025-05-24 16:54:30.755500,0 days 00:00:06.186368,SGD,0.22270522667241466,,,,0.01857205958844992,23.720512797075664,True,29,,,,0.07102299841740792,PRUNED
150,150,35.416666666666664,2025-05-24 16:54:30.788195,2025-05-24 16:54:38.409520,0 days 00:00:07.621325,Adam,0.33257967275649936,,5.790033039416723e-05,,,,,4,,0.020558477960441534,,,PRUNED
151,151,62.5,2025-05-24 16:54:38.442974,2025-05-24 16:54:52.082231,0 days 00:00:13.639257,Adam,0.2423408152965389,,4.7814817797054386e-05,,,,,28,,0.012422397221520066,,,COMPLETE
152,152,43.75,2025-05-24 16:54:52.130915,2025-05-24 16:54:58.914030,0 days 00:00:06.783115,Adam,0.24066997875405413,,3.261280377406599e-05,,,,,28,,0.010153074448337698,,,PRUNED
153,153,45.833333333333336,2025-05-24 16:54:58.946854,2025-05-24 16:55:05.431806,0 days 00:00:06.484952,Adam,0.20617693925158487,,2.1614988094044333e-05,,,,,1,,0.03160460988448745,,,PRUNED
154,154,45.833333333333336,2025-05-24 16:55:05.464455,2025-05-24 16:55:11.851654,0 days 00:00:06.387199,Adam,0.26611802688610753,,4.7973064283660646e-05,,,,,27,,0.013082108869253662,,,PRUNED
155,155,56.25,2025-05-24 16:55:11.884176,2025-05-24 16:55:22.934173,0 days 00:00:11.049997,Adam,0.23139893947556878,,6.91717396109731e-05,,,,,28,,0.016054885819723527,,,COMPLETE
156,156,58.333333333333336,2025-05-24 16:55:22.983604,2025-05-24 16:55:34.148911,0 days 00:00:11.165307,Adam,0.4237733133065714,,9.803583669502146e-05,,,,,26,,0.04733964980753683,,,COMPLETE
157,157,33.333333333333336,2025-05-24 16:55:34.196400,2025-05-24 16:55:40.625571,0 days 00:00:06.429171,Adam,0.44673778251298063,,0.0008890944846801067,,,,,29,,0.047145717896808395,,,PRUNED
158,158,37.5,2025-05-24 16:55:40.660110,2025-05-24 16:55:47.113923,0 days 00:00:06.453813,Adam,0.30888907637692337,,0.00012195235160614601,,,,,18,,0.07439054750340177,,,PRUNED
159,159,45.833333333333336,2025-05-24 16:55:47.146994,2025-05-24 16:55:53.639485,0 days 00:00:06.492491,Adam,0.2947712639924327,,9.687723058294442e-05,,,,,30,,0.5003201356994886,,,PRUNED
160,160,31.25,2025-05-24 16:55:53.673202,2025-05-24 16:56:00.224344,0 days 00:00:06.551142,Adam,0.4247231483461425,,1.1519356006046602e-05,,,,,26,,0.02018945689438543,,,PRUNED
161,161,60.416666666666664,2025-05-24 16:56:00.257025,2025-05-24 16:56:11.280865,0 days 00:00:11.023840,Adam,0.19410342601546096,,5.4392116350225424e-05,,,,,25,,0.024910541108573516,,,COMPLETE
162,162,37.5,2025-05-24 16:56:11.329978,2025-05-24 16:56:17.741945,0 days 00:00:06.411967,Adam,0.3451972920759561,,5.75655337539362e-05,,,,,24,,0.19666132159048885,,,PRUNED
163,163,43.75,2025-05-24 16:56:17.774799,2025-05-24 16:56:24.367578,0 days 00:00:06.592779,Adam,0.4697472752731679,,8.276866559502299e-05,,,,,26,,0.035559725148278265,,,PRUNED
164,164,52.083333333333336,2025-05-24 16:56:24.401895,2025-05-24 16:56:35.783548,0 days 00:00:11.381653,Adam,0.0977353215234081,,3.7427878188493604e-05,,,,,27,,0.05871789977573712,,,COMPLETE
165,165,41.666666666666664,2025-05-24 16:56:35.831532,2025-05-24 16:56:42.318494,0 days 00:00:06.486962,Adam,0.4883639946577134,,5.068972737451189e-05,,,,,16,,0.02685780683898548,,,PRUNED
166,166,50.0,2025-05-24 16:56:42.350643,2025-05-24 16:56:51.606319,0 days 00:00:09.255676,AdamW,0.48341797109379653,,,5.4330397220201504e-05,,,,24,,,0.0008511060623419467,,PRUNED
167,167,60.416666666666664,2025-05-24 16:56:51.640902,2025-05-24 16:57:02.794607,0 days 00:00:11.153705,Adam,0.18830283509310056,,7.184507376100517e-05,,,,,28,,0.017657019890123273,,,COMPLETE
168,168,64.58333333333333,2025-05-24 16:57:02.846945,2025-05-24 16:57:13.747085,0 days 00:00:10.900140,Adam,0.19288103838683915,,9.769083061937258e-05,,,,,28,,0.3760065413892338,,,COMPLETE
169,169,60.416666666666664,2025-05-24 16:57:13.794398,2025-05-24 16:57:24.891599,0 days 00:00:11.097201,Adam,0.19195969161957477,,9.393723053792738e-05,,,,,28,,0.4081470441008138,,,COMPLETE
170,170,58.333333333333336,2025-05-24 16:57:24.939564,2025-05-24 16:57:35.973426,0 days 00:00:11.033862,Adam,0.1718160551057572,,0.0001000508816155573,,,,,29,,0.4221085777145763,,,COMPLETE
171,171,41.666666666666664,2025-05-24 16:57:36.023237,2025-05-24 16:57:42.443548,0 days 00:00:06.420311,Adam,0.18734255334214744,,0.00010209762869141332,,,,,28,,0.706119212296488,,,PRUNED
172,172,37.5,2025-05-24 16:57:42.476695,2025-05-24 16:57:48.932188,0 days 00:00:06.455493,Adam,0.1655157259137982,,0.00014227192204898964,,,,,29,,0.40549167690069704,,,PRUNED
173,173,43.75,2025-05-24 16:57:48.967777,2025-05-24 16:57:55.451591,0 days 00:00:06.483814,Adam,0.18062706481788024,,7.336358974329327e-05,,,,,28,,0.3163788966498636,,,PRUNED
174,174,52.083333333333336,2025-05-24 16:57:55.483945,2025-05-24 16:58:06.678409,0 days 00:00:11.194464,Adam,0.17257223104302827,,9.910831311575099e-05,,,,,30,,0.4678840923161531,,,PRUNED
175,175,43.75,2025-05-24 16:58:06.711776,2025-05-24 16:58:13.108329,0 days 00:00:06.396553,Adam,0.15055117391627315,,0.00018399389516567024,,,,,29,,0.612190294171816,,,PRUNED
176,176,45.833333333333336,2025-05-24 16:58:13.140802,2025-05-24 16:58:20.349625,0 days 00:00:07.208823,Adam,0.19805503021476759,,8.373825771700193e-05,,,,,31,,1.1033202906515636,,,PRUNED
177,177,45.833333333333336,2025-05-24 16:58:20.381940,2025-05-24 16:58:31.305796,0 days 00:00:10.923856,Adam,0.18818483640562328,,0.00011930571231027703,,,,,27,,0.3644803619005949,,,PRUNED
178,178,64.58333333333333,2025-05-24 16:58:32.081285,2025-05-24 16:58:49.135718,0 days 00:00:17.054433,Adam,0.17775794453669921,,6.461989513248674e-05,,,,,28,,0.012632508673851848,,,COMPLETE
179,179,35.416666666666664,2025-05-24 16:58:49.778507,2025-05-24 16:58:57.530640,0 days 00:00:07.752133,Adam,0.1755494945873546,,6.479231486833235e-05,,,,,28,,1.6390873389294143,,,PRUNED
180,180,54.166666666666664,2025-05-24 16:58:59.196943,2025-05-24 16:59:10.915203,0 days 00:00:11.718260,Adam,0.16048809124415314,,0.00014460333665699458,,,,,26,,0.797972203295475,,,COMPLETE
181,181,43.75,2025-05-24 16:59:10.962756,2025-05-24 16:59:17.379062,0 days 00:00:06.416306,Adam,0.19228242992758024,,8.998640586663917e-05,,,,,29,,0.011687007653215675,,,PRUNED
182,182,47.916666666666664,2025-05-24 16:59:17.411266,2025-05-24 16:59:26.326687,0 days 00:00:08.915421,Adam,0.1980402039846522,,6.946657863547054e-05,,,,,28,,0.014097468372804609,,,PRUNED
183,183,35.416666666666664,2025-05-24 16:59:27.054321,2025-05-24 16:59:36.457091,0 days 00:00:09.402770,Adam,0.17484587422862863,,5.9650823178877574e-05,,,,,27,,0.2680072049944037,,,PRUNED
184,184,45.833333333333336,2025-05-24 16:59:36.491201,2025-05-24 16:59:45.481956,0 days 00:00:08.990755,Adam,0.21611346374881404,,0.00010614116306255429,,,,,30,,0.017314776466204586,,,PRUNED
185,185,41.666666666666664,2025-05-24 16:59:46.382796,2025-05-24 16:59:57.637259,0 days 00:00:11.254463,Adam,0.2071204104664139,,4.652844274753182e-05,,,,,29,,0.02270455789307852,,,PRUNED
186,186,33.333333333333336,2025-05-24 16:59:58.358351,2025-05-24 17:00:08.571136,0 days 00:00:10.212785,Adam,0.18007041945962268,,7.956241326411222e-05,,,,,28,,0.01273993834842734,,,PRUNED
187,187,43.75,2025-05-24 17:00:09.399944,2025-05-24 17:00:20.995615,0 days 00:00:11.595671,AdamW,0.20388852383140874,,,0.0018307375996237463,,,,27,,,0.0030925465038909297,,PRUNED
188,188,,2025-05-24 17:00:21.921701,2025-05-24 17:00:34.113257,0 days 00:00:12.191556,SGD,0.19090230385503304,,,,0.0008979094379928651,54.22609551938379,False,29,,,,1.1979935762606695,PRUNED
189,189,33.333333333333336,2025-05-24 17:00:34.646248,2025-05-24 17:00:45.927045,0 days 00:00:11.280797,Adadelta,0.15574676631563722,1.118948019425197,,,,,,25,71.33212579131863,,,,PRUNED
190,190,41.666666666666664,2025-05-24 17:00:47.626946,2025-05-24 17:00:58.373873,0 days 00:00:10.746927,Adam,0.13594704454579595,,6.391649907611709e-05,,,,,30,,0.33529695351285466,,,PRUNED
191,191,41.666666666666664,2025-05-24 17:00:59.157757,2025-05-24 17:01:10.181324,0 days 00:00:11.023567,Adam,0.31771034905001966,,5.1834723885611845e-05,,,,,27,,0.03964035204768118,,,PRUNED
192,192,47.916666666666664,2025-05-24 17:01:11.093937,2025-05-24 17:01:20.098261,0 days 00:00:09.004324,Adam,0.3323842714947895,,3.9939775677136656e-05,,,,,28,,0.01665357376446779,,,PRUNED
193,193,45.833333333333336,2025-05-24 17:01:20.848456,2025-05-24 17:01:31.869127,0 days 00:00:11.020671,Adam,0.3409680869707907,,8.90685851035086e-05,,,,,29,,0.04587830919663413,,,PRUNED
194,194,41.666666666666664,2025-05-24 17:01:32.757193,2025-05-24 17:01:44.964001,0 days 00:00:12.206808,Adam,0.38424393501012455,,7.305862526177811e-05,,,,,26,,0.010183301678208497,,,PRUNED
195,195,35.416666666666664,2025-05-24 17:01:45.688364,2025-05-24 17:01:56.577268,0 days 00:00:10.888904,Adam,0.1703749970984449,,5.7594844456152456e-05,,,,,28,,0.5531258638908135,,,PRUNED
196,196,64.58333333333333,2025-05-24 17:01:57.362890,2025-05-24 17:02:13.360626,0 days 00:00:15.997736,Adam,0.22080311022825647,,4.4421670761673907e-05,,,,,25,,0.03346946413356535,,,COMPLETE
197,197,43.75,2025-05-24 17:02:14.257105,2025-05-24 17:02:27.664272,0 days 00:00:13.407167,Adam,0.22075905204730248,,4.4897337857195976e-05,,,,,25,,0.029622076444711463,,,PRUNED
198,198,37.5,2025-05-24 17:02:28.299702,2025-05-24 17:02:39.638661,0 days 00:00:11.338959,Adam,0.23006595929119142,,0.00010447323749231104,,,,,26,,0.02012618498964808,,,PRUNED
199,199,47.916666666666664,2025-05-24 17:02:40.518024,2025-05-24 17:02:50.997702,0 days 00:00:10.479678,Adam,0.25108034006165286,,7.470625993808084e-05,,,,,31,,0.23595222000679877,,,PRUNED
200,200,31.25,2025-05-24 17:02:51.483032,2025-05-24 17:03:02.880375,0 days 00:00:11.397343,Adam,0.2119269168952278,,0.0001247326578634707,,,,,25,,0.4326865922512224,,,PRUNED
201,201,58.333333333333336,2025-05-24 17:03:03.523930,2025-05-24 17:03:14.545134,0 days 00:00:11.021204,Adam,0.1951844839061839,,5.443479477065665e-05,,,,,27,,0.032343610473417814,,,COMPLETE
202,202,47.916666666666664,2025-05-24 17:03:14.593173,2025-05-24 17:03:20.939526,0 days 00:00:06.346353,Adam,0.1943841086461301,,5.543836983906898e-05,,,,,26,,0.03311504268069649,,,PRUNED
203,203,37.5,2025-05-24 17:03:20.974110,2025-05-24 17:03:27.412225,0 days 00:00:06.438115,Adam,0.1828786529682205,,4.366892207912941e-05,,,,,27,,0.02497570485583094,,,PRUNED
204,204,39.583333333333336,2025-05-24 17:03:27.447409,2025-05-24 17:03:33.928811,0 days 00:00:06.481402,Adam,0.20191108985724024,,6.80146275316852e-05,,,,,28,,0.02383395358395295,,,PRUNED
205,205,41.666666666666664,2025-05-24 17:03:33.961573,2025-05-24 17:03:40.371438,0 days 00:00:06.409865,Adam,0.22225100475568696,,8.072897392139065e-05,,,,,29,,0.01483138868227745,,,PRUNED
206,206,41.666666666666664,2025-05-24 17:03:40.404504,2025-05-24 17:03:46.808432,0 days 00:00:06.403928,Adam,0.18383068900196906,,5.602882751473816e-05,,,,,20,,0.04156637002867396,,,PRUNED
207,207,58.333333333333336,2025-05-24 17:03:46.841589,2025-05-24 17:03:57.984731,0 days 00:00:11.143142,Adam,0.19544413693529564,,3.6447885309129613e-05,,,,,24,,0.018295557276571516,,,COMPLETE
208,208,58.333333333333336,2025-05-24 17:03:58.033328,2025-05-24 17:04:10.144783,0 days 00:00:12.111455,Adam,0.1680887648720179,,3.784252686499304e-05,,,,,24,,0.019209330811043937,,,COMPLETE
209,209,33.333333333333336,2025-05-24 17:04:10.193326,2025-05-24 17:04:16.763163,0 days 00:00:06.569837,AdamW,0.19130660826934412,,,0.08843916847163895,,,,23,,,0.0003456997395369609,,PRUNED
210,210,56.25,2025-05-24 17:04:16.795881,2025-05-24 17:04:27.971510,0 days 00:00:11.175629,Adam,0.20195918236954613,,4.849113378902331e-05,,,,,25,,0.03265047918512413,,,COMPLETE
211,211,50.0,2025-05-24 17:04:28.021260,2025-05-24 17:04:34.623840,0 days 00:00:06.602580,Adam,0.16667324249157003,,3.59059659354957e-05,,,,,24,,0.02011843397337691,,,PRUNED
212,212,41.666666666666664,2025-05-24 17:04:34.658764,2025-05-24 17:04:42.932578,0 days 00:00:08.273814,Adam,0.17860637585570194,,4.0554389109485374e-05,,,,,24,,0.018148111355431717,,,PRUNED
213,213,47.916666666666664,2025-05-24 17:04:42.964836,2025-05-24 17:04:49.503186,0 days 00:00:06.538350,Adam,0.16329761604419546,,6.196717802120077e-05,,,,,25,,0.028811310406200382,,,PRUNED
214,214,37.5,2025-05-24 17:04:49.536532,2025-05-24 17:04:56.063575,0 days 00:00:06.527043,Adam,0.19179941384110738,,3.278388599790064e-05,,,,,23,,0.015075449659924205,,,PRUNED
215,215,43.75,2025-05-24 17:04:56.096660,2025-05-24 17:05:02.805996,0 days 00:00:06.709336,Adam,0.21104659552369223,,5.088272175111377e-05,,,,,24,,0.05220141959019225,,,PRUNED
216,216,50.0,2025-05-24 17:05:02.840126,2025-05-24 17:05:09.323251,0 days 00:00:06.483125,Adam,0.17313384160814368,,9.236514638528036e-05,,,,,26,,0.023666220566574917,,,PRUNED
217,217,41.666666666666664,2025-05-24 17:05:09.358045,2025-05-24 17:05:15.867896,0 days 00:00:06.509851,Adam,0.15016131402003957,,7.01601024463443e-05,,,,,23,,0.011850631373530863,,,PRUNED
218,218,37.5,2025-05-24 17:05:15.900757,2025-05-24 17:05:22.494755,0 days 00:00:06.593998,Adam,0.18399996967077353,,4.05324828063326e-05,,,,,27,,0.06557591240568465,,,PRUNED
219,219,43.75,2025-05-24 17:05:22.530044,2025-05-24 17:05:29.271040,0 days 00:00:06.740996,Adam,0.20079703295044463,,6.13604117163196e-05,,,,,19,,0.401514389441655,,,PRUNED
220,220,37.5,2025-05-24 17:05:29.305107,2025-05-24 17:05:35.904752,0 days 00:00:06.599645,Adam,0.2145182313073002,,2.7536098282771917e-05,,,,,24,,0.03556172545715078,,,PRUNED
221,221,47.916666666666664,2025-05-24 17:05:35.938745,2025-05-24 17:05:42.477065,0 days 00:00:06.538320,Adam,0.23906179120578863,,8.434214011952135e-05,,,,,28,,0.012922070145726907,,,PRUNED
222,222,43.75,2025-05-24 17:05:42.509624,2025-05-24 17:05:48.997847,0 days 00:00:06.488223,Adam,0.35968750046454867,,5.092727220310945e-05,,,,,30,,0.016646098709567344,,,PRUNED
223,223,41.666666666666664,2025-05-24 17:05:49.030617,2025-05-24 17:05:56.590271,0 days 00:00:07.559654,Adam,0.19380044655632273,,0.00010425277753670195,,,,,29,,0.11033179533590907,,,PRUNED
224,224,35.416666666666664,2025-05-24 17:05:56.625493,2025-05-24 17:06:03.444049,0 days 00:00:06.818556,Adam,0.20719727160849216,,6.316092098788029e-05,,,,,27,,0.010063972035211774,,,PRUNED
225,225,43.75,2025-05-24 17:06:03.477022,2025-05-24 17:06:11.402628,0 days 00:00:07.925606,Adam,0.22751560162670803,,7.371579576973188e-05,,,,,25,,0.018834799532684444,,,PRUNED
226,226,,2025-05-24 17:06:11.446089,2025-05-24 17:06:17.388139,0 days 00:00:05.942050,SGD,0.35003009342297436,,,,1.0876495729198453e-05,82.19667267011229,True,24,,,,69.27190822487007,PRUNED
227,227,33.333333333333336,2025-05-24 17:06:17.422350,2025-05-24 17:06:23.991148,0 days 00:00:06.568798,Adam,0.18380251849618245,,0.024330452185516424,,,,,28,,0.026876459403534666,,,PRUNED
228,228,41.666666666666664,2025-05-24 17:06:24.023963,2025-05-24 17:06:30.866936,0 days 00:00:06.842973,Adadelta,0.19749863154995229,0.03670426312974922,,,,,,29,2.0974315236422014,,,,PRUNED
229,229,33.333333333333336,2025-05-24 17:06:30.902572,2025-05-24 17:06:40.035759,0 days 00:00:09.133187,Adam,0.020705494372035872,,4.731878894640269e-05,,,,,22,,0.5014731230292495,,,PRUNED
230,230,35.416666666666664,2025-05-24 17:06:40.069817,2025-05-24 17:06:48.279366,0 days 00:00:08.209549,Adam,0.17531290885677317,,9.164389324963109e-05,,,,,25,,0.2853801465028862,,,PRUNED
231,231,35.416666666666664,2025-05-24 17:06:48.311743,2025-05-24 17:06:57.288390,0 days 00:00:08.976647,Adam,0.30092022272427,,3.3765034373260226e-05,,,,,27,,0.04595646922180843,,,PRUNED
232,232,50.0,2025-05-24 17:06:57.321060,2025-05-24 17:07:04.137431,0 days 00:00:06.816371,Adam,0.30815276608819997,,3.9171692153650904e-05,,,,,26,,0.03740873115297677,,,PRUNED
233,233,43.75,2025-05-24 17:07:04.172284,2025-05-24 17:07:11.482827,0 days 00:00:07.310543,Adam,0.3694581103322684,,5.828153303634773e-05,,,,,27,,0.1356837897302323,,,PRUNED
234,234,35.416666666666664,2025-05-24 17:07:11.516572,2025-05-24 17:07:20.239080,0 days 00:00:08.722508,Adam,0.3244265155794741,,7.425772549427867e-05,,,,,29,,0.01357636005105978,,,PRUNED
235,235,33.333333333333336,2025-05-24 17:07:20.329612,2025-05-24 17:07:28.899831,0 days 00:00:08.570219,AdamW,0.31563631474213466,,,0.007223756447562744,,,,28,,,0.0024528310955874784,,PRUNED
236,236,41.666666666666664,2025-05-24 17:07:28.935676,2025-05-24 17:07:38.906639,0 days 00:00:09.970963,Adam,0.33860472112356177,,4.639762438915347e-05,,,,,28,,0.029466412142077805,,,PRUNED
237,237,43.75,2025-05-24 17:07:38.941458,2025-05-24 17:07:46.842333,0 days 00:00:07.900875,Adam,0.285474559665839,,0.00011587610156928595,,,,,18,,0.020142286859533086,,,PRUNED
238,238,45.833333333333336,2025-05-24 17:07:46.877764,2025-05-24 17:07:57.115877,0 days 00:00:10.238113,Adam,0.3291119634665326,,6.514860707073317e-05,,,,,26,,0.35555650607800454,,,PRUNED
239,239,41.666666666666664,2025-05-24 17:07:57.150899,2025-05-24 17:08:08.151998,0 days 00:00:11.001099,Adam,0.2213099672694171,,2.8281444903505732e-05,,,,,30,,0.02344140622390232,,,PRUNED
240,240,39.583333333333336,2025-05-24 17:08:08.186694,2025-05-24 17:08:18.763150,0 days 00:00:10.576456,Adam,0.20911507713763958,,5.3495870503407586e-05,,,,,27,,0.055608119289552324,,,PRUNED
241,241,43.75,2025-05-24 17:08:18.798337,2025-05-24 17:08:27.619491,0 days 00:00:08.821154,Adam,0.23693026599765935,,8.461733910373414e-05,,,,,23,,0.19109643658660655,,,PRUNED
242,242,47.916666666666664,2025-05-24 17:08:27.653426,2025-05-24 17:08:34.648927,0 days 00:00:06.995501,Adam,0.21798817063335083,,4.173038202504694e-05,,,,,24,,0.1611629958327064,,,PRUNED
243,243,43.75,2025-05-24 17:08:34.681038,2025-05-24 17:08:42.825566,0 days 00:00:08.144528,Adam,0.19047439532130625,,5.557527842149801e-05,,,,,22,,0.2500758338999771,,,PRUNED
244,244,37.5,2025-05-24 17:08:42.862097,2025-05-24 17:08:52.753549,0 days 00:00:09.891452,Adam,0.201557854070805,,6.950302862950402e-05,,,,,25,,0.01566994546541631,,,PRUNED
245,245,37.5,2025-05-24 17:08:52.790791,2025-05-24 17:09:04.222842,0 days 00:00:11.432051,Adam,0.24888498013935545,,3.654409270646357e-05,,,,,23,,0.03183754364456396,,,PRUNED
246,246,39.583333333333336,2025-05-24 17:09:04.258510,2025-05-24 17:09:16.836695,0 days 00:00:12.578185,Adam,0.18838356206871887,,4.9233055358685444e-05,,,,,19,,0.6205852478078282,,,PRUNED
247,247,33.333333333333336,2025-05-24 17:09:16.871018,2025-05-24 17:09:26.803771,0 days 00:00:09.932753,Adam,0.398063954807761,,0.0015154478937454226,,,,,29,,0.011754598884321238,,,PRUNED
248,248,37.5,2025-05-24 17:09:26.841173,2025-05-24 17:09:39.742497,0 days 00:00:12.901324,Adam,0.4142389959235159,,9.59485705423229e-05,,,,,28,,0.040676151863085104,,,PRUNED
249,249,31.25,2025-05-24 17:09:40.622080,2025-05-24 17:09:52.406421,0 days 00:00:11.784341,Adam,0.22747898796114746,,7.544613402498989e-05,,,,,24,,11.567238348121572,,,PRUNED
250,250,33.333333333333336,2025-05-24 17:09:52.441405,2025-05-24 17:10:07.478314,0 days 00:00:15.036909,AdamW,0.16820425137560463,,,0.001074526010695784,,,,27,,,0.0001010865533665134,,PRUNED
251,251,37.5,2025-05-24 17:10:07.513355,2025-05-24 17:10:17.329192,0 days 00:00:09.815837,Adam,0.21126006577180442,,6.159446766803983e-05,,,,,26,,0.4372271638083915,,,PRUNED
252,252,41.666666666666664,2025-05-24 17:10:18.263829,2025-05-24 17:10:33.887734,0 days 00:00:15.623905,Adam,0.181710998523974,,8.062988093470007e-05,,,,,30,,0.3304617659628232,,,PRUNED
253,253,43.75,2025-05-24 17:10:35.991493,2025-05-24 17:10:50.925840,0 days 00:00:14.934347,Adam,0.19887691588779974,,0.00015780077639147275,,,,,25,,0.024869844415891577,,,PRUNED
254,254,33.333333333333336,2025-05-24 17:10:51.976399,2025-05-24 17:11:08.088916,0 days 00:00:16.112517,Adam,0.30787858360855497,,0.0006837824827017662,,,,,23,,0.08556386146024257,,,PRUNED
255,255,43.75,2025-05-24 17:11:09.052411,2025-05-24 17:11:24.971795,0 days 00:00:15.919384,Adam,0.15797991872043465,,4.410229334926728e-05,,,,,28,,0.01416447431626195,,,PRUNED
256,256,35.416666666666664,2025-05-24 17:11:25.885694,2025-05-24 17:11:37.637577,0 days 00:00:11.751883,Adam,0.3186147170489966,,5.479002305322136e-05,,,,,17,,0.01811721798667308,,,PRUNED
257,257,31.25,2025-05-24 17:11:38.451582,2025-05-24 17:11:50.378421,0 days 00:00:11.926839,Adam,0.35207807952247167,,0.00011554338703410411,,,,,29,,53.10353917225754,,,PRUNED
258,258,,2025-05-24 17:11:51.193564,2025-05-24 17:12:00.741212,0 days 00:00:09.547648,SGD,0.20436375380538263,,,,4.649901431615684e-05,55.05050525039245,False,22,,,,7.7195419395165725,PRUNED
259,259,39.583333333333336,2025-05-24 17:12:00.774955,2025-05-24 17:12:09.471920,0 days 00:00:08.696965,Adam,0.2341211905237728,,6.695013828609037e-05,,,,,25,,0.029338257274511982,,,PRUNED
260,260,50.0,2025-05-24 17:12:10.229572,2025-05-24 17:12:21.176226,0 days 00:00:10.946654,Adam,0.2613304508121396,,3.098280563212546e-05,,,,,27,,0.14256750552165381,,,PRUNED
261,261,33.333333333333336,2025-05-24 17:12:22.038075,2025-05-24 17:12:33.633155,0 days 00:00:11.595080,Adadelta,0.1130741409507598,0.6962576929316867,,,,,,24,20.078342744311787,,,,PRUNED
262,262,35.416666666666664,2025-05-24 17:12:34.474840,2025-05-24 17:12:43.752239,0 days 00:00:09.277399,Adam,0.19068603872259546,,1.798962766137247e-05,,,,,28,,0.2214601418611055,,,PRUNED
263,263,33.333333333333336,2025-05-24 17:12:43.784640,2025-05-24 17:12:52.360877,0 days 00:00:08.576237,Adam,0.17844170385386154,,2.27108803515707e-05,,,,,30,,0.02211147621686993,,,PRUNED
264,264,33.333333333333336,2025-05-24 17:12:53.155589,2025-05-24 17:13:04.539940,0 days 00:00:11.384351,AdamW,0.3358682196474252,,,0.03794771202792375,,,,20,,,0.0065102870170480305,,PRUNED
265,265,68.75,2025-05-24 17:13:05.377273,2025-05-24 17:13:22.284454,0 days 00:00:16.907181,Adam,0.21831937250222272,,9.972350862771328e-05,,,,,28,,0.03653906713128477,,,COMPLETE
266,266,37.5,2025-05-24 17:13:23.106052,2025-05-24 17:13:33.637462,0 days 00:00:10.531410,Adam,0.21563942597948588,,0.00012973908052008572,,,,,28,,0.04642415902326321,,,PRUNED
267,267,43.75,2025-05-24 17:13:34.209633,2025-05-24 17:13:42.828396,0 days 00:00:08.618763,Adam,0.19834554909410848,,8.567743856133761e-05,,,,,28,,0.038086500952943254,,,PRUNED
268,268,60.416666666666664,2025-05-24 17:13:42.861034,2025-05-24 17:13:53.832405,0 days 00:00:10.971371,Adam,0.1718741067655136,,0.00010095719482936277,,,,,27,,0.035592316075439674,,,COMPLETE
269,269,50.0,2025-05-24 17:13:53.879676,2025-05-24 17:14:02.942459,0 days 00:00:09.062783,Adam,0.16708320548336136,,0.00010280259335669349,,,,,26,,0.03516736828016437,,,PRUNED
270,270,70.83333333333333,2025-05-24 17:14:02.976914,2025-05-24 17:14:14.730292,0 days 00:00:11.753378,Adam,0.1819264275106262,,0.00014148216799222266,,,,,27,,0.026630380676319763,,,COMPLETE
271,271,35.416666666666664,2025-05-24 17:14:14.779907,2025-05-24 17:14:22.622816,0 days 00:00:07.842909,Adam,0.1740676527405309,,0.00013218844828963443,,,,,27,,0.026945804279489335,,,PRUNED
272,272,43.75,2025-05-24 17:14:22.657001,2025-05-24 17:14:29.833630,0 days 00:00:07.176629,Adam,0.15361083912779938,,0.00022176229150758776,,,,,27,,0.03041501372452882,,,PRUNED
273,273,41.666666666666664,2025-05-24 17:14:29.866123,2025-05-24 17:14:39.429099,0 days 00:00:09.562976,Adam,0.16584019909304482,,0.00010881773103385424,,,,,26,,0.045473744671416995,,,PRUNED
274,274,50.0,2025-05-24 17:14:39.463795,2025-05-24 17:14:49.953987,0 days 00:00:10.490192,Adam,0.1847126288298196,,9.449752164916562e-05,,,,,27,,0.02097356967653708,,,PRUNED
275,275,33.333333333333336,2025-05-24 17:14:50.926131,2025-05-24 17:15:00.954284,0 days 00:00:10.028153,Adam,0.1435899660657765,,0.004205175745904224,,,,,28,,0.025722199546278343,,,PRUNED
276,276,35.416666666666664,2025-05-24 17:15:00.986563,2025-05-24 17:15:09.761620,0 days 00:00:08.775057,Adam,0.1817784453811314,,0.00016520115735924311,,,,,29,,0.06335223168049976,,,PRUNED
277,277,43.75,2025-05-24 17:15:09.795170,2025-05-24 17:15:19.114793,0 days 00:00:09.319623,Adam,0.1671857065565337,,8.463335806952953e-05,,,,,26,,0.03421305245287119,,,PRUNED
278,278,35.416666666666664,2025-05-24 17:15:19.695819,2025-05-24 17:15:30.031053,0 days 00:00:10.335234,Adam,0.17489379307606773,,7.432212206372512e-05,,,,,15,,0.017717195072195706,,,PRUNED
279,279,47.916666666666664,2025-05-24 17:15:31.018927,2025-05-24 17:15:48.119445,0 days 00:00:17.100518,Adam,0.1881765972744536,,0.0001175349217828662,,,,,28,,0.05117284564341286,,,PRUNED
280,280,41.666666666666664,2025-05-24 17:15:48.961971,2025-05-24 17:16:00.259539,0 days 00:00:11.297568,AdamW,0.19572728177475562,,,8.963992417257408e-05,,,,27,,,0.0013209561510571257,,PRUNED
281,281,35.416666666666664,2025-05-24 17:16:00.293665,2025-05-24 17:16:06.645055,0 days 00:00:06.351390,Adam,0.20806489102670023,,5.9773276393733535e-05,,,,,29,,0.7832052922234553,,,PRUNED
282,282,50.0,2025-05-24 17:16:06.678527,2025-05-24 17:16:13.835148,0 days 00:00:07.156621,Adam,0.22546742175740356,,9.648983326976576e-05,,,,,26,,0.040041510378336836,,,PRUNED
283,283,45.833333333333336,2025-05-24 17:16:14.734703,2025-05-24 17:16:27.196158,0 days 00:00:12.461455,Adam,0.17328479113842266,,6.924722165691795e-05,,,,,25,,0.021102271114475015,,,PRUNED
284,284,43.75,2025-05-24 17:16:27.990460,2025-05-24 17:16:39.751630,0 days 00:00:11.761170,Adam,0.15898465329004638,,5.008453629028571e-05,,,,,28,,0.48394337189715814,,,PRUNED
285,285,47.916666666666664,2025-05-24 17:16:40.608495,2025-05-24 17:16:53.379707,0 days 00:00:12.771212,Adam,0.19337542431842655,,8.209496017821968e-05,,,,,29,,0.028245956792817734,,,PRUNED
286,286,,2025-05-24 17:16:54.174723,2025-05-24 17:17:05.755076,0 days 00:00:11.580353,SGD,0.18043824954960436,,,,0.0036541865819740386,18.754189407046752,False,27,,,,0.0466563028605814,PRUNED
287,287,43.75,2025-05-24 17:17:06.384343,2025-05-24 17:17:17.975054,0 days 00:00:11.590711,Adam,0.20572568151579035,,0.00015058131150619554,,,,,24,,0.9783080488757508,,,PRUNED
288,288,33.333333333333336,2025-05-24 17:17:18.933383,2025-05-24 17:17:33.344550,0 days 00:00:14.411167,Adadelta,0.21457999145653928,25.28705553087824,,,,,,18,0.21615515401900057,,,,PRUNED
289,289,41.666666666666664,2025-05-24 17:17:34.250504,2025-05-24 17:17:45.979060,0 days 00:00:11.728556,Adam,0.18251903844655382,,3.746352904681432e-05,,,,,25,,0.03270653443479956,,,PRUNED
290,290,43.75,2025-05-24 17:17:46.824759,2025-05-24 17:17:58.515103,0 days 00:00:11.690344,Adam,0.1947108234454966,,6.191627932881235e-05,,,,,28,,0.015031152600811762,,,PRUNED
291,291,45.833333333333336,2025-05-24 17:17:59.309450,2025-05-24 17:18:12.095712,0 days 00:00:12.786262,Adam,0.2219222380663595,,4.6253596778532725e-05,,,,,26,,0.02294884464848482,,,PRUNED
292,292,43.75,2025-05-24 17:18:13.051359,2025-05-24 17:18:24.887619,0 days 00:00:11.836260,Adam,0.24593368572165014,,9.621767241673119e-05,,,,,27,,0.3870090339079955,,,PRUNED
293,293,33.333333333333336,2025-05-24 17:18:25.807505,2025-05-24 17:18:37.153619,0 days 00:00:11.346114,Adam,0.37610810746509216,,7.327581382483542e-05,,,,,19,,0.0400590389712581,,,PRUNED
294,294,41.666666666666664,2025-05-24 17:18:38.070706,2025-05-24 17:18:49.440215,0 days 00:00:11.369509,AdamW,0.1668377391768014,,,0.00030413717996557283,,,,29,,,0.0006182129029226032,,PRUNED
295,295,35.416666666666664,2025-05-24 17:18:51.140282,2025-05-24 17:19:02.538513,0 days 00:00:11.398231,Adam,0.20205557920121195,,5.560008668513268e-05,,,,,27,,0.6098986132725334,,,PRUNED
296,296,64.58333333333333,2025-05-24 17:19:03.385555,2025-05-24 17:19:21.252524,0 days 00:00:17.866969,Adam,0.18812413148332688,,0.00012467852793051463,,,,,28,,0.012581526499475781,,,COMPLETE
297,297,45.833333333333336,2025-05-24 17:19:21.301378,2025-05-24 17:19:28.701588,0 days 00:00:07.400210,Adam,0.18908559987053222,,0.00012145617393299665,,,,,28,,0.011285476041537304,,,PRUNED
298,298,35.416666666666664,2025-05-24 17:19:29.729884,2025-05-24 17:19:41.549086,0 days 00:00:11.819202,Adam,0.21140730276223804,,0.00018412853500806314,,,,,28,,0.012171076620344634,,,PRUNED
299,299,41.666666666666664,2025-05-24 17:19:42.436821,2025-05-24 17:19:53.963479,0 days 00:00:11.526658,Adam,0.19933039459702423,,0.00010320630072580632,,,,,29,,0.29022814670579244,,,PRUNED
300,300,47.916666666666664,2025-05-24 17:19:54.843853,2025-05-24 17:20:06.378137,0 days 00:00:11.534284,Adam,0.23266344166398914,,0.00014149008431478603,,,,,28,,0.014033281300076153,,,PRUNED
301,301,39.583333333333336,2025-05-24 17:20:06.551822,2025-05-24 17:20:14.553608,0 days 00:00:08.001786,Adam,0.35988266365764515,,8.742200821041273e-05,,,,,27,,0.0750646525874775,,,PRUNED
302,302,43.75,2025-05-24 17:20:14.586165,2025-05-24 17:20:23.738046,0 days 00:00:09.151881,Adam,0.19070624618511758,,0.00011663304375445074,,,,,29,,0.016854608710220056,,,PRUNED
303,303,41.666666666666664,2025-05-24 17:20:23.770867,2025-05-24 17:20:30.201011,0 days 00:00:06.430144,Adam,0.27369528102668017,,7.132108966140386e-05,,,,,20,,0.026665255709582128,,,PRUNED
304,304,50.0,2025-05-24 17:20:30.234978,2025-05-24 17:20:36.466556,0 days 00:00:06.231578,Adam,0.1785111105974987,,8.386214249489047e-05,,,,,30,,0.04846848171201177,,,PRUNED
305,305,47.916666666666664,2025-05-24 17:20:36.500213,2025-05-24 17:20:45.157058,0 days 00:00:08.656845,Adam,0.2059182822592923,,5.847021692170858e-05,,,,,26,,0.056467287724257714,,,PRUNED
306,306,35.416666666666664,2025-05-24 17:20:45.968717,2025-05-24 17:20:55.226169,0 days 00:00:09.257452,Adam,0.34566961017033027,,0.00010164955647050775,,,,,13,,0.5300213798035033,,,PRUNED
307,307,43.75,2025-05-24 17:20:55.258639,2025-05-24 17:21:02.002899,0 days 00:00:06.744260,Adam,0.29029316436157543,,0.0001353121944039965,,,,,21,,0.032956990287973366,,,PRUNED
308,308,31.25,2025-05-24 17:21:02.035614,2025-05-24 17:21:08.242560,0 days 00:00:06.206946,AdamW,0.4470456648278455,,,2.8115628862851154e-05,,,,28,,,0.00030499615720011575,,PRUNED
309,309,45.833333333333336,2025-05-24 17:21:08.275630,2025-05-24 17:21:16.885185,0 days 00:00:08.609555,Adam,0.2167346690232357,,6.942767051926186e-05,,,,,27,,0.4025950587621082,,,PRUNED
310,310,,2025-05-24 17:21:17.717624,2025-05-24 17:21:25.646547,0 days 00:00:07.928923,SGD,0.18449321465789975,,,,0.011967694495608496,40.714708661656914,True,26,,,,0.42238504395052323,PRUNED
311,311,31.25,2025-05-24 17:21:25.680168,2025-05-24 17:21:32.336208,0 days 00:00:06.656040,Adam,0.19203658547680433,,4.995707349183625e-05,,,,,29,,0.013175086689308769,,,PRUNED
312,312,45.833333333333336,2025-05-24 17:21:32.369119,2025-05-24 17:21:39.488580,0 days 00:00:07.119461,Adam,0.241453657290031,,7.990083799686305e-05,,,,,28,,0.039528471469621705,,,PRUNED
313,313,33.333333333333336,2025-05-24 17:21:39.522091,2025-05-24 17:21:48.468064,0 days 00:00:08.945973,Adadelta,0.20266584993261347,3.560851093646771,,,,,,17,0.03513620818320971,,,,PRUNED
314,314,58.333333333333336,2025-05-24 17:21:49.238169,2025-05-24 17:22:07.823638,0 days 00:00:18.585469,Adam,0.3261548922920382,,6.215290248778917e-05,,,,,27,,0.10374606248166372,,,COMPLETE
315,315,39.583333333333336,2025-05-24 17:22:08.884342,2025-05-24 17:22:22.069633,0 days 00:00:13.185291,Adam,0.22541566164678395,,9.819426190685939e-05,,,,,27,,2.4636354598340366,,,PRUNED
316,316,43.75,2025-05-24 17:22:22.973530,2025-05-24 17:22:34.690861,0 days 00:00:11.717331,Adam,0.17820006712797604,,4.8598618977218315e-05,,,,,28,,0.018058408365852627,,,PRUNED
317,317,45.833333333333336,2025-05-24 17:22:35.481581,2025-05-24 17:22:47.553036,0 days 00:00:12.071455,Adam,0.19639555638408687,,4.209347159725277e-05,,,,,31,,0.010713451170626909,,,PRUNED
318,318,37.5,2025-05-24 17:22:48.417030,2025-05-24 17:23:00.593249,0 days 00:00:12.176219,Adam,0.4271903472786488,,6.6264498298561e-05,,,,,25,,0.023491640362519276,,,PRUNED
319,319,41.666666666666664,2025-05-24 17:23:01.429613,2025-05-24 17:23:16.534958,0 days 00:00:15.105345,Adam,0.17427115141179816,,0.00011857523837024831,,,,,26,,0.030715888624684294,,,PRUNED
320,320,33.333333333333336,2025-05-24 17:23:16.572181,2025-05-24 17:23:22.993388,0 days 00:00:06.421207,Adam,0.1618629215958952,,8.0119070370834e-05,,,,,30,,0.016208232121885987,,,PRUNED
321,321,45.833333333333336,2025-05-24 17:23:23.029404,2025-05-24 17:23:32.401384,0 days 00:00:09.371980,AdamW,0.212841246808095,,,0.006160625938950212,,,,29,,,0.001051871176073994,,PRUNED
322,322,47.916666666666664,2025-05-24 17:23:32.437440,2025-05-24 17:23:44.478208,0 days 00:00:12.040768,Adam,0.18739644943173414,,5.632796911166738e-05,,,,,19,,0.026014860210936006,,,COMPLETE
323,323,60.416666666666664,2025-05-24 17:23:45.409547,2025-05-24 17:24:01.492178,0 days 00:00:16.082631,Adam,0.2547035386977909,,0.00029515889334424646,,,,,28,,0.3261190801234389,,,COMPLETE
324,324,39.583333333333336,2025-05-24 17:24:01.543865,2025-05-24 17:24:10.271230,0 days 00:00:08.727365,Adam,0.26510535428915816,,0.000397751007368083,,,,,28,,0.32607137225077754,,,PRUNED
325,325,52.083333333333336,2025-05-24 17:24:10.303701,2025-05-24 17:24:25.812696,0 days 00:00:15.508995,Adam,0.3895937360963444,,0.00016283555448140869,,,,,29,,0.27574422177967545,,,COMPLETE
326,326,33.333333333333336,2025-05-24 17:24:25.865067,2025-05-24 17:24:39.029604,0 days 00:00:13.164537,Adam,0.3447994036167016,,0.0005634285990693268,,,,,28,,0.40817893756893664,,,PRUNED
327,327,39.583333333333336,2025-05-24 17:24:39.899413,2025-05-24 17:24:53.852966,0 days 00:00:13.953553,Adam,0.2529176671220687,,9.467798424890594e-05,,,,,27,,0.4905749328336869,,,PRUNED
328,328,43.75,2025-05-24 17:24:54.715498,2025-05-24 17:25:08.755392,0 days 00:00:14.039894,Adam,0.2806523617451654,,0.00011921728529605614,,,,,27,,0.3356206274013107,,,PRUNED
329,329,43.75,2025-05-24 17:25:09.579450,2025-05-24 17:25:23.403927,0 days 00:00:13.824477,Adam,0.3088255930212158,,0.0002657835968381879,,,,,29,,0.22102973480268565,,,PRUNED
330,330,50.0,2025-05-24 17:25:24.195795,2025-05-24 17:25:39.981853,0 days 00:00:15.786058,Adam,0.23558486241862334,,0.00019158393594172085,,,,,28,,0.038828755311408454,,,PRUNED
331,331,37.5,2025-05-24 17:25:40.842759,2025-05-24 17:25:54.686682,0 days 00:00:13.843923,Adam,0.33234175763762275,,0.00014898989896295833,,,,,26,,0.010035798013601362,,,PRUNED
332,332,47.916666666666664,2025-05-24 17:25:55.488394,2025-05-24 17:26:08.251478,0 days 00:00:12.763084,Adam,0.3005004081152599,,8.051639187958446e-05,,,,,28,,0.06604636123354558,,,PRUNED
333,333,29.166666666666668,2025-05-24 17:26:09.055703,2025-05-24 17:26:22.621222,0 days 00:00:13.565519,Adam,0.2244905259213306,,6.861456391585827e-05,,,,,29,,0.6398790044703624,,,PRUNED
334,334,37.5,2025-05-24 17:26:22.655708,2025-05-24 17:26:33.443085,0 days 00:00:10.787377,AdamW,0.15162267628268797,,,0.00020419989515682186,,,,27,,,0.0005349051208277429,,PRUNED
335,335,,2025-05-24 17:26:33.478099,2025-05-24 17:26:42.856508,0 days 00:00:09.378409,SGD,0.3653525365428889,,,,0.0009871407759982436,16.652097536762447,False,27,,,,18.881549624147738,PRUNED
336,336,43.75,2025-05-24 17:26:42.894241,2025-05-24 17:26:55.857339,0 days 00:00:12.963098,Adam,0.31658458477476487,,9.426822775470366e-05,,,,,30,,0.36075952212321033,,,PRUNED
337,337,41.666666666666664,2025-05-24 17:26:56.699883,2025-05-24 17:27:08.575045,0 days 00:00:11.875162,Adam,0.20474076258737037,,5.595723082350137e-05,,,,,16,,0.04446279467027651,,,PRUNED
338,338,37.5,2025-05-24 17:27:09.478783,2025-05-24 17:27:21.231261,0 days 00:00:11.752478,Adam,0.2564282225482003,,0.00034084073176329815,,,,,28,,1.3764993687435028,,,PRUNED
339,339,35.416666666666664,2025-05-24 17:27:22.079282,2025-05-24 17:27:34.368688,0 days 00:00:12.289406,Adadelta,0.21968109087889484,0.06758776253185088,,,,,,28,1.7262743434747125,,,,PRUNED
340,340,39.583333333333336,2025-05-24 17:27:36.604065,2025-05-24 17:27:48.159113,0 days 00:00:11.555048,Adam,0.24299300932711793,,0.04938477759415579,,,,,29,,0.03106681762500835,,,PRUNED
341,341,47.916666666666664,2025-05-24 17:27:49.016492,2025-05-24 17:27:59.482816,0 days 00:00:10.466324,Adam,0.17308262106147412,,0.0001324257528997258,,,,,26,,0.1863746993035846,,,PRUNED
342,342,39.583333333333336,2025-05-24 17:28:00.357052,2025-05-24 17:28:11.908608,0 days 00:00:11.551556,Adam,0.17886195824078774,,0.00010553703382219937,,,,,17,,0.4900334701155121,,,PRUNED
343,343,33.333333333333336,2025-05-24 17:28:12.704833,2025-05-24 17:28:24.089842,0 days 00:00:11.385009,Adam,0.15717564981238008,,0.00021373082465034923,,,,,21,,0.05521212198235228,,,PRUNED
344,344,39.583333333333336,2025-05-24 17:28:24.896649,2025-05-24 17:28:34.064104,0 days 00:00:09.167455,Adam,0.18952905293871808,,6.757607771069859e-05,,,,,28,,0.035288824640403595,,,PRUNED
345,345,56.25,2025-05-24 17:28:34.097059,2025-05-24 17:28:48.874708,0 days 00:00:14.777649,Adam,0.2096394123070604,,7.917432221832723e-05,,,,,18,,0.30570985293398034,,,COMPLETE
346,346,39.583333333333336,2025-05-24 17:28:48.923394,2025-05-24 17:28:56.649560,0 days 00:00:07.726166,Adam,0.2898345001919785,,4.875980851033964e-05,,,,,30,,0.7265203556225436,,,PRUNED
347,347,35.416666666666664,2025-05-24 17:28:56.687098,2025-05-24 17:29:08.981479,0 days 00:00:12.294381,Adam,0.35180718774578296,,6.149397834675509e-05,,,,,26,,0.021806486594341843,,,PRUNED
348,348,35.416666666666664,2025-05-24 17:29:09.017600,2025-05-24 17:29:22.784746,0 days 00:00:13.767146,AdamW,0.2003054934040611,,,8.794266845057769e-05,,,,27,,,0.007214714995639389,,PRUNED
349,349,39.583333333333336,2025-05-24 17:29:22.820916,2025-05-24 17:29:36.091267,0 days 00:00:13.270351,Adam,0.23311860331588374,,8.522719501758708e-05,,,,,25,,0.24631815817551903,,,PRUNED
350,350,43.75,2025-05-24 17:29:36.127992,2025-05-24 17:29:49.954668,0 days 00:00:13.826676,Adam,0.3247506058404219,,0.00010442178422509028,,,,,29,,0.013207592441838322,,,PRUNED
351,351,43.75,2025-05-24 17:29:49.990864,2025-05-24 17:30:05.153577,0 days 00:00:15.162713,Adam,0.1855108716563149,,7.338800775745612e-05,,,,,27,,0.025664346686745304,,,PRUNED
352,352,62.5,2025-05-24 17:30:06.109679,2025-05-24 17:30:30.524983,0 days 00:00:24.415304,Adam,0.17322941624671603,,4.275646883508223e-05,,,,,20,,0.03450949810438366,,,COMPLETE
353,353,45.833333333333336,2025-05-24 17:30:31.530371,2025-05-24 17:30:48.710968,0 days 00:00:17.180597,Adam,0.16109145970373484,,4.289460397958076e-05,,,,,20,,0.12166602299033645,,,PRUNED
354,354,33.333333333333336,2025-05-24 17:30:49.554630,2025-05-24 17:31:06.110821,0 days 00:00:16.556191,Adam,0.16795432523953105,,0.0010853567886801362,,,,,20,,0.04022554648726573,,,PRUNED
355,355,35.416666666666664,2025-05-24 17:31:07.176725,2025-05-24 17:31:20.167125,0 days 00:00:12.990400,Adam,0.1381000997390279,,0.00012542847655920217,,,,,19,,0.42475705920595125,,,PRUNED
356,356,41.666666666666664,2025-05-24 17:31:20.203824,2025-05-24 17:31:33.446914,0 days 00:00:13.243090,Adam,0.33746394862846746,,4.226272512008839e-05,,,,,21,,0.05059379993426143,,,PRUNED
357,357,37.5,2025-05-24 17:31:33.483314,2025-05-24 17:31:47.056843,0 days 00:00:13.573529,Adam,0.1785581344466554,,5.4147462357426774e-05,,,,,20,,0.014206072359570944,,,PRUNED
358,358,33.333333333333336,2025-05-24 17:31:47.095229,2025-05-24 17:31:59.626125,0 days 00:00:12.530896,Adam,0.14593200684763677,,9.451646051392901e-05,,,,,19,,0.028113656548186827,,,PRUNED
359,359,,2025-05-24 17:31:59.665864,2025-05-24 17:32:10.214116,0 days 00:00:10.548252,SGD,0.1692382388868383,,,,8.26802755955053e-05,60.7574278992072,True,30,,,,4.05008502496226,PRUNED
360,360,43.75,2025-05-24 17:32:10.247725,2025-05-24 17:32:18.273201,0 days 00:00:08.025476,Adam,0.2979375690680666,,3.2712485174440575e-05,,,,,29,,0.586400453505236,,,PRUNED
361,361,45.833333333333336,2025-05-24 17:32:18.306512,2025-05-24 17:32:31.959698,0 days 00:00:13.653186,Adam,0.1787809992159397,,6.494510742899042e-05,,,,,28,,0.020562894112504317,,,PRUNED
362,362,39.583333333333336,2025-05-24 17:32:31.996597,2025-05-24 17:32:41.533911,0 days 00:00:09.537314,Adam,0.24873154088217025,,0.00011223318733648243,,,,,19,,0.035898102948617394,,,PRUNED
363,363,39.583333333333336,2025-05-24 17:32:41.568476,2025-05-24 17:32:55.954968,0 days 00:00:14.386492,Adadelta,0.2187697035020964,0.010172966315734711,,,,,,29,0.3267680118718747,,,,PRUNED
364,364,41.666666666666664,2025-05-24 17:32:55.992195,2025-05-24 17:33:09.814380,0 days 00:00:13.822185,AdamW,0.15677273788919824,,,0.0009527913833416572,,,,21,,,0.0001539378379645692,,PRUNED
365,365,47.916666666666664,2025-05-24 17:33:09.851284,2025-05-24 17:33:25.692363,0 days 00:00:15.841079,Adam,0.27486141742287046,,0.00014816701996522237,,,,,18,,0.012075557776908526,,,PRUNED
366,366,41.666666666666664,2025-05-24 17:33:25.730625,2025-05-24 17:33:40.087100,0 days 00:00:14.356475,Adam,0.31481365857654603,,7.790950202968595e-05,,,,,25,,0.35495046845747324,,,PRUNED
367,367,33.333333333333336,2025-05-24 17:33:40.999860,2025-05-24 17:33:56.995042,0 days 00:00:15.995182,Adam,0.18717090005009415,,5.055906271274537e-05,,,,,31,,0.07817911609685003,,,PRUNED
368,368,39.583333333333336,2025-05-24 17:33:57.033539,2025-05-24 17:34:10.188164,0 days 00:00:13.154625,Adam,0.2326140005950368,,8.546938472796997e-05,,,,,28,,0.044769679673655575,,,PRUNED
369,369,50.0,2025-05-24 17:34:10.225496,2025-05-24 17:34:22.979936,0 days 00:00:12.754440,Adam,0.4160198000458987,,6.288434531170398e-05,,,,,26,,0.02950350080856271,,,PRUNED
370,370,39.583333333333336,2025-05-24 17:34:24.057197,2025-05-24 17:34:37.950142,0 days 00:00:13.892945,Adam,0.19969526651342234,,0.0028730761389865645,,,,,22,,0.2775076371249229,,,PRUNED
371,371,45.833333333333336,2025-05-24 17:34:39.154911,2025-05-24 17:34:54.695435,0 days 00:00:15.540524,Adam,0.35731621274590547,,4.3050353790166084e-05,,,,,23,,0.017514411491640253,,,PRUNED
372,372,33.333333333333336,2025-05-24 17:34:55.602230,2025-05-24 17:35:13.805882,0 days 00:00:18.203652,Adam,0.1702312421987219,,0.00010946651682029622,,,,,14,,0.02185678989338719,,,PRUNED
373,373,60.416666666666664,2025-05-24 17:35:14.722603,2025-05-24 17:35:39.557263,0 days 00:00:24.834660,Adam,0.21282092536119185,,7.167890288546404e-05,,,,,18,,0.44636456355995996,,,COMPLETE
374,374,39.583333333333336,2025-05-24 17:35:40.425024,2025-05-24 17:35:54.084604,0 days 00:00:13.659580,Adam,0.21482562393112592,,5.612704718568209e-05,,,,,18,,0.15964037960668248,,,PRUNED
375,375,41.666666666666664,2025-05-24 17:35:54.117714,2025-05-24 17:36:03.227986,0 days 00:00:09.110272,Adam,0.22188714982695196,,7.23429013473474e-05,,,,,19,,0.01569923955550743,,,PRUNED
376,376,33.333333333333336,2025-05-24 17:36:03.264761,2025-05-24 17:36:16.775651,0 days 00:00:13.510890,AdamW,0.20801411551540916,,,0.003934234525501591,,,,18,,,0.0004018250696844273,,PRUNED
377,377,43.75,2025-05-24 17:36:16.809641,2025-05-24 17:36:26.085654,0 days 00:00:09.276013,Adam,0.24038091784527332,,4.875424039270993e-05,,,,,20,,0.08801387814579185,,,PRUNED
378,378,33.333333333333336,2025-05-24 17:36:26.125611,2025-05-24 17:36:41.459750,0 days 00:00:15.334139,Adam,0.23048027001099758,,3.676628640355931e-05,,,,,17,,0.010029156169125888,,,PRUNED
379,379,37.5,2025-05-24 17:36:41.497806,2025-05-24 17:36:55.846937,0 days 00:00:14.349131,Adam,0.20689025754848153,,6.538739119689717e-05,,,,,18,,0.06170963802257947,,,PRUNED
380,380,50.0,2025-05-24 17:36:55.883481,2025-05-24 17:37:13.079784,0 days 00:00:17.196303,Adam,0.1991762659035665,,8.928222069059076e-05,,,,,24,,0.512584997595646,,,PRUNED
381,381,35.416666666666664,2025-05-24 17:37:13.116999,2025-05-24 17:37:26.778312,0 days 00:00:13.661313,Adam,0.22074310412389134,,5.795736877454679e-05,,,,,27,,0.0345747647057278,,,PRUNED
382,382,33.333333333333336,2025-05-24 17:37:26.815232,2025-05-24 17:37:39.143488,0 days 00:00:12.328256,Adam,0.373949902391617,,7.362470454320608e-05,,,,,21,,0.025455180502965403,,,PRUNED
383,383,47.916666666666664,2025-05-24 17:37:39.970096,2025-05-24 17:37:53.872162,0 days 00:00:13.902066,Adam,0.3405761208639722,,4.6897103972669e-05,,,,,25,,0.04214363237539769,,,PRUNED
384,384,,2025-05-24 17:37:53.909964,2025-05-24 17:38:06.616481,0 days 00:00:12.706517,SGD,0.19190756834198155,,,,0.0003137622740098848,83.80887528641333,True,28,,,,1.1692125536582376,PRUNED
385,385,47.916666666666664,2025-05-24 17:38:06.652382,2025-05-24 17:38:25.887077,0 days 00:00:19.234695,Adam,0.30490032853957305,,8.800146936418982e-05,,,,,11,,0.9633574815174059,,,PRUNED
386,386,47.916666666666664,2025-05-24 17:38:25.924389,2025-05-24 17:38:40.776621,0 days 00:00:14.852232,Adam,0.20909029963562994,,6.191114675369734e-05,,,,,27,,0.015021154053067875,,,PRUNED
387,387,33.333333333333336,2025-05-24 17:38:40.813331,2025-05-24 17:38:55.658689,0 days 00:00:14.845358,Adadelta,0.3232003555730114,1.4333109711856153,,,,,,26,13.305414914356698,,,,PRUNED
388,388,35.416666666666664,2025-05-24 17:38:55.695041,2025-05-24 17:39:08.926895,0 days 00:00:13.231854,Adam,0.18895218867368702,,0.0001349675172077832,,,,,24,,0.012371314340027549,,,PRUNED
389,389,50.0,2025-05-24 17:39:08.966106,2025-05-24 17:39:22.670429,0 days 00:00:13.704323,Adam,0.25766581415077583,,7.644613468158964e-05,,,,,28,,0.05194602904570881,,,PRUNED
390,390,33.333333333333336,2025-05-24 17:39:22.707074,2025-05-24 17:39:31.621976,0 days 00:00:08.914902,Adam,0.22859093953664988,,3.0130607907466808e-05,,,,,16,,0.44649751725055653,,,PRUNED
391,391,33.333333333333336,2025-05-24 17:39:31.662023,2025-05-24 17:39:45.209092,0 days 00:00:13.547069,AdamW,0.4038436966414814,,,0.04625746314347633,,,,26,,,0.004635266262233972,,PRUNED
392,392,45.833333333333336,2025-05-24 17:39:46.008622,2025-05-24 17:39:57.139629,0 days 00:00:11.131007,Adam,0.18295058280985427,,3.954270631925606e-05,,,,,20,,0.03265472745236651,,,PRUNED
393,393,45.833333333333336,2025-05-24 17:39:57.990878,2025-05-24 17:40:14.764670,0 days 00:00:16.773792,Adam,0.2151494978970448,,5.1546188723230075e-05,,,,,27,,0.02153422424535518,,,PRUNED
394,394,58.333333333333336,2025-05-24 17:40:15.600600,2025-05-24 17:40:37.886319,0 days 00:00:22.285719,Adam,0.4632133157567189,,9.736097265571783e-05,,,,,25,,0.36244226504012556,,,COMPLETE
395,395,54.166666666666664,2025-05-24 17:40:37.940972,2025-05-24 17:40:58.711073,0 days 00:00:20.770101,Adam,0.1974110281647327,,6.67360450583159e-05,,,,,19,,0.027021951451541962,,,COMPLETE
396,396,45.833333333333336,2025-05-24 17:40:58.765704,2025-05-24 17:41:13.748569,0 days 00:00:14.982865,Adam,0.20563500266496026,,8.065579337082067e-05,,,,,28,,0.01877606041104194,,,PRUNED
397,397,50.0,2025-05-24 17:41:14.734545,2025-05-24 17:41:28.350191,0 days 00:00:13.615646,Adam,0.1868369906956075,,0.00011075273128197398,,,,,28,,0.22990031816578455,,,PRUNED
398,398,35.416666666666664,2025-05-24 17:41:28.388917,2025-05-24 17:41:42.093768,0 days 00:00:13.704851,Adam,0.17711852104669298,,0.00017143550001542528,,,,,29,,0.03562387907027024,,,PRUNED
399,399,33.333333333333336,2025-05-24 17:41:43.135047,2025-05-24 17:41:57.208958,0 days 00:00:14.073911,Adam,0.34963557520152283,,5.3411816138837936e-05,,,,,27,,0.6996660435406564,,,PRUNED
400,400,33.333333333333336,2025-05-24 17:41:57.247464,2025-05-24 17:42:11.716378,0 days 00:00:14.468914,Adam,0.27060359634035863,,4.524176313417053e-05,,,,,7,,0.044346475483485276,,,PRUNED
401,401,29.166666666666668,2025-05-24 17:42:11.753452,2025-05-24 17:42:27.197645,0 days 00:00:15.444193,Adam,0.33078365606691706,,0.0002270245412803999,,,,,18,,0.012418417511214697,,,PRUNED
402,402,37.5,2025-05-24 17:42:28.138394,2025-05-24 17:42:44.399705,0 days 00:00:16.261311,AdamW,0.22498987488917338,,,1.8804996790558248e-05,,,,27,,,0.0019059944581704047,,PRUNED
403,403,43.75,2025-05-24 17:42:44.437067,2025-05-24 17:42:58.078774,0 days 00:00:13.641707,Adam,0.24296266734108837,,6.249854974632978e-05,,,,,15,,0.2920364339716617,,,PRUNED
404,404,33.333333333333336,2025-05-24 17:42:58.924814,2025-05-24 17:43:06.692883,0 days 00:00:07.768069,Adam,0.19218575635425095,,9.29542295024477e-05,,,,,19,,0.5538910023265711,,,PRUNED
405,405,50.0,2025-05-24 17:43:06.726493,2025-05-24 17:43:15.912626,0 days 00:00:09.186133,Adam,0.21059293591709546,,0.00012530317815890194,,,,,23,,0.023787781979118853,,,PRUNED
406,406,47.916666666666664,2025-05-24 17:43:15.946896,2025-05-24 17:43:27.077966,0 days 00:00:11.131070,Adam,0.3106515572547334,,7.300798128375973e-05,,,,,26,,4.766165059327217,,,PRUNED
407,407,50.0,2025-05-24 17:43:27.110949,2025-05-24 17:43:35.213529,0 days 00:00:08.102580,Adam,0.29003537252149103,,4.299856813988358e-05,,,,,30,,0.030090313918490243,,,PRUNED
408,408,33.333333333333336,2025-05-24 17:43:35.258809,2025-05-24 17:43:50.239435,0 days 00:00:14.980626,Adam,0.1994318647231971,,3.53725157822548e-05,,,,,17,,0.014655628264819491,,,PRUNED
409,409,37.5,2025-05-24 17:43:50.278840,2025-05-24 17:44:05.052150,0 days 00:00:14.773310,Adam,0.16465607193561663,,0.0003054071921264419,,,,,28,,0.19085086012088776,,,PRUNED
410,410,,2025-05-24 17:44:05.946843,2025-05-24 17:44:18.943541,0 days 00:00:12.996698,SGD,0.2175626511560212,,,,0.005853265339432078,9.514210845517056,False,22,,,,32.688096509064586,PRUNED
411,411,45.833333333333336,2025-05-24 17:44:18.982167,2025-05-24 17:44:34.221215,0 days 00:00:15.239048,Adam,0.18122149646401647,,5.696952730543745e-05,,,,,25,,0.40262657706984817,,,PRUNED
412,412,31.25,2025-05-24 17:44:35.097778,2025-05-24 17:44:51.862797,0 days 00:00:16.765019,Adam,0.19604223969373596,,8.532352060486649e-05,,,,,24,,0.01882581630220246,,,PRUNED
413,413,47.916666666666664,2025-05-24 17:44:51.900566,2025-05-24 17:45:06.722596,0 days 00:00:14.822030,Adam,0.2343501493907021,,0.00011262666161917073,,,,,29,,0.03870093725014666,,,PRUNED
414,414,33.333333333333336,2025-05-24 17:45:07.672473,2025-05-24 17:45:22.540770,0 days 00:00:14.868297,Adadelta,0.1744732988228239,28.875859174190445,,,,,,28,0.03169444607731528,,,,PRUNED
415,415,33.333333333333336,2025-05-24 17:45:23.691078,2025-05-24 17:45:36.905357,0 days 00:00:13.214279,Adam,0.36428091323261097,,0.0004831959404432884,,,,,27,,0.06784211194225266,,,PRUNED
416,416,41.666666666666664,2025-05-24 17:45:36.943234,2025-05-24 17:45:52.258358,0 days 00:00:15.315124,Adam,0.25207423542969376,,6.655561436542193e-05,,,,,29,,0.02776445009327065,,,PRUNED
417,417,33.333333333333336,2025-05-24 17:45:53.358764,2025-05-24 17:46:10.359780,0 days 00:00:17.001016,AdamW,0.3395332702408739,,,0.00036734805987132267,,,,26,,,0.003818916657781916,,PRUNED
418,418,33.333333333333336,2025-05-24 17:46:11.208672,2025-05-24 17:46:25.303672,0 days 00:00:14.095000,Adam,0.37997432633991424,,0.01120956990078064,,,,,25,,0.049663485861499705,,,PRUNED
419,419,31.25,2025-05-24 17:46:25.859408,2025-05-24 17:46:39.214124,0 days 00:00:13.354716,Adam,0.21365197896568194,,0.00014406426038754874,,,,,20,,0.023907406228190133,,,PRUNED
420,420,45.833333333333336,2025-05-24 17:46:39.247463,2025-05-24 17:46:48.870638,0 days 00:00:09.623175,Adam,0.3189474230139156,,7.505527499549501e-05,,,,,27,,0.0974308111850675,,,PRUNED
421,421,33.333333333333336,2025-05-24 17:46:48.908414,2025-05-24 17:47:00.796381,0 days 00:00:11.887967,Adam,0.20442876506215635,,2.6338134396898952e-05,,,,,28,,0.13721884013565117,,,PRUNED
422,422,43.75,2025-05-24 17:47:00.833338,2025-05-24 17:47:13.707850,0 days 00:00:12.874512,Adam,0.16089773029645718,,9.97917484671399e-05,,,,,29,,0.3286710509737288,,,PRUNED
423,423,43.75,2025-05-24 17:47:14.684432,2025-05-24 17:47:32.410232,0 days 00:00:17.725800,Adam,0.1860225740134312,,5.171614212536862e-05,,,,,27,,0.011469628669760893,,,PRUNED
424,424,47.916666666666664,2025-05-24 17:47:33.271159,2025-05-24 17:47:50.252646,0 days 00:00:16.981487,Adam,0.222574338864931,,6.106910199666577e-05,,,,,24,,0.016948714970889834,,,PRUNED
425,425,33.333333333333336,2025-05-24 17:47:51.158421,2025-05-24 17:48:09.256812,0 days 00:00:18.098391,Adam,0.19571014081093369,,0.0008258254393486437,,,,,30,,0.03325918877088955,,,PRUNED
426,426,33.333333333333336,2025-05-24 17:48:10.131237,2025-05-24 17:48:26.881918,0 days 00:00:16.750681,Adam,0.17253151496047509,,7.894249231908931e-05,,,,,17,,0.48450562285637416,,,PRUNED
427,427,43.75,2025-05-24 17:48:27.797271,2025-05-24 17:48:45.732226,0 days 00:00:17.934955,Adam,0.33177677813294754,,3.8322087155638626e-05,,,,,28,,0.056825664197352826,,,PRUNED
428,428,37.5,2025-05-24 17:48:46.618070,2025-05-24 17:49:04.265911,0 days 00:00:17.647841,Adam,0.29888819929401383,,0.0001704062232135118,,,,,23,,0.021093003208215652,,,PRUNED
429,429,39.583333333333336,2025-05-24 17:49:05.215130,2025-05-24 17:49:22.788859,0 days 00:00:17.573729,Adam,0.24289047171875933,,9.565754980326747e-05,,,,,28,,0.04292775333404377,,,PRUNED
430,430,33.333333333333336,2025-05-24 17:49:23.717017,2025-05-24 17:49:41.110732,0 days 00:00:17.393715,AdamW,0.2069615403628289,,,0.015485003854334073,,,,26,,,0.002449301118084507,,PRUNED
431,431,45.833333333333336,2025-05-24 17:49:42.022836,2025-05-24 17:49:59.458758,0 days 00:00:17.435922,Adam,0.18600475224066534,,4.8569047835201934e-05,,,,,25,,0.01551850013561157,,,PRUNED
432,432,47.916666666666664,2025-05-24 17:50:00.363680,2025-05-24 17:50:11.241211,0 days 00:00:10.877531,Adam,0.22960944170966932,,6.535949403238654e-05,,,,,18,,0.010035654713986642,,,PRUNED
433,433,64.58333333333333,2025-05-24 17:50:12.095197,2025-05-24 17:50:32.825536,0 days 00:00:20.730339,Adam,0.20090139787804626,,0.00012436156871605314,,,,,29,,0.25212376629372224,,,COMPLETE
434,434,,2025-05-24 17:50:33.669122,2025-05-24 17:50:44.073808,0 days 00:00:10.404686,SGD,0.3534480744506713,,,,0.0323599920742229,33.48743395746851,False,30,,,,0.11242842641010536,PRUNED
435,435,43.75,2025-05-24 17:50:44.108640,2025-05-24 17:50:57.843534,0 days 00:00:13.734894,Adam,0.348036356442061,,0.0001281850791117374,,,,,31,,0.23975123201776977,,,PRUNED
436,436,33.333333333333336,2025-05-24 17:50:57.880544,2025-05-24 17:51:12.060271,0 days 00:00:14.179727,Adadelta,0.1982190422230944,0.453653075071968,,,,,,29,0.08199359921149213,,,,PRUNED
437,437,50.0,2025-05-24 17:51:12.867284,2025-05-24 17:51:30.595316,0 days 00:00:17.728032,Adam,0.20902102331789094,,0.00015890760490742828,,,,,30,,0.27534488421741216,,,PRUNED
438,438,43.75,2025-05-24 17:51:31.650882,2025-05-24 17:51:46.465612,0 days 00:00:14.814730,Adam,0.189784798970099,,3.28912527174796e-05,,,,,29,,0.32991082837781893,,,PRUNED
439,439,45.833333333333336,2025-05-24 17:51:46.503069,2025-05-24 17:51:58.619692,0 days 00:00:12.116623,Adam,0.1826665564875287,,0.00018732483899480174,,,,,21,,0.3875802553191115,,,PRUNED
440,440,52.083333333333336,2025-05-24 17:51:58.656891,2025-05-24 17:52:18.987293,0 days 00:00:20.330402,Adam,0.21402239204566104,,5.203358815843667e-05,,,,,29,,0.1870703156293596,,,COMPLETE
441,441,54.166666666666664,2025-05-24 17:52:19.796584,2025-05-24 17:52:44.176141,0 days 00:00:24.379557,Adam,0.20200608489344385,,0.00011020808969799705,,,,,28,,0.1545024775329756,,,COMPLETE
442,442,35.416666666666664,2025-05-24 17:52:45.197099,2025-05-24 17:53:03.430751,0 days 00:00:18.233652,Adam,0.35806932754402915,,4.267097929129204e-05,,,,,29,,29.69006028766857,,,PRUNED
443,443,39.583333333333336,2025-05-24 17:53:04.304718,2025-05-24 17:53:21.548806,0 days 00:00:17.244088,Adam,0.15280428965447584,,7.855322533950989e-05,,,,,22,,0.25178298109699576,,,PRUNED
444,444,33.333333333333336,2025-05-24 17:53:22.399063,2025-05-24 17:53:42.041583,0 days 00:00:19.642520,AdamW,0.17737423113551262,,,0.0032367587462053993,,,,19,,,0.00991086967720365,,PRUNED
445,445,33.333333333333336,2025-05-24 17:53:42.920533,2025-05-24 17:53:49.765874,0 days 00:00:06.845341,Adam,0.19606886614452584,,0.08862686174615657,,,,,28,,0.20640251484914746,,,PRUNED
446,446,45.833333333333336,2025-05-24 17:53:49.793873,2025-05-24 17:53:54.214345,0 days 00:00:04.420472,Adam,0.22322156494910714,,6.136168443819538e-05,,,,,30,,0.2931992237040469,,,PRUNED
447,447,45.833333333333336,2025-05-24 17:53:54.253359,2025-05-24 17:54:05.614798,0 days 00:00:11.361439,Adam,0.1655988574903739,,8.629000922357422e-05,,,,,29,,0.43361125379667737,,,PRUNED
448,448,33.333333333333336,2025-05-24 17:54:05.641324,2025-05-24 17:54:09.602088,0 days 00:00:03.960764,Adam,0.21420522750066556,,0.00012411021195856613,,,,,18,,0.013317759753248741,,,PRUNED
449,449,39.583333333333336,2025-05-24 17:54:09.639397,2025-05-24 17:54:13.730822,0 days 00:00:04.091425,Adam,0.33997603003173854,,5.8349358472844284e-05,,,,,28,,0.027522547573294625,,,PRUNED
450,450,45.833333333333336,2025-05-24 17:54:13.758567,2025-05-24 17:54:21.162009,0 days 00:00:07.403442,Adam,0.23581211946635486,,7.042586948818832e-05,,,,,20,,0.563315364298656,,,PRUNED
451,451,33.333333333333336,2025-05-24 17:54:21.988521,2025-05-24 17:54:38.694811,0 days 00:00:16.706290,Adam,0.19242234101421088,,0.0001040356311480494,,,,,29,,0.1105004632392067,,,PRUNED
452,452,58.333333333333336,2025-05-24 17:54:39.566954,2025-05-24 17:55:15.788252,0 days 00:00:36.221298,Adam,0.17667623067187085,,4.289449615999102e-05,,,,,28,,0.01846306589358759,,,COMPLETE
453,453,33.333333333333336,2025-05-24 17:55:16.733550,2025-05-24 17:55:34.042049,0 days 00:00:17.308499,Adam,0.26313317586383367,,0.00013869778355841655,,,,,24,,0.3716449015376506,,,PRUNED
454,454,56.25,2025-05-24 17:55:34.952997,2025-05-24 17:55:59.510881,0 days 00:00:24.557884,Adam,0.2018761267850669,,8.895405251300318e-05,,,,,27,,0.3363342901240944,,,COMPLETE
455,455,41.666666666666664,2025-05-24 17:56:00.406823,2025-05-24 17:56:19.128957,0 days 00:00:18.722134,Adam,0.2823210267413544,,5.344836715842594e-05,,,,,23,,0.023191815108034447,,,PRUNED
456,456,35.416666666666664,2025-05-24 17:56:19.224410,2025-05-24 17:56:34.567135,0 days 00:00:15.342725,AdamW,0.18444213869150955,,,0.001112714518672668,,,,30,,,0.0002563746349877048,,PRUNED
457,457,47.916666666666664,2025-05-24 17:56:35.630595,2025-05-24 17:56:50.282964,0 days 00:00:14.652369,Adam,0.3257032000734819,,7.400951863609017e-05,,,,,28,,0.029735897495201523,,,PRUNED
458,458,,2025-05-24 17:56:51.186015,2025-05-24 17:57:06.646604,0 days 00:00:15.460589,SGD,0.36918076900345737,,,,0.00048591980585713,47.604645215469276,True,27,,,,0.03231970759410164,PRUNED
459,459,54.166666666666664,2025-05-24 17:57:07.440397,2025-05-24 17:57:21.849076,0 days 00:00:14.408679,Adam,0.22611485294800376,,4.8681070631724174e-05,,,,,31,,0.01375268416283468,,,PRUNED
460,460,45.833333333333336,2025-05-24 17:57:22.550402,2025-05-24 17:57:30.159592,0 days 00:00:07.609190,Adam,0.16673515479207165,,3.459125049726154e-05,,,,,23,,0.252061343215552,,,PRUNED
461,461,50.0,2025-05-24 17:57:31.489069,2025-05-24 17:57:42.877562,0 days 00:00:11.388493,Adam,0.20522544857660133,,6.997193461474063e-05,,,,,16,,0.46131525537266205,,,PRUNED
462,462,37.5,2025-05-24 17:57:42.904450,2025-05-24 17:57:52.081120,0 days 00:00:09.176670,Adam,0.19148053609844168,,9.120545023633875e-05,,,,,20,,0.03526715859818885,,,PRUNED
463,463,33.333333333333336,2025-05-24 17:57:52.118900,2025-05-24 17:58:04.799567,0 days 00:00:12.680667,Adam,0.3452171151792943,,0.00021325586984902428,,,,,19,,0.02070929832980578,,,PRUNED
464,464,52.083333333333336,2025-05-24 17:58:04.836808,2025-05-24 17:58:22.707860,0 days 00:00:17.871052,Adam,0.21936782849420183,,5.998833694007402e-05,,,,,29,,0.01670769676616998,,,PRUNED
465,465,47.916666666666664,2025-05-24 17:58:22.746378,2025-05-24 17:58:34.857365,0 days 00:00:12.110987,Adam,0.17885135979422734,,0.00011439916227522451,,,,,28,,0.02558833804521711,,,PRUNED
466,466,43.75,2025-05-24 17:58:34.894767,2025-05-24 17:58:48.034620,0 days 00:00:13.139853,Adam,0.20476039737164065,,4.295775252321456e-05,,,,,27,,0.8434763438719136,,,PRUNED
467,467,33.333333333333336,2025-05-24 17:58:48.073383,2025-05-24 17:59:01.673158,0 days 00:00:13.599775,Adadelta,0.194185725752301,5.902961133301343,,,,,,29,84.99527203951907,,,,PRUNED
468,468,64.58333333333333,2025-05-24 17:59:01.710898,2025-05-24 17:59:19.529703,0 days 00:00:17.818805,Adam,0.24661024722680772,,8.188458423554927e-05,,,,,22,,0.012646385823498871,,,COMPLETE
469,469,50.0,2025-05-24 17:59:19.585038,2025-05-24 17:59:33.355039,0 days 00:00:13.770001,Adam,0.24415840066119948,,7.44504313327222e-05,,,,,22,,0.010966703366464374,,,PRUNED
470,470,60.416666666666664,2025-05-24 17:59:33.401264,2025-05-24 17:59:53.843629,0 days 00:00:20.442365,Adam,0.2564961859678435,,5.370289351588513e-05,,,,,23,,0.011852495780758794,,,COMPLETE
471,471,43.75,2025-05-24 17:59:53.898784,2025-05-24 18:00:06.051139,0 days 00:00:12.152355,Adam,0.2547835633855345,,5.5690646340929526e-05,,,,,23,,0.011749242013040728,,,PRUNED
472,472,33.333333333333336,2025-05-24 18:00:06.088570,2025-05-24 18:00:19.623471,0 days 00:00:13.534901,Adam,0.26634543524764526,,0.001559179320333773,,,,,22,,0.012864633915792786,,,PRUNED
473,473,58.333333333333336,2025-05-24 18:00:19.660885,2025-05-24 18:00:39.622806,0 days 00:00:19.961921,AdamW,0.25306953379811287,,,3.0772237735626835e-05,,,,23,,,0.00013293423264419617,,COMPLETE
474,474,35.416666666666664,2025-05-24 18:00:40.504488,2025-05-24 18:00:48.740725,0 days 00:00:08.236237,Adam,0.2704796590005513,,8.720516068275312e-05,,,,,23,,0.01461251376836087,,,PRUNED
475,475,52.083333333333336,2025-05-24 18:00:48.767750,2025-05-24 18:01:01.630361,0 days 00:00:12.862611,Adam,0.2557491419410383,,6.038913216797281e-05,,,,,24,,0.010844030766587283,,,COMPLETE
476,476,47.916666666666664,2025-05-24 18:01:01.681462,2025-05-24 18:01:09.626280,0 days 00:00:07.944818,Adam,0.24345763840897744,,0.00010685467276462488,,,,,22,,0.014590326039496343,,,PRUNED
477,477,39.583333333333336,2025-05-24 18:01:09.665793,2025-05-24 18:01:14.504224,0 days 00:00:04.838431,Adam,0.23548195707682829,,0.00014631252292390205,,,,,22,,0.010136638287099346,,,PRUNED
478,478,41.666666666666664,2025-05-24 18:01:14.532007,2025-05-24 18:01:20.978799,0 days 00:00:06.446792,Adam,0.24870737686800565,,4.805014964306112e-05,,,,,21,,0.01665650901407884,,,PRUNED
479,479,54.166666666666664,2025-05-24 18:01:21.016148,2025-05-24 18:01:39.083469,0 days 00:00:18.067321,Adam,0.28031777488734294,,3.812021507204589e-05,,,,,23,,0.013396147235607496,,,COMPLETE
480,480,47.916666666666664,2025-05-24 18:01:39.783804,2025-05-24 18:01:54.856543,0 days 00:00:15.072739,Adam,0.2350762422296122,,7.189714041435153e-05,,,,,24,,0.012379455708541888,,,PRUNED
481,481,39.583333333333336,2025-05-24 18:01:54.894257,2025-05-24 18:02:07.124693,0 days 00:00:12.230436,Adam,0.24450673513839088,,8.41605655654888e-05,,,,,22,,0.017540741959973814,,,PRUNED
482,482,33.333333333333336,2025-05-24 18:02:07.164366,2025-05-24 18:02:22.526960,0 days 00:00:15.362594,Adam,0.2586329028605054,,0.00025513551879184453,,,,,24,,0.015557838823683213,,,PRUNED
483,483,60.416666666666664,2025-05-24 18:02:22.567615,2025-05-24 18:02:45.723872,0 days 00:00:23.156257,Adam,0.22797378442557664,,6.472984141420445e-05,,,,,23,,0.020730368443898046,,,COMPLETE
484,484,,2025-05-24 18:02:46.686501,2025-05-24 18:02:59.979014,0 days 00:00:13.292513,SGD,0.26868865284037774,,,,0.0016390456677542668,99.85436684954014,True,24,,,,0.027528585249743644,PRUNED
485,485,47.916666666666664,2025-05-24 18:03:00.019200,2025-05-24 18:03:14.853578,0 days 00:00:14.834378,Adam,0.2203211716269815,,0.00012806629207063014,,,,,24,,0.011397167728101098,,,PRUNED
486,486,33.333333333333336,2025-05-24 18:03:15.914793,2025-05-24 18:03:30.779642,0 days 00:00:14.864849,AdamW,0.236529154954822,,,1.1887912359425187e-05,,,,21,,,0.000785373757627528,,PRUNED
487,487,37.5,2025-05-24 18:03:30.817138,2025-05-24 18:03:44.634370,0 days 00:00:13.817232,Adam,0.1306883913494955,,5.1597381969952955e-05,,,,,22,,0.01286014560568681,,,PRUNED
488,488,33.333333333333336,2025-05-24 18:03:45.532569,2025-05-24 18:04:04.181478,0 days 00:00:18.648909,Adadelta,0.21034934602256453,0.11706724883673612,,,,,,23,0.40798043896416186,,,,PRUNED
489,489,31.25,2025-05-24 18:04:05.508078,2025-05-24 18:04:22.177115,0 days 00:00:16.669037,Adam,0.17094264112470103,,2.7020121340784255e-05,,,,,4,,0.01873456934194804,,,PRUNED
490,490,39.583333333333336,2025-05-24 18:04:23.017903,2025-05-24 18:04:29.782218,0 days 00:00:06.764315,Adam,0.18537516268672483,,8.73431100225474e-05,,,,,30,,0.010238192744545396,,,PRUNED
491,491,43.75,2025-05-24 18:04:29.820724,2025-05-24 18:04:40.692628,0 days 00:00:10.871904,Adam,0.21851905022604626,,7.042976822849319e-05,,,,,25,,1.2165865380610945,,,PRUNED
492,492,33.333333333333336,2025-05-24 18:04:40.721596,2025-05-24 18:04:48.029327,0 days 00:00:07.307731,Adam,0.15557037152469072,,0.00010512375080139553,,,,,1,,0.015369226618523963,,,PRUNED
493,493,33.333333333333336,2025-05-24 18:04:48.057540,2025-05-24 18:04:56.303591,0 days 00:00:08.246051,Adam,0.2493025556578886,,4.384844245743563e-05,,,,,24,,0.023576361420529303,,,PRUNED
494,494,37.5,2025-05-24 18:04:57.263106,2025-05-24 18:05:11.833867,0 days 00:00:14.570761,Adam,0.26360210791122457,,0.0001707104784810448,,,,,23,,0.01933015843836222,,,PRUNED
495,495,50.0,2025-05-24 18:05:11.876143,2025-05-24 18:05:27.397287,0 days 00:00:15.521144,Adam,0.196644562401184,,5.8431499390914564e-05,,,,,21,,0.01488677767594097,,,PRUNED
496,496,47.916666666666664,2025-05-24 18:05:27.516715,2025-05-24 18:05:39.709371,0 days 00:00:12.192656,Adam,0.22813822150778745,,3.385485054755598e-05,,,,,28,,0.012577614858107395,,,PRUNED
497,497,37.5,2025-05-24 18:05:39.747737,2025-05-24 18:05:52.427639,0 days 00:00:12.679902,Adam,0.1836649882334105,,0.00010018574066169089,,,,,22,,0.13252612254879223,,,PRUNED
498,498,39.583333333333336,2025-05-24 18:05:52.465763,2025-05-24 18:06:04.545004,0 days 00:00:12.079241,Adam,0.29386399147416603,,5.382907792372639e-05,,,,,14,,0.6727135308073215,,,PRUNED
499,499,52.083333333333336,2025-05-24 18:06:04.583604,2025-05-24 18:06:20.087727,0 days 00:00:15.504123,AdamW,0.21334030295854944,,,9.053976916308622e-05,,,,25,,,0.007628361928602076,,PRUNED
500,500,60.416666666666664,2025-05-24 18:06:20.127363,2025-05-24 18:06:38.058606,0 days 00:00:17.931243,Adam,0.1724552029610039,,7.708435892857246e-05,,,,,27,,0.03184755640729395,,,COMPLETE
501,501,33.333333333333336,2025-05-24 18:06:38.116355,2025-05-24 18:06:52.255694,0 days 00:00:14.139339,Adam,0.2042049185514459,,0.00012007963334918585,,,,,23,,0.16910182729452003,,,PRUNED
502,502,43.75,2025-05-24 18:06:52.294034,2025-05-24 18:07:05.612963,0 days 00:00:13.318929,Adam,0.18502161455138688,,6.551304288215922e-05,,,,,29,,0.025121575408626137,,,PRUNED
503,503,45.833333333333336,2025-05-24 18:07:05.653885,2025-05-24 18:07:19.440222,0 days 00:00:13.786337,Adam,0.16246699480399773,,4.210090031611364e-05,,,,,28,,0.017137967859009923,,,PRUNED
504,504,62.5,2025-05-24 18:07:19.478939,2025-05-24 18:07:42.868183,0 days 00:00:23.389244,Adam,0.19501036812536987,,9.781834118088665e-05,,,,,26,,0.010041118121994553,,,COMPLETE
505,505,39.583333333333336,2025-05-24 18:07:43.843066,2025-05-24 18:07:52.883042,0 days 00:00:09.039976,Adam,0.19889205719865063,,0.00014573140967633262,,,,,26,,0.02791297798992401,,,PRUNED
506,506,45.833333333333336,2025-05-24 18:07:53.751251,2025-05-24 18:08:00.992926,0 days 00:00:07.241675,Adam,0.1923026199634771,,9.95722866419415e-05,,,,,26,,0.010465289673118092,,,PRUNED
507,507,33.333333333333336,2025-05-24 18:08:01.029176,2025-05-24 18:08:12.331433,0 days 00:00:11.302257,Adam,0.20650049096474718,,0.0001223061258796271,,,,,26,,0.21251755557149246,,,PRUNED
508,508,,2025-05-24 18:08:13.272219,2025-05-24 18:08:20.046890,0 days 00:00:06.774671,SGD,0.1886773203540085,,,,0.09097399006786012,78.92815945887659,False,25,,,,0.5365092731325486,PRUNED
509,509,33.333333333333336,2025-05-24 18:08:20.075522,2025-05-24 18:08:32.740924,0 days 00:00:12.665402,Adam,0.17960203516953174,,8.9853153337471e-05,,,,,26,,0.021618805065047673,,,PRUNED
510,510,56.25,2025-05-24 18:08:33.621761,2025-05-24 18:08:54.635386,0 days 00:00:21.013625,Adam,0.14605237008774727,,8.161060855624056e-05,,,,,27,,0.03809187969414616,,,COMPLETE
511,511,35.416666666666664,2025-05-24 18:08:55.713049,2025-05-24 18:09:09.623715,0 days 00:00:13.910666,Adadelta,0.2133771618779676,0.04275893159307216,,,,,,27,1.9190831103205455,,,,PRUNED
512,512,45.833333333333336,2025-05-24 18:09:09.661690,2025-05-24 18:09:25.350098,0 days 00:00:15.688408,Adam,0.19482771632667636,,0.00011081816720858228,,,,,27,,0.3000640270069844,,,PRUNED
513,513,39.583333333333336,2025-05-24 18:09:26.543103,2025-05-24 18:09:44.083989,0 days 00:00:17.540886,Adam,0.1708167637055057,,0.00019080313617917993,,,,,25,,0.013144508782099587,,,PRUNED
514,514,33.333333333333336,2025-05-24 18:09:44.960126,2025-05-24 18:10:00.343925,0 days 00:00:15.383799,AdamW,0.2021514984594105,,,0.001668774106661549,,,,26,,,0.00106208795513059,,PRUNED
515,515,43.75,2025-05-24 18:10:00.384779,2025-05-24 18:10:16.084403,0 days 00:00:15.699624,Adam,0.17788029063828664,,0.00014647456337534817,,,,,27,,0.010068186761946707,,,PRUNED
516,516,35.416666666666664,2025-05-24 18:10:17.044116,2025-05-24 18:10:35.289967,0 days 00:00:18.245851,Adam,0.3065500328750065,,7.553321523181002e-05,,,,,28,,0.5065150537228332,,,PRUNED
517,517,41.666666666666664,2025-05-24 18:10:36.366778,2025-05-24 18:10:52.528441,0 days 00:00:16.161663,Adam,0.19348426614123818,,9.73908581795615e-05,,,,,15,,0.031703326484687995,,,PRUNED
518,518,39.583333333333336,2025-05-24 18:10:53.526636,2025-05-24 18:11:10.006448,0 days 00:00:16.479812,Adam,0.22224447931722285,,6.571850929260354e-05,,,,,29,,0.015029980470455902,,,PRUNED
519,519,33.333333333333336,2025-05-24 18:11:11.130214,2025-05-24 18:11:22.411173,0 days 00:00:11.280959,Adam,0.210387014737599,,0.023790864027020315,,,,,26,,0.39158880701955573,,,PRUNED
520,520,45.833333333333336,2025-05-24 18:11:23.390355,2025-05-24 18:11:32.950141,0 days 00:00:09.559786,Adam,0.18715028784378085,,8.387957668372462e-05,,,,,28,,0.590073049946206,,,PRUNED
521,521,50.0,2025-05-24 18:11:34.364282,2025-05-24 18:11:45.718893,0 days 00:00:11.354611,Adam,0.16496913210594355,,0.00012033609467524333,,,,,30,,0.01977147961356515,,,PRUNED
522,522,54.166666666666664,2025-05-24 18:11:45.747196,2025-05-24 18:11:55.438438,0 days 00:00:09.691242,Adam,0.2008692467027306,,9.50165740780524e-05,,,,,25,,0.027432470611368682,,,COMPLETE
523,523,29.166666666666668,2025-05-24 18:11:55.495155,2025-05-24 18:12:08.246933,0 days 00:00:12.751778,Adam,0.22668811170225334,,6.982304986446107e-05,,,,,27,,9.233015804545142,,,PRUNED
524,524,33.333333333333336,2025-05-24 18:12:08.288801,2025-05-24 18:12:20.370770,0 days 00:00:12.081969,Adam,0.17469708129566142,,0.0006556130095503885,,,,,28,,0.03747832234100518,,,PRUNED
525,525,54.166666666666664,2025-05-24 18:12:20.409879,2025-05-24 18:12:38.178361,0 days 00:00:17.768482,Adam,0.20979783040408861,,0.00013601213118894257,,,,,29,,0.01282430394267487,,,PRUNED
526,526,33.333333333333336,2025-05-24 18:12:38.219786,2025-05-24 18:12:52.790433,0 days 00:00:14.570647,AdamW,0.18558632283334064,,,0.00013599816392562643,,,,28,,,0.0014808613973229074,,PRUNED
527,527,33.333333333333336,2025-05-24 18:12:53.766251,2025-05-24 18:13:10.963606,0 days 00:00:17.197355,Adam,0.21747883398544604,,0.0004327311276022412,,,,,26,,0.024180689433617134,,,PRUNED
528,528,45.833333333333336,2025-05-24 18:13:11.834183,2025-05-24 18:13:27.141958,0 days 00:00:15.307775,Adam,0.19615427777566527,,6.0366205422221935e-05,,,,,31,,0.016756792364980823,,,PRUNED
529,529,41.666666666666664,2025-05-24 18:13:27.180611,2025-05-24 18:13:41.586664,0 days 00:00:14.406053,Adam,0.15727324248794997,,4.748525466434235e-05,,,,,27,,0.41042522376812846,,,PRUNED
530,530,52.083333333333336,2025-05-24 18:13:42.133939,2025-05-24 18:13:59.981778,0 days 00:00:17.847839,Adam,0.17742118375015647,,8.127034216867985e-05,,,,,25,,0.030617431386218953,,,COMPLETE
531,531,43.75,2025-05-24 18:14:00.041825,2025-05-24 18:14:12.109452,0 days 00:00:12.067627,Adam,0.23547279476306762,,0.00011363455454130673,,,,,27,,0.3193269341208266,,,PRUNED
532,532,50.0,2025-05-24 18:14:12.149495,2025-05-24 18:14:29.124685,0 days 00:00:16.975190,Adam,0.2053087211082798,,3.1362254034835684e-05,,,,,16,,0.25864149234332084,,,PRUNED
533,533,,2025-05-24 18:14:30.266961,2025-05-24 18:14:45.322929,0 days 00:00:15.055968,SGD,0.19559652782411732,,,,0.006724679331168646,89.9217049938888,False,28,,,,0.17820221500508335,PRUNED
534,534,41.666666666666664,2025-05-24 18:14:45.361786,2025-05-24 18:14:57.133399,0 days 00:00:11.771613,Adam,0.18611415593333935,,7.094261171484428e-05,,,,,29,,0.010001865965154302,,,PRUNED
535,535,47.916666666666664,2025-05-24 18:14:58.931171,2025-05-24 18:15:04.273427,0 days 00:00:05.342256,Adam,0.2165657592030623,,9.669139129902149e-05,,,,,30,,0.01990471522987662,,,PRUNED
536,536,33.333333333333336,2025-05-24 18:15:04.302036,2025-05-24 18:15:10.767865,0 days 00:00:06.465829,Adadelta,0.16602868957251934,43.730900672650506,,,,,,29,3.883016602188173,,,,PRUNED
537,537,41.666666666666664,2025-05-24 18:15:10.797022,2025-05-24 18:15:15.013755,0 days 00:00:04.216733,Adam,0.22359764947713737,,0.00015920757610016358,,,,,26,,0.04152658139417962,,,PRUNED
538,538,45.833333333333336,2025-05-24 18:15:15.042259,2025-05-24 18:15:21.962249,0 days 00:00:06.919990,Adam,0.2025726049136331,,3.837731172607228e-05,,,,,28,,0.01429604553998295,,,PRUNED
539,539,58.333333333333336,2025-05-24 18:15:21.992395,2025-05-24 18:15:33.452435,0 days 00:00:11.460040,Adam,0.18191953966171567,,5.6325973032789786e-05,,,,,24,,0.012508251879458948,,,COMPLETE
540,540,33.333333333333336,2025-05-24 18:15:33.508448,2025-05-24 18:15:48.162874,0 days 00:00:14.654426,AdamW,0.31280109735500816,,,0.0006717322474498476,,,,28,,,0.00042257196856822693,,PRUNED
541,541,45.833333333333336,2025-05-24 18:15:49.150607,2025-05-24 18:16:03.887938,0 days 00:00:14.737331,Adam,0.23249512502648015,,8.147599386580942e-05,,,,,27,,0.024539165014599587,,,PRUNED
542,542,41.666666666666664,2025-05-24 18:16:03.926336,2025-05-24 18:16:17.737507,0 days 00:00:13.811171,Adam,0.19136441784810398,,5.002185693604688e-05,,,,,29,,0.017301242993805595,,,PRUNED
543,543,47.916666666666664,2025-05-24 18:16:17.776938,2025-05-24 18:16:32.884312,0 days 00:00:15.107374,Adam,0.21076840449941517,,0.00029831107295840055,,,,,25,,0.4630189076072252,,,PRUNED
544,544,37.5,2025-05-24 18:16:32.923168,2025-05-24 18:16:47.253437,0 days 00:00:14.330269,Adam,0.17538911624257775,,6.38040992744589e-05,,,,,27,,0.20114319781469991,,,PRUNED
545,545,33.333333333333336,2025-05-24 18:16:47.294373,2025-05-24 18:17:01.655412,0 days 00:00:14.361039,Adam,0.24266345275154982,,0.00010532005476633792,,,,,26,,0.1213164120341047,,,PRUNED
546,546,39.583333333333336,2025-05-24 18:17:02.711813,2025-05-24 18:17:18.457577,0 days 00:00:15.745764,Adam,0.14981981983145334,,0.00013078352531422426,,,,,29,,73.75403839378902,,,PRUNED
547,547,43.75,2025-05-24 18:17:18.496321,2025-05-24 18:17:33.465325,0 days 00:00:14.969004,Adam,0.19817678655027401,,7.700540697156089e-05,,,,,21,,0.03517307571531482,,,PRUNED
548,548,43.75,2025-05-24 18:17:33.506138,2025-05-24 18:17:47.646220,0 days 00:00:14.140082,Adam,0.18323801689407138,,9.112945420374532e-05,,,,,20,,0.022421906470850673,,,PRUNED
549,549,43.75,2025-05-24 18:17:47.685049,2025-05-24 18:18:00.875005,0 days 00:00:13.189956,Adam,0.16773657920041657,,4.789904399747946e-05,,,,,17,,0.028586541372921954,,,PRUNED
550,550,45.833333333333336,2025-05-24 18:18:00.913744,2025-05-24 18:18:14.729798,0 days 00:00:13.816054,Adam,0.2161742773844945,,5.8284893356429014e-05,,,,,28,,0.7654027041527036,,,PRUNED
551,551,54.166666666666664,2025-05-24 18:18:15.749890,2025-05-24 18:18:32.085023,0 days 00:00:16.335133,Adam,0.28700088934137336,,7.103504261123045e-05,,,,,30,,0.04500778257621716,,,COMPLETE
552,552,35.416666666666664,2025-05-24 18:18:33.045143,2025-05-24 18:18:41.056532,0 days 00:00:08.011389,AdamW,0.3004312357182401,,,0.0002403351755999036,,,,27,,,0.004284498890150625,,PRUNED
553,553,41.666666666666664,2025-05-24 18:18:41.086121,2025-05-24 18:18:47.731110,0 days 00:00:06.644989,Adam,0.2038038968649645,,4.005395663193741e-05,,,,,25,,0.36236625836600644,,,PRUNED
554,554,33.333333333333336,2025-05-24 18:18:47.765694,2025-05-24 18:18:57.816500,0 days 00:00:10.050806,Adam,0.22627258561015848,,0.00020413194212765722,,,,,24,,0.014353750082464284,,,PRUNED
555,555,37.5,2025-05-24 18:18:58.723535,2025-05-24 18:19:05.824808,0 days 00:00:07.101273,Adam,0.1873224487464597,,0.00010544565484207994,,,,,13,,0.011659903043093299,,,PRUNED
556,556,43.75,2025-05-24 18:19:06.644052,2025-05-24 18:19:21.414921,0 days 00:00:14.770869,Adam,0.17385648237618975,,8.535121234566865e-05,,,,,28,,0.5870005722161535,,,PRUNED
557,557,,2025-05-24 18:19:21.453858,2025-05-24 18:19:35.155117,0 days 00:00:13.701259,SGD,0.1967281366694842,,,,8.518188469051609e-05,64.68074375689974,True,26,,,,6.589557072213132,PRUNED
558,558,45.833333333333336,2025-05-24 18:19:35.194951,2025-05-24 18:19:48.672029,0 days 00:00:13.477078,Adam,0.20961733210401365,,0.0001627036500368171,,,,,24,,1.5060250543295621,,,PRUNED
559,559,45.833333333333336,2025-05-24 18:19:48.712162,2025-05-24 18:20:01.939771,0 days 00:00:13.227609,Adam,0.1566961294535737,,5.8623915435078176e-05,,,,,30,,1.8956902313101964,,,PRUNED
560,560,39.583333333333336,2025-05-24 18:20:01.978532,2025-05-24 18:20:15.175556,0 days 00:00:13.197024,Adadelta,0.19091240292265446,0.029102509777970412,,,,,,27,42.97150212120641,,,,PRUNED
561,561,50.0,2025-05-24 18:20:15.215033,2025-05-24 18:20:29.875812,0 days 00:00:14.660779,Adam,0.23732116882683016,,6.722675993127989e-05,,,,,25,,0.010005096658731064,,,PRUNED
562,562,47.916666666666664,2025-05-24 18:20:29.917637,2025-05-24 18:20:43.348436,0 days 00:00:13.430799,Adam,0.22305362879651078,,0.00012731537438992937,,,,,27,,0.017004866332210797,,,PRUNED
563,563,45.833333333333336,2025-05-24 18:20:43.387639,2025-05-24 18:20:58.139350,0 days 00:00:14.751711,Adam,0.042472532436343746,,4.85292236482217e-05,,,,,29,,0.034380541519179394,,,PRUNED
564,564,35.416666666666664,2025-05-24 18:20:58.178914,2025-05-24 18:21:11.784216,0 days 00:00:13.605302,Adam,0.18068752892587114,,9.174668172507888e-05,,,,,28,,0.022073748347883285,,,PRUNED
565,565,39.583333333333336,2025-05-24 18:21:11.823876,2025-05-24 18:21:26.849080,0 days 00:00:15.025204,Adam,0.20898514706345586,,2.998016191571343e-05,,,,,29,,0.321727104947079,,,PRUNED
566,566,41.666666666666664,2025-05-24 18:21:26.889929,2025-05-24 18:21:40.118591,0 days 00:00:13.228662,Adam,0.16480542093536632,,2.3697397587594653e-05,,,,,27,,0.1662685568891966,,,PRUNED
567,567,37.5,2025-05-24 18:21:40.157746,2025-05-24 18:21:54.162976,0 days 00:00:14.005230,AdamW,0.19438381611686423,,,0.00046206926387479236,,,,28,,,0.002891224750987308,,PRUNED
568,568,33.333333333333336,2025-05-24 18:21:54.204061,2025-05-24 18:22:07.054602,0 days 00:00:12.850541,Adam,0.20176752843405527,,0.0021281226188403814,,,,,26,,0.049898868685726676,,,PRUNED
569,569,54.166666666666664,2025-05-24 18:22:07.083841,2025-05-24 18:22:19.106709,0 days 00:00:12.022868,Adam,0.31457096683260805,,7.257824934720114e-05,,,,,28,,0.46471226409271243,,,PRUNED
570,570,31.25,2025-05-24 18:22:19.809345,2025-05-24 18:22:33.842372,0 days 00:00:14.033027,Adam,0.2174630868187734,,0.00010929448473565369,,,,,29,,20.85439033441821,,,PRUNED
571,571,37.5,2025-05-24 18:22:34.750442,2025-05-24 18:22:44.045615,0 days 00:00:09.295173,Adam,0.08507232562142614,,3.8024656929318906e-05,,,,,25,,0.01238830566234683,,,PRUNED
572,572,47.916666666666664,2025-05-24 18:22:44.085692,2025-05-24 18:22:56.288176,0 days 00:00:12.202484,Adam,0.2766834630311702,,5.7141302931964914e-05,,,,,21,,0.019051694048864597,,,PRUNED
573,573,43.75,2025-05-24 18:22:56.328902,2025-05-24 18:23:10.416517,0 days 00:00:14.087615,Adam,0.1767244580658308,,8.114159016689534e-05,,,,,19,,0.02913429051225674,,,PRUNED
574,574,33.333333333333336,2025-05-24 18:23:11.450666,2025-05-24 18:23:25.974678,0 days 00:00:14.524012,Adam,0.23025913708894732,,4.377764644415749e-05,,,,,31,,0.23153916267672262,,,PRUNED
575,575,41.666666666666664,2025-05-24 18:23:26.015329,2025-05-24 18:23:40.031877,0 days 00:00:14.016548,Adam,0.18397463442937978,,6.460843052564656e-05,,,,,17,,0.024930433699267014,,,PRUNED
576,576,37.5,2025-05-24 18:23:41.174868,2025-05-24 18:23:54.427711,0 days 00:00:13.252843,Adam,0.24252541955140758,,9.923980506611204e-05,,,,,24,,0.015068881872271258,,,PRUNED
577,577,45.833333333333336,2025-05-24 18:23:54.468057,2025-05-24 18:24:09.682587,0 days 00:00:15.214530,Adam,0.19055771345524194,,0.00013217667107089193,,,,,30,,0.2732025013425139,,,PRUNED
578,578,47.916666666666664,2025-05-24 18:24:10.649095,2025-05-24 18:24:26.261218,0 days 00:00:15.612123,Adam,0.17065119043373128,,5.1419904271538004e-05,,,,,27,,0.0394220170770991,,,PRUNED
579,579,35.416666666666664,2025-05-24 18:24:26.302325,2025-05-24 18:24:40.482503,0 days 00:00:14.180178,AdamW,0.20425016307210864,,,0.027377202109175866,,,,28,,,0.0007236175011511994,,PRUNED
580,580,33.333333333333336,2025-05-24 18:24:41.354605,2025-05-24 18:24:57.722446,0 days 00:00:16.367841,Adam,0.3232816916454146,,7.799008808170792e-05,,,,,20,,0.07568320403237554,,,PRUNED
581,581,,2025-05-24 18:24:58.579364,2025-05-24 18:25:13.275380,0 days 00:00:14.696016,SGD,0.21688811080124157,,,,2.1755007798042147e-05,8.42281725498787,True,26,,,,1.8147478451296342,PRUNED
582,582,60.416666666666664,2025-05-24 18:25:13.477933,2025-05-24 18:25:37.514820,0 days 00:00:24.036887,Adam,0.19802596848705228,,0.00011060564018329467,,,,,28,,0.013845018070044552,,,COMPLETE
583,583,37.5,2025-05-24 18:25:38.329660,2025-05-24 18:25:45.115575,0 days 00:00:06.785915,Adam,0.22996052894071942,,6.268915478234654e-05,,,,,22,,0.09764482060445717,,,PRUNED
584,584,35.416666666666664,2025-05-24 18:25:46.017681,2025-05-24 18:25:54.708446,0 days 00:00:08.690765,Adam,0.18916181857808212,,0.00015861988314749457,,,,,25,,0.030828641407747444,,,PRUNED
585,585,33.333333333333336,2025-05-24 18:25:54.745684,2025-05-24 18:26:03.407758,0 days 00:00:08.662074,Adadelta,0.304188630881126,9.533707663814637,,,,,,29,0.020329558760758024,,,,PRUNED
586,586,33.333333333333336,2025-05-24 18:26:03.683417,2025-05-24 18:26:10.186328,0 days 00:00:06.502911,Adam,0.24786868855808336,,0.005441818659654962,,,,,27,,0.019455955944114766,,,PRUNED
587,587,56.25,2025-05-24 18:26:10.227728,2025-05-24 18:26:35.237937,0 days 00:00:25.010209,Adam,0.1579514616934778,,8.90907344799707e-05,,,,,28,,0.3867505918723605,,,COMPLETE
588,588,45.833333333333336,2025-05-24 18:26:36.444644,2025-05-24 18:26:56.066218,0 days 00:00:19.621574,Adam,0.17667533534931681,,4.8083673987539865e-05,,,,,27,,0.011626230940391764,,,PRUNED
589,589,39.583333333333336,2025-05-24 18:26:56.104996,2025-05-24 18:27:08.953941,0 days 00:00:12.848945,Adam,0.2111442379522592,,6.988070956662897e-05,,,,,30,,0.059205105162421306,,,PRUNED
590,590,66.66666666666667,2025-05-24 18:27:09.981215,2025-05-24 18:27:32.741075,0 days 00:00:22.759860,Adam,0.2016444195048347,,9.037693177303653e-05,,,,,10,,0.5359685737531484,,,COMPLETE
591,591,50.0,2025-05-24 18:27:33.792157,2025-05-24 18:27:47.693361,0 days 00:00:13.901204,Adam,0.1864345129052365,,0.00012870733571604078,,,,,24,,0.8936612374727807,,,PRUNED
592,592,41.666666666666664,2025-05-24 18:27:48.626352,2025-05-24 18:28:02.439628,0 days 00:00:13.813276,Adam,0.20005989392046705,,0.0001039300663222662,,,,,26,,0.6915646139764173,,,PRUNED
593,593,37.5,2025-05-24 18:28:03.529671,2025-05-24 18:28:18.102012,0 days 00:00:14.572341,Adam,0.17100976995874156,,8.79296911544777e-05,,,,,9,,0.5338731731232821,,,PRUNED
594,594,37.5,2025-05-24 18:28:19.094073,2025-05-24 18:28:35.151252,0 days 00:00:16.057179,AdamW,0.19169515527279082,,,5.763852179016285e-05,,,,8,,,0.00018904323573735497,,PRUNED
595,595,39.583333333333336,2025-05-24 18:28:35.192581,2025-05-24 18:28:47.268626,0 days 00:00:12.076045,Adam,0.1817628518590102,,0.0001897406814099444,,,,,29,,0.015348743183725706,,,PRUNED
596,596,33.333333333333336,2025-05-24 18:28:47.308702,2025-05-24 18:29:01.025863,0 days 00:00:13.717161,Adam,0.2020683268834581,,0.00023590265501259464,,,,,13,,0.024975258235915176,,,PRUNED
597,597,37.5,2025-05-24 18:29:01.065848,2025-05-24 18:29:11.136351,0 days 00:00:10.070503,Adam,0.16561663149030728,,0.00011981837128370248,,,,,7,,1.1340844196001945,,,PRUNED
598,598,39.583333333333336,2025-05-24 18:29:11.809002,2025-05-24 18:29:20.391466,0 days 00:00:08.582464,Adam,0.19469983599691162,,3.333051085112699e-05,,,,,29,,0.01738228942002213,,,PRUNED
599,599,33.333333333333336,2025-05-24 18:29:20.426337,2025-05-24 18:29:28.954551,0 days 00:00:08.528214,Adam,0.17975678585324026,,0.012213958584597999,,,,,3,,0.04333216323913168,,,PRUNED
600,600,45.833333333333336,2025-05-24 18:29:29.835688,2025-05-24 18:29:35.697893,0 days 00:00:05.862205,Adam,0.20607709610986633,,9.144062943642371e-05,,,,,24,,0.14026884848106938,,,PRUNED
601,601,39.583333333333336,2025-05-24 18:29:36.686733,2025-05-24 18:29:54.218663,0 days 00:00:17.531930,Adam,0.2597667592892172,,0.0001493619922794153,,,,,4,,0.03332526696118879,,,PRUNED
602,602,39.583333333333336,2025-05-24 18:29:55.339048,2025-05-24 18:30:14.220799,0 days 00:00:18.881751,Adam,0.22269443715147894,,5.8877232641908815e-05,,,,,7,,0.012409166534662768,,,PRUNED
603,603,35.416666666666664,2025-05-24 18:30:15.308138,2025-05-24 18:30:33.107400,0 days 00:00:17.799262,Adam,0.2953689419855226,,7.801097934846992e-05,,,,,26,,0.022430108363529364,,,PRUNED
604,604,39.583333333333336,2025-05-24 18:30:34.229653,2025-05-24 18:30:52.278986,0 days 00:00:18.049333,Adam,0.14754196486267968,,0.00010961776960923293,,,,,28,,0.027140828018380022,,,PRUNED
605,605,,2025-05-24 18:30:53.343101,2025-05-24 18:31:05.924819,0 days 00:00:12.581718,SGD,0.1883981741459192,,,,0.020310881159948554,39.9334068655349,False,27,,,,50.33671925872663,PRUNED
606,606,66.66666666666667,2025-05-24 18:31:05.964316,2025-05-24 18:31:28.803008,0 days 00:00:22.838692,Adam,0.17511002787018043,,4.0999735344505954e-05,,,,,11,,0.03746566815220887,,,COMPLETE
607,607,33.333333333333336,2025-05-24 18:31:29.776001,2025-05-24 18:31:48.919714,0 days 00:00:19.143713,AdamW,0.15703614144845512,,,0.004746379828339892,,,,10,,,0.0017578530922031667,,PRUNED
608,608,45.833333333333336,2025-05-24 18:31:49.897094,2025-05-24 18:32:07.171792,0 days 00:00:17.274698,Adam,0.1694590888840276,,3.807916368288816e-05,,,,,9,,0.052075461604775906,,,PRUNED
609,609,45.833333333333336,2025-05-24 18:32:08.125347,2025-05-24 18:32:22.942966,0 days 00:00:14.817619,Adam,0.14124218597909172,,4.293728989542765e-05,,,,,11,,0.03784726964731711,,,PRUNED
610,610,33.333333333333336,2025-05-24 18:32:22.981900,2025-05-24 18:32:35.571605,0 days 00:00:12.589705,Adadelta,0.17485289431871687,2.1669605357719344,,,,,,12,22.122309110911214,,,,PRUNED
611,611,45.833333333333336,2025-05-24 18:32:35.600142,2025-05-24 18:32:42.543249,0 days 00:00:06.943107,Adam,0.16432936655939973,,2.2467704725531556e-05,,,,,10,,0.03338633089280467,,,PRUNED
612,612,45.833333333333336,2025-05-24 18:32:42.572075,2025-05-24 18:32:53.478431,0 days 00:00:10.906356,Adam,0.1817118058774796,,2.6441273097350096e-05,,,,,11,,0.04069499831390405,,,PRUNED
613,613,56.25,2025-05-24 18:32:53.518555,2025-05-24 18:33:05.914850,0 days 00:00:12.396295,Adam,0.19309763510645686,,3.1509083896430885e-05,,,,,22,,0.04749024459458598,,,COMPLETE
614,614,50.0,2025-05-24 18:33:05.966929,2025-05-24 18:33:11.326774,0 days 00:00:05.359845,Adam,0.17736387204168222,,3.8506944011019285e-05,,,,,5,,0.02802315181627481,,,PRUNED
615,615,33.333333333333336,2025-05-24 18:33:12.015703,2025-05-24 18:33:30.556067,0 days 00:00:18.540364,Adam,0.15705224944123267,,4.87218066039587e-05,,,,,10,,4.089352582427336,,,PRUNED
616,616,33.333333333333336,2025-05-24 18:33:30.598492,2025-05-24 18:33:50.253185,0 days 00:00:19.654693,Adam,0.18564999286324313,,5.383119316775888e-05,,,,,11,,0.019292319929480585,,,PRUNED
617,617,33.333333333333336,2025-05-24 18:33:51.657385,2025-05-24 18:34:09.670919,0 days 00:00:18.013534,Adam,0.17076218460799264,,0.06147750887321478,,,,,23,,0.034394222620805597,,,PRUNED
618,618,43.75,2025-05-24 18:34:11.202188,2025-05-24 18:34:23.460779,0 days 00:00:12.258591,Adam,0.20092186767510217,,4.0762543548495215e-05,,,,,10,,0.02280062307978003,,,PRUNED
619,619,41.666666666666664,2025-05-24 18:34:23.501340,2025-05-24 18:34:37.713853,0 days 00:00:14.212513,Adam,0.1944853878663902,,6.466414534624359e-05,,,,,24,,0.0652459892837503,,,PRUNED
620,620,29.166666666666668,2025-05-24 18:34:37.755208,2025-05-24 18:34:54.227617,0 days 00:00:16.472409,Adam,0.20829373076359614,,5.196731288030079e-05,,,,,10,,0.0155055286224385,,,PRUNED
621,621,33.333333333333336,2025-05-24 18:34:55.482712,2025-05-24 18:35:18.296385,0 days 00:00:22.813673,AdamW,0.18111551061261785,,,0.0104235283226794,,,,10,,,0.005203972546729466,,PRUNED
622,622,35.416666666666664,2025-05-24 18:35:19.492185,2025-05-24 18:35:39.379991,0 days 00:00:19.887806,Adam,0.16726253645115294,,3.373018863381263e-05,,,,,8,,0.011543519894239209,,,PRUNED
623,623,43.75,2025-05-24 18:35:40.872230,2025-05-24 18:36:01.086922,0 days 00:00:20.214692,Adam,0.1892372593872023,,7.951848152091127e-05,,,,,11,,0.030894597771825502,,,PRUNED
624,624,43.75,2025-05-24 18:36:02.431139,2025-05-24 18:36:12.988536,0 days 00:00:10.557397,Adam,0.21499140367388386,,4.5152820308300295e-05,,,,,9,,0.04597660502735739,,,PRUNED
625,625,37.5,2025-05-24 18:36:13.781690,2025-05-24 18:36:30.748835,0 days 00:00:16.967145,Adam,0.2029391249595148,,6.526470669645131e-05,,,,,9,,0.027312363948031777,,,PRUNED
626,626,45.833333333333336,2025-05-24 18:36:32.011988,2025-05-24 18:36:42.889739,0 days 00:00:10.877751,Adam,0.1765035216009855,,5.6692162892453295e-05,,,,,25,,0.037593738260717324,,,PRUNED
627,627,35.416666666666664,2025-05-24 18:36:44.783981,2025-05-24 18:37:01.552243,0 days 00:00:16.768262,Adam,0.15982229905186168,,9.098546816127842e-05,,,,,12,,0.013672822881068738,,,PRUNED
628,628,66.66666666666667,2025-05-24 18:37:02.983666,2025-05-24 18:37:31.671570,0 days 00:00:28.687904,Adam,0.3863138065443692,,7.541089969866599e-05,,,,,26,,0.010046985089991954,,,COMPLETE
629,629,43.75,2025-05-24 18:37:33.016263,2025-05-24 18:37:52.364984,0 days 00:00:19.348721,Adam,0.4056302116536429,,6.798238291224553e-05,,,,,25,,0.013239440941059213,,,PRUNED
630,630,43.75,2025-05-24 18:37:53.570762,2025-05-24 18:38:11.655924,0 days 00:00:18.085162,Adam,0.22021499356605997,,5.489830924195864e-05,,,,,25,,0.010463496847355182,,,PRUNED
631,631,33.333333333333336,2025-05-24 18:38:12.740965,2025-05-24 18:38:27.294974,0 days 00:00:14.554009,Adam,0.23894886183370076,,2.8708467946882876e-05,,,,,23,,0.011220442102177555,,,PRUNED
632,632,37.5,2025-05-24 18:38:27.339195,2025-05-24 18:38:43.583491,0 days 00:00:16.244296,SGD,0.383610584741293,,,,0.000643730216955261,0.9740768594953124,True,25,,,,0.0232662099831315,PRUNED
633,633,37.5,2025-05-24 18:38:44.462962,2025-05-24 18:39:01.728166,0 days 00:00:17.265204,Adam,0.3756407089975848,,4.5296408941781535e-05,,,,,26,,0.010738384011522635,,,PRUNED
634,634,33.333333333333336,2025-05-24 18:39:02.533451,2025-05-24 18:39:19.578724,0 days 00:00:17.045273,Adadelta,0.4149182077050878,5.392766561830505,,,,,,26,0.9427019618176448,,,,PRUNED
635,635,37.5,2025-05-24 18:39:20.493046,2025-05-24 18:39:35.786217,0 days 00:00:15.293171,Adam,0.33049133633899735,,7.304064936308771e-05,,,,,24,,0.010121338808929571,,,PRUNED
636,636,33.333333333333336,2025-05-24 18:39:36.551227,2025-05-24 18:39:44.280213,0 days 00:00:07.728986,AdamW,0.3103595070361272,,,0.002383424311789681,,,,30,,,0.002593561987851199,,PRUNED
637,637,47.916666666666664,2025-05-24 18:39:44.870451,2025-05-24 18:40:00.894876,0 days 00:00:16.024425,Adam,0.39542936886710944,,5.765857545441848e-05,,,,,26,,0.015453447767492327,,,PRUNED
638,638,43.75,2025-05-24 18:40:01.891605,2025-05-24 18:40:10.775362,0 days 00:00:08.883757,Adam,0.43971343458277756,,3.8057804106478836e-05,,,,,12,,0.013023731782767858,,,PRUNED
639,639,45.833333333333336,2025-05-24 18:40:11.752077,2025-05-24 18:40:29.157676,0 days 00:00:17.405599,Adam,0.3215557043053359,,8.547137887122158e-05,,,,,31,,0.010048178594257868,,,PRUNED
640,640,35.416666666666664,2025-05-24 18:40:30.117640,2025-05-24 18:40:47.463912,0 days 00:00:17.346272,Adam,0.3899917075592466,,1.5919745109618592e-05,,,,,23,,0.017734951024813882,,,PRUNED
641,641,35.416666666666664,2025-05-24 18:40:48.387886,2025-05-24 18:41:06.224414,0 days 00:00:17.836528,Adam,0.20999693908673323,,7.042204085188814e-05,,,,,24,,0.6774029518569774,,,PRUNED
642,642,37.5,2025-05-24 18:41:07.203134,2025-05-24 18:41:24.587513,0 days 00:00:17.384379,Adam,0.19953029139020872,,4.486027387724194e-05,,,,,26,,0.013767855940374024,,,PRUNED
643,643,33.333333333333336,2025-05-24 18:41:25.495933,2025-05-24 18:41:41.041800,0 days 00:00:15.545867,Adam,0.23319028303022668,,6.030707778893504e-05,,,,,15,,0.017135449003069573,,,PRUNED
644,644,43.75,2025-05-24 18:41:41.083616,2025-05-24 18:41:53.342289,0 days 00:00:12.258673,Adam,0.1933326922286977,,8.488604000831791e-05,,,,,25,,0.012171091167924926,,,PRUNED
645,645,39.583333333333336,2025-05-24 18:41:53.383467,2025-05-24 18:42:08.243624,0 days 00:00:14.860157,Adam,0.2233680570254341,,0.00010054991450808776,,,,,14,,0.019666584481332777,,,PRUNED
646,646,50.0,2025-05-24 18:42:09.276213,2025-05-24 18:42:25.068009,0 days 00:00:15.791796,Adam,0.21155468984059164,,4.95248973327845e-05,,,,,28,,0.011864982600897198,,,PRUNED
647,647,43.75,2025-05-24 18:42:25.109352,2025-05-24 18:42:40.911764,0 days 00:00:15.802412,Adam,0.20036686179981159,,6.95381837037866e-05,,,,,30,,0.014809959211620436,,,PRUNED
648,648,45.833333333333336,2025-05-24 18:42:41.971956,2025-05-24 18:42:56.683171,0 days 00:00:14.711215,Adam,0.18475410450261098,,7.858593996959471e-05,,,,,21,,0.02169834565441321,,,PRUNED
649,649,47.916666666666664,2025-05-24 18:42:57.571026,2025-05-24 18:43:06.440360,0 days 00:00:08.869334,AdamW,0.3678445143564983,,,2.6452230638888677e-05,,,,29,,,0.008066502740162485,,PRUNED
650,650,41.666666666666664,2025-05-24 18:43:07.364826,2025-05-24 18:43:15.514948,0 days 00:00:08.150122,Adam,0.1885144656750116,,0.00012037654307867295,,,,,26,,0.010170608531770787,,,PRUNED
651,651,37.5,2025-05-24 18:43:15.544154,2025-05-24 18:43:26.050370,0 days 00:00:10.506216,Adam,0.21729355927803484,,3.7072483757228035e-05,,,,,29,,0.0171266859019837,,,PRUNED
652,652,33.333333333333336,2025-05-24 18:43:26.831806,2025-05-24 18:43:36.328953,0 days 00:00:09.497147,Adam,0.20514184238544092,,5.664772289905618e-05,,,,,8,,0.16675003048430642,,,PRUNED
653,653,47.916666666666664,2025-05-24 18:43:36.368781,2025-05-24 18:43:47.162530,0 days 00:00:10.793749,Adam,0.23082824925150922,,9.29555661536579e-05,,,,,27,,0.024587382230770248,,,PRUNED
654,654,47.916666666666664,2025-05-24 18:43:48.036759,2025-05-24 18:44:03.694522,0 days 00:00:15.657763,Adam,0.19696118656060158,,6.432238327891113e-05,,,,,22,,0.5746779266625835,,,PRUNED
655,655,,2025-05-24 18:44:05.354330,2025-05-24 18:44:23.261650,0 days 00:00:17.907320,SGD,0.24936467700713144,,,,0.008481195688544767,73.1254580363052,False,27,,,,0.6328415586181289,PRUNED
656,656,45.833333333333336,2025-05-24 18:44:23.303049,2025-05-24 18:44:40.767974,0 days 00:00:17.464925,Adam,0.18050782874007118,,4.884886823548097e-05,,,,,9,,0.7826192258430948,,,PRUNED
657,657,47.916666666666664,2025-05-24 18:44:41.966798,2025-05-24 18:44:55.679782,0 days 00:00:13.712984,Adam,0.18862867116006343,,7.775921204186966e-05,,,,,24,,0.013734550835386944,,,PRUNED
658,658,35.416666666666664,2025-05-24 18:44:56.727333,2025-05-24 18:45:11.643847,0 days 00:00:14.916514,Adam,0.21246861916127857,,0.00011121514605967679,,,,,25,,0.011850204756738043,,,PRUNED
659,659,33.333333333333336,2025-05-24 18:45:11.684681,2025-05-24 18:45:25.828343,0 days 00:00:14.143662,Adadelta,0.31853746077669404,0.3092508516987861,,,,,,29,0.07159751442250072,,,,PRUNED
660,660,47.916666666666664,2025-05-24 18:45:26.760732,2025-05-24 18:45:42.588959,0 days 00:00:15.828227,Adam,0.19749595484644702,,3.0523455827528405e-05,,,,,23,,0.02080344804987246,,,PRUNED
661,661,50.0,2025-05-24 18:45:42.628569,2025-05-24 18:45:56.644323,0 days 00:00:14.015754,Adam,0.4290656246368757,,4.2210824508367076e-05,,,,,21,,0.01584863991971542,,,PRUNED
662,662,43.75,2025-05-24 18:45:56.828767,2025-05-24 18:46:10.242392,0 days 00:00:13.413625,AdamW,0.22126572808337183,,,1.4934772649705416e-05,,,,10,,,0.0037022781411739825,,PRUNED
663,663,47.916666666666664,2025-05-24 18:46:10.284049,2025-05-24 18:46:24.434620,0 days 00:00:14.150571,Adam,0.33533297639483006,,5.957497583452971e-05,,,,,27,,0.20217294212626868,,,PRUNED
664,664,43.75,2025-05-24 18:46:26.232199,2025-05-24 18:46:42.168949,0 days 00:00:15.936750,Adam,0.2061100137628907,,9.354166749954577e-05,,,,,28,,0.12151895020789442,,,PRUNED
665,665,33.333333333333336,2025-05-24 18:46:43.070231,2025-05-24 18:46:51.011892,0 days 00:00:07.941661,Adam,0.28725568852467803,,0.0030595173133823998,,,,,25,,0.026091177439523706,,,PRUNED
666,666,43.75,2025-05-24 18:46:51.052474,2025-05-24 18:47:02.104890,0 days 00:00:11.052416,Adam,0.17641964769541663,,5.2611253059131445e-05,,,,,28,,1.0175846389236052,,,PRUNED
667,667,62.5,2025-05-24 18:47:02.133691,2025-05-24 18:47:14.297337,0 days 00:00:12.163646,Adam,0.2383193046407641,,7.503567195697254e-05,,,,,20,,0.013014966731806073,,,COMPLETE
668,668,35.416666666666664,2025-05-24 18:47:14.355249,2025-05-24 18:47:28.364083,0 days 00:00:14.008834,Adam,0.2383999357904927,,6.817331118478809e-05,,,,,20,,0.013378942534857222,,,PRUNED
669,669,41.666666666666664,2025-05-24 18:47:28.844099,2025-05-24 18:47:43.723501,0 days 00:00:14.879402,Adam,0.24642484260418515,,3.51413696746286e-05,,,,,20,,0.016188832072081393,,,PRUNED
670,670,47.916666666666664,2025-05-24 18:47:44.590500,2025-05-24 18:48:02.311648,0 days 00:00:17.721148,Adam,0.2644053347733335,,7.652926213280687e-05,,,,,20,,0.012243904292113824,,,PRUNED
671,671,37.5,2025-05-24 18:48:03.439177,2025-05-24 18:48:19.878197,0 days 00:00:16.439020,Adam,0.23539147881345499,,4.554366845190681e-05,,,,,19,,0.018700476546932097,,,PRUNED
672,672,47.916666666666664,2025-05-24 18:48:20.770658,2025-05-24 18:48:37.115690,0 days 00:00:16.345032,Adam,0.24703324065504223,,5.6018358745078015e-05,,,,,21,,0.013829272009095074,,,PRUNED
673,673,37.5,2025-05-24 18:48:38.073560,2025-05-24 18:48:55.490045,0 days 00:00:17.416485,Adam,0.22630271264210966,,6.563866771657897e-05,,,,,23,,0.011905531848019502,,,PRUNED
674,674,43.75,2025-05-24 18:48:55.532330,2025-05-24 18:49:07.740776,0 days 00:00:12.208446,Adam,0.2576046029541043,,7.53035659356932e-05,,,,,21,,0.010360072323975433,,,PRUNED
675,675,50.0,2025-05-24 18:49:07.783801,2025-05-24 18:49:19.955673,0 days 00:00:12.171872,AdamW,0.2500219003479987,,,7.135063229566073e-05,,,,19,,,0.005966779669045871,,PRUNED
676,676,43.75,2025-05-24 18:49:19.997484,2025-05-24 18:49:32.309364,0 days 00:00:12.311880,Adam,0.23976713739068428,,5.473251599099148e-05,,,,,20,,0.08614051522720037,,,PRUNED
677,677,43.75,2025-05-24 18:49:32.351225,2025-05-24 18:49:44.224824,0 days 00:00:11.873599,Adam,0.2213039087721388,,4.2041831496827466e-05,,,,,21,,0.01568758965576207,,,PRUNED
678,678,45.833333333333336,2025-05-24 18:49:44.266623,2025-05-24 18:49:56.411361,0 days 00:00:12.144738,Adam,0.2289947581255418,,8.552959635139115e-05,,,,,22,,0.02103236138984984,,,PRUNED
679,679,33.333333333333336,2025-05-24 18:49:56.452494,2025-05-24 18:50:04.588995,0 days 00:00:08.136501,Adam,0.23771874364717743,,0.00010865901180975573,,,,,6,,0.01432521986748701,,,PRUNED
680,680,,2025-05-24 18:50:04.625747,2025-05-24 18:50:11.000760,0 days 00:00:06.375013,SGD,0.26972390871498,,,,0.00012945046664937645,91.96972252308328,False,20,,,,0.1566751578812292,PRUNED
681,681,33.333333333333336,2025-05-24 18:50:11.029212,2025-05-24 18:50:17.465179,0 days 00:00:06.435967,Adam,0.3018499289377695,,6.667253877460898e-05,,,,,18,,0.010107408605875159,,,PRUNED
682,682,41.666666666666664,2025-05-24 18:50:17.507260,2025-05-24 18:50:25.744222,0 days 00:00:08.236962,Adam,0.3877577179563265,,0.00013991802460700653,,,,,24,,0.02997696889609183,,,PRUNED
683,683,47.916666666666664,2025-05-24 18:50:25.773155,2025-05-24 18:50:29.947437,0 days 00:00:04.174282,Adam,0.4003153705627013,,5.072969333028661e-05,,,,,11,,0.018915902291698535,,,PRUNED
684,684,35.416666666666664,2025-05-24 18:50:29.977120,2025-05-24 18:50:33.922157,0 days 00:00:03.945037,Adadelta,0.22613733961069604,0.6580906398183625,,,,,,31,11.599198832710496,,,,PRUNED
685,685,39.583333333333336,2025-05-24 18:50:33.953580,2025-05-24 18:50:40.713761,0 days 00:00:06.760181,Adam,0.0636972570717218,,9.325490739741982e-05,,,,,22,,0.010009664810675728,,,PRUNED
686,686,37.5,2025-05-24 18:50:40.755253,2025-05-24 18:50:52.910383,0 days 00:00:12.155130,Adam,0.2089268662031873,,6.287717900478083e-05,,,,,26,,0.023853762611828196,,,PRUNED
687,687,47.916666666666664,2025-05-24 18:50:52.953515,2025-05-24 18:51:05.050278,0 days 00:00:12.096763,Adam,0.23395080049658798,,1.9016208043911494e-05,,,,,19,,0.012454430627966999,,,PRUNED
688,688,45.833333333333336,2025-05-24 18:51:05.093524,2025-05-24 18:51:17.242561,0 days 00:00:12.149037,Adam,0.21455316319426088,,7.942210128287995e-05,,,,,25,,0.016913678756769586,,,PRUNED
689,689,39.583333333333336,2025-05-24 18:51:17.284827,2025-05-24 18:51:29.451079,0 days 00:00:12.166252,AdamW,0.19378150560517235,,,3.85274929578085e-05,,,,23,,,0.0006145822098101245,,PRUNED
690,690,50.0,2025-05-24 18:51:29.493042,2025-05-24 18:51:41.668686,0 days 00:00:12.175644,Adam,0.35519904706791655,,3.6025564839099085e-05,,,,,26,,0.03253338776059959,,,PRUNED
691,691,41.666666666666664,2025-05-24 18:51:41.711319,2025-05-24 18:51:53.862823,0 days 00:00:12.151504,Adam,0.24330252153382925,,4.524092858510841e-05,,,,,30,,0.013998881147076984,,,PRUNED
692,692,37.5,2025-05-24 18:51:53.906165,2025-05-24 18:52:06.084203,0 days 00:00:12.178038,Adam,0.16820719660515915,,2.7564710030971656e-05,,,,,25,,0.05347275288636773,,,PRUNED
693,693,66.66666666666667,2025-05-24 18:52:06.126040,2025-05-24 18:52:24.556222,0 days 00:00:18.430182,Adam,0.49918811288833004,,0.00012087081472062702,,,,,24,,0.02274435457777503,,,COMPLETE
694,694,47.916666666666664,2025-05-24 18:52:24.615968,2025-05-24 18:52:36.751024,0 days 00:00:12.135056,Adam,0.4974081408494113,,0.00015665762619894582,,,,,24,,0.035997026868137556,,,PRUNED
695,695,45.833333333333336,2025-05-24 18:52:36.792640,2025-05-24 18:52:48.913594,0 days 00:00:12.120954,Adam,0.28913615014823707,,0.00012601356270166674,,,,,24,,0.027977442887345057,,,PRUNED
696,696,45.833333333333336,2025-05-24 18:52:48.955501,2025-05-24 18:53:01.177360,0 days 00:00:12.221859,Adam,0.43309365576902936,,0.00011949359906619157,,,,,23,,0.04210903058606999,,,PRUNED
697,697,33.333333333333336,2025-05-24 18:53:01.219184,2025-05-24 18:53:13.354653,0 days 00:00:12.135469,Adam,0.32653796593115164,,0.000146021065541643,,,,,24,,0.030101761136264504,,,PRUNED
698,698,45.833333333333336,2025-05-24 18:53:13.404124,2025-05-24 18:53:25.566749,0 days 00:00:12.162625,Adam,0.48110393435597154,,0.00010761632889470289,,,,,24,,0.02460786474089067,,,PRUNED
699,699,60.416666666666664,2025-05-24 18:53:25.607613,2025-05-24 18:53:40.818560,0 days 00:00:15.210947,Adam,0.451822196399021,,0.00013497363319899168,,,,,25,,0.03942854219320053,,,COMPLETE
700,700,47.916666666666664,2025-05-24 18:53:40.876859,2025-05-24 18:53:46.909317,0 days 00:00:06.032458,Adam,0.311369646740526,,9.791625174990916e-05,,,,,21,,0.022534616559423556,,,PRUNED
701,701,41.666666666666664,2025-05-24 18:53:46.947754,2025-05-24 18:53:54.199993,0 days 00:00:07.252239,Adam,0.46712422621555005,,0.00016107582674956665,,,,,23,,0.06700319612016763,,,PRUNED
702,702,35.416666666666664,2025-05-24 18:53:54.237859,2025-05-24 18:54:00.346400,0 days 00:00:06.108541,AdamW,0.47898742673739625,,,0.0013638789891737891,,,,24,,,0.0016077082905350119,,PRUNED
703,703,54.166666666666664,2025-05-24 18:54:00.376217,2025-05-24 18:54:13.350623,0 days 00:00:12.974406,Adam,0.4715422428176376,,1.1657830343679044e-05,,,,,20,,0.044607327910484766,,,PRUNED
704,704,39.583333333333336,2025-05-24 18:54:13.393800,2025-05-24 18:54:25.702916,0 days 00:00:12.309116,Adam,0.2781255196585165,,0.00011443533644380988,,,,,25,,0.034016801690679506,,,PRUNED
705,705,33.333333333333336,2025-05-24 18:54:25.744957,2025-05-24 18:54:37.973534,0 days 00:00:12.228577,SGD,0.4218051257182245,,,,0.001985475868097146,0.906746083914058,True,22,,,,15.427127922782491,PRUNED
706,706,35.416666666666664,2025-05-24 18:54:38.016588,2025-05-24 18:54:50.185272,0 days 00:00:12.168684,Adam,0.4423559872364023,,0.00018353300671051975,,,,,19,,0.02070717177851002,,,PRUNED
707,707,45.833333333333336,2025-05-24 18:54:50.228748,2025-05-24 18:55:02.433061,0 days 00:00:12.204313,Adam,0.2583048319137018,,8.488856465139295e-05,,,,,25,,0.05539950885212515,,,PRUNED
708,708,66.66666666666667,2025-05-24 18:55:02.478440,2025-05-24 18:55:20.483891,0 days 00:00:18.005451,Adam,0.30570671944107397,,5.6941404605926795e-05,,,,,24,,0.010078135185856136,,,COMPLETE
709,709,33.333333333333336,2025-05-24 18:55:20.807148,2025-05-24 18:55:33.035287,0 days 00:00:12.228139,Adadelta,0.30807825784646037,63.762606999416136,,,,,,23,0.628943902267283,,,,PRUNED
710,710,47.916666666666664,2025-05-24 18:55:33.077718,2025-05-24 18:55:45.261389,0 days 00:00:12.183671,Adam,0.3062772131187801,,9.944590326297312e-05,,,,,23,,0.011252657934440588,,,PRUNED
711,711,39.583333333333336,2025-05-24 18:55:45.303286,2025-05-24 18:55:57.531000,0 days 00:00:12.227714,Adam,0.3215431627983428,,7.382402615069878e-05,,,,,22,,0.010117334086738958,,,PRUNED
712,712,43.75,2025-05-24 18:55:57.573201,2025-05-24 18:56:09.743705,0 days 00:00:12.170504,Adam,0.2898189322523223,,6.029668759949263e-05,,,,,24,,0.01203008042499586,,,PRUNED
713,713,64.58333333333333,2025-05-24 18:56:09.787362,2025-05-24 18:56:27.876052,0 days 00:00:18.088690,Adam,0.3025961685927835,,4.0715991046935935e-05,,,,,22,,0.011719641917025434,,,COMPLETE
714,714,50.0,2025-05-24 18:56:27.938577,2025-05-24 18:56:40.026633,0 days 00:00:12.088056,Adam,0.2971189520721827,,2.9806398599304915e-05,,,,,22,,0.011800722838767845,,,PRUNED
715,715,33.333333333333336,2025-05-24 18:56:40.068021,2025-05-24 18:56:52.127147,0 days 00:00:12.059126,Adam,0.3004218903715617,,2.490605354336606e-05,,,,,16,,0.012093279506716122,,,PRUNED
716,716,50.0,2025-05-24 18:56:52.164635,2025-05-24 18:56:59.073192,0 days 00:00:06.908557,Adam,0.3001718051558549,,3.660151079250098e-05,,,,,23,,0.013873891541667228,,,PRUNED
717,717,43.75,2025-05-24 18:56:59.110603,2025-05-24 18:57:03.262073,0 days 00:00:04.151470,Adam,0.3120149351829567,,4.1251037803323e-05,,,,,22,,0.010339489166379653,,,PRUNED
718,718,33.333333333333336,2025-05-24 18:57:03.291150,2025-05-24 18:57:07.275323,0 days 00:00:03.984173,AdamW,0.2856078799231956,,,0.07229691302477848,,,,21,,,0.0011506471318217981,,PRUNED
719,719,33.333333333333336,2025-05-24 18:57:07.315781,2025-05-24 18:57:16.165009,0 days 00:00:08.849228,Adam,0.2923369643211758,,3.6079914297249386e-05,,,,,20,,0.013227028457828903,,,PRUNED
720,720,60.416666666666664,2025-05-24 18:57:16.207090,2025-05-24 18:57:26.758333,0 days 00:00:10.551243,Adam,0.3045242458007922,,4.809416309162113e-05,,,,,21,,0.010254775543953798,,,COMPLETE
721,721,35.416666666666664,2025-05-24 18:57:26.813209,2025-05-24 18:57:38.613367,0 days 00:00:11.800158,Adam,0.27757682973445674,,4.244269744729645e-05,,,,,22,,0.014179680482915213,,,PRUNED
722,722,37.5,2025-05-24 18:57:38.655356,2025-05-24 18:57:50.830514,0 days 00:00:12.175158,Adam,0.3219197499605495,,0.00013837490326338886,,,,,22,,0.01226758634018379,,,PRUNED
723,723,39.583333333333336,2025-05-24 18:57:50.874119,2025-05-24 18:58:03.174543,0 days 00:00:12.300424,Adam,0.3128659569650316,,3.201534907192397e-05,,,,,2,,0.010194811898860316,,,PRUNED
724,724,45.833333333333336,2025-05-24 18:58:03.217133,2025-05-24 18:58:15.425388,0 days 00:00:12.208255,Adam,0.328561243533064,,5.183284481451792e-05,,,,,21,,0.01481041500267223,,,PRUNED
725,725,33.333333333333336,2025-05-24 18:58:15.467601,2025-05-24 18:58:27.685527,0 days 00:00:12.217926,Adam,0.2924169684129729,,0.00012199227148623496,,,,,23,,0.010105211843877476,,,PRUNED
726,726,39.583333333333336,2025-05-24 18:58:27.730233,2025-05-24 18:58:39.910557,0 days 00:00:12.180324,Adam,0.3158214881394106,,8.74203298484241e-05,,,,,12,,0.015737468491664665,,,PRUNED
727,727,45.833333333333336,2025-05-24 18:58:39.953747,2025-05-24 18:58:52.296962,0 days 00:00:12.343215,Adam,0.10775381205615447,,5.3974465193289944e-05,,,,,20,,0.012786972406797308,,,PRUNED
728,728,37.5,2025-05-24 18:58:52.340545,2025-05-24 18:59:04.454592,0 days 00:00:12.114047,Adam,0.3081102114870924,,4.307377019274595e-05,,,,,18,,0.14566272904229643,,,PRUNED
729,729,45.833333333333336,2025-05-24 18:59:04.497368,2025-05-24 18:59:16.725623,0 days 00:00:12.228255,Adam,0.33688241639146327,,3.369141686398645e-05,,,,,10,,0.01189047030004792,,,PRUNED
730,730,,2025-05-24 18:59:16.769444,2025-05-24 18:59:28.346159,0 days 00:00:11.576715,SGD,0.31620766030639963,,,,3.8954432196381955e-05,16.17701965544724,True,22,,,,0.07777022918144874,PRUNED
731,731,39.583333333333336,2025-05-24 18:59:28.388552,2025-05-24 18:59:40.510970,0 days 00:00:12.122418,AdamW,0.29555683722315057,,,0.00014403053608957436,,,,21,,,0.00028501765352245874,,PRUNED
732,732,33.333333333333336,2025-05-24 18:59:40.555341,2025-05-24 18:59:52.757162,0 days 00:00:12.201821,Adam,0.2781931571216911,,0.0012501529266704622,,,,,30,,0.01606552609524861,,,PRUNED
733,733,43.75,2025-05-24 18:59:52.801468,2025-05-24 19:00:04.824393,0 days 00:00:12.022925,Adam,0.45542888065501885,,6.372204440392548e-05,,,,,19,,0.010043977911541666,,,PRUNED
734,734,31.25,2025-05-24 19:00:04.867791,2025-05-24 19:00:16.597953,0 days 00:00:11.730162,Adadelta,0.3032168991918017,0.023454089469249123,,,,,,23,39.01029748323306,,,,PRUNED
735,735,35.416666666666664,2025-05-24 19:00:16.639858,2025-05-24 19:00:24.201165,0 days 00:00:07.561307,Adam,0.33345180412609043,,2.254146672191597e-05,,,,,29,,0.012627481026702839,,,PRUNED
736,736,43.75,2025-05-24 19:00:24.230660,2025-05-24 19:00:28.467709,0 days 00:00:04.237049,Adam,0.3430473565795992,,0.00018294349721795978,,,,,27,,0.01631812468083599,,,PRUNED
737,737,39.583333333333336,2025-05-24 19:00:28.510667,2025-05-24 19:00:36.833154,0 days 00:00:08.322487,Adam,0.31525744707772113,,0.0001113547189769568,,,,,11,,0.01240186104844429,,,PRUNED
738,738,45.833333333333336,2025-05-24 19:00:36.870509,2025-05-24 19:00:44.410794,0 days 00:00:07.540285,Adam,0.128553812687169,,7.461450982538369e-05,,,,,22,,0.014431327574841,,,PRUNED
739,739,39.583333333333336,2025-05-24 19:00:44.449738,2025-05-24 19:00:49.370551,0 days 00:00:04.920813,Adam,0.27061820505450096,,9.71589740929062e-05,,,,,19,,0.011824406842647768,,,PRUNED
740,740,43.75,2025-05-24 19:00:49.402945,2025-05-24 19:00:54.293239,0 days 00:00:04.890294,Adam,0.3648151089872238,,4.832024854115116e-05,,,,,31,,0.017978169187584124,,,PRUNED
741,741,37.5,2025-05-24 19:00:54.334932,2025-05-24 19:01:06.507942,0 days 00:00:12.173010,Adam,0.32951346052885,,5.837024125629481e-05,,,,,21,,0.19987664148403053,,,PRUNED
742,742,54.166666666666664,2025-05-24 19:01:06.550842,2025-05-24 19:01:24.894233,0 days 00:00:18.343391,Adam,0.31220693456292636,,7.810480033357709e-05,,,,,20,,0.11976688221264588,,,COMPLETE
743,743,35.416666666666664,2025-05-24 19:01:24.968115,2025-05-24 19:01:37.241097,0 days 00:00:12.272982,Adam,0.28499005579643905,,3.991671136091739e-05,,,,,26,,0.01001316553991361,,,PRUNED
744,744,47.916666666666664,2025-05-24 19:01:37.283896,2025-05-24 19:01:49.540793,0 days 00:00:12.256897,Adam,0.32266445226112367,,9.657951030026198e-05,,,,,0,,0.014352034704795687,,,PRUNED
745,745,43.75,2025-05-24 19:01:49.585377,2025-05-24 19:02:01.847446,0 days 00:00:12.262069,Adam,0.29867717880519346,,6.579272243122261e-05,,,,,23,,0.01854086931948884,,,PRUNED
746,746,33.333333333333336,2025-05-24 19:02:01.890982,2025-05-24 19:02:14.064093,0 days 00:00:12.173111,AdamW,0.2530947684414273,,,0.0008126782514486703,,,,24,,,0.0008665971621030953,,PRUNED
747,747,47.916666666666664,2025-05-24 19:02:14.107412,2025-05-24 19:02:26.306414,0 days 00:00:12.199002,Adam,0.26486427369521204,,0.00012930278455974297,,,,,30,,0.011784435676396575,,,PRUNED
748,748,45.833333333333336,2025-05-24 19:02:26.348460,2025-05-24 19:02:38.588338,0 days 00:00:12.239878,Adam,0.2992300345943664,,5.361392013383248e-05,,,,,9,,0.09478126954085997,,,PRUNED
749,749,37.5,2025-05-24 19:02:38.632182,2025-05-24 19:02:50.931800,0 days 00:00:12.299618,Adam,0.15481363959521535,,2.8866805512741047e-05,,,,,27,,0.014836680358163924,,,PRUNED
750,750,45.833333333333336,2025-05-24 19:02:50.973533,2025-05-24 19:03:03.242985,0 days 00:00:12.269452,Adam,0.49176984133586427,,8.610498884033446e-05,,,,,17,,0.2336545298469955,,,PRUNED
751,751,43.75,2025-05-24 19:03:03.286487,2025-05-24 19:03:15.482267,0 days 00:00:12.195780,Adam,0.3082921234642726,,7.394981974133535e-05,,,,,29,,0.01235760109332189,,,PRUNED
752,752,66.66666666666667,2025-05-24 19:03:15.528494,2025-05-24 19:03:33.729032,0 days 00:00:18.200538,Adam,0.2857512629885925,,4.5776996337143536e-05,,,,,23,,0.07849675341836707,,,COMPLETE
753,753,33.333333333333336,2025-05-24 19:03:33.789232,2025-05-24 19:03:45.577553,0 days 00:00:11.788321,Adam,0.2546816040797689,,0.021580844643259482,,,,,23,,0.08200414436785577,,,PRUNED
754,754,41.666666666666664,2025-05-24 19:03:45.615332,2025-05-24 19:03:53.092374,0 days 00:00:07.477042,Adam,0.28884685096494767,,4.3430660608270475e-05,,,,,23,,0.1629340827294148,,,PRUNED
755,755,,2025-05-24 19:03:53.121828,2025-05-24 19:03:57.249039,0 days 00:00:04.127211,SGD,0.26413613426275895,,,,1.0789003885102441e-05,58.18416596141089,False,22,,,,0.018229535724558824,PRUNED
756,756,39.583333333333336,2025-05-24 19:03:57.291434,2025-05-24 19:04:07.049958,0 days 00:00:09.758524,Adam,0.2892661091959333,,3.435026048576933e-05,,,,,23,,0.08056504098972406,,,PRUNED
757,757,43.75,2025-05-24 19:04:07.087426,2025-05-24 19:04:12.773877,0 days 00:00:05.686451,Adam,0.27619109279531967,,0.00014850259840509835,,,,,24,,0.10694239788649983,,,PRUNED
758,758,47.916666666666664,2025-05-24 19:04:12.804118,2025-05-24 19:04:17.274059,0 days 00:00:04.469941,Adam,0.27603189549557344,,3.7679952670835004e-05,,,,,22,,0.1107160919191596,,,PRUNED
759,759,45.833333333333336,2025-05-24 19:04:17.316145,2025-05-24 19:04:29.515253,0 days 00:00:12.199108,AdamW,0.1487750015336228,,,0.0001098421724943919,,,,24,,,0.0021179057295140314,,PRUNED
760,760,39.583333333333336,2025-05-24 19:04:29.557327,2025-05-24 19:04:41.700221,0 days 00:00:12.142894,Adam,0.2788236729341913,,0.00010873784312056857,,,,,23,,0.14368497880498945,,,PRUNED
761,761,41.666666666666664,2025-05-24 19:04:41.743444,2025-05-24 19:04:53.956115,0 days 00:00:12.212671,Adadelta,0.16206467444794231,0.010541827301871021,,,,,,24,0.273397661750204,,,,PRUNED
762,762,33.333333333333336,2025-05-24 19:04:53.999988,2025-05-24 19:05:06.165714,0 days 00:00:12.165726,Adam,0.18105319746567247,,2.5451929918293276e-05,,,,,25,,0.1884196823616294,,,PRUNED
763,763,50.0,2025-05-24 19:05:06.210048,2025-05-24 19:05:18.351559,0 days 00:00:12.141511,Adam,0.2918146478236591,,4.793817213152926e-05,,,,,28,,0.04849293546921119,,,PRUNED
764,764,45.833333333333336,2025-05-24 19:05:18.396594,2025-05-24 19:05:30.644940,0 days 00:00:12.248346,Adam,0.2832855672747266,,5.9857470894119074e-05,,,,,13,,0.0915164263815109,,,PRUNED
765,765,33.333333333333336,2025-05-24 19:05:30.689030,2025-05-24 19:05:42.829067,0 days 00:00:12.140037,Adam,0.24430168092842164,,0.000793097128897029,,,,,23,,0.05335836971576293,,,PRUNED
766,766,47.916666666666664,2025-05-24 19:05:42.871634,2025-05-24 19:05:55.096676,0 days 00:00:12.225042,Adam,0.29797377897340876,,0.0002113510584983918,,,,,24,,0.043840662803862,,,PRUNED
767,767,29.166666666666668,2025-05-24 19:05:55.140692,2025-05-24 19:06:07.389080,0 days 00:00:12.248388,Adam,0.17626886459936253,,9.729454657322404e-05,,,,,26,,35.94717500200127,,,PRUNED
768,768,39.583333333333336,2025-05-24 19:06:07.432721,2025-05-24 19:06:19.642790,0 days 00:00:12.210069,Adam,0.22986499880345423,,0.00012471669079814368,,,,,14,,0.0631079388723954,,,PRUNED
769,769,43.75,2025-05-24 19:06:19.687443,2025-05-24 19:06:31.869794,0 days 00:00:12.182351,Adam,0.21802630204349813,,3.1821489380859064e-05,,,,,28,,0.15849675569304508,,,PRUNED
770,770,41.666666666666664,2025-05-24 19:06:31.913452,2025-05-24 19:06:44.111132,0 days 00:00:12.197680,Adam,0.2028060244994112,,6.685788736917877e-05,,,,,27,,0.10712770920887492,,,PRUNED
771,771,43.75,2025-05-24 19:06:44.156661,2025-05-24 19:06:56.449898,0 days 00:00:12.293237,Adam,0.18615328059275152,,5.037936581170845e-05,,,,,8,,0.07558556670940242,,,PRUNED
772,772,45.833333333333336,2025-05-24 19:06:56.493824,2025-05-24 19:07:08.564429,0 days 00:00:12.070605,AdamW,0.3030884311948063,,,1.9932111066373883e-05,,,,29,,,0.0004642750770737135,,PRUNED
773,773,52.083333333333336,2025-05-24 19:07:08.607805,2025-05-24 19:07:22.448376,0 days 00:00:13.840571,Adam,0.20699294089745365,,7.834337284855908e-05,,,,,30,,0.034259897850594384,,,PRUNED
774,774,62.5,2025-05-24 19:07:22.492317,2025-05-24 19:07:33.564341,0 days 00:00:11.072024,Adam,0.1682782348124022,,0.00017499842645869336,,,,,26,,0.1318231225237437,,,COMPLETE
775,775,45.833333333333336,2025-05-24 19:07:33.626071,2025-05-24 19:07:43.051476,0 days 00:00:09.425405,Adam,0.15027778635462707,,0.00016189094555355287,,,,,25,,0.05901765601757647,,,PRUNED
776,776,33.333333333333336,2025-05-24 19:07:43.083462,2025-05-24 19:07:46.947973,0 days 00:00:03.864511,Adam,0.1404176870327827,,0.00018312931527145621,,,,,23,,0.5084256190393474,,,PRUNED
777,777,33.333333333333336,2025-05-24 19:07:46.979584,2025-05-24 19:07:51.822609,0 days 00:00:04.843025,Adam,0.16520253189807743,,0.0001492930904143928,,,,,26,,0.8714086389239597,,,PRUNED
778,778,47.916666666666664,2025-05-24 19:07:51.866674,2025-05-24 19:08:04.180258,0 days 00:00:12.313584,Adam,0.16946755014199957,,0.0001277511878078317,,,,,25,,0.6418320208752629,,,PRUNED
779,779,33.333333333333336,2025-05-24 19:08:04.225387,2025-05-24 19:08:16.460558,0 days 00:00:12.235171,Adam,0.21963121553314466,,0.00015621227233957304,,,,,15,,0.04097881396262392,,,PRUNED
780,780,33.333333333333336,2025-05-24 19:08:16.504823,2025-05-24 19:08:28.791326,0 days 00:00:12.286503,Adam,0.25208966040240927,,0.00022918517864965203,,,,,24,,0.054379072513030376,,,PRUNED
781,781,45.833333333333336,2025-05-24 19:08:28.835748,2025-05-24 19:08:41.090558,0 days 00:00:12.254810,Adam,0.23774408438427813,,0.00011810744906411112,,,,,26,,0.12312731951620154,,,PRUNED
782,782,41.666666666666664,2025-05-24 19:08:41.135664,2025-05-24 19:08:53.438078,0 days 00:00:12.302414,Adam,0.40744850100399127,,0.00010594341320769045,,,,,22,,0.036722027332725386,,,PRUNED
783,783,33.333333333333336,2025-05-24 19:08:53.482966,2025-05-24 19:09:05.675016,0 days 00:00:12.192050,Adam,0.027225641865991412,,0.0001265474408457779,,,,,23,,0.02784008732716714,,,PRUNED
784,784,,2025-05-24 19:09:05.718342,2025-05-24 19:09:17.106032,0 days 00:00:11.387690,SGD,0.3788567041855069,,,,0.04575743442134015,30.04824132413861,True,25,,,,0.22970498890109867,PRUNED
785,785,60.416666666666664,2025-05-24 19:09:17.148739,2025-05-24 19:09:35.478565,0 days 00:00:18.329826,Adadelta,0.26629534685273043,0.1497292426268364,,,,,,24,0.012662376763341998,,,,COMPLETE
786,786,41.666666666666664,2025-05-24 19:09:35.539177,2025-05-24 19:09:47.768671,0 days 00:00:12.229494,Adam,0.16110974496023645,,9.571292377849591e-05,,,,,26,,0.01771097731801626,,,PRUNED
787,787,39.583333333333336,2025-05-24 19:09:47.811887,2025-05-24 19:10:00.092042,0 days 00:00:12.280155,AdamW,0.46315162383573527,,,0.0002688523401161521,,,,22,,,0.0012618819820043878,,PRUNED
788,788,60.416666666666664,2025-05-24 19:10:00.134686,2025-05-24 19:10:18.124130,0 days 00:00:17.989444,Adam,0.1727499480249204,,0.0001808047876068337,,,,,24,,0.0617892696579279,,,COMPLETE
789,789,33.333333333333336,2025-05-24 19:10:18.185919,2025-05-24 19:10:30.412631,0 days 00:00:12.226712,Adam,0.2831485615030306,,0.00010582554391464765,,,,,16,,0.07264881427271389,,,PRUNED
790,790,45.833333333333336,2025-05-24 19:10:30.456179,2025-05-24 19:10:42.634959,0 days 00:00:12.178780,Adam,0.4853500469300065,,8.795939501508651e-05,,,,,25,,0.046272986679053156,,,PRUNED
791,791,45.833333333333336,2025-05-24 19:10:42.677536,2025-05-24 19:10:51.810901,0 days 00:00:09.133365,Adam,0.19638746461493484,,0.00014604730350646853,,,,,9,,0.021597248726340782,,,PRUNED
792,792,50.0,2025-05-24 19:10:51.842849,2025-05-24 19:10:57.842268,0 days 00:00:05.999419,Adam,0.22959706455360313,,8.322517993015223e-05,,,,,29,,0.029700201612467895,,,PRUNED
793,793,45.833333333333336,2025-05-24 19:10:57.872512,2025-05-24 19:11:04.184039,0 days 00:00:06.311527,Adam,0.2964542566472959,,0.00013291846568074585,,,,,26,,0.014329461873221554,,,PRUNED
794,794,43.75,2025-05-24 19:11:04.226717,2025-05-24 19:11:14.809759,0 days 00:00:10.583042,Adam,0.21447722741989222,,0.00010821442309785253,,,,,27,,0.036574540856842475,,,PRUNED
795,795,43.75,2025-05-24 19:11:14.890020,2025-05-24 19:11:19.643360,0 days 00:00:04.753340,Adam,0.1846836376078825,,7.743694877454456e-05,,,,,29,,0.01190344195219063,,,PRUNED
796,796,35.416666666666664,2025-05-24 19:11:19.687742,2025-05-24 19:11:32.065840,0 days 00:00:12.378098,Adam,0.20189924669184314,,0.0005497373046666892,,,,,22,,0.5784924034916527,,,PRUNED
797,797,33.333333333333336,2025-05-24 19:11:32.109718,2025-05-24 19:11:44.430523,0 days 00:00:12.320805,Adam,0.24249272232287344,,0.00020320990042091276,,,,,10,,0.08579020840911192,,,PRUNED
798,798,47.916666666666664,2025-05-24 19:11:44.475082,2025-05-24 19:11:56.750199,0 days 00:00:12.275117,Adam,0.19088742462597716,,6.179071699714906e-05,,,,,23,,0.1352917988609428,,,PRUNED
799,799,47.916666666666664,2025-05-24 19:11:56.794660,2025-05-24 19:12:09.000949,0 days 00:00:12.206289,Adam,0.1736315389384602,,4.123396549529521e-05,,,,,25,,0.0182170738885454,,,PRUNED
800,800,33.333333333333336,2025-05-24 19:12:09.045237,2025-05-24 19:12:21.314523,0 days 00:00:12.269286,AdamW,0.2700065183498753,,,0.019574673554331356,,,,30,,,0.008501781240873578,,PRUNED
801,801,37.5,2025-05-24 19:12:21.358458,2025-05-24 19:12:33.668229,0 days 00:00:12.309771,Adam,0.22690142072338443,,9.463323721909218e-05,,,,,24,,0.016129613673408046,,,PRUNED
802,802,39.583333333333336,2025-05-24 19:12:33.713726,2025-05-24 19:12:45.905799,0 days 00:00:12.192073,Adam,0.2123229998558862,,0.0001738018392413324,,,,,28,,0.024129479086813274,,,PRUNED
803,803,39.583333333333336,2025-05-24 19:12:45.948905,2025-05-24 19:12:58.172043,0 days 00:00:12.223138,Adam,0.3058641200033248,,0.00011893263437472303,,,,,27,,0.010011448663065317,,,PRUNED
804,804,45.833333333333336,2025-05-24 19:12:58.216046,2025-05-24 19:13:10.451764,0 days 00:00:12.235718,Adam,0.1796223241739529,,7.257187832356956e-05,,,,,26,,0.04382188576035998,,,PRUNED
805,805,,2025-05-24 19:13:10.496112,2025-05-24 19:13:22.142450,0 days 00:00:11.646338,SGD,0.1581916969872811,,,,0.004713715697821649,41.90034091009948,False,31,,,,4.524282534590247,PRUNED
806,806,39.583333333333336,2025-05-24 19:13:22.186537,2025-05-24 19:13:34.380288,0 days 00:00:12.193751,Adam,0.19756807762749656,,5.244453114676543e-05,,,,,27,,0.02983541538736786,,,PRUNED
807,807,45.833333333333336,2025-05-24 19:13:34.426229,2025-05-24 19:13:46.673406,0 days 00:00:12.247177,Adam,0.20762955705190447,,9.260921226249303e-05,,,,,24,,0.013543811523725692,,,PRUNED
808,808,33.333333333333336,2025-05-24 19:13:46.719572,2025-05-24 19:13:58.862653,0 days 00:00:12.143081,Adadelta,0.1888392630455574,1.978958677065754,,,,,,25,0.1125379762625915,,,,PRUNED
809,809,39.583333333333336,2025-05-24 19:13:58.907580,2025-05-24 19:14:11.075643,0 days 00:00:12.168063,Adam,0.251392581331769,,0.00013961015733969935,,,,,28,,0.7786105017432342,,,PRUNED
810,810,47.916666666666664,2025-05-24 19:14:11.120797,2025-05-24 19:14:23.570212,0 days 00:00:12.449415,Adam,0.22198533984199176,,3.893420715484076e-05,,,,,23,,0.019951895178683208,,,PRUNED
811,811,43.75,2025-05-24 19:14:23.614185,2025-05-24 19:14:33.479316,0 days 00:00:09.865131,Adam,0.28812120662315865,,0.0003704829827045418,,,,,29,,0.01165296143792563,,,PRUNED
812,812,33.333333333333336,2025-05-24 19:14:33.522505,2025-05-24 19:14:45.581358,0 days 00:00:12.058853,Adam,0.17169010319105288,,6.463271819597613e-05,,,,,25,,0.06928088805046628,,,PRUNED
813,813,35.416666666666664,2025-05-24 19:14:45.625059,2025-05-24 19:14:54.578474,0 days 00:00:08.953415,Adam,0.3506031953481091,,3.264145236435784e-05,,,,,28,,0.09713919518546774,,,PRUNED
814,814,33.333333333333336,2025-05-24 19:14:54.615627,2025-05-24 19:15:05.504435,0 days 00:00:10.888808,AdamW,0.3215752126399597,,,0.0004575889784933258,,,,23,,,0.006762506662399813,,PRUNED
815,815,33.333333333333336,2025-05-24 19:15:05.549341,2025-05-24 19:15:17.865217,0 days 00:00:12.315876,Adam,0.18308136901072491,,0.00025626884572560883,,,,,24,,0.43931021963517286,,,PRUNED
816,816,39.583333333333336,2025-05-24 19:15:17.909067,2025-05-24 19:15:30.205484,0 days 00:00:12.296417,Adam,0.13860537779163093,,0.00011077599714646548,,,,,26,,0.010210134766951824,,,PRUNED
817,817,39.583333333333336,2025-05-24 19:15:30.249826,2025-05-24 19:15:42.481579,0 days 00:00:12.231753,Adam,0.23721217874169287,,4.613448015670471e-05,,,,,22,,0.03487489091047805,,,PRUNED
818,818,45.833333333333336,2025-05-24 19:15:42.529131,2025-05-24 19:15:54.725035,0 days 00:00:12.195904,Adam,0.26089239563514766,,7.163044527864405e-05,,,,,27,,5.696827316447176,,,PRUNED
819,819,43.75,2025-05-24 19:15:54.768327,2025-05-24 19:16:07.226044,0 days 00:00:12.457717,Adam,0.20078712952459277,,8.417915831163929e-05,,,,,30,,0.27214326834610875,,,PRUNED
820,820,39.583333333333336,2025-05-24 19:16:07.268613,2025-05-24 19:16:19.728490,0 days 00:00:12.459877,Adam,0.1625662292494928,,5.674944273021493e-05,,,,,26,,0.013983381021925003,,,PRUNED
821,821,33.333333333333336,2025-05-24 19:16:19.772758,2025-05-24 19:16:32.121676,0 days 00:00:12.348918,Adam,0.21279792814612472,,2.0339324702171908e-05,,,,,29,,0.02564481720300969,,,PRUNED
822,822,43.75,2025-05-24 19:16:32.166483,2025-05-24 19:16:44.484167,0 days 00:00:12.317684,Adam,0.3072659454787515,,9.820626515240047e-05,,,,,28,,0.018050061529464007,,,PRUNED
823,823,29.166666666666668,2025-05-24 19:16:44.529064,2025-05-24 19:16:56.759080,0 days 00:00:12.230016,Adam,0.42119367702866234,,4.6005060222778794e-05,,,,,22,,11.988422251057056,,,PRUNED
824,824,33.333333333333336,2025-05-24 19:16:56.802918,2025-05-24 19:17:09.140257,0 days 00:00:12.337339,Adam,0.18985941942372067,,0.00014137429786954608,,,,,27,,0.012028277018171876,,,PRUNED
825,825,33.333333333333336,2025-05-24 19:17:09.188410,2025-05-24 19:17:21.441570,0 days 00:00:12.253160,Adam,0.4999616289999235,,2.7996873114222114e-05,,,,,29,,0.01004100237255459,,,PRUNED
826,826,33.333333333333336,2025-05-24 19:17:21.499098,2025-05-24 19:17:33.747247,0 days 00:00:12.248149,AdamW,0.2056140500915666,,,0.009254280987176558,,,,25,,,0.0003595091219227392,,PRUNED
827,827,41.666666666666664,2025-05-24 19:17:33.791614,2025-05-24 19:17:46.088605,0 days 00:00:12.296991,Adam,0.004033805111240574,,8.139804276515266e-05,,,,,6,,0.05095837280424276,,,PRUNED
828,828,45.833333333333336,2025-05-24 19:17:46.132605,2025-05-24 19:17:52.936152,0 days 00:00:06.803547,Adam,0.298625511969785,,6.1478830043886e-05,,,,,11,,0.015152103230567992,,,PRUNED
829,829,35.416666666666664,2025-05-24 19:17:52.980904,2025-05-24 19:17:57.473229,0 days 00:00:04.492325,Adam,0.222699237817741,,3.5306491897403164e-05,,,,,18,,0.04191178829068304,,,PRUNED
830,830,41.666666666666664,2025-05-24 19:17:57.516503,2025-05-24 19:18:02.723181,0 days 00:00:05.206678,Adam,0.44667828717679503,,0.00011740065341981078,,,,,24,,0.02129090607553583,,,PRUNED
831,831,43.75,2025-05-24 19:18:02.753560,2025-05-24 19:18:08.345202,0 days 00:00:05.591642,Adam,0.24454328866478456,,0.00016290868549322197,,,,,23,,0.030971749183365267,,,PRUNED
832,832,,2025-05-24 19:18:08.385080,2025-05-24 19:18:16.156308,0 days 00:00:07.771228,SGD,0.15073388686891906,,,,2.035558914345127e-05,23.66717737643841,True,30,,,,2.265023441909572,PRUNED
833,833,29.166666666666668,2025-05-24 19:18:16.187720,2025-05-24 19:18:20.135862,0 days 00:00:03.948142,Adadelta,0.1812315575631536,0.06915341213733132,,,,,,5,3.2461856992464515,,,,PRUNED
834,834,41.666666666666664,2025-05-24 19:18:20.167018,2025-05-24 19:18:26.360211,0 days 00:00:06.193193,Adam,0.19702290726401564,,7.138690564756539e-05,,,,,26,,0.6346397127394993,,,PRUNED
835,835,33.333333333333336,2025-05-24 19:18:26.404640,2025-05-24 19:18:38.646948,0 days 00:00:12.242308,Adam,0.27423130165799137,,0.0038402575198516298,,,,,17,,0.016061520662108888,,,PRUNED
836,836,62.5,2025-05-24 19:18:38.690960,2025-05-24 19:18:57.049115,0 days 00:00:18.358155,Adam,0.17139456463730623,,5.323536038517514e-05,,,,,28,,0.012525175524689043,,,COMPLETE
837,837,47.916666666666664,2025-05-24 19:18:57.112548,2025-05-24 19:19:09.335023,0 days 00:00:12.222475,Adam,0.1896559452010343,,8.974217116874255e-05,,,,,28,,0.17268111556210142,,,PRUNED
838,838,37.5,2025-05-24 19:19:09.378925,2025-05-24 19:19:21.641674,0 days 00:00:12.262749,Adam,0.3603317102290693,,0.00011603745493405533,,,,,24,,0.026544999919003717,,,PRUNED
839,839,45.833333333333336,2025-05-24 19:19:21.686050,2025-05-24 19:19:33.920005,0 days 00:00:12.233955,Adam,0.23498770549943987,,3.906914648686183e-05,,,,,27,,0.040592345292903356,,,PRUNED
840,840,33.333333333333336,2025-05-24 19:19:33.964208,2025-05-24 19:19:46.168810,0 days 00:00:12.204602,AdamW,0.29169663825797104,,,0.0026917931561001823,,,,29,,,0.0033370493365736257,,PRUNED
841,841,43.75,2025-05-24 19:19:46.215517,2025-05-24 19:19:58.438238,0 days 00:00:12.222721,Adam,0.31829623027232445,,6.470365389547559e-05,,,,,21,,0.5164135953647522,,,PRUNED
842,842,43.75,2025-05-24 19:19:58.482097,2025-05-24 19:20:10.852608,0 days 00:00:12.370511,Adam,0.21304400988563824,,4.873584758824478e-05,,,,,12,,0.012343113136019393,,,PRUNED
843,843,33.333333333333336,2025-05-24 19:20:10.896908,2025-05-24 19:20:23.195686,0 days 00:00:12.298778,Adam,0.22833033789730137,,8.251819690711562e-05,,,,,10,,0.020851581361556827,,,PRUNED
844,844,47.916666666666664,2025-05-24 19:20:23.239473,2025-05-24 19:20:35.429067,0 days 00:00:12.189594,Adam,0.1650702715874008,,0.00010093253880187516,,,,,25,,0.014289969569475909,,,PRUNED
845,845,33.333333333333336,2025-05-24 19:20:35.472558,2025-05-24 19:20:47.620161,0 days 00:00:12.147603,Adam,0.19814427905271817,,0.0022839904521462884,,,,,30,,2.099137555565672,,,PRUNED
846,846,35.416666666666664,2025-05-24 19:20:47.664864,2025-05-24 19:21:00.008891,0 days 00:00:12.344027,Adam,0.18425104503253678,,0.00013508251397735093,,,,,26,,0.01011446014219594,,,PRUNED
847,847,43.75,2025-05-24 19:21:00.053190,2025-05-24 19:21:11.673468,0 days 00:00:11.620278,Adam,0.34250790129530695,,5.7303863820069006e-05,,,,,22,,0.3800039300702908,,,PRUNED
848,848,50.0,2025-05-24 19:21:11.717531,2025-05-24 19:21:23.007117,0 days 00:00:11.289586,Adam,0.2585924465241434,,7.184019720547662e-05,,,,,23,,0.03279733085712183,,,PRUNED
849,849,45.833333333333336,2025-05-24 19:21:23.039275,2025-05-24 19:21:26.930027,0 days 00:00:03.890752,Adam,0.17567277677165094,,4.225995463174939e-05,,,,,21,,0.05964202807271656,,,PRUNED
850,850,66.66666666666667,2025-05-24 19:21:26.960364,2025-05-24 19:21:35.519833,0 days 00:00:08.559469,Adam,0.20868906796587666,,0.0001786918888601742,,,,,27,,0.23645171189538922,,,COMPLETE
851,851,39.583333333333336,2025-05-24 19:21:35.563954,2025-05-24 19:21:43.957360,0 days 00:00:08.393406,Adam,0.21298649906672343,,0.00010183265118057574,,,,,28,,0.22040675142482574,,,PRUNED
852,852,35.416666666666664,2025-05-24 19:21:43.995727,2025-05-24 19:21:51.038430,0 days 00:00:07.042703,Adam,0.21049292749054072,,8.418305166389323e-05,,,,,28,,0.01725477961981363,,,PRUNED
853,853,45.833333333333336,2025-05-24 19:21:51.084509,2025-05-24 19:21:55.675675,0 days 00:00:04.591166,AdamW,0.20406530160753722,,,0.00016674760084365453,,,,27,,,0.0001861420453448684,,PRUNED
854,854,35.416666666666664,2025-05-24 19:21:55.707642,2025-05-24 19:22:03.956198,0 days 00:00:08.248556,Adam,0.21998365622956148,,5.638001169175228e-05,,,,,27,,0.28848689681357137,,,PRUNED
855,855,,2025-05-24 19:22:04.002122,2025-05-24 19:22:15.359509,0 days 00:00:11.357387,SGD,0.226425866779471,,,,0.05376945094823414,69.8827731225153,False,28,,,,95.07857103034446,PRUNED
856,856,41.666666666666664,2025-05-24 19:22:15.404622,2025-05-24 19:22:27.671023,0 days 00:00:12.266401,Adam,0.21807569173980362,,3.0636760258766765e-05,,,,,29,,0.3146337110188266,,,PRUNED
857,857,33.333333333333336,2025-05-24 19:22:27.715473,2025-05-24 19:22:39.913514,0 days 00:00:12.198041,Adadelta,0.2051978210552424,3.30076910624342,,,,,,31,0.5569287932199386,,,,PRUNED
858,858,41.666666666666664,2025-05-24 19:22:39.957571,2025-05-24 19:22:52.268827,0 days 00:00:12.311256,Adam,0.23305951781978476,,6.945784318757285e-05,,,,,29,,0.25893702339885544,,,PRUNED
859,859,39.583333333333336,2025-05-24 19:22:52.315040,2025-05-24 19:23:04.618799,0 days 00:00:12.303759,Adam,0.3974764906878348,,4.591172467822219e-05,,,,,27,,0.38593823399509275,,,PRUNED
860,860,52.083333333333336,2025-05-24 19:23:04.663152,2025-05-24 19:23:19.220376,0 days 00:00:14.557224,Adam,0.20281259058575465,,0.00011926340201507612,,,,,28,,0.19894542542204724,,,PRUNED
861,861,35.416666666666664,2025-05-24 19:23:19.265271,2025-05-24 19:23:31.565049,0 days 00:00:12.299778,Adam,0.19455993755164613,,9.067961870754061e-05,,,,,18,,0.25822947775665656,,,PRUNED
862,862,43.75,2025-05-24 19:23:31.610624,2025-05-24 19:23:43.902435,0 days 00:00:12.291811,Adam,0.24375136309642492,,6.214449407808901e-05,,,,,23,,0.3245961062375518,,,PRUNED
863,863,52.083333333333336,2025-05-24 19:23:43.951256,2025-05-24 19:23:59.746670,0 days 00:00:15.795414,Adam,0.21633315925442687,,3.663375192665741e-05,,,,,21,,0.010023871878238234,,,PRUNED
864,864,52.083333333333336,2025-05-24 19:23:59.791821,2025-05-24 19:24:15.407133,0 days 00:00:15.615312,Adam,0.22487280919451186,,7.598542081975159e-05,,,,,24,,0.023511108993026875,,,PRUNED
865,865,33.333333333333336,2025-05-24 19:24:15.451901,2025-05-24 19:24:27.777017,0 days 00:00:12.325116,Adam,0.20721742940811125,,0.0015481078942575287,,,,,28,,0.01509138846050759,,,PRUNED
866,866,41.666666666666664,2025-05-24 19:24:27.821908,2025-05-24 19:24:40.081350,0 days 00:00:12.259442,Adam,0.28548910905250385,,0.00014166342863877363,,,,,27,,0.444577793147201,,,PRUNED
867,867,35.416666666666664,2025-05-24 19:24:40.126803,2025-05-24 19:24:52.355618,0 days 00:00:12.228815,AdamW,0.3074728776512167,,,0.0504394495524317,,,,8,,,0.0001188900468872344,,PRUNED
868,868,47.916666666666664,2025-05-24 19:24:52.401167,2025-05-24 19:25:04.248020,0 days 00:00:11.846853,Adam,0.19473511498548432,,0.00010401864561547016,,,,,29,,0.012121992272061581,,,PRUNED
869,869,43.75,2025-05-24 19:25:04.289204,2025-05-24 19:25:09.139989,0 days 00:00:04.850785,Adam,0.21647997691753942,,0.00020536307568557398,,,,,22,,3.3047260848068785,,,PRUNED
870,870,47.916666666666664,2025-05-24 19:25:09.185040,2025-05-24 19:25:21.119610,0 days 00:00:11.934570,Adam,0.32955057554137623,,5.080896909823934e-05,,,,,9,,0.03767695007208633,,,PRUNED
871,871,41.666666666666664,2025-05-24 19:25:21.159735,2025-05-24 19:25:28.464665,0 days 00:00:07.304930,Adam,0.24778268251721658,,2.6284707271941966e-05,,,,,11,,0.027633811427283272,,,PRUNED
872,872,47.916666666666664,2025-05-24 19:25:28.507257,2025-05-24 19:25:39.397700,0 days 00:00:10.890443,Adam,0.2342442033261892,,6.481468460746067e-05,,,,,30,,0.019178861550911364,,,PRUNED
873,873,41.666666666666664,2025-05-24 19:25:39.441429,2025-05-24 19:25:51.669200,0 days 00:00:12.227771,Adam,0.2959497027688832,,8.245684639703781e-05,,,,,27,,0.012162979568301391,,,PRUNED
874,874,35.416666666666664,2025-05-24 19:25:51.713560,2025-05-24 19:26:03.871893,0 days 00:00:12.158333,Adam,0.3737885713884572,,4.2586935557021896e-05,,,,,28,,0.22357180367185422,,,PRUNED
875,875,47.916666666666664,2025-05-24 19:26:03.915401,2025-05-24 19:26:16.255144,0 days 00:00:12.339743,Adam,0.19648821503976205,,0.00012434591088729345,,,,,29,,0.048636535442920154,,,PRUNED
876,876,33.333333333333336,2025-05-24 19:26:16.299502,2025-05-24 19:26:28.532537,0 days 00:00:12.233035,Adam,0.2093848145820872,,0.007020013357293128,,,,,22,,1.2693571795128362,,,PRUNED
877,877,,2025-05-24 19:26:28.578285,2025-05-24 19:26:39.994623,0 days 00:00:11.416338,SGD,0.3155802372026776,,,,0.00027127770693665136,52.27159665759572,True,23,,,,36.21146392719398,PRUNED
878,878,33.333333333333336,2025-05-24 19:26:40.038861,2025-05-24 19:26:52.333457,0 days 00:00:12.294596,Adam,0.18909704374037076,,0.000986514892414472,,,,,28,,0.01427559325959412,,,PRUNED
879,879,33.333333333333336,2025-05-24 19:26:52.377592,2025-05-24 19:27:04.588129,0 days 00:00:12.210537,Adam,0.27996131640551336,,5.436745912791479e-05,,,,,14,,0.03132538598831859,,,PRUNED
880,880,35.416666666666664,2025-05-24 19:27:04.632957,2025-05-24 19:27:16.895144,0 days 00:00:12.262187,AdamW,0.22234589889149234,,,6.395849341154337e-05,,,,2,,,0.0020674809623071264,,PRUNED
881,881,37.5,2025-05-24 19:27:16.940135,2025-05-24 19:27:29.197527,0 days 00:00:12.257392,Adam,0.2079593320461042,,0.00015743059707319347,,,,,24,,0.02412676206407854,,,PRUNED
882,882,41.666666666666664,2025-05-24 19:27:29.241679,2025-05-24 19:27:41.470201,0 days 00:00:12.228522,Adadelta,0.20020627210278977,0.25027056951257204,,,,,,26,0.01825808287795012,,,,PRUNED
883,883,45.833333333333336,2025-05-24 19:27:41.514158,2025-05-24 19:27:53.743484,0 days 00:00:12.229326,Adam,0.25456283908832544,,0.00010181469167086733,,,,,21,,0.01693638190725445,,,PRUNED
884,884,47.916666666666664,2025-05-24 19:27:53.789133,2025-05-24 19:28:05.987947,0 days 00:00:12.198814,Adam,0.19006126187851424,,7.737548716768924e-05,,,,,27,,0.010110613563533979,,,PRUNED
885,885,41.666666666666664,2025-05-24 19:28:06.032380,2025-05-24 19:28:18.159699,0 days 00:00:12.127319,Adam,0.270491471020007,,3.5416255777472364e-05,,,,,29,,0.7128861245739524,,,PRUNED
886,886,50.0,2025-05-24 19:28:18.205234,2025-05-24 19:28:33.907076,0 days 00:00:15.701842,Adam,0.2338309366329317,,6.353410568053761e-05,,,,,23,,0.3588293249509004,,,PRUNED
887,887,33.333333333333336,2025-05-24 19:28:33.952606,2025-05-24 19:28:41.783396,0 days 00:00:07.830790,Adam,0.41225061746312197,,8.928350089241283e-05,,,,,25,,0.49234064662161225,,,PRUNED
888,888,47.916666666666664,2025-05-24 19:28:41.815268,2025-05-24 19:28:46.411045,0 days 00:00:04.595777,Adam,0.216759915101721,,4.43702639401647e-05,,,,,17,,0.03691556684933385,,,PRUNED
889,889,58.333333333333336,2025-05-24 19:28:46.456171,2025-05-24 19:29:01.290948,0 days 00:00:14.834777,Adam,0.19744580532776443,,0.00012024413435580398,,,,,30,,0.013036631542574267,,,COMPLETE
890,890,43.75,2025-05-24 19:29:01.336927,2025-05-24 19:29:05.537197,0 days 00:00:04.200270,Adam,0.43513476906682647,,5.380853115202112e-05,,,,,24,,0.021765721276482203,,,PRUNED
891,891,45.833333333333336,2025-05-24 19:29:05.567552,2025-05-24 19:29:09.733788,0 days 00:00:04.166236,Adam,0.3032055625546318,,7.299731727451466e-05,,,,,27,,0.017083879607454083,,,PRUNED
892,892,54.166666666666664,2025-05-24 19:29:09.764581,2025-05-24 19:29:19.902704,0 days 00:00:10.138123,Adam,0.18567705769474085,,9.149041578680277e-05,,,,,28,,0.012550874962374874,,,PRUNED
893,893,45.833333333333336,2025-05-24 19:29:19.949066,2025-05-24 19:29:32.268956,0 days 00:00:12.319890,Adam,0.20709640081976713,,0.00014472765220792993,,,,,29,,0.028877027388082975,,,PRUNED
894,894,43.75,2025-05-24 19:29:32.313970,2025-05-24 19:29:44.497047,0 days 00:00:12.183077,AdamW,0.22954372125000744,,,4.6401215569898905e-05,,,,15,,,0.0009153479730827577,,PRUNED
895,895,45.833333333333336,2025-05-24 19:29:44.543939,2025-05-24 19:29:56.803425,0 days 00:00:12.259486,Adam,0.23977581281627044,,0.0001038121750511016,,,,,23,,0.014907706959357284,,,PRUNED
896,896,47.916666666666664,2025-05-24 19:29:56.847899,2025-05-24 19:30:11.450445,0 days 00:00:14.602546,Adam,0.1808876896237112,,6.118298941810442e-05,,,,,26,,1.0271310794929676,,,PRUNED
897,897,43.75,2025-05-24 19:30:11.495312,2025-05-24 19:30:23.788704,0 days 00:00:12.293392,Adam,0.38897927849615244,,4.880074993410347e-05,,,,,24,,0.011916615479659155,,,PRUNED
898,898,39.583333333333336,2025-05-24 19:30:23.833582,2025-05-24 19:30:36.129315,0 days 00:00:12.295733,Adam,0.33360861452816437,,3.121478481740394e-05,,,,,7,,0.04809475631004355,,,PRUNED
899,899,45.833333333333336,2025-05-24 19:30:36.174699,2025-05-24 19:30:48.435257,0 days 00:00:12.260558,Adam,0.4580356197759709,,3.8449829991007906e-05,,,,,25,,0.0361837446738188,,,PRUNED
900,900,50.0,2025-05-24 19:30:48.479657,2025-05-24 19:31:00.751527,0 days 00:00:12.271870,Adam,0.20085997873421155,,7.221888218570745e-05,,,,,28,,0.2872360269527171,,,PRUNED
901,901,50.0,2025-05-24 19:31:00.796321,2025-05-24 19:31:13.133924,0 days 00:00:12.337603,Adam,0.3221508518370644,,0.00017664842708460757,,,,,22,,0.019739335777719844,,,PRUNED
902,902,,2025-05-24 19:31:13.178743,2025-05-24 19:31:24.658641,0 days 00:00:11.479898,SGD,0.29285910194361786,,,,0.0014225072030794616,96.00044373290598,False,10,,,,0.2755603311564749,PRUNED
903,903,43.75,2025-05-24 19:31:24.702579,2025-05-24 19:31:36.993277,0 days 00:00:12.290698,Adam,0.2200686066769419,,0.00010650292771460508,,,,,1,,0.5699839589890618,,,PRUNED
904,904,33.333333333333336,2025-05-24 19:31:37.038293,2025-05-24 19:31:49.252879,0 days 00:00:12.214586,Adam,0.47436435034072927,,0.01698751235942129,,,,,13,,0.025731512579092165,,,PRUNED
905,905,33.333333333333336,2025-05-24 19:31:49.297984,2025-05-24 19:32:01.501741,0 days 00:00:12.203757,Adadelta,0.3097753481966506,0.018238899913199425,,,,,,27,8.663339663518185,,,,PRUNED
906,906,41.666666666666664,2025-05-24 19:32:01.547027,2025-05-24 19:32:13.646934,0 days 00:00:12.099907,Adam,0.2656858903231872,,8.304700851450119e-05,,,,,28,,0.014234882615387134,,,PRUNED
907,907,50.0,2025-05-24 19:32:13.692809,2025-05-24 19:32:20.983355,0 days 00:00:07.290546,Adam,0.2819932770826632,,5.6319698713554795e-05,,,,,31,,0.010176376611145649,,,PRUNED
908,908,25.0,2025-05-24 19:32:21.014594,2025-05-24 19:32:30.777365,0 days 00:00:09.762771,AdamW,0.19199809564783515,,,1.0297921151046795e-05,,,,22,,,0.005232011727714107,,PRUNED
909,909,37.5,2025-05-24 19:32:30.825505,2025-05-24 19:32:40.667049,0 days 00:00:09.841544,Adam,0.2416360857279078,,0.0001288299816229137,,,,,16,,0.1724857381259086,,,PRUNED
910,910,33.333333333333336,2025-05-24 19:32:40.697474,2025-05-24 19:32:47.225440,0 days 00:00:06.527966,Adam,0.25140839280046234,,0.07186887005126229,,,,,20,,0.22972660057018093,,,PRUNED
911,911,33.333333333333336,2025-05-24 19:32:47.270920,2025-05-24 19:32:59.579455,0 days 00:00:12.308535,Adam,0.21059465031914387,,0.0002449144407500202,,,,,30,,0.04307773408773179,,,PRUNED
912,912,43.75,2025-05-24 19:32:59.623692,2025-05-24 19:33:11.843432,0 days 00:00:12.219740,Adam,0.1799715232887512,,6.909636487359979e-05,,,,,25,,0.032632599250891764,,,PRUNED
913,913,39.583333333333336,2025-05-24 19:33:11.887603,2025-05-24 19:33:24.136746,0 days 00:00:12.249143,Adam,0.19343796191409876,,4.257274742009523e-05,,,,,29,,0.016279597699734305,,,PRUNED
914,914,41.666666666666664,2025-05-24 19:33:24.181799,2025-05-24 19:33:36.401522,0 days 00:00:12.219723,Adam,0.2291411030915428,,9.184412014263804e-05,,,,,27,,0.011749336558335046,,,PRUNED
915,915,31.25,2025-05-24 19:33:36.449104,2025-05-24 19:33:48.754707,0 days 00:00:12.305603,Adam,0.2017095238379233,,5.021764267099487e-05,,,,,21,,0.01965318579501373,,,PRUNED
916,916,47.916666666666664,2025-05-24 19:33:48.799803,2025-05-24 19:34:01.058690,0 days 00:00:12.258887,Adam,0.2987560760373118,,0.00011367686832992668,,,,,26,,0.4306982584332095,,,PRUNED
917,917,35.416666666666664,2025-05-24 19:34:01.104611,2025-05-24 19:34:13.286255,0 days 00:00:12.181644,Adam,0.18223177701723126,,2.225690491486868e-05,,,,,24,,0.013928057426896462,,,PRUNED
918,918,50.0,2025-05-24 19:34:13.330319,2025-05-24 19:34:25.655976,0 days 00:00:12.325657,Adam,0.34602269496305404,,6.446564152394887e-05,,,,,23,,0.023956410996300893,,,PRUNED
919,919,41.666666666666664,2025-05-24 19:34:25.703327,2025-05-24 19:34:37.940985,0 days 00:00:12.237658,Adam,0.21782770658756584,,7.8759249175053e-05,,,,,27,,0.3327334905646801,,,PRUNED
920,920,33.333333333333336,2025-05-24 19:34:37.985494,2025-05-24 19:34:50.362142,0 days 00:00:12.376648,AdamW,0.31711523486154386,,,0.0007016161254352779,,,,19,,,0.004316339979394233,,PRUNED
921,921,41.666666666666664,2025-05-24 19:34:50.407859,2025-05-24 19:35:02.538376,0 days 00:00:12.130517,Adam,0.2063577335673204,,3.550210921646294e-05,,,,,28,,0.011617292632653224,,,PRUNED
922,922,33.333333333333336,2025-05-24 19:35:02.576953,2025-05-24 19:35:14.416762,0 days 00:00:11.839809,Adam,0.22552743000927108,,0.0001406198775320525,,,,,26,,0.05671483332087272,,,PRUNED
923,923,45.833333333333336,2025-05-24 19:35:14.461934,2025-05-24 19:35:26.387505,0 days 00:00:11.925571,Adam,0.2590085513034879,,5.718504305679989e-05,,,,,29,,0.030715234338107293,,,PRUNED
924,924,47.916666666666664,2025-05-24 19:35:26.475816,2025-05-24 19:35:38.641369,0 days 00:00:12.165553,Adam,0.188448630824874,,9.208888981861433e-05,,,,,22,,0.016624470219786237,,,PRUNED
925,925,37.5,2025-05-24 19:35:38.685085,2025-05-24 19:35:50.669002,0 days 00:00:11.983917,Adam,0.3578627900494088,,4.303367233514704e-05,,,,,23,,84.05604816366825,,,PRUNED
926,926,39.583333333333336,2025-05-24 19:35:50.709144,2025-05-24 19:35:56.400324,0 days 00:00:05.691180,Adam,0.1781293085786871,,2.6726287548656948e-05,,,,,28,,0.011758015699277419,,,PRUNED
927,927,,2025-05-24 19:35:56.444483,2025-05-24 19:36:06.444269,0 days 00:00:09.999786,SGD,0.21122711584854978,,,,0.017491000303743273,12.663915339403658,True,24,,,,0.7377255974591401,PRUNED
928,928,41.666666666666664,2025-05-24 19:36:06.484854,2025-05-24 19:36:14.243157,0 days 00:00:07.758303,Adam,0.1961872975299766,,7.378017427624097e-05,,,,,29,,0.03841825508476994,,,PRUNED
929,929,33.333333333333336,2025-05-24 19:36:14.273292,2025-05-24 19:36:21.239523,0 days 00:00:06.966231,Adam,0.24657070470013925,,0.00011515094218779021,,,,,25,,0.021016101819225353,,,PRUNED
930,930,62.5,2025-05-24 19:36:21.283991,2025-05-24 19:36:40.150948,0 days 00:00:18.866957,Adam,0.3051657482959277,,5.885560375801685e-05,,,,,23,,0.010016789393498749,,,COMPLETE
931,931,37.5,2025-05-24 19:36:40.213849,2025-05-24 19:36:52.544284,0 days 00:00:12.330435,Adam,0.2873497958788306,,0.0001579023576332091,,,,,30,,0.013951233074339452,,,PRUNED
932,932,50.0,2025-05-24 19:36:52.588361,2025-05-24 19:37:10.460710,0 days 00:00:17.872349,Adam,0.2373836852496976,,4.811798168083446e-05,,,,,27,,0.028083198011015605,,,COMPLETE
933,933,33.333333333333336,2025-05-24 19:37:10.526704,2025-05-24 19:37:22.806198,0 days 00:00:12.279494,AdamW,0.20343801935731662,,,0.0004005586742846711,,,,21,,,0.0006346751412363383,,PRUNED
934,934,33.333333333333336,2025-05-24 19:37:22.850667,2025-05-24 19:37:35.098802,0 days 00:00:12.248135,Adadelta,0.2205561896972077,17.701895353825385,,,,,,25,5.193068106823936,,,,PRUNED
935,935,35.416666666666664,2025-05-24 19:37:35.144774,2025-05-24 19:37:47.403243,0 days 00:00:12.258469,Adam,0.2719247245882801,,0.00020048644307652088,,,,,26,,0.017611696466154462,,,PRUNED
936,936,62.5,2025-05-24 19:37:47.447179,2025-05-24 19:38:05.613242,0 days 00:00:18.166063,Adam,0.17364829570529408,,8.443100473918596e-05,,,,,17,,0.01333546185271868,,,COMPLETE
937,937,43.75,2025-05-24 19:38:05.675619,2025-05-24 19:38:17.829225,0 days 00:00:12.153606,Adam,0.1970466402224701,,0.00010093003560791898,,,,,28,,0.8683507865935411,,,PRUNED
938,938,45.833333333333336,2025-05-24 19:38:17.881125,2025-05-24 19:38:30.234692,0 days 00:00:12.353567,Adam,0.18874362169378914,,6.723617305745227e-05,,,,,24,,0.18962449582854515,,,PRUNED
939,939,29.166666666666668,2025-05-24 19:38:30.279956,2025-05-24 19:38:42.501833,0 days 00:00:12.221877,Adam,0.21519145867163103,,3.123983156138627e-05,,,,,28,,0.25163836999481537,,,PRUNED
940,940,45.833333333333336,2025-05-24 19:38:42.547764,2025-05-24 19:38:54.739751,0 days 00:00:12.191987,Adam,0.2290294828881022,,5.240373500770287e-05,,,,,29,,0.04424519881533669,,,PRUNED
941,941,37.5,2025-05-24 19:38:54.784848,2025-05-24 19:39:07.054903,0 days 00:00:12.270055,Adam,0.32461243794725847,,0.0001294793627238978,,,,,26,,0.024446356916476134,,,PRUNED
942,942,43.75,2025-05-24 19:39:07.099156,2025-05-24 19:39:15.700189,0 days 00:00:08.601033,Adam,0.2965156443732301,,4.122012742493771e-05,,,,,27,,0.03443571321853451,,,PRUNED
943,943,33.333333333333336,2025-05-24 19:39:15.739186,2025-05-24 19:39:22.572989,0 days 00:00:06.833803,Adam,0.18729660336000942,,7.531927890267835e-05,,,,,22,,0.06993652200019121,,,PRUNED
944,944,33.333333333333336,2025-05-24 19:39:22.605426,2025-05-24 19:39:26.572066,0 days 00:00:03.966640,Adam,0.3151157474381592,,9.380615212535354e-05,,,,,9,,0.5988663238689307,,,PRUNED
945,945,33.333333333333336,2025-05-24 19:39:26.604162,2025-05-24 19:39:31.750366,0 days 00:00:05.146204,Adam,0.20664073227941734,,0.03252767872390923,,,,,11,,0.015296935050521376,,,PRUNED
946,946,50.0,2025-05-24 19:39:31.796696,2025-05-24 19:39:43.719618,0 days 00:00:11.922922,Adam,0.1711209264877412,,6.351358632393415e-05,,,,,24,,0.011434974361054263,,,PRUNED
947,947,29.166666666666668,2025-05-24 19:39:43.759322,2025-05-24 19:39:51.039784,0 days 00:00:07.280462,AdamW,0.18176937578679186,,,0.00018962309548050253,,,,25,,,0.0026622219607342853,,PRUNED
948,948,50.0,2025-05-24 19:39:51.071169,2025-05-24 19:39:59.509964,0 days 00:00:08.438795,Adam,0.3330011847133513,,0.0001116842317786655,,,,,27,,0.019573966353674376,,,PRUNED
949,949,47.916666666666664,2025-05-24 19:39:59.556173,2025-05-24 19:40:11.759392,0 days 00:00:12.203219,Adam,0.24925018809584956,,5.051789456835955e-05,,,,,18,,0.01011666324006226,,,PRUNED
950,950,,2025-05-24 19:40:11.804674,2025-05-24 19:40:23.326611,0 days 00:00:11.521937,SGD,0.1981634326546912,,,,4.025919047224201e-05,86.72608317733685,False,23,,,,8.513745497599244,PRUNED
951,951,41.666666666666664,2025-05-24 19:40:23.371516,2025-05-24 19:40:35.719492,0 days 00:00:12.347976,Adam,0.28052768454754734,,8.273947463887517e-05,,,,,20,,0.4530969566737927,,,PRUNED
952,952,54.166666666666664,2025-05-24 19:40:35.765009,2025-05-24 19:40:51.778464,0 days 00:00:16.013455,Adam,0.21864509445746771,,3.633812171424174e-05,,,,,24,,0.047905802153307135,,,PRUNED
953,953,47.916666666666664,2025-05-24 19:40:51.825963,2025-05-24 19:41:03.974214,0 days 00:00:12.148251,Adam,0.37228869761397476,,0.00015525081445541338,,,,,30,,0.3444500176792926,,,PRUNED
954,954,33.333333333333336,2025-05-24 19:41:04.019987,2025-05-24 19:41:16.341894,0 days 00:00:12.321907,Adadelta,0.23406828103498323,8.742150648033913,,,,,,28,1.3191069790175431,,,,PRUNED
955,955,41.666666666666664,2025-05-24 19:41:16.387613,2025-05-24 19:41:28.680771,0 days 00:00:12.293158,Adam,0.16101906908898855,,6.548810175465141e-05,,,,,22,,0.02779824080447471,,,PRUNED
956,956,43.75,2025-05-24 19:41:28.726565,2025-05-24 19:41:40.947261,0 days 00:00:12.220696,Adam,0.2061148894561491,,0.00010031328159631167,,,,,29,,0.01224005699355291,,,PRUNED
957,957,33.333333333333336,2025-05-24 19:41:40.992836,2025-05-24 19:41:53.372315,0 days 00:00:12.379479,Adam,0.3107260195700069,,0.000125979357539939,,,,,10,,0.03904715931862328,,,PRUNED
958,958,45.833333333333336,2025-05-24 19:41:53.422503,2025-05-24 19:42:05.611491,0 days 00:00:12.188988,Adam,0.17860762734246546,,7.839714990751772e-05,,,,,26,,0.01652965161397206,,,PRUNED
959,959,37.5,2025-05-24 19:42:05.658149,2025-05-24 19:42:17.939471,0 days 00:00:12.281322,Adam,0.19191410556535973,,1.3739852955547049e-05,,,,,25,,55.726849981867375,,,PRUNED
960,960,43.75,2025-05-24 19:42:17.985761,2025-05-24 19:42:30.244223,0 days 00:00:12.258462,Adam,0.3834446712349841,,4.813123690882678e-05,,,,,29,,0.023157137376361818,,,PRUNED
961,961,43.75,2025-05-24 19:42:30.289190,2025-05-24 19:42:42.331797,0 days 00:00:12.042607,AdamW,0.29588607146620255,,,3.575373308434553e-05,,,,31,,,0.009102285781613938,,PRUNED
962,962,33.333333333333336,2025-05-24 19:42:42.378271,2025-05-24 19:42:54.017008,0 days 00:00:11.638737,Adam,0.21297770905773258,,0.0003325750535061892,,,,,23,,0.014760266390325837,,,PRUNED
963,963,41.666666666666664,2025-05-24 19:42:54.049661,2025-05-24 19:42:58.135971,0 days 00:00:04.086310,Adam,0.4869898100239381,,5.801656409017078e-05,,,,,27,,0.033130157401005875,,,PRUNED
964,964,47.916666666666664,2025-05-24 19:42:58.166981,2025-05-24 19:43:03.681891,0 days 00:00:05.514910,Adam,0.22770784218521595,,4.387625550977999e-05,,,,,28,,0.010122810203012646,,,PRUNED
965,965,54.166666666666664,2025-05-24 19:43:03.724551,2025-05-24 19:43:12.935590,0 days 00:00:09.211039,Adam,0.25805529871094307,,9.329808765641788e-05,,,,,20,,0.013245413886077926,,,PRUNED
966,966,33.333333333333336,2025-05-24 19:43:12.976890,2025-05-24 19:43:21.667485,0 days 00:00:08.690595,Adam,0.24305899051405033,,6.639467847563958e-05,,,,,6,,0.055928283539431516,,,PRUNED
967,967,41.666666666666664,2025-05-24 19:43:21.728496,2025-05-24 19:43:28.187700,0 days 00:00:06.459204,Adam,0.3414836280187498,,0.00017273485111444887,,,,,21,,0.3007372971373776,,,PRUNED
968,968,45.833333333333336,2025-05-24 19:43:28.218582,2025-05-24 19:43:39.707987,0 days 00:00:11.489405,Adam,0.12110854798810727,,0.00010886258708987106,,,,,27,,0.01000470737980325,,,PRUNED
969,969,35.416666666666664,2025-05-24 19:43:39.754218,2025-05-24 19:43:52.196523,0 days 00:00:12.442305,Adam,0.19925614301785516,,3.864739368968266e-05,,,,,26,,0.5081271885396558,,,PRUNED
970,970,60.416666666666664,2025-05-24 19:43:52.245437,2025-05-24 19:44:08.881442,0 days 00:00:16.636005,Adam,0.18690683597259203,,8.155098061592966e-05,,,,,28,,0.019216729717213492,,,COMPLETE
971,971,41.666666666666664,2025-05-24 19:44:08.948759,2025-05-24 19:44:21.231661,0 days 00:00:12.282902,Adam,0.17191769965907594,,5.626873347245505e-05,,,,,24,,0.15217739985999912,,,PRUNED
972,972,37.5,2025-05-24 19:44:21.272360,2025-05-24 19:44:33.475004,0 days 00:00:12.202644,Adam,0.26500755549957,,2.8111787797876903e-05,,,,,19,,0.029455399875637726,,,PRUNED
973,973,29.166666666666668,2025-05-24 19:44:33.522505,2025-05-24 19:44:45.720981,0 days 00:00:12.198476,AdamW,0.30269838902257357,,,2.3121682912208877e-05,,,,23,,,0.00015638038199962428,,PRUNED
974,974,41.666666666666664,2025-05-24 19:44:45.768772,2025-05-24 19:44:58.185621,0 days 00:00:12.416849,Adam,0.2210554934394231,,0.00013099821453687417,,,,,22,,0.012238111353994247,,,PRUNED
975,975,,2025-05-24 19:44:58.232964,2025-05-24 19:45:09.807673,0 days 00:00:11.574709,SGD,0.2096655086984781,,,,0.0029324407861703356,45.536633680821495,True,30,,,,0.047127025117970074,PRUNED
976,976,47.916666666666664,2025-05-24 19:45:09.852678,2025-05-24 19:45:22.142730,0 days 00:00:12.290052,Adam,0.19467722992846756,,7.646233575512282e-05,,,,,16,,0.6971768858917476,,,PRUNED
977,977,37.5,2025-05-24 19:45:22.189016,2025-05-24 19:45:34.523177,0 days 00:00:12.334161,Adam,0.18128650345671946,,5.0209467159453076e-05,,,,,25,,0.2116309572961504,,,PRUNED
978,978,41.666666666666664,2025-05-24 19:45:34.572796,2025-05-24 19:45:46.741980,0 days 00:00:12.169184,Adam,0.2869675599614507,,9.642180039579371e-05,,,,,29,,0.016255017631355995,,,PRUNED
979,979,33.333333333333336,2025-05-24 19:45:46.787688,2025-05-24 19:45:59.258961,0 days 00:00:12.471273,Adadelta,0.2368089827532968,54.4088176042254,,,,,,24,98.37010148539056,,,,PRUNED
980,980,47.916666666666664,2025-05-24 19:45:59.304274,2025-05-24 19:46:11.572489,0 days 00:00:12.268215,Adam,0.20192459794847306,,3.31604116688431e-05,,,,,26,,0.040614163323904814,,,PRUNED
981,981,43.75,2025-05-24 19:46:11.622864,2025-05-24 19:46:22.529037,0 days 00:00:10.906173,Adam,0.22424737738688505,,6.881116248379987e-05,,,,,27,,0.021651608501241017,,,PRUNED
982,982,41.666666666666664,2025-05-24 19:46:22.575404,2025-05-24 19:46:30.304289,0 days 00:00:07.728885,Adam,0.16839642197031282,,0.00013502305394083431,,,,,28,,0.014196156046240674,,,PRUNED
983,983,58.333333333333336,2025-05-24 19:46:30.343272,2025-05-24 19:46:39.487930,0 days 00:00:09.144658,Adam,0.3222183304793806,,5.827519649979347e-05,,,,,23,,0.025742755967593577,,,COMPLETE
984,984,39.583333333333336,2025-05-24 19:46:39.531783,2025-05-24 19:46:44.342685,0 days 00:00:04.810902,Adam,0.1893965586090446,,0.0002167726430454795,,,,,27,,0.403003678840478,,,PRUNED
985,985,33.333333333333336,2025-05-24 19:46:44.384128,2025-05-24 19:46:54.751283,0 days 00:00:10.367155,Adam,0.21416194289412277,,4.040066085364011e-05,,,,,29,,0.011856590920076142,,,PRUNED
986,986,43.75,2025-05-24 19:46:54.792124,2025-05-24 19:47:02.003537,0 days 00:00:07.211413,Adam,0.4025211949821048,,8.727136984242415e-05,,,,,25,,0.09378002264151133,,,PRUNED
987,987,33.333333333333336,2025-05-24 19:47:02.034217,2025-05-24 19:47:07.497201,0 days 00:00:05.462984,AdamW,0.15477705870429426,,,0.005896988809042047,,,,28,,,0.000496622070595677,,PRUNED
988,988,33.333333333333336,2025-05-24 19:47:07.528994,2025-05-24 19:47:18.856422,0 days 00:00:11.327428,Adam,0.3636777102130277,,0.00047039771987369896,,,,,29,,0.01001197149619084,,,PRUNED
989,989,37.5,2025-05-24 19:47:18.901204,2025-05-24 19:47:31.087881,0 days 00:00:12.186677,Adam,0.202565977364354,,0.00010745190214334543,,,,,18,,0.017599536397787656,,,PRUNED
990,990,50.0,2025-05-24 19:47:31.133367,2025-05-24 19:47:43.263628,0 days 00:00:12.130261,Adam,0.31278928885943985,,6.115873227668798e-05,,,,,23,,0.03301958709698955,,,PRUNED
991,991,52.083333333333336,2025-05-24 19:47:43.310741,2025-05-24 19:47:57.879375,0 days 00:00:14.568634,Adam,0.2503228304664694,,4.6201857134215235e-05,,,,,26,,0.07159115790596857,,,PRUNED
992,992,37.5,2025-05-24 19:47:57.924861,2025-05-24 19:48:10.036158,0 days 00:00:12.111297,Adam,0.2745500400422565,,7.696214020897278e-05,,,,,28,,0.05052587411232856,,,PRUNED
993,993,41.666666666666664,2025-05-24 19:48:10.082987,2025-05-24 19:48:22.399761,0 days 00:00:12.316774,Adam,0.18094070455478012,,0.00011537647952252052,,,,,24,,0.013502642080742868,,,PRUNED
994,994,39.583333333333336,2025-05-24 19:48:22.447118,2025-05-24 19:48:34.980794,0 days 00:00:12.533676,Adam,0.19090010247468045,,0.00016883481036416236,,,,,21,,0.10857682776364676,,,PRUNED
995,995,33.333333333333336,2025-05-24 19:48:35.025871,2025-05-24 19:48:47.039034,0 days 00:00:12.013163,Adam,0.2332959020168393,,7.0985732523505e-05,,,,,19,,0.020803573828530254,,,PRUNED
996,996,47.916666666666664,2025-05-24 19:48:47.088002,2025-05-24 19:48:59.363843,0 days 00:00:12.275841,Adam,0.2924348620914722,,9.065494587526624e-05,,,,,30,,0.26521655886066436,,,PRUNED
997,997,37.5,2025-05-24 19:48:59.409015,2025-05-24 19:49:11.479564,0 days 00:00:12.070549,Adam,0.21540662230223764,,5.045321611010766e-05,,,,,22,,0.012116202369308346,,,PRUNED
998,998,39.583333333333336,2025-05-24 19:49:11.525696,2025-05-24 19:49:23.877676,0 days 00:00:12.351980,Adam,0.42609665188940715,,3.4922692423031905e-05,,,,,9,,0.025671319676587607,,,PRUNED
999,999,,2025-05-24 19:49:23.923619,2025-05-24 19:49:35.729670,0 days 00:00:11.806051,SGD,0.17693154760712043,,,,0.0005973413322466799,77.0453534394251,False,31,,,,0.012840217505957631,PRUNED
