,number,value,datetime_start,datetime_complete,duration,params_algorithm,params_dropout_rate,params_lr_Adadelta,params_lr_Adam,params_lr_AdamW,params_lr_SGD,params_momentum_SGD,params_nesterov_SGD,params_suggested_freeze,params_weight_decay_Adadelta,params_weight_decay_Adam,params_weight_decay_AdamW,params_weight_decay_SGD,state
0,0,35.416666666666664,2025-05-25 07:18:22.635172,2025-05-25 07:18:30.973929,0 days 00:00:08.338757,Adadelta,0.4753571532049581,0.017073967431528128,,,,,,11,29.154431891537552,,,,COMPLETE
1,1,52.083333333333336,2025-05-25 07:18:31.017841,2025-05-25 07:18:38.140973,0 days 00:00:07.123132,Adam,0.35403628889802274,,5.3370327626039544e-05,,,,,19,,0.05415244119402541,,,COMPLETE
2,2,54.166666666666664,2025-05-25 07:18:38.177762,2025-05-25 07:18:45.202514,0 days 00:00:07.024752,AdamW,0.2623782158161189,,,0.00014742753159914678,,,,9,,,0.0005404103854647331,,COMPLETE
3,3,37.5,2025-05-25 07:18:45.238856,2025-05-25 07:18:52.224328,0 days 00:00:06.985472,AdamW,0.3925879806965068,,,0.0026926469100861782,,,,14,,,0.00021930485556643703,,COMPLETE
4,4,33.333333333333336,2025-05-25 07:18:52.260797,2025-05-25 07:18:59.894852,0 days 00:00:07.634055,Adadelta,0.4744427686266666,5.456725485601478,,,,,,2,0.5762487216478605,,,,COMPLETE
5,5,39.583333333333336,2025-05-25 07:18:59.931552,2025-05-25 07:19:07.038329,0 days 00:00:07.106777,Adam,0.2475884550556351,,0.00017654048052495074,,,,,3,,1.2030178871154673,,,COMPLETE
6,6,33.333333333333336,2025-05-25 07:19:07.074946,2025-05-25 07:19:11.438995,0 days 00:00:04.364049,Adadelta,0.09242722776276352,2.463768595899747,,,,,,17,48.696409415209004,,,,PRUNED
7,7,33.333333333333336,2025-05-25 07:19:11.463928,2025-05-25 07:19:15.733112,0 days 00:00:04.269184,AdamW,0.0979914312095726,,,0.02065142557895925,,,,2,,,0.0005170191786366995,,PRUNED
8,8,33.333333333333336,2025-05-25 07:19:15.758353,2025-05-25 07:19:20.014953,0 days 00:00:04.256600,SGD,0.27134804157912423,,,,0.012273800987852962,0.5621564911890039,True,8,,,,0.06235377135673159,PRUNED
9,9,,2025-05-25 07:19:20.040660,2025-05-25 07:19:23.312710,0 days 00:00:03.272050,SGD,0.38563517334297287,,,,0.0031130959561221226,6.365199445099503,False,23,,,,0.2106648601704221,PRUNED
10,10,56.25,2025-05-25 07:19:23.337653,2025-05-25 07:19:30.337782,0 days 00:00:07.000129,AdamW,0.0029985914779085965,,,1.1799062523159256e-05,,,,30,,,0.006630907782559361,,COMPLETE
11,11,56.25,2025-05-25 07:19:30.374666,2025-05-25 07:19:37.148530,0 days 00:00:06.773864,AdamW,0.007797399829228002,,,1.6111719662796795e-05,,,,29,,,0.00980651307786945,,COMPLETE
12,12,58.333333333333336,2025-05-25 07:19:37.185699,2025-05-25 07:19:43.896402,0 days 00:00:06.710703,AdamW,0.0023223632990295113,,,1.3644721320730956e-05,,,,31,,,0.009725149345707073,,COMPLETE
13,13,29.166666666666668,2025-05-25 07:19:43.933290,2025-05-25 07:19:47.526486,0 days 00:00:03.593196,AdamW,0.005412961000180638,,,1.0405480109131068e-05,,,,31,,,0.008814715952307395,,PRUNED
14,14,50.0,2025-05-25 07:19:47.551335,2025-05-25 07:19:54.366933,0 days 00:00:06.815598,AdamW,0.12040396875045506,,,0.00012529677507216436,,,,26,,,0.0025253710106474536,,COMPLETE
15,15,56.25,2025-05-25 07:19:54.403768,2025-05-25 07:20:01.493207,0 days 00:00:07.089439,AdamW,0.18171086507461084,,,9.078186230435655e-05,,,,22,,,0.0031119686282968955,,COMPLETE
16,16,56.25,2025-05-25 07:20:01.532555,2025-05-25 07:20:08.312139,0 days 00:00:06.779584,AdamW,0.05379019785703282,,,1.2015725719511394e-05,,,,27,,,0.0037727423756429715,,COMPLETE
17,17,,2025-05-25 07:20:08.349016,2025-05-25 07:20:11.638539,0 days 00:00:03.289523,SGD,0.16545642090340737,,,,1.533653919754068e-05,99.82036515505162,False,31,,,,96.3979853269096,PRUNED
18,18,33.333333333333336,2025-05-25 07:20:11.664687,2025-05-25 07:20:15.338602,0 days 00:00:03.673915,Adam,0.04482628444042946,,0.07937580731016337,,,,,25,,95.53772735801623,,,PRUNED
19,19,33.333333333333336,2025-05-25 07:20:15.368922,2025-05-25 07:20:20.476493,0 days 00:00:05.107571,AdamW,0.1869888528707922,,,0.0011507175289497305,,,,21,,,0.0053185080572227105,,PRUNED
20,20,68.75,2025-05-25 07:20:20.509417,2025-05-25 07:20:28.633341,0 days 00:00:08.123924,AdamW,0.052419580411410725,,,5.8072130917087185e-05,,,,28,,,0.0022594299788264364,,COMPLETE
21,21,54.166666666666664,2025-05-25 07:20:28.682222,2025-05-25 07:20:37.882418,0 days 00:00:09.200196,AdamW,0.05066515165687685,,,4.201932482853397e-05,,,,27,,,0.0014917782673375991,,COMPLETE
22,22,58.333333333333336,2025-05-25 07:20:37.927426,2025-05-25 07:20:45.122627,0 days 00:00:07.195201,AdamW,0.001939575637918755,,,3.720837642548286e-05,,,,29,,,0.005622244008186735,,COMPLETE
23,23,35.416666666666664,2025-05-25 07:20:45.159715,2025-05-25 07:20:48.776528,0 days 00:00:03.616813,AdamW,0.06524740416781884,,,0.00032937981168654955,,,,24,,,0.0015103406097788684,,PRUNED
24,24,60.416666666666664,2025-05-25 07:20:48.801924,2025-05-25 07:20:57.012819,0 days 00:00:08.210895,AdamW,0.13203518323118493,,,5.0435758947683576e-05,,,,28,,,0.00445517646502445,,COMPLETE
25,25,35.416666666666664,2025-05-25 07:20:57.050049,2025-05-25 07:21:06.054141,0 days 00:00:09.004092,AdamW,0.12970999031771682,,,0.00043269461141971923,,,,20,,,0.0023066090533406538,,PRUNED
26,26,,2025-05-25 07:21:06.079530,2025-05-25 07:21:09.357338,0 days 00:00:03.277808,SGD,0.13727793317340772,,,,2.4117831263229108e-05,68.27530940323874,True,28,,,,23.703006937863524,PRUNED
27,27,33.333333333333336,2025-05-25 07:21:09.383054,2025-05-25 07:21:13.060456,0 days 00:00:03.677402,Adam,0.22207000967123158,,0.014616526841824492,,,,,25,,0.010667799013471044,,,PRUNED
28,28,33.333333333333336,2025-05-25 07:21:13.085238,2025-05-25 07:21:16.844822,0 days 00:00:03.759584,Adadelta,0.09534300026248776,84.18841767904223,,,,,,16,0.014236305881279616,,,,PRUNED
29,29,56.25,2025-05-25 07:21:16.870420,2025-05-25 07:21:24.369242,0 days 00:00:07.498822,Adadelta,0.07122788495751158,0.0163326397242079,,,,,,12,0.010094931633979147,,,,COMPLETE
30,30,58.333333333333336,2025-05-25 07:21:24.406486,2025-05-25 07:21:32.406115,0 days 00:00:07.999629,AdamW,0.3062601334911905,,,4.078326184861488e-05,,,,31,,,0.0041806848695891295,,COMPLETE
31,31,58.333333333333336,2025-05-25 07:21:32.452215,2025-05-25 07:21:40.460387,0 days 00:00:08.008172,AdamW,0.030270263840812505,,,4.0137306208626196e-05,,,,28,,,0.005424248890001362,,COMPLETE
32,32,39.583333333333336,2025-05-25 07:21:40.497880,2025-05-25 07:21:44.174403,0 days 00:00:03.676523,AdamW,0.028479270180804594,,,3.9483668883264384e-05,,,,29,,,0.007053355923458651,,PRUNED
33,33,56.25,2025-05-25 07:21:44.199579,2025-05-25 07:21:51.158517,0 days 00:00:06.958938,AdamW,0.08107612944568782,,,7.732384939903477e-05,,,,18,,,0.0018438540537136763,,COMPLETE
34,34,52.083333333333336,2025-05-25 07:21:51.195885,2025-05-25 07:21:56.115583,0 days 00:00:04.919698,AdamW,0.028469734076093177,,,3.0261578549217435e-05,,,,26,,,0.004031362378738463,,PRUNED
35,35,33.333333333333336,2025-05-25 07:21:56.141733,2025-05-25 07:22:00.313426,0 days 00:00:04.171693,AdamW,0.11924727640261204,,,0.00023818733423865726,,,,23,,,0.009775748275896709,,PRUNED
36,36,33.333333333333336,2025-05-25 07:22:00.338597,2025-05-25 07:22:04.043670,0 days 00:00:03.705073,Adam,0.1536400757657374,,0.002347596104035919,,,,,29,,35.37362005314266,,,PRUNED
37,37,68.75,2025-05-25 07:22:04.075522,2025-05-25 07:22:12.114048,0 days 00:00:08.038526,AdamW,0.00015198836469587358,,,2.1454709998875967e-05,,,,27,,,0.0009278778864566745,,COMPLETE
38,38,33.333333333333336,2025-05-25 07:22:12.151342,2025-05-25 07:22:15.923898,0 days 00:00:03.772556,Adadelta,0.4715181465774116,0.2323783562014443,,,,,,19,0.8870445015199778,,,,PRUNED
39,39,50.0,2025-05-25 07:22:15.949144,2025-05-25 07:22:21.893894,0 days 00:00:05.944750,AdamW,0.09989223573041847,,,2.3706576052571783e-05,,,,24,,,0.0008561026662327972,,PRUNED
40,40,37.5,2025-05-25 07:22:21.920484,2025-05-25 07:22:26.198035,0 days 00:00:04.277551,Adam,0.2119996987143727,,1.012945520915079e-05,,,,,7,,1.790785115912206,,,PRUNED
41,41,60.416666666666664,2025-05-25 07:22:26.223621,2025-05-25 07:22:37.249011,0 days 00:00:11.025390,AdamW,0.0004893667078311396,,,8.210337907902962e-05,,,,27,,,0.0008533424283755683,,COMPLETE
42,42,45.833333333333336,2025-05-25 07:22:37.286487,2025-05-25 07:22:41.116879,0 days 00:00:03.830392,AdamW,0.033850961664942114,,,0.00010179024522579067,,,,27,,,0.0009983146979243458,,PRUNED
43,43,50.0,2025-05-25 07:22:41.151541,2025-05-25 07:22:46.495783,0 days 00:00:05.344242,AdamW,0.0698251682019578,,,6.494882732280414e-05,,,,14,,,0.0008289144068590642,,PRUNED
44,44,37.5,2025-05-25 07:22:46.522339,2025-05-25 07:22:50.543412,0 days 00:00:04.021073,AdamW,0.022216813441420864,,,2.2270317006775575e-05,,,,5,,,0.0005156631039698291,,PRUNED
45,45,,2025-05-25 07:22:50.568775,2025-05-25 07:22:54.063229,0 days 00:00:03.494454,SGD,0.0008287443811098911,,,,0.07697336416909212,42.12679479091756,True,31,,,,3.7937328454645245,PRUNED
46,46,37.5,2025-05-25 07:22:54.089143,2025-05-25 07:22:58.191311,0 days 00:00:04.102168,AdamW,0.05125781110484252,,,0.000907732282870305,,,,26,,,0.0012157325452700535,,PRUNED
47,47,33.333333333333336,2025-05-25 07:22:58.216694,2025-05-25 07:23:01.856129,0 days 00:00:03.639435,AdamW,0.10366267408668034,,,0.09843155468624189,,,,0,,,0.00031592050954078356,,PRUNED
48,48,68.75,2025-05-25 07:23:01.880897,2025-05-25 07:23:08.760518,0 days 00:00:06.879621,AdamW,0.019552607151741147,,,0.00016314928903461042,,,,22,,,0.0001113717572032857,,COMPLETE
49,49,33.333333333333336,2025-05-25 07:23:08.798510,2025-05-25 07:23:12.480053,0 days 00:00:03.681543,Adadelta,0.30029094746249857,95.61311598960178,,,,,,22,0.12119970146782963,,,,PRUNED
50,50,41.666666666666664,2025-05-25 07:23:12.506477,2025-05-25 07:23:16.120659,0 days 00:00:03.614182,AdamW,0.06974552284003958,,,0.00019057554902691642,,,,24,,,0.00011394203632403533,,PRUNED
51,51,60.416666666666664,2025-05-25 07:23:16.147379,2025-05-25 07:23:22.945270,0 days 00:00:06.797891,AdamW,0.02034442734002956,,,6.236039920397243e-05,,,,29,,,0.0001534924459106073,,COMPLETE
52,52,52.083333333333336,2025-05-25 07:23:22.982291,2025-05-25 07:23:28.069148,0 days 00:00:05.086857,AdamW,0.024887888550350706,,,6.945971461305715e-05,,,,27,,,0.00011232536333220467,,PRUNED
53,53,43.75,2025-05-25 07:23:28.095406,2025-05-25 07:23:31.695867,0 days 00:00:03.600461,AdamW,0.04782561698743677,,,0.00013893933483521577,,,,28,,,0.00018061852954501953,,PRUNED
54,54,33.333333333333336,2025-05-25 07:23:31.721216,2025-05-25 07:23:35.328776,0 days 00:00:03.607560,AdamW,0.019051922508622376,,,0.006075013141662347,,,,30,,,0.00015888803500486678,,PRUNED
55,55,52.083333333333336,2025-05-25 07:23:35.354266,2025-05-25 07:23:40.248172,0 days 00:00:04.893906,AdamW,0.08880385092415363,,,7.568178666430188e-05,,,,25,,,0.000324304809496385,,PRUNED
56,56,,2025-05-25 07:23:40.273231,2025-05-25 07:23:43.859112,0 days 00:00:03.585881,SGD,0.04535525671041251,,,,0.0002436806705604994,39.014520455312585,False,30,,,,0.010401039998830923,PRUNED
57,57,41.666666666666664,2025-05-25 07:23:43.885397,2025-05-25 07:23:47.466949,0 days 00:00:03.581552,AdamW,0.0004409447268562698,,,2.0715653410031974e-05,,,,22,,,0.000608715813141618,,PRUNED
58,58,41.666666666666664,2025-05-25 07:23:47.493616,2025-05-25 07:23:51.092263,0 days 00:00:03.598647,AdamW,0.06098334883303404,,,0.00019380680314731854,,,,26,,,0.0002444579537004949,,PRUNED
59,59,47.916666666666664,2025-05-25 07:23:51.118643,2025-05-25 07:23:54.763315,0 days 00:00:03.644672,AdamW,0.015523852290899923,,,0.0004911519524619641,,,,28,,,0.00013479312765079268,,PRUNED
60,60,33.333333333333336,2025-05-25 07:23:54.789904,2025-05-25 07:23:58.465264,0 days 00:00:03.675360,Adam,0.11279818579179779,,0.0013153794257543534,,,,,21,,0.1392761916655811,,,PRUNED
61,61,37.5,2025-05-25 07:23:58.490748,2025-05-25 07:24:02.083519,0 days 00:00:03.592771,AdamW,0.04206847859643033,,,1.5868722560501985e-05,,,,30,,,0.0028530177017767394,,PRUNED
62,62,60.416666666666664,2025-05-25 07:24:02.108905,2025-05-25 07:24:08.855935,0 days 00:00:06.747030,AdamW,0.01564927291141573,,,5.490288805379322e-05,,,,29,,,0.0006422766475915928,,COMPLETE
63,63,45.833333333333336,2025-05-25 07:24:08.892976,2025-05-25 07:24:12.516552,0 days 00:00:03.623576,AdamW,0.08025225351211368,,,5.243224037540693e-05,,,,29,,,0.00043215732695647255,,PRUNED
64,64,52.083333333333336,2025-05-25 07:24:12.542355,2025-05-25 07:24:19.353619,0 days 00:00:06.811264,AdamW,0.01562001498811576,,,0.0001090692311756341,,,,25,,,0.0007542274361428789,,COMPLETE
65,65,41.666666666666664,2025-05-25 07:24:19.390725,2025-05-25 07:24:23.131020,0 days 00:00:03.740295,AdamW,0.03593356805557836,,,2.7618752035462043e-05,,,,27,,,0.0006615578723403166,,PRUNED
66,66,45.833333333333336,2025-05-25 07:24:23.156323,2025-05-25 07:24:26.767828,0 days 00:00:03.611505,AdamW,0.05865941310598159,,,5.256893319313726e-05,,,,28,,,0.001355306530994462,,PRUNED
67,67,,2025-05-25 07:24:26.793231,2025-05-25 07:24:30.402457,0 days 00:00:03.609226,SGD,0.014457739375588734,,,,0.0005166105489683339,98.65547480749598,False,29,,,,1.010957582771117,PRUNED
68,68,33.333333333333336,2025-05-25 07:24:30.428831,2025-05-25 07:24:34.043092,0 days 00:00:03.614261,AdamW,0.144884830149279,,,0.0001410668404611555,,,,23,,,0.0018496915183756103,,PRUNED
69,69,43.75,2025-05-25 07:24:34.068462,2025-05-25 07:24:37.686696,0 days 00:00:03.618234,Adadelta,0.041372988857485714,0.23162771067729424,,,,,,26,7.908733422236716,,,,PRUNED
70,70,47.916666666666664,2025-05-25 07:24:37.712267,2025-05-25 07:24:41.272843,0 days 00:00:03.560576,AdamW,0.17575843073337616,,,1.7814877238494718e-05,,,,30,,,0.0010718179726866425,,PRUNED
71,71,47.916666666666664,2025-05-25 07:24:41.298259,2025-05-25 07:24:44.881215,0 days 00:00:03.582956,AdamW,0.0036746989764558143,,,1.619763728761196e-05,,,,31,,,0.007397533269480509,,PRUNED
72,72,58.333333333333336,2025-05-25 07:24:44.906284,2025-05-25 07:24:51.662769,0 days 00:00:06.756485,AdamW,0.01635403060018262,,,5.586691041695965e-05,,,,31,,,0.003340556786440927,,COMPLETE
73,73,37.5,2025-05-25 07:24:51.699869,2025-05-25 07:24:55.308339,0 days 00:00:03.608470,AdamW,0.03275316367633284,,,1.1572237451186265e-05,,,,28,,,0.001909244885507767,,PRUNED
74,74,45.833333333333336,2025-05-25 07:24:55.333607,2025-05-25 07:24:59.321251,0 days 00:00:03.987644,AdamW,0.05828148496678149,,,2.9661952339715964e-05,,,,27,,,0.0002012831189586227,,PRUNED
75,75,45.833333333333336,2025-05-25 07:24:59.347673,2025-05-25 07:25:03.020736,0 days 00:00:03.673063,AdamW,0.49854393606930536,,,8.040385701183858e-05,,,,29,,,0.004810960061524385,,PRUNED
76,76,33.333333333333336,2025-05-25 07:25:03.046232,2025-05-25 07:25:06.647161,0 days 00:00:03.600929,Adam,0.07899913155110747,,0.0877217128023127,,,,,24,,10.071941783680337,,,PRUNED
77,77,45.833333333333336,2025-05-25 07:25:06.672741,2025-05-25 07:25:10.298686,0 days 00:00:03.625945,AdamW,0.0018468451819013063,,,4.0030827701859954e-05,,,,30,,,0.0001457882131875895,,PRUNED
78,78,37.5,2025-05-25 07:25:10.324114,2025-05-25 07:25:13.987659,0 days 00:00:03.663545,AdamW,0.3640899504460382,,,1.1150725142853345e-05,,,,10,,,0.002460815255810532,,PRUNED
79,79,60.416666666666664,2025-05-25 07:25:14.013137,2025-05-25 07:25:20.922487,0 days 00:00:06.909350,AdamW,0.027700197583094395,,,0.00010065556027918572,,,,25,,,0.00094489143531807,,COMPLETE
80,80,47.916666666666664,2025-05-25 07:25:20.959949,2025-05-25 07:25:24.643723,0 days 00:00:03.683774,AdamW,0.20182316234193773,,,0.0002784677470846215,,,,26,,,0.0009643508220128835,,PRUNED
81,81,58.333333333333336,2025-05-25 07:25:24.668859,2025-05-25 07:25:31.589951,0 days 00:00:06.921092,AdamW,0.027143692657979373,,,0.00010272958266448139,,,,25,,,0.0011485163305151914,,COMPLETE
82,82,33.333333333333336,2025-05-25 07:25:31.627575,2025-05-25 07:25:35.229877,0 days 00:00:03.602302,AdamW,0.25315439039551335,,,3.2612145414720804e-05,,,,27,,,0.007837295496298408,,PRUNED
83,83,47.916666666666664,2025-05-25 07:25:35.256206,2025-05-25 07:25:38.841587,0 days 00:00:03.585381,AdamW,0.011263990472756419,,,5.048542641785685e-05,,,,29,,,0.0015565841024823795,,PRUNED
84,84,43.75,2025-05-25 07:25:38.868265,2025-05-25 07:25:42.487849,0 days 00:00:03.619584,AdamW,0.03732204216139953,,,0.0001776253851774477,,,,28,,,0.000745948705431779,,PRUNED
85,85,33.333333333333336,2025-05-25 07:25:42.513280,2025-05-25 07:25:46.215199,0 days 00:00:03.701919,Adadelta,0.42864982575160915,13.076917398920887,,,,,,24,5.908324666385159,,,,PRUNED
86,86,58.333333333333336,2025-05-25 07:25:46.240983,2025-05-25 07:25:53.051523,0 days 00:00:06.810540,AdamW,0.05463612719776767,,,9.0239454625351e-05,,,,30,,,0.006183720467581958,,COMPLETE
87,87,,2025-05-25 07:25:53.089411,2025-05-25 07:25:56.194587,0 days 00:00:03.105176,SGD,0.024055040970498532,,,,0.08464184854537554,67.7013988854976,True,26,,,,5.115474237575815,PRUNED
88,88,35.416666666666664,2025-05-25 07:25:56.220458,2025-05-25 07:26:00.220155,0 days 00:00:03.999697,AdamW,0.06996303816315727,,,2.4720417249179462e-05,,,,23,,,0.00010329319416841122,,PRUNED
89,89,45.833333333333336,2025-05-25 07:26:00.245673,2025-05-25 07:26:03.828160,0 days 00:00:03.582487,AdamW,0.014544535109390886,,,5.716072940720945e-05,,,,27,,,0.0004993956143392519,,PRUNED
90,90,33.333333333333336,2025-05-25 07:26:03.853790,2025-05-25 07:26:07.463469,0 days 00:00:03.609679,AdamW,0.0911172309689928,,,0.0025515303582786405,,,,28,,,0.0009272917248634477,,PRUNED
91,91,45.833333333333336,2025-05-25 07:26:07.489486,2025-05-25 07:26:11.102026,0 days 00:00:03.612540,AdamW,0.0028014322270382983,,,3.646270826513832e-05,,,,31,,,0.004705341850800895,,PRUNED
92,92,62.5,2025-05-25 07:26:11.127528,2025-05-25 07:26:17.843209,0 days 00:00:06.715681,AdamW,0.04442774519260441,,,0.00012610482811593185,,,,29,,,0.009487797811198826,,COMPLETE
93,93,43.75,2025-05-25 07:26:17.933137,2025-05-25 07:26:21.594254,0 days 00:00:03.661117,AdamW,0.045615171920969436,,,0.000122765927294108,,,,14,,,0.008106999300126186,,PRUNED
94,94,33.333333333333336,2025-05-25 07:26:21.619676,2025-05-25 07:26:25.256266,0 days 00:00:03.636590,AdamW,0.032382979180600964,,,0.00041110140606715075,,,,29,,,0.009728381071130948,,PRUNED
95,95,39.583333333333336,2025-05-25 07:26:25.282436,2025-05-25 07:26:29.286584,0 days 00:00:04.004148,Adam,0.023649076433155055,,0.00021068029297295184,,,,,30,,6.253910436436389,,,PRUNED
96,96,47.916666666666664,2025-05-25 07:26:29.312397,2025-05-25 07:26:32.905289,0 days 00:00:03.592892,AdamW,0.06268383386520289,,,6.944190424222534e-05,,,,27,,,0.006685331154889551,,PRUNED
97,97,60.416666666666664,2025-05-25 07:26:32.975976,2025-05-25 07:26:39.786906,0 days 00:00:06.810930,AdamW,0.011118633626475931,,,0.0001617342099508674,,,,25,,,0.001263567745585818,,COMPLETE
98,98,41.666666666666664,2025-05-25 07:26:39.824598,2025-05-25 07:26:43.455397,0 days 00:00:03.630799,AdamW,0.1058985178954114,,,0.00015287396001842135,,,,21,,,0.0012558628728310017,,PRUNED
99,99,43.75,2025-05-25 07:26:43.482451,2025-05-25 07:26:47.123371,0 days 00:00:03.640920,AdamW,0.050672721753457356,,,0.0006347597179291737,,,,25,,,0.00152858927183907,,PRUNED
100,100,33.333333333333336,2025-05-25 07:26:47.149058,2025-05-25 07:26:50.834529,0 days 00:00:03.685471,AdamW,0.0359990421017791,,,0.00022709029978068885,,,,26,,,0.002211798393973788,,PRUNED
101,101,41.666666666666664,2025-05-25 07:26:50.860247,2025-05-25 07:26:54.529387,0 days 00:00:03.669140,AdamW,0.007970936834256159,,,9.480722773402547e-05,,,,28,,,0.0008632107013439297,,PRUNED
102,102,33.333333333333336,2025-05-25 07:26:54.555011,2025-05-25 07:26:58.387685,0 days 00:00:03.832674,AdamW,0.012111668634746758,,,4.548354435789378e-05,,,,17,,,0.003332057547577861,,PRUNED
103,103,43.75,2025-05-25 07:26:58.413173,2025-05-25 07:27:02.032500,0 days 00:00:03.619327,AdamW,0.02436181110960084,,,0.00011894151605807104,,,,29,,,0.0006277628117395426,,PRUNED
104,104,52.083333333333336,2025-05-25 07:27:02.057821,2025-05-25 07:27:06.950383,0 days 00:00:04.892562,AdamW,0.00022448614900962314,,,6.867516008768127e-05,,,,25,,,0.009133279070405518,,PRUNED
105,105,35.416666666666664,2025-05-25 07:27:06.977063,2025-05-25 07:27:11.981993,0 days 00:00:05.004930,Adadelta,0.0483660732038024,0.24745606203596773,,,,,,29,0.13613221546893792,,,,PRUNED
106,106,35.416666666666664,2025-05-25 07:27:12.008599,2025-05-25 07:27:15.631928,0 days 00:00:03.623329,AdamW,0.08021290050237996,,,0.00017087709291983814,,,,31,,,0.0007244799169603892,,PRUNED
107,107,,2025-05-25 07:27:15.657329,2025-05-25 07:27:19.281419,0 days 00:00:03.624090,SGD,0.02068060471556527,,,,7.288893831838806e-05,23.32399100111728,False,28,,,,0.0141879715122381,PRUNED
108,108,45.833333333333336,2025-05-25 07:27:19.307930,2025-05-25 07:27:23.011083,0 days 00:00:03.703153,AdamW,0.036822581597100834,,,0.00026517754009927066,,,,27,,,0.00040949491194245503,,PRUNED
109,109,31.25,2025-05-25 07:27:23.036540,2025-05-25 07:27:26.819677,0 days 00:00:03.783137,AdamW,0.2902426238522212,,,1.4043856167205365e-05,,,,24,,,0.002758842779658383,,PRUNED
110,110,52.083333333333336,2025-05-25 07:27:26.845209,2025-05-25 07:27:32.310064,0 days 00:00:05.464855,AdamW,0.014226357012569,,,2.3107800952221733e-05,,,,13,,,0.00012043769477906246,,PRUNED
111,111,45.833333333333336,2025-05-25 07:27:32.338780,2025-05-25 07:27:36.051238,0 days 00:00:03.712458,AdamW,0.026981631922625437,,,1.93533407248429e-05,,,,30,,,0.00589788550641888,,PRUNED
112,112,33.333333333333336,2025-05-25 07:27:36.076463,2025-05-25 07:27:39.710547,0 days 00:00:03.634084,AdamW,0.007748578758342353,,,3.348635640341752e-05,,,,28,,,0.0038069169159092395,,PRUNED
113,113,58.333333333333336,2025-05-25 07:27:39.736021,2025-05-25 07:27:46.587463,0 days 00:00:06.851442,AdamW,6.842402647110838e-05,,,8.341303123107305e-05,,,,29,,,0.0010449256097552668,,COMPLETE
114,114,54.166666666666664,2025-05-25 07:27:46.624742,2025-05-25 07:27:53.594468,0 days 00:00:06.969726,AdamW,0.042897363387561394,,,4.4244001168162015e-05,,,,26,,,0.0052889265675606706,,COMPLETE
115,115,35.416666666666664,2025-05-25 07:27:53.632524,2025-05-25 07:27:57.279428,0 days 00:00:03.646904,AdamW,0.016558503083054794,,,6.209114031988081e-05,,,,20,,,0.004297615466472123,,PRUNED
116,116,33.333333333333336,2025-05-25 07:27:57.305141,2025-05-25 07:28:01.382269,0 days 00:00:04.077128,Adam,0.0321289742921257,,0.006135023783448844,,,,,31,,0.16132609901209718,,,PRUNED
117,117,41.666666666666664,2025-05-25 07:28:01.408496,2025-05-25 07:28:05.097023,0 days 00:00:03.688527,AdamW,0.05961660549611464,,,0.00011588592215608022,,,,30,,,0.008487696332961184,,PRUNED
118,118,47.916666666666664,2025-05-25 07:28:05.124240,2025-05-25 07:28:08.795318,0 days 00:00:03.671078,AdamW,0.3262060685260867,,,3.9979112737597406e-05,,,,27,,,0.00025600740584026145,,PRUNED
119,119,35.416666666666664,2025-05-25 07:28:08.820848,2025-05-25 07:28:12.460069,0 days 00:00:03.639221,AdamW,0.12580478953547997,,,1.3954073586531114e-05,,,,29,,,0.002096330846871001,,PRUNED
120,120,43.75,2025-05-25 07:28:12.487124,2025-05-25 07:28:16.150691,0 days 00:00:03.663567,AdamW,0.22601036121225468,,,2.8672875817258038e-05,,,,28,,,0.0013604788739118398,,PRUNED
121,121,70.83333333333333,2025-05-25 07:28:16.176405,2025-05-25 07:28:23.055056,0 days 00:00:06.878651,AdamW,0.018782007284396857,,,5.963292074215254e-05,,,,31,,,0.0008292520916416107,,COMPLETE
122,122,60.416666666666664,2025-05-25 07:28:23.092463,2025-05-25 07:28:30.200990,0 days 00:00:07.108527,AdamW,0.009865508172002706,,,7.266143995444908e-05,,,,31,,,0.0007884947067656438,,COMPLETE
123,123,54.166666666666664,2025-05-25 07:28:30.238600,2025-05-25 07:28:37.078495,0 days 00:00:06.839895,AdamW,0.021891148023889563,,,8.955427484408715e-05,,,,31,,,0.0008155722774965139,,COMPLETE
124,124,54.166666666666664,2025-05-25 07:28:37.116245,2025-05-25 07:28:42.077484,0 days 00:00:04.961239,AdamW,0.04051728076678794,,,6.354168785163407e-05,,,,30,,,0.0006913022081583197,,PRUNED
125,125,47.916666666666664,2025-05-25 07:28:42.105472,2025-05-25 07:28:45.797382,0 days 00:00:03.691910,AdamW,0.010658582634684633,,,0.00014140339813086968,,,,30,,,0.0005810587988623742,,PRUNED
126,126,60.416666666666664,2025-05-25 07:28:45.823943,2025-05-25 07:28:52.675583,0 days 00:00:06.851640,AdamW,0.03063579411903013,,,7.60843210477817e-05,,,,30,,,0.0009427294518690972,,COMPLETE
127,127,62.5,2025-05-25 07:28:52.713549,2025-05-25 07:28:59.901226,0 days 00:00:07.187677,AdamW,0.07228491501018472,,,7.579891569910684e-05,,,,26,,,0.000919491434482944,,COMPLETE
128,128,58.333333333333336,2025-05-25 07:28:59.939454,2025-05-25 07:29:07.284416,0 days 00:00:07.344962,Adadelta,0.07340586710254947,0.061376618051792314,,,,,,26,0.07370191143872243,,,,COMPLETE
129,129,58.333333333333336,2025-05-25 07:29:07.322435,2025-05-25 07:29:14.398084,0 days 00:00:07.075649,AdamW,0.04851995329464681,,,5.117528802644903e-05,,,,25,,,0.0010711289132337804,,COMPLETE
130,130,,2025-05-25 07:29:14.436605,2025-05-25 07:29:17.745053,0 days 00:00:03.308448,SGD,0.06596821664338604,,,,0.0034673005707863956,67.93433627660927,True,27,,,,0.1630518404190608,PRUNED
131,131,41.666666666666664,2025-05-25 07:29:17.771885,2025-05-25 07:29:21.605162,0 days 00:00:03.833277,AdamW,0.02967949039863592,,,7.210012427842015e-05,,,,28,,,0.0008158532632095353,,PRUNED
132,132,50.0,2025-05-25 07:29:21.630704,2025-05-25 07:29:25.650343,0 days 00:00:04.019639,AdamW,0.020920741496582167,,,8.910428478691441e-05,,,,30,,,0.0009229639439296779,,PRUNED
133,133,60.416666666666664,2025-05-25 07:29:25.676102,2025-05-25 07:29:35.835156,0 days 00:00:10.159054,AdamW,0.05416656752347758,,,0.00010734445094183179,,,,31,,,0.0012205528441249448,,COMPLETE
134,134,35.416666666666664,2025-05-25 07:29:35.885901,2025-05-25 07:29:39.639817,0 days 00:00:03.753916,AdamW,0.010214839347421442,,,0.00020014237020616647,,,,29,,,0.0008714168999822503,,PRUNED
135,135,54.166666666666664,2025-05-25 07:29:39.665689,2025-05-25 07:29:48.401046,0 days 00:00:08.735357,AdamW,0.03292767070401641,,,5.739307856256163e-05,,,,22,,,0.0016740283910933263,,COMPLETE
136,136,50.0,2025-05-25 07:29:48.451935,2025-05-25 07:30:00.507724,0 days 00:00:12.055789,AdamW,0.03851844642072741,,,0.00013968421657180083,,,,23,,,0.000984622549814282,,PRUNED
137,137,58.333333333333336,2025-05-25 07:30:00.548362,2025-05-25 07:30:18.069829,0 days 00:00:17.521467,AdamW,0.01982638379917008,,,7.839705003025543e-05,,,,29,,,0.000780039366901882,,COMPLETE
138,138,41.666666666666664,2025-05-25 07:30:18.120788,2025-05-25 07:30:30.134506,0 days 00:00:12.013718,AdamW,0.08672417832058897,,,0.00011174567931262225,,,,26,,,0.0011371696024875674,,PRUNED
139,139,50.0,2025-05-25 07:30:30.170539,2025-05-25 07:30:42.158814,0 days 00:00:11.988275,AdamW,0.05415312296091729,,,4.622408784520408e-05,,,,27,,,0.000672158208041615,,PRUNED
140,140,50.0,2025-05-25 07:30:42.193843,2025-05-25 07:30:54.409054,0 days 00:00:12.215211,AdamW,0.007840909726238689,,,0.0001637201623051588,,,,28,,,0.0013792040013866568,,PRUNED
141,141,50.0,2025-05-25 07:30:54.445179,2025-05-25 07:31:06.403465,0 days 00:00:11.958286,AdamW,0.05115421500797245,,,9.7569870323794e-05,,,,31,,,0.0012041831887549142,,PRUNED
142,142,62.5,2025-05-25 07:31:06.437817,2025-05-25 07:31:23.991817,0 days 00:00:17.554000,AdamW,0.02883440570947764,,,6.390061938543566e-05,,,,31,,,0.0009172507987461577,,COMPLETE
143,143,47.916666666666664,2025-05-25 07:31:24.043056,2025-05-25 07:31:36.003976,0 days 00:00:11.960920,AdamW,0.028535615234096718,,,5.9123994821105874e-05,,,,30,,,0.0009170185332552509,,PRUNED
144,144,50.0,2025-05-25 07:31:36.040718,2025-05-25 07:31:50.273411,0 days 00:00:14.232693,AdamW,0.038502962387625767,,,7.622904580531134e-05,,,,29,,,0.0009806053530790433,,PRUNED
145,145,54.166666666666664,2025-05-25 07:31:50.309895,2025-05-25 07:32:04.928135,0 days 00:00:14.618240,AdamW,0.017704046312792664,,,3.735691014248929e-05,,,,31,,,0.0007282325274894925,,PRUNED
146,146,31.25,2025-05-25 07:32:04.963219,2025-05-25 07:32:17.024988,0 days 00:00:12.061769,Adam,0.0006115577173694924,,1.3566840982681367e-05,,,,,30,,0.010218620446690627,,,PRUNED
147,147,50.0,2025-05-25 07:32:17.060957,2025-05-25 07:32:29.096441,0 days 00:00:12.035484,AdamW,0.02967710209060069,,,4.7914502570131665e-05,,,,25,,,0.0005464606314375775,,PRUNED
148,148,35.416666666666664,2025-05-25 07:32:29.130683,2025-05-25 07:32:41.108472,0 days 00:00:11.977789,AdamW,0.15440699427884924,,,0.0003416576638171158,,,,28,,,0.00012866358707235142,,PRUNED
149,149,45.833333333333336,2025-05-25 07:32:41.145366,2025-05-25 07:32:53.232378,0 days 00:00:12.087012,AdamW,0.04402117044597867,,,6.398501408474966e-05,,,,27,,,0.00016865380308320817,,PRUNED
150,150,33.333333333333336,2025-05-25 07:32:53.267565,2025-05-25 07:33:05.312712,0 days 00:00:12.045147,AdamW,0.06648496588632347,,,0.015323161893518063,,,,24,,,0.0010699705457668663,,PRUNED
151,151,41.666666666666664,2025-05-25 07:33:05.351789,2025-05-25 07:33:17.319484,0 days 00:00:11.967695,AdamW,0.05719935691456375,,,0.00010229919781628278,,,,31,,,0.0012421117661553993,,PRUNED
152,152,43.75,2025-05-25 07:33:17.353987,2025-05-25 07:33:29.390405,0 days 00:00:12.036418,AdamW,0.010733796441774631,,,0.00012633254801535718,,,,31,,,0.0008158227157891674,,PRUNED
153,153,52.083333333333336,2025-05-25 07:33:29.425846,2025-05-25 07:33:43.704212,0 days 00:00:14.278366,AdamW,0.02206062509594286,,,7.811998976705457e-05,,,,30,,,0.0009152409248174516,,PRUNED
154,154,39.583333333333336,2025-05-25 07:33:43.739844,2025-05-25 07:33:55.935902,0 days 00:00:12.196058,AdamW,0.04319162671672981,,,0.00010131971754460888,,,,29,,,0.00010411999198500732,,PRUNED
155,155,39.583333333333336,2025-05-25 07:33:55.988181,2025-05-25 07:34:07.969247,0 days 00:00:11.981066,AdamW,0.00021683541471817155,,,5.358690834060435e-05,,,,31,,,0.0011409964711956012,,PRUNED
156,156,66.66666666666667,2025-05-25 07:34:08.005194,2025-05-25 07:34:25.838145,0 days 00:00:17.832951,AdamW,0.028397839917170587,,,0.0002103814748050266,,,,30,,,0.0007629739210556644,,COMPLETE
157,157,50.0,2025-05-25 07:34:25.891654,2025-05-25 07:34:37.780210,0 days 00:00:11.888556,AdamW,0.015524122506286337,,,0.00021599321504602408,,,,29,,,0.0006330604305007975,,PRUNED
158,158,33.333333333333336,2025-05-25 07:34:37.815373,2025-05-25 07:34:44.523510,0 days 00:00:06.708137,Adadelta,0.027426375451874388,17.490825525472633,,,,,,28,4.8971634198475105,,,,PRUNED
159,159,43.75,2025-05-25 07:34:44.551117,2025-05-25 07:34:54.100456,0 days 00:00:09.549339,AdamW,0.01046859497824378,,,0.00015201235390493878,,,,27,,,0.0007545809174384726,,PRUNED
160,160,,2025-05-25 07:34:54.135489,2025-05-25 07:35:05.381866,0 days 00:00:11.246377,SGD,0.034287414200653024,,,,0.00011066920123847005,82.14773783001017,True,7,,,,99.18085343130276,PRUNED
161,161,45.833333333333336,2025-05-25 07:35:05.417775,2025-05-25 07:35:16.454245,0 days 00:00:11.036470,AdamW,0.055614168431892555,,,0.0001225899036968241,,,,30,,,0.0010096636502687625,,PRUNED
162,162,58.333333333333336,2025-05-25 07:35:16.489915,2025-05-25 07:35:28.352455,0 days 00:00:11.862540,AdamW,0.04580570825628863,,,8.509099531508136e-05,,,,31,,,0.0008704757774676855,,COMPLETE
163,163,33.333333333333336,2025-05-25 07:35:28.404467,2025-05-25 07:35:40.431533,0 days 00:00:12.027066,AdamW,0.023842201782132335,,,0.0015564208063538441,,,,30,,,0.0006951263919194595,,PRUNED
164,164,45.833333333333336,2025-05-25 07:35:40.468616,2025-05-25 07:35:52.524987,0 days 00:00:12.056371,AdamW,0.03672236850456976,,,6.194843271879086e-05,,,,29,,,0.0001440835062145702,,PRUNED
165,165,52.083333333333336,2025-05-25 07:35:52.560687,2025-05-25 07:36:04.582232,0 days 00:00:12.021545,AdamW,0.011213216859733572,,,7.328170624375916e-05,,,,26,,,0.0007885548017291822,,PRUNED
166,166,52.083333333333336,2025-05-25 07:36:04.617601,2025-05-25 07:36:16.603999,0 days 00:00:11.986398,AdamW,0.0653572064236169,,,0.00016872243737519398,,,,31,,,0.00044698495334156155,,PRUNED
167,167,33.333333333333336,2025-05-25 07:36:16.638728,2025-05-25 07:36:28.877981,0 days 00:00:12.239253,AdamW,0.07796101088581014,,,0.00026590323095822044,,,,28,,,0.001732951315476802,,PRUNED
168,168,52.083333333333336,2025-05-25 07:36:28.914293,2025-05-25 07:36:40.898577,0 days 00:00:11.984284,AdamW,0.01592636956457922,,,0.00010324869976136596,,,,30,,,0.00034513160216133136,,PRUNED
169,169,39.583333333333336,2025-05-25 07:36:40.935858,2025-05-25 07:36:52.971922,0 days 00:00:12.036064,AdamW,0.025772176266891995,,,4.380283230379937e-05,,,,30,,,0.0008789953296889906,,PRUNED
170,170,50.0,2025-05-25 07:36:53.008406,2025-05-25 07:37:04.977698,0 days 00:00:11.969292,AdamW,0.04746281442628018,,,9.103845942029474e-05,,,,29,,,0.0014147130094156475,,PRUNED
171,171,39.583333333333336,2025-05-25 07:37:05.013386,2025-05-25 07:37:17.122476,0 days 00:00:12.109090,AdamW,0.006118496510970812,,,1.3347625593285108e-05,,,,31,,,0.009140998165940294,,PRUNED
172,172,41.666666666666664,2025-05-25 07:37:17.160339,2025-05-25 07:37:29.211499,0 days 00:00:12.051160,AdamW,0.0009071357881610812,,,1.0384720573586936e-05,,,,31,,,0.007441471447779591,,PRUNED
173,173,33.333333333333336,2025-05-25 07:37:29.246931,2025-05-25 07:37:41.305734,0 days 00:00:12.058803,AdamW,0.01946121971203741,,,0.09875553761052538,,,,30,,,0.0010150979062618643,,PRUNED
174,174,35.416666666666664,2025-05-25 07:37:41.341428,2025-05-25 07:37:53.456380,0 days 00:00:12.114952,AdamW,0.033651036471597534,,,3.413697334399851e-05,,,,29,,,0.0031154788224017774,,PRUNED
175,175,52.083333333333336,2025-05-25 07:37:53.492285,2025-05-25 07:38:05.455696,0 days 00:00:11.963411,AdamW,0.02557937301198194,,,0.00012655156436417923,,,,30,,,0.009834871933067231,,PRUNED
176,176,58.333333333333336,2025-05-25 07:38:05.491371,2025-05-25 07:38:23.355647,0 days 00:00:17.864276,Adam,0.012208630634041623,,0.00038605611439699,,,,,26,,0.4097784984106313,,,COMPLETE
177,177,41.666666666666664,2025-05-25 07:38:23.407750,2025-05-25 07:38:35.456561,0 days 00:00:12.048811,AdamW,0.03541375595121156,,,2.649276842410154e-05,,,,28,,,0.0005792554062576271,,PRUNED
178,178,50.0,2025-05-25 07:38:35.492416,2025-05-25 07:38:53.068750,0 days 00:00:17.576334,AdamW,0.01790628786307751,,,5.54475736928471e-05,,,,29,,,0.0010913321889983955,,PRUNED
179,179,47.916666666666664,2025-05-25 07:38:53.105369,2025-05-25 07:39:05.089520,0 days 00:00:11.984151,AdamW,0.0006738998986742309,,,6.750575178961367e-05,,,,25,,,0.0012683008977150932,,PRUNED
180,180,43.75,2025-05-25 07:39:05.126823,2025-05-25 07:39:12.101121,0 days 00:00:06.974298,AdamW,0.05373652921355583,,,1.685700824898256e-05,,,,31,,,0.0009565188621200616,,PRUNED
181,181,39.583333333333336,2025-05-25 07:39:12.127186,2025-05-25 07:39:15.738348,0 days 00:00:03.611162,AdamW,0.005584292520834457,,,4.015555402722645e-05,,,,27,,,0.005426435800106988,,PRUNED
182,182,43.75,2025-05-25 07:39:15.764277,2025-05-25 07:39:19.395056,0 days 00:00:03.630779,AdamW,0.024180301073935755,,,5.029836903588624e-05,,,,29,,,0.0008319316732069769,,PRUNED
183,183,37.5,2025-05-25 07:39:19.420566,2025-05-25 07:39:23.085509,0 days 00:00:03.664943,AdamW,0.010911523256876221,,,2.1305683674988824e-05,,,,30,,,0.006279710002615489,,PRUNED
184,184,45.833333333333336,2025-05-25 07:39:23.111490,2025-05-25 07:39:26.732514,0 days 00:00:03.621024,AdamW,0.04318347748110354,,,8.203093124192479e-05,,,,28,,,0.0044819359922321335,,PRUNED
185,185,52.083333333333336,2025-05-25 07:39:26.759253,2025-05-25 07:39:31.749225,0 days 00:00:04.989972,AdamW,0.030496103860654142,,,2.965732896391369e-05,,,,19,,,0.007002729120427905,,PRUNED
186,186,33.333333333333336,2025-05-25 07:39:31.776560,2025-05-25 07:39:35.394085,0 days 00:00:03.617525,AdamW,0.016997484775665647,,,0.06766166344450808,,,,15,,,0.003572685518375633,,PRUNED
187,187,54.166666666666664,2025-05-25 07:39:35.420045,2025-05-25 07:39:42.230675,0 days 00:00:06.810630,AdamW,0.4137601286579555,,,6.776561183012232e-05,,,,27,,,0.0024830675713241913,,COMPLETE
188,188,33.333333333333336,2025-05-25 07:39:42.269007,2025-05-25 07:39:45.949593,0 days 00:00:03.680586,Adadelta,0.00047121516456540555,0.8979094379928652,,,,,,31,93.10499839864464,,,,PRUNED
189,189,50.0,2025-05-25 07:39:45.976694,2025-05-25 07:39:49.643057,0 days 00:00:03.666363,AdamW,0.038851628611459584,,,0.00010807100969984859,,,,28,,,0.00019381940828123724,,PRUNED
190,190,50.0,2025-05-25 07:39:49.669089,2025-05-25 07:39:53.355199,0 days 00:00:03.686110,AdamW,0.13721193681399735,,,4.7818995781925404e-05,,,,29,,,0.0007039249634417383,,PRUNED
191,191,31.25,2025-05-25 07:39:53.381191,2025-05-25 07:39:56.986974,0 days 00:00:03.605783,AdamW,0.3130539082467912,,,3.871952293802378e-05,,,,31,,,0.005302552116021563,,PRUNED
192,192,41.666666666666664,2025-05-25 07:39:57.014507,2025-05-25 07:40:00.581205,0 days 00:00:03.566698,AdamW,0.3552086482222127,,,6.0076808935639704e-05,,,,30,,,0.004208219649377589,,PRUNED
193,193,45.833333333333336,2025-05-25 07:40:00.608613,2025-05-25 07:40:04.223409,0 days 00:00:03.614796,AdamW,0.24067628461378315,,,7.647018382723042e-05,,,,31,,,0.0009311436340702584,,PRUNED
194,194,,2025-05-25 07:40:04.249785,2025-05-25 07:40:07.523137,0 days 00:00:03.273352,SGD,0.20145799106754966,,,,0.01541975473976025,21.75077623601558,False,30,,,,1.2567704255476004,PRUNED
195,195,41.666666666666664,2025-05-25 07:40:07.550191,2025-05-25 07:40:11.167508,0 days 00:00:03.617317,AdamW,0.011320168736781277,,,0.00014051044685247976,,,,29,,,0.002852186531014913,,PRUNED
196,196,45.833333333333336,2025-05-25 07:40:11.297426,2025-05-25 07:40:14.927434,0 days 00:00:03.630008,AdamW,0.2779299144789458,,,0.0001946525618098774,,,,30,,,0.002083078008934279,,PRUNED
197,197,41.666666666666664,2025-05-25 07:40:14.953583,2025-05-25 07:40:18.641671,0 days 00:00:03.688088,AdamW,0.020670608705279904,,,5.4575737873345193e-05,,,,3,,,0.008559336468308297,,PRUNED
198,198,50.0,2025-05-25 07:40:18.667715,2025-05-25 07:40:22.310126,0 days 00:00:03.642411,AdamW,0.02887340398453026,,,4.291696376847516e-05,,,,31,,,0.004954841130734686,,PRUNED
199,199,47.916666666666664,2025-05-25 07:40:22.335990,2025-05-25 07:40:25.953119,0 days 00:00:03.617129,AdamW,0.008083211022192699,,,8.93403232518885e-05,,,,23,,,0.0007947551339645021,,PRUNED
200,200,52.083333333333336,2025-05-25 07:40:25.980520,2025-05-25 07:40:29.579712,0 days 00:00:03.599192,AdamW,0.33902193981289275,,,3.401096518339277e-05,,,,29,,,0.003981478782549351,,PRUNED
201,201,56.25,2025-05-25 07:40:29.605759,2025-05-25 07:40:36.410241,0 days 00:00:06.804482,AdamW,0.02203890585552562,,,6.784917334106113e-05,,,,27,,,0.007852783870722087,,COMPLETE
202,202,39.583333333333336,2025-05-25 07:40:36.449185,2025-05-25 07:40:40.087976,0 days 00:00:03.638791,AdamW,0.03349539324159409,,,2.458140760901419e-05,,,,28,,,0.0008671452515901065,,PRUNED
203,203,52.083333333333336,2025-05-25 07:40:40.114111,2025-05-25 07:40:43.760281,0 days 00:00:03.646170,AdamW,0.04477210806611736,,,4.793136495914393e-05,,,,28,,,0.0058984833979186056,,PRUNED
204,204,41.666666666666664,2025-05-25 07:40:43.786472,2025-05-25 07:40:47.386245,0 days 00:00:03.599773,AdamW,0.11249368206884397,,,5.848293055216523e-05,,,,30,,,0.00473877185966837,,PRUNED
205,205,64.58333333333333,2025-05-25 07:40:47.413698,2025-05-25 07:40:54.281938,0 days 00:00:06.868240,AdamW,0.3745847317337323,,,3.1344486556358575e-05,,,,26,,,0.0010410017380718217,,COMPLETE
206,206,52.083333333333336,2025-05-25 07:40:54.320422,2025-05-25 07:40:58.103847,0 days 00:00:03.783425,AdamW,0.3837649574076053,,,3.08318104108212e-05,,,,26,,,0.0011419081755504028,,PRUNED
207,207,45.833333333333336,2025-05-25 07:40:58.130691,2025-05-25 07:41:01.736156,0 days 00:00:03.605465,AdamW,0.4378966512522459,,,9.452705448055213e-05,,,,26,,,0.001001703618011629,,PRUNED
208,208,35.416666666666664,2025-05-25 07:41:01.763998,2025-05-25 07:41:05.364624,0 days 00:00:03.600626,Adam,0.3782030333624085,,0.02311784737645347,,,,,25,,6.087925699651548,,,PRUNED
209,209,33.333333333333336,2025-05-25 07:41:05.390866,2025-05-25 07:41:09.014690,0 days 00:00:03.623824,AdamW,0.17421502282436396,,,1.971114601699815e-05,,,,31,,,0.001232823532616457,,PRUNED
210,210,50.0,2025-05-25 07:41:09.041972,2025-05-25 07:41:12.641842,0 days 00:00:03.599870,AdamW,0.3282396844878488,,,3.661747478343195e-05,,,,25,,,0.00024935987672879655,,PRUNED
211,211,43.75,2025-05-25 07:41:12.668552,2025-05-25 07:41:16.277184,0 days 00:00:03.608632,AdamW,0.013794123990899056,,,4.9029362150965284e-05,,,,27,,,0.0010733245452045944,,PRUNED
212,212,50.0,2025-05-25 07:41:16.304139,2025-05-25 07:41:19.901280,0 days 00:00:03.597141,AdamW,2.6630708330147718e-05,,,3.996657255821093e-05,,,,28,,,0.0009068745796328001,,PRUNED
213,213,43.75,2025-05-25 07:41:19.927070,2025-05-25 07:41:23.574619,0 days 00:00:03.647549,AdamW,0.4016889617220238,,,7.652629900503299e-05,,,,26,,,0.0007732629834624573,,PRUNED
214,214,41.666666666666664,2025-05-25 07:41:23.600042,2025-05-25 07:41:27.236015,0 days 00:00:03.635973,AdamW,0.026812367221474197,,,2.447119713773158e-05,,,,29,,,0.000734290846487223,,PRUNED
215,215,39.583333333333336,2025-05-25 07:41:27.262897,2025-05-25 07:41:30.932864,0 days 00:00:03.669967,AdamW,0.057739839366298465,,,0.00011423358494534532,,,,18,,,0.003657834357394542,,PRUNED
216,216,45.833333333333336,2025-05-25 07:41:30.958454,2025-05-25 07:41:34.586016,0 days 00:00:03.627562,AdamW,0.017837393173882846,,,6.191885594559645e-05,,,,24,,,0.00011833481237143662,,PRUNED
217,217,45.833333333333336,2025-05-25 07:41:34.612663,2025-05-25 07:41:38.226243,0 days 00:00:03.613580,AdamW,0.03855694406249514,,,3.415810150798e-05,,,,27,,,0.0006506929165433262,,PRUNED
218,218,37.5,2025-05-25 07:41:38.251902,2025-05-25 07:41:41.873441,0 days 00:00:03.621539,AdamW,0.01047360876639954,,,0.0001761138877858306,,,,30,,,0.0008502805998243699,,PRUNED
219,219,47.916666666666664,2025-05-25 07:41:41.899011,2025-05-25 07:41:45.492534,0 days 00:00:03.593523,AdamW,0.30107676119736143,,,8.095333803114113e-05,,,,30,,,0.0010206632692869885,,PRUNED
220,220,47.916666666666664,2025-05-25 07:41:45.518453,2025-05-25 07:41:49.132664,0 days 00:00:03.614211,AdamW,0.45024698369070265,,,0.0001379856626781356,,,,29,,,0.0009458588575379154,,PRUNED
221,221,52.083333333333336,2025-05-25 07:41:49.158439,2025-05-25 07:41:52.825500,0 days 00:00:03.667061,AdamW,0.02033717599338912,,,5.452139194488919e-05,,,,31,,,0.0034771541294855274,,PRUNED
222,222,52.083333333333336,2025-05-25 07:41:52.851316,2025-05-25 07:41:56.442277,0 days 00:00:03.590961,AdamW,0.008080610447097245,,,4.3856407977252386e-05,,,,31,,,0.0032160979580253533,,PRUNED
223,223,56.25,2025-05-25 07:41:56.468380,2025-05-25 07:42:03.227356,0 days 00:00:06.758976,AdamW,0.03383295198361842,,,6.73384482983733e-05,,,,31,,,0.004124719430932555,,PRUNED
224,224,50.0,2025-05-25 07:42:03.255034,2025-05-25 07:42:06.846019,0 days 00:00:03.590985,AdamW,0.026317790474237632,,,5.473018300894658e-05,,,,31,,,0.0008462611945649714,,PRUNED
225,225,52.083333333333336,2025-05-25 07:42:06.872117,2025-05-25 07:42:10.520765,0 days 00:00:03.648648,Adadelta,0.00021070725864766326,1.266279767154346,,,,,,30,0.044726048793819126,,,,PRUNED
226,226,52.083333333333336,2025-05-25 07:42:10.546915,2025-05-25 07:42:14.138465,0 days 00:00:03.591550,AdamW,0.2590417695313605,,,2.763737437350646e-05,,,,30,,,0.005590580081348036,,PRUNED
227,227,47.916666666666664,2025-05-25 07:42:14.164265,2025-05-25 07:42:17.796915,0 days 00:00:03.632650,AdamW,0.01429461333120163,,,9.833855165351507e-05,,,,28,,,0.009145105463196756,,PRUNED
228,228,,2025-05-25 07:42:17.823362,2025-05-25 07:42:21.024206,0 days 00:00:03.200844,SGD,0.04916158751579037,,,,0.0015027679765063364,58.031290376445725,True,29,,,,12.138891599853299,PRUNED
229,229,50.0,2025-05-25 07:42:21.050486,2025-05-25 07:42:27.863413,0 days 00:00:06.812927,AdamW,0.021446980483556675,,,7.092405587091449e-05,,,,26,,,0.004533578029405557,,COMPLETE
230,230,39.583333333333336,2025-05-25 07:42:27.916014,2025-05-25 07:42:31.554973,0 days 00:00:03.638959,AdamW,0.029932123352978648,,,0.0007586167978856624,,,,31,,,0.0011512398151474607,,PRUNED
231,231,41.666666666666664,2025-05-25 07:42:31.580771,2025-05-25 07:42:35.209163,0 days 00:00:03.628392,AdamW,0.010514283407925158,,,0.00011550238435885551,,,,24,,,0.004904140664069949,,PRUNED
232,232,47.916666666666664,2025-05-25 07:42:35.235139,2025-05-25 07:42:38.853597,0 days 00:00:03.618458,AdamW,0.03911319216047371,,,8.880191444984083e-05,,,,26,,,0.001321960164833398,,PRUNED
233,233,50.0,2025-05-25 07:42:38.879402,2025-05-25 07:42:42.508512,0 days 00:00:03.629110,AdamW,0.026411551960693763,,,4.41010832464693e-05,,,,25,,,0.001605741764562804,,PRUNED
234,234,37.5,2025-05-25 07:42:42.534346,2025-05-25 07:42:46.136968,0 days 00:00:03.602622,AdamW,0.020399441503969506,,,0.0001519957330642011,,,,25,,,0.006545393137633508,,PRUNED
235,235,45.833333333333336,2025-05-25 07:42:46.162504,2025-05-25 07:42:49.786266,0 days 00:00:03.623762,AdamW,0.010334555372007377,,,6.15097530983456e-05,,,,27,,,0.0010098671370780059,,PRUNED
236,236,47.916666666666664,2025-05-25 07:42:49.812131,2025-05-25 07:42:53.485449,0 days 00:00:03.673318,AdamW,0.045666302580479594,,,0.00011058531008276827,,,,30,,,0.0011330883630404436,,PRUNED
237,237,52.083333333333336,2025-05-25 07:42:53.511515,2025-05-25 07:42:57.151931,0 days 00:00:03.640416,AdamW,0.033643603746419656,,,7.841856442325082e-05,,,,28,,,0.0014541667963188906,,PRUNED
238,238,52.083333333333336,2025-05-25 07:42:57.177871,2025-05-25 07:43:04.355762,0 days 00:00:07.177891,AdamW,0.0001949019777546658,,,5.2685366485632716e-05,,,,29,,,0.0008997584930210792,,PRUNED
239,239,60.416666666666664,2025-05-25 07:43:04.383380,2025-05-25 07:43:11.111402,0 days 00:00:06.728022,AdamW,0.06374111968410164,,,9.77162650559763e-05,,,,31,,,0.0007951870553522616,,COMPLETE
240,240,41.666666666666664,2025-05-25 07:43:11.149594,2025-05-25 07:43:14.748313,0 days 00:00:03.598719,AdamW,0.05682541448975592,,,3.2511175476065035e-05,,,,31,,,0.000826736219241495,,PRUNED
241,241,52.083333333333336,2025-05-25 07:43:14.774430,2025-05-25 07:43:18.460286,0 days 00:00:03.685856,AdamW,0.07282923676453903,,,0.00010390828961255617,,,,11,,,0.00027936823660934393,,PRUNED
242,242,60.416666666666664,2025-05-25 07:43:18.486203,2025-05-25 07:43:25.275975,0 days 00:00:06.789772,AdamW,0.017440475877544485,,,0.0001303372523725668,,,,31,,,0.0027172696817153413,,COMPLETE
243,243,33.333333333333336,2025-05-25 07:43:25.314447,2025-05-25 07:43:29.289100,0 days 00:00:03.974653,AdamW,0.014072729593342282,,,0.00021794111002327262,,,,31,,,0.0026170805474474796,,PRUNED
244,244,35.416666666666664,2025-05-25 07:43:29.314921,2025-05-25 07:43:34.066977,0 days 00:00:04.752056,AdamW,0.0625209678460794,,,1.5399513911878306e-05,,,,31,,,0.0007564069255498215,,PRUNED
245,245,43.75,2025-05-25 07:43:34.100361,2025-05-25 07:43:38.419012,0 days 00:00:04.318651,AdamW,0.0184383476746198,,,0.00014701174907088337,,,,30,,,0.002948601430999203,,PRUNED
246,246,52.083333333333336,2025-05-25 07:43:38.453825,2025-05-25 07:43:42.590327,0 days 00:00:04.136502,AdamW,0.008598769791567986,,,6.936600945987995e-05,,,,31,,,0.0019999632498120734,,PRUNED
247,247,43.75,2025-05-25 07:43:42.622351,2025-05-25 07:43:46.501184,0 days 00:00:03.878833,AdamW,0.027398341312180184,,,8.692971628328286e-05,,,,30,,,0.003367104631570264,,PRUNED
248,248,58.333333333333336,2025-05-25 07:43:46.527277,2025-05-25 07:43:53.864261,0 days 00:00:07.336984,Adam,0.043310489582271294,,5.926596421004036e-05,,,,,31,,0.04741833302448575,,,COMPLETE
249,249,47.916666666666664,2025-05-25 07:43:53.912635,2025-05-25 07:43:58.127442,0 days 00:00:04.214807,AdamW,0.018245580147651076,,,0.00012632303048813588,,,,30,,,0.0009587797783120945,,PRUNED
250,250,45.833333333333336,2025-05-25 07:43:58.162593,2025-05-25 07:44:03.211800,0 days 00:00:05.049207,AdamW,0.08937625289015631,,,3.838916859235018e-05,,,,30,,,0.0007190055792638919,,PRUNED
251,251,58.333333333333336,2025-05-25 07:44:03.237565,2025-05-25 07:44:11.303266,0 days 00:00:08.065701,AdamW,0.27464854382285686,,,4.767826663821642e-05,,,,29,,,0.003943399517195726,,COMPLETE
252,252,37.5,2025-05-25 07:44:11.341537,2025-05-25 07:44:15.462165,0 days 00:00:04.120628,AdamW,0.06877896002025802,,,0.00017280799960109125,,,,31,,,0.0007948654901087172,,PRUNED
253,253,54.166666666666664,2025-05-25 07:44:15.488935,2025-05-25 07:44:20.623571,0 days 00:00:05.134636,AdamW,0.2382189919324375,,,5.7723800299287184e-05,,,,28,,,0.009996209223338869,,PRUNED
254,254,43.75,2025-05-25 07:44:20.649946,2025-05-25 07:44:24.509557,0 days 00:00:03.859611,AdamW,0.033842511106207035,,,8.8632676659559e-05,,,,27,,,0.0024408532858460606,,PRUNED
255,255,47.916666666666664,2025-05-25 07:44:24.535795,2025-05-25 07:44:28.775120,0 days 00:00:04.239325,AdamW,0.005645386674859697,,,6.990002143182702e-05,,,,29,,,0.0001019926155920647,,PRUNED
256,256,45.833333333333336,2025-05-25 07:44:28.810789,2025-05-25 07:44:34.752506,0 days 00:00:05.941717,AdamW,0.02125196326302876,,,0.00012531125267321102,,,,30,,,0.003043135580279047,,PRUNED
257,257,41.666666666666664,2025-05-25 07:44:34.778447,2025-05-25 07:44:38.402694,0 days 00:00:03.624247,AdamW,0.04992339491669829,,,4.344063317925759e-05,,,,31,,,0.0008875296941171459,,PRUNED
258,258,39.583333333333336,2025-05-25 07:44:38.428617,2025-05-25 07:44:42.686679,0 days 00:00:04.258062,Adadelta,0.010192196214720705,0.04649901431615689,,,,,,30,0.3669692779297851,,,,PRUNED
259,259,33.333333333333336,2025-05-25 07:44:42.720267,2025-05-25 07:44:47.577057,0 days 00:00:04.856790,AdamW,0.3698274162679405,,,0.0056780871346121566,,,,31,,,0.00015052406534193772,,PRUNED
260,260,50.0,2025-05-25 07:44:47.602840,2025-05-25 07:44:51.903623,0 days 00:00:04.300783,AdamW,0.038685001761578894,,,9.899901668195607e-05,,,,29,,,0.0006831843794720311,,PRUNED
261,261,47.916666666666664,2025-05-25 07:44:51.929426,2025-05-25 07:44:55.724385,0 days 00:00:03.794959,AdamW,0.030315250895870963,,,6.155261804956394e-05,,,,28,,,0.002303285101325976,,PRUNED
262,262,,2025-05-25 07:44:55.750514,2025-05-25 07:45:02.113946,0 days 00:00:06.363432,SGD,0.015630954151915618,,,,0.012629234958918824,22.969091467542402,False,27,,,,0.05836048061299048,PRUNED
263,263,37.5,2025-05-25 07:45:02.140416,2025-05-25 07:45:05.874028,0 days 00:00:03.733612,AdamW,0.0009939243126694235,,,2.0825657655963797e-05,,,,31,,,0.0027075873860429815,,PRUNED
264,264,47.916666666666664,2025-05-25 07:45:05.900038,2025-05-25 07:45:09.631854,0 days 00:00:03.731816,AdamW,0.025058639023506826,,,7.386274547562172e-05,,,,30,,,0.0010669365067936894,,PRUNED
265,265,35.416666666666664,2025-05-25 07:45:09.657907,2025-05-25 07:45:13.571095,0 days 00:00:03.913188,AdamW,0.05672304760011166,,,3.0482278547996342e-05,,,,28,,,0.0009731448882096955,,PRUNED
266,266,52.083333333333336,2025-05-25 07:45:13.597070,2025-05-25 07:45:19.298648,0 days 00:00:05.701578,AdamW,0.01085318543133716,,,5.1499511537988606e-05,,,,20,,,0.000811085704370787,,PRUNED
267,267,37.5,2025-05-25 07:45:19.326112,2025-05-25 07:45:23.203374,0 days 00:00:03.877262,AdamW,0.040463206508592794,,,1.189841847665519e-05,,,,29,,,0.00020933613237058809,,PRUNED
268,268,52.083333333333336,2025-05-25 07:45:23.229259,2025-05-25 07:45:26.878617,0 days 00:00:03.649358,AdamW,0.026064572793908124,,,3.799284016889768e-05,,,,30,,,0.0009033259296410028,,PRUNED
269,269,52.083333333333336,2025-05-25 07:45:26.904855,2025-05-25 07:45:34.537931,0 days 00:00:07.633076,AdamW,0.07827603905668873,,,8.630275648665029e-05,,,,31,,,0.0051964033832602174,,PRUNED
270,270,37.5,2025-05-25 07:45:34.563983,2025-05-25 07:45:38.587158,0 days 00:00:04.023175,AdamW,0.01674945895162913,,,0.0001369336088667397,,,,0,,,0.0001688805945354157,,PRUNED
271,271,37.5,2025-05-25 07:45:38.613344,2025-05-25 07:45:42.422910,0 days 00:00:03.809566,AdamW,0.1563353357160214,,,1.7857746648671457e-05,,,,26,,,0.004394414723628528,,PRUNED
272,272,39.583333333333336,2025-05-25 07:45:42.449531,2025-05-25 07:45:47.385026,0 days 00:00:04.935495,AdamW,0.3446391957103098,,,0.0001930423876816596,,,,29,,,0.0006165936895870337,,PRUNED
273,273,33.333333333333336,2025-05-25 07:45:47.413329,2025-05-25 07:45:51.612389,0 days 00:00:04.199060,Adam,0.052073897801419994,,0.004315080320906016,,,,,27,,21.148637795213578,,,PRUNED
274,274,52.083333333333336,2025-05-25 07:45:51.638531,2025-05-25 07:46:00.204575,0 days 00:00:08.566044,AdamW,0.18819534644601937,,,5.9720855717230396e-05,,,,31,,,0.007190477844489747,,COMPLETE
275,275,50.0,2025-05-25 07:46:00.257467,2025-05-25 07:46:05.410915,0 days 00:00:05.153448,AdamW,8.854357563607313e-05,,,0.00011405716719658219,,,,30,,,0.008396285146023906,,PRUNED
276,276,47.916666666666664,2025-05-25 07:46:05.437191,2025-05-25 07:46:09.723768,0 days 00:00:04.286577,AdamW,0.033355491296229514,,,4.583381731097688e-05,,,,28,,,0.0036576699238862692,,PRUNED
277,277,50.0,2025-05-25 07:46:09.749767,2025-05-25 07:46:13.358445,0 days 00:00:03.608678,AdamW,0.009708518586059213,,,2.5854519659522963e-05,,,,31,,,0.0007531889138324111,,PRUNED
278,278,47.916666666666664,2025-05-25 07:46:13.384686,2025-05-25 07:46:16.997794,0 days 00:00:03.613108,AdamW,0.02266047662612613,,,7.545119265151705e-05,,,,27,,,0.00038455221796338863,,PRUNED
279,279,43.75,2025-05-25 07:46:17.023791,2025-05-25 07:46:20.661314,0 days 00:00:03.637523,AdamW,0.04310535700100574,,,0.00015906409245811204,,,,21,,,0.005885081279521543,,PRUNED
280,280,54.166666666666664,2025-05-25 07:46:20.687439,2025-05-25 07:46:27.602233,0 days 00:00:06.914794,AdamW,0.0637888607213495,,,5.476740934266704e-05,,,,30,,,0.0001260026053699211,,PRUNED
281,281,45.833333333333336,2025-05-25 07:46:27.638444,2025-05-25 07:46:31.333545,0 days 00:00:03.695101,AdamW,0.00838343171342002,,,0.0002625358825126097,,,,29,,,0.001771786659030497,,PRUNED
282,282,56.25,2025-05-25 07:46:31.359703,2025-05-25 07:46:38.104204,0 days 00:00:06.744501,AdamW,0.40327079150611755,,,0.00010584072164330582,,,,31,,,0.0010023413771027999,,COMPLETE
283,283,60.416666666666664,2025-05-25 07:46:38.142231,2025-05-25 07:46:44.936144,0 days 00:00:06.793913,AdamW,0.029116148707823725,,,6.651545372051108e-05,,,,28,,,0.0009002478828199885,,COMPLETE
284,284,33.333333333333336,2025-05-25 07:46:44.974095,2025-05-25 07:46:48.650895,0 days 00:00:03.676800,Adadelta,0.10095272930003883,24.844787967274698,,,,,,28,2.6507246693841515,,,,PRUNED
285,285,41.666666666666664,2025-05-25 07:46:48.678214,2025-05-25 07:46:52.333210,0 days 00:00:03.654996,AdamW,0.033681177110080604,,,0.001222037942113875,,,,27,,,0.0008415728707595381,,PRUNED
286,286,47.916666666666664,2025-05-25 07:46:52.359190,2025-05-25 07:46:55.980595,0 days 00:00:03.621405,AdamW,0.026240464400858025,,,8.398023467700621e-05,,,,28,,,0.0009211590395294202,,PRUNED
287,287,33.333333333333336,2025-05-25 07:46:56.006417,2025-05-25 07:46:59.983084,0 days 00:00:03.976667,AdamW,0.4671263578899712,,,0.00036870880774951873,,,,29,,,0.0010571311756263238,,PRUNED
288,288,,2025-05-25 07:47:00.009340,2025-05-25 07:47:03.244291,0 days 00:00:03.234951,SGD,0.04778068478732547,,,,5.386049769635535e-05,84.12539758520788,False,26,,,,0.3837489224961655,PRUNED
289,289,50.0,2025-05-25 07:47:03.270791,2025-05-25 07:47:06.873273,0 days 00:00:03.602482,AdamW,0.2880792225329325,,,6.657243795865457e-05,,,,25,,,0.0011630651648444198,,PRUNED
290,290,43.75,2025-05-25 07:47:06.899454,2025-05-25 07:47:10.536011,0 days 00:00:03.636557,AdamW,0.01862799445093543,,,3.7628816716794576e-05,,,,27,,,0.0008243208012633424,,PRUNED
291,291,52.083333333333336,2025-05-25 07:47:10.561964,2025-05-25 07:47:14.197731,0 days 00:00:03.635767,AdamW,0.033562646913505766,,,0.00010103797039676677,,,,29,,,0.0006859700045217088,,PRUNED
292,292,43.75,2025-05-25 07:47:14.223957,2025-05-25 07:47:17.782883,0 days 00:00:03.558926,AdamW,0.00014189355146393005,,,7.842575918550939e-05,,,,22,,,0.0007688157166162227,,PRUNED
293,293,33.333333333333336,2025-05-25 07:47:17.808968,2025-05-25 07:47:21.585942,0 days 00:00:03.776974,AdamW,0.04149722423072315,,,0.00013832118239341605,,,,16,,,0.0012472200838465593,,PRUNED
294,294,47.916666666666664,2025-05-25 07:47:21.612130,2025-05-25 07:47:25.243117,0 days 00:00:03.630987,AdamW,0.01682946638856113,,,4.781441928254086e-05,,,,28,,,0.0004913214726086283,,PRUNED
295,295,56.25,2025-05-25 07:47:25.269172,2025-05-25 07:47:32.362933,0 days 00:00:07.093761,AdamW,0.05486790982744508,,,6.521734269520145e-05,,,,30,,,0.0009603164673780715,,COMPLETE
296,296,50.0,2025-05-25 07:47:32.401458,2025-05-25 07:47:36.047366,0 days 00:00:03.645908,AdamW,0.026773655797690102,,,9.189386385266218e-05,,,,26,,,0.0008898606367275459,,PRUNED
297,297,41.666666666666664,2025-05-25 07:47:36.073579,2025-05-25 07:47:39.696945,0 days 00:00:03.623366,AdamW,0.009296018679535811,,,3.109434303445185e-05,,,,24,,,0.0010959271132514273,,PRUNED
298,298,50.0,2025-05-25 07:47:39.723229,2025-05-25 07:47:43.363807,0 days 00:00:03.640578,AdamW,0.06700409244515323,,,5.4296649374871404e-05,,,,29,,,0.006447746402318921,,PRUNED
299,299,37.5,2025-05-25 07:47:43.389974,2025-05-25 07:47:46.989551,0 days 00:00:03.599577,Adam,0.03797133443258832,,0.0006885831931990353,,,,,28,,0.3754101623789996,,,PRUNED
300,300,43.75,2025-05-25 07:47:47.016686,2025-05-25 07:47:50.621413,0 days 00:00:03.604727,AdamW,0.01626214949537017,,,4.229450573616161e-05,,,,30,,,0.0007336339425636167,,PRUNED
301,301,41.666666666666664,2025-05-25 07:47:50.647650,2025-05-25 07:47:54.265356,0 days 00:00:03.617706,AdamW,0.050160866117923766,,,0.00011967275396453846,,,,27,,,0.009148701388368414,,PRUNED
302,302,45.833333333333336,2025-05-25 07:47:54.291395,2025-05-25 07:47:58.108856,0 days 00:00:03.817461,AdamW,0.027041386447425722,,,0.00016802908311220667,,,,29,,,0.0008442832385688944,,PRUNED
303,303,45.833333333333336,2025-05-25 07:47:58.136678,2025-05-25 07:48:01.735192,0 days 00:00:03.598514,AdamW,0.0076638853201423385,,,6.907408830902284e-05,,,,31,,,0.0010083314090893018,,PRUNED
304,304,60.416666666666664,2025-05-25 07:48:01.761629,2025-05-25 07:48:08.577588,0 days 00:00:06.815959,AdamW,0.21485313388724253,,,0.00023185127146109103,,,,29,,,0.0009422991341177831,,COMPLETE
305,305,35.416666666666664,2025-05-25 07:48:08.616096,2025-05-25 07:48:12.214027,0 days 00:00:03.597931,AdamW,0.2049242005228854,,,0.00021125831841075556,,,,30,,,0.0009188864534767911,,PRUNED
306,306,50.0,2025-05-25 07:48:12.240107,2025-05-25 07:48:15.908101,0 days 00:00:03.667994,AdamW,0.18776688191263127,,,0.00023823222522477953,,,,30,,,0.0007840723147460166,,PRUNED
307,307,45.833333333333336,2025-05-25 07:48:15.934181,2025-05-25 07:48:19.767033,0 days 00:00:03.832852,AdamW,0.08554110537679763,,,0.00017506638481679907,,,,30,,,0.0010560497632980453,,PRUNED
308,308,50.0,2025-05-25 07:48:19.793236,2025-05-25 07:48:23.535312,0 days 00:00:03.742076,AdamW,0.000999249554146809,,,0.00030782584645859654,,,,29,,,0.0013642316150592536,,PRUNED
309,309,45.833333333333336,2025-05-25 07:48:23.562825,2025-05-25 07:48:27.253901,0 days 00:00:03.691076,AdamW,0.123951825410315,,,1.4118675720254669e-05,,,,31,,,0.0009555042870608244,,PRUNED
310,310,37.5,2025-05-25 07:48:27.282061,2025-05-25 07:48:31.520693,0 days 00:00:04.238632,Adadelta,0.016605293797942556,0.575721913889191,,,,,,28,16.725005228034476,,,,PRUNED
311,311,72.91666666666667,2025-05-25 07:48:31.546922,2025-05-25 07:48:38.394693,0 days 00:00:06.847771,AdamW,0.13280757631443965,,,0.00013953546977550017,,,,29,,,0.001196188316820091,,COMPLETE
312,312,39.583333333333336,2025-05-25 07:48:38.433703,2025-05-25 07:48:45.099271,0 days 00:00:06.665568,AdamW,0.21965106460400693,,,0.0001357977897093627,,,,29,,,0.0012272507992926367,,PRUNED
313,313,,2025-05-25 07:48:45.135789,2025-05-25 07:48:50.041395,0 days 00:00:04.905606,SGD,0.17863572332353495,,,,0.00042681713873655714,50.38531927877614,True,26,,,,33.52883545035173,PRUNED
314,314,50.0,2025-05-25 07:48:50.068628,2025-05-25 07:48:55.647851,0 days 00:00:05.579223,AdamW,0.07411613696053877,,,0.00011908832987597901,,,,29,,,0.00013661840326686432,,PRUNED
315,315,33.333333333333336,2025-05-25 07:48:55.676587,2025-05-25 07:49:02.815963,0 days 00:00:07.139376,AdamW,0.1623603523080961,,,0.0005256441242856804,,,,28,,,0.001569597228537959,,PRUNED
316,316,43.75,2025-05-25 07:49:02.852589,2025-05-25 07:49:14.805988,0 days 00:00:11.953399,AdamW,0.13794536499892585,,,0.0001919262993173826,,,,29,,,0.0011523088058019973,,PRUNED
317,317,52.083333333333336,2025-05-25 07:49:14.842355,2025-05-25 07:49:26.923139,0 days 00:00:12.080784,AdamW,0.13820912165167984,,,9.553680990912563e-05,,,,25,,,0.007996310971299839,,PRUNED
318,318,45.833333333333336,2025-05-25 07:49:26.959595,2025-05-25 07:49:39.041884,0 days 00:00:12.082289,AdamW,0.4979081345154285,,,0.0001560499404833221,,,,28,,,0.0008863567299733834,,PRUNED
319,319,47.916666666666664,2025-05-25 07:49:39.079231,2025-05-25 07:49:51.113141,0 days 00:00:12.033910,AdamW,0.06094083484373023,,,7.97884914556374e-05,,,,24,,,0.0013082192831343372,,PRUNED
320,320,64.58333333333333,2025-05-25 07:49:51.149627,2025-05-25 07:50:09.010500,0 days 00:00:17.860873,AdamW,0.11393569511290194,,,0.00011150971333171217,,,,27,,,0.0006692129282175993,,COMPLETE
321,321,35.416666666666664,2025-05-25 07:50:09.064816,2025-05-25 07:50:21.133178,0 days 00:00:12.068362,AdamW,0.11652698093424935,,,0.00011837986201681252,,,,27,,,0.0006370203206901108,,PRUNED
322,322,35.416666666666664,2025-05-25 07:50:21.170289,2025-05-25 07:50:33.297559,0 days 00:00:12.127270,AdamW,0.10710956589703433,,,0.00010756833777958445,,,,26,,,0.0006850522674545884,,PRUNED
323,323,43.75,2025-05-25 07:50:33.333491,2025-05-25 07:50:45.396974,0 days 00:00:12.063483,AdamW,0.12762118009642964,,,0.00014670699349870057,,,,27,,,0.0007500998461710221,,PRUNED
324,324,45.833333333333336,2025-05-25 07:50:45.440472,2025-05-25 07:50:57.579728,0 days 00:00:12.139256,AdamW,0.15064085793850163,,,0.0002281527866922093,,,,26,,,0.0008338832212832139,,PRUNED
325,325,54.166666666666664,2025-05-25 07:50:57.618065,2025-05-25 07:51:11.914145,0 days 00:00:14.296080,AdamW,0.11722895547351246,,,9.720504856038332e-05,,,,27,,,0.00011120564944819094,,PRUNED
326,326,37.5,2025-05-25 07:51:11.952039,2025-05-25 07:51:24.022277,0 days 00:00:12.070238,AdamW,0.13962202316096475,,,8.369659757004489e-05,,,,28,,,0.0005301070529297782,,PRUNED
327,327,45.833333333333336,2025-05-25 07:51:24.058921,2025-05-25 07:51:36.198415,0 days 00:00:12.139494,Adam,0.09571839280428894,,4.684726102587928e-05,,,,,30,,3.335878408315179,,,PRUNED
328,328,45.833333333333336,2025-05-25 07:51:36.235811,2025-05-25 07:51:48.342694,0 days 00:00:12.106883,AdamW,0.03933089467748387,,,0.00012931127718104844,,,,25,,,0.0005841342628139707,,PRUNED
329,329,52.083333333333336,2025-05-25 07:51:48.379267,2025-05-25 07:52:00.516382,0 days 00:00:12.137115,AdamW,0.049686179273141826,,,0.00017788096531123613,,,,31,,,0.001900942456126864,,PRUNED
330,330,54.166666666666664,2025-05-25 07:52:00.554726,2025-05-25 07:52:14.787225,0 days 00:00:14.232499,AdamW,0.12585285065087606,,,0.00010230391050352838,,,,30,,,0.0010447316036806887,,PRUNED
331,331,47.916666666666664,2025-05-25 07:52:14.826315,2025-05-25 07:52:26.967967,0 days 00:00:12.141652,AdamW,0.1468788713097288,,,7.680466936576164e-05,,,,26,,,0.0009785151741672391,,PRUNED
332,332,56.25,2025-05-25 07:52:27.004502,2025-05-25 07:52:44.686706,0 days 00:00:17.682204,AdamW,0.03187463980728385,,,6.318055276749476e-05,,,,28,,,0.0007881222738755775,,COMPLETE
333,333,39.583333333333336,2025-05-25 07:52:44.739903,2025-05-25 07:52:56.849281,0 days 00:00:12.109378,AdamW,0.07225877330798394,,,0.0001476748399224399,,,,27,,,0.0011461805445139583,,PRUNED
334,334,41.666666666666664,2025-05-25 07:52:56.889130,2025-05-25 07:53:08.933127,0 days 00:00:12.043997,AdamW,0.022040373802857026,,,8.984126884914998e-05,,,,23,,,0.0014522637978790977,,PRUNED
335,335,33.333333333333336,2025-05-25 07:53:08.969460,2025-05-25 07:53:21.018934,0 days 00:00:12.049474,Adadelta,0.08586518206589916,5.5454178284497875,,,,,,30,2.0069008766446945,,,,PRUNED
336,336,31.25,2025-05-25 07:53:21.055937,2025-05-25 07:53:33.190250,0 days 00:00:12.134313,AdamW,0.05964158428671308,,,1.0334040723256574e-05,,,,27,,,0.0009270851567027462,,PRUNED
337,337,41.666666666666664,2025-05-25 07:53:33.226940,2025-05-25 07:53:45.279354,0 days 00:00:12.052414,AdamW,0.04530711807454384,,,0.00011557532148359286,,,,31,,,0.0007092960249338618,,PRUNED
338,338,52.083333333333336,2025-05-25 07:53:45.316608,2025-05-25 07:53:55.336933,0 days 00:00:10.020325,AdamW,0.02914634755193414,,,7.023914051964638e-05,,,,29,,,0.0006546938221995861,,PRUNED
339,339,,2025-05-25 07:53:55.372249,2025-05-25 07:54:02.958490,0 days 00:00:07.586241,SGD,0.01590756863869531,,,,0.029396569043840436,13.271078457561948,True,28,,,,3.42956920733398,PRUNED
340,340,43.75,2025-05-25 07:54:02.995679,2025-05-25 07:54:15.108429,0 days 00:00:12.112750,AdamW,0.16587310876259592,,,9.103877583991172e-05,,,,30,,,0.0008631650601286376,,PRUNED
341,341,45.833333333333336,2025-05-25 07:54:15.144586,2025-05-25 07:54:22.305093,0 days 00:00:07.160507,AdamW,0.1017854175231436,,,0.00012986493908202166,,,,31,,,0.0010262557297276275,,PRUNED
342,342,33.333333333333336,2025-05-25 07:54:22.332349,2025-05-25 07:54:26.298293,0 days 00:00:03.965944,AdamW,0.037470586088884414,,,0.0028224549291292235,,,,26,,,0.0008008995974050565,,PRUNED
343,343,64.58333333333333,2025-05-25 07:54:26.334725,2025-05-25 07:54:44.175352,0 days 00:00:17.840627,AdamW,0.008266734624748126,,,1.6879061916907987e-05,,,,18,,,0.002218513058981431,,COMPLETE
344,344,33.333333333333336,2025-05-25 07:54:44.229640,2025-05-25 07:54:56.389689,0 days 00:00:12.160049,AdamW,0.022951630582791194,,,0.00027811028973055127,,,,19,,,0.00205779160287121,,PRUNED
345,345,39.583333333333336,2025-05-25 07:54:56.426486,2025-05-25 07:55:08.575120,0 days 00:00:12.148634,AdamW,0.011521215812018686,,,2.0367388684815697e-05,,,,18,,,0.0025519724589214946,,PRUNED
346,346,43.75,2025-05-25 07:55:08.611987,2025-05-25 07:55:20.682365,0 days 00:00:12.070378,AdamW,0.13243779429416636,,,0.00019904568709160853,,,,20,,,0.0021251326519433796,,PRUNED
347,347,54.166666666666664,2025-05-25 07:55:20.719140,2025-05-25 07:55:38.622356,0 days 00:00:17.903216,AdamW,0.025846260379904108,,,1.7726639806668738e-05,,,,21,,,0.0023535688664313606,,COMPLETE
348,348,47.916666666666664,2025-05-25 07:55:38.676988,2025-05-25 07:55:56.656926,0 days 00:00:17.979938,AdamW,0.24548787429330476,,,6.323469478540745e-05,,,,15,,,0.0012245999427085042,,COMPLETE
349,349,47.916666666666664,2025-05-25 07:55:56.710503,2025-05-25 07:56:08.904980,0 days 00:00:12.194477,AdamW,0.05413381384281807,,,0.00016282123694830002,,,,28,,,0.0016961038793403863,,PRUNED
350,350,35.416666666666664,2025-05-25 07:56:08.942186,2025-05-25 07:56:21.019890,0 days 00:00:12.077704,AdamW,0.04115864111887396,,,7.526271135377355e-05,,,,9,,,0.0011032170566497655,,PRUNED
351,351,33.333333333333336,2025-05-25 07:56:21.056885,2025-05-25 07:56:33.289430,0 days 00:00:12.232545,AdamW,0.008968962614915565,,,0.02583707911570078,,,,17,,,0.0009014264186299112,,PRUNED
352,352,33.333333333333336,2025-05-25 07:56:33.326812,2025-05-25 07:56:45.336527,0 days 00:00:12.009715,Adam,0.019010385341289605,,0.031560550466461,,,,,29,,77.23554166552856,,,PRUNED
353,353,50.0,2025-05-25 07:56:45.376740,2025-05-25 07:56:57.495192,0 days 00:00:12.118452,AdamW,0.03231393565943999,,,0.00010857208099225368,,,,25,,,0.0008465322261573061,,PRUNED
354,354,50.0,2025-05-25 07:56:57.534764,2025-05-25 07:57:09.588073,0 days 00:00:12.053309,AdamW,0.009643295910280703,,,5.592004961200775e-05,,,,22,,,0.0007271567493815842,,PRUNED
355,355,39.583333333333336,2025-05-25 07:57:09.625532,2025-05-25 07:57:21.767386,0 days 00:00:12.141854,AdamW,0.04417049706934416,,,8.144708251464665e-05,,,,27,,,0.0009557893782234648,,PRUNED
356,356,47.916666666666664,2025-05-25 07:57:21.804666,2025-05-25 07:57:33.842418,0 days 00:00:12.037752,AdamW,0.2651614177453402,,,0.00013509202887586734,,,,24,,,0.0005878412511708235,,PRUNED
357,357,39.583333333333336,2025-05-25 07:57:33.879267,2025-05-25 07:57:45.952260,0 days 00:00:12.072993,AdamW,0.31841481090883145,,,0.00010147656173315577,,,,29,,,0.0002236965943510792,,PRUNED
358,358,60.416666666666664,2025-05-25 07:57:45.989901,2025-05-25 07:58:03.743526,0 days 00:00:17.753625,AdamW,0.06147508073496717,,,6.518067132908616e-05,,,,28,,,0.00028864896428141293,,COMPLETE
359,359,37.5,2025-05-25 07:58:03.799529,2025-05-25 07:58:15.854981,0 days 00:00:12.055452,AdamW,0.023410420235492963,,,8.41890226405359e-05,,,,13,,,0.0010593108203070765,,PRUNED
360,360,47.916666666666664,2025-05-25 07:58:15.892366,2025-05-25 07:58:28.067376,0 days 00:00:12.175010,AdamW,0.03219784913966508,,,0.00015882495466711973,,,,26,,,0.0009897588476204618,,PRUNED
361,361,47.916666666666664,2025-05-25 07:58:28.106113,2025-05-25 07:58:40.168046,0 days 00:00:12.061933,Adadelta,0.07741633695467284,0.07354762880962395,,,,,,29,0.2764180095095429,,,,PRUNED
362,362,33.333333333333336,2025-05-25 07:58:40.206249,2025-05-25 07:58:52.338037,0 days 00:00:12.131788,AdamW,0.000241786605141521,,,0.00023476725050139706,,,,30,,,0.0008295969971209828,,PRUNED
363,363,50.0,2025-05-25 07:58:52.376396,2025-05-25 07:59:04.466634,0 days 00:00:12.090238,AdamW,0.01595556502444961,,,5.6362849999096045e-05,,,,27,,,0.0022465375123298143,,PRUNED
364,364,,2025-05-25 07:59:04.504987,2025-05-25 07:59:15.869990,0 days 00:00:11.365003,SGD,0.04886391957088612,,,,1.1023123654729445e-05,34.71397918350989,False,5,,,,0.06437709079924527,PRUNED
365,365,52.083333333333336,2025-05-25 07:59:15.898371,2025-05-25 07:59:20.522425,0 days 00:00:04.624054,AdamW,0.10925517476641619,,,2.3606809353265804e-05,,,,25,,,0.0014081871892657034,,PRUNED
366,366,50.0,2025-05-25 07:59:20.559006,2025-05-25 07:59:32.640287,0 days 00:00:12.081281,AdamW,0.03549589936021948,,,0.0001113835757899015,,,,28,,,0.0018650460952248725,,PRUNED
367,367,52.083333333333336,2025-05-25 07:59:32.679396,2025-05-25 07:59:44.305907,0 days 00:00:11.626511,AdamW,0.22746310837952627,,,7.178953725561664e-05,,,,29,,,0.0012355771439639127,,PRUNED
368,368,54.166666666666664,2025-05-25 07:59:44.332800,2025-05-25 07:59:53.781115,0 days 00:00:09.448315,AdamW,0.02273996450173102,,,0.00012987864694374374,,,,26,,,0.000754533345347497,,COMPLETE
369,369,39.583333333333336,2025-05-25 07:59:53.836334,2025-05-25 08:00:06.063916,0 days 00:00:12.227582,AdamW,0.009529586218853378,,,9.365681850364934e-05,,,,23,,,0.0009245864225740163,,PRUNED
370,370,50.0,2025-05-25 08:00:06.102212,2025-05-25 08:00:18.150671,0 days 00:00:12.048459,AdamW,0.03080769406691026,,,4.9065704472753426e-05,,,,17,,,0.0006881734419242584,,PRUNED
371,371,33.333333333333336,2025-05-25 08:00:18.188029,2025-05-25 08:00:30.276954,0 days 00:00:12.088925,AdamW,0.000641276351944442,,,0.00019884415760648192,,,,30,,,0.0011501028691711622,,PRUNED
372,372,35.416666666666664,2025-05-25 08:00:30.314002,2025-05-25 08:00:42.350345,0 days 00:00:12.036343,AdamW,0.01618941609103114,,,1.5937350334310237e-05,,,,28,,,0.000793500078182847,,PRUNED
373,373,45.833333333333336,2025-05-25 08:00:42.388486,2025-05-25 08:00:54.491836,0 days 00:00:12.103350,AdamW,0.06488439879230135,,,6.0867508128300766e-05,,,,27,,,0.0008791035261677611,,PRUNED
374,374,47.916666666666664,2025-05-25 08:00:54.532463,2025-05-25 08:01:08.870499,0 days 00:00:14.338036,AdamW,0.05291666808466861,,,9.441394913607433e-05,,,,31,,,0.001042659579231841,,PRUNED
375,375,33.333333333333336,2025-05-25 08:01:08.908022,2025-05-25 08:01:21.010359,0 days 00:00:12.102337,Adam,0.040615522990143836,,0.008226483263898014,,,,,29,,0.043283706740494664,,,PRUNED
376,376,45.833333333333336,2025-05-25 08:01:21.050793,2025-05-25 08:01:33.174277,0 days 00:00:12.123484,AdamW,0.024088857262675942,,,0.00014924628868562365,,,,31,,,0.0028653844906857406,,PRUNED
377,377,50.0,2025-05-25 08:01:33.212128,2025-05-25 08:01:45.343246,0 days 00:00:12.131118,AdamW,0.09174475425261407,,,7.677632910925962e-05,,,,30,,,0.0006356768402463589,,PRUNED
378,378,47.916666666666664,2025-05-25 08:01:45.382435,2025-05-25 08:01:57.580697,0 days 00:00:12.198262,AdamW,0.009286526025122172,,,0.00011931354192748738,,,,27,,,0.0009631053760932951,,PRUNED
379,379,56.25,2025-05-25 08:01:57.618382,2025-05-25 08:02:15.253510,0 days 00:00:17.635128,AdamW,0.02103003590479529,,,5.228283118685387e-05,,,,29,,,0.0008710011777824735,,COMPLETE
380,380,41.666666666666664,2025-05-25 08:02:15.308231,2025-05-25 08:02:27.683596,0 days 00:00:12.375365,AdamW,0.03143643345348562,,,6.989454361410555e-05,,,,19,,,0.0013403900967078352,,PRUNED
381,381,47.916666666666664,2025-05-25 08:02:27.722501,2025-05-25 08:02:39.742876,0 days 00:00:12.020375,AdamW,6.41902462731013e-05,,,9.986342058486048e-05,,,,31,,,0.0001575633579489173,,PRUNED
382,382,52.083333333333336,2025-05-25 08:02:39.781796,2025-05-25 08:02:51.943507,0 days 00:00:12.161711,AdamW,0.07122952556086487,,,0.00017414594010648862,,,,30,,,0.0015390047985005602,,PRUNED
383,383,45.833333333333336,2025-05-25 08:02:51.982680,2025-05-25 08:03:04.032068,0 days 00:00:12.049388,AdamW,0.04265119134970697,,,8.347176506688105e-05,,,,29,,,0.0007673251551437493,,PRUNED
384,384,50.0,2025-05-25 08:03:04.069852,2025-05-25 08:03:16.205523,0 days 00:00:12.135671,AdamW,0.017352865022664588,,,0.0001294362364069962,,,,25,,,0.0011202219399799908,,PRUNED
385,385,33.333333333333336,2025-05-25 08:03:16.244385,2025-05-25 08:03:28.441692,0 days 00:00:12.197307,Adadelta,0.053989082197758886,43.39810855657412,,,,,,28,0.034279189280382524,,,,PRUNED
386,386,39.583333333333336,2025-05-25 08:03:28.479107,2025-05-25 08:03:40.529155,0 days 00:00:12.050048,AdamW,0.14602980130267185,,,6.124735895663954e-05,,,,27,,,0.0009613589533140363,,PRUNED
387,387,56.25,2025-05-25 08:03:40.569177,2025-05-25 08:03:58.312082,0 days 00:00:17.742905,AdamW,0.008557928698929382,,,0.00031658489649419216,,,,30,,,0.0003636357570945995,,COMPLETE
388,388,50.0,2025-05-25 08:03:58.367249,2025-05-25 08:04:10.397166,0 days 00:00:12.029917,AdamW,0.03071302387103217,,,4.683301080247752e-05,,,,28,,,0.00011203243850526133,,PRUNED
389,389,,2025-05-25 08:04:10.434362,2025-05-25 08:04:21.937681,0 days 00:00:11.503319,SGD,0.017877844645847858,,,,0.004390424797789386,85.90121016272039,True,31,,,,0.403492931958848,PRUNED
390,390,60.416666666666664,2025-05-25 08:04:22.009030,2025-05-25 08:04:38.761429,0 days 00:00:16.752399,AdamW,0.03794448230112327,,,7.242186740825357e-05,,,,26,,,0.00018121975354588562,,COMPLETE
391,391,52.083333333333336,2025-05-25 08:04:38.801539,2025-05-25 08:04:45.331525,0 days 00:00:06.529986,AdamW,0.19253170413923723,,,0.0001116914661025982,,,,26,,,0.0008110762388772086,,PRUNED
392,392,39.583333333333336,2025-05-25 08:04:45.369997,2025-05-25 08:04:57.464085,0 days 00:00:12.094088,AdamW,0.1199334955285132,,,1.346763545415968e-05,,,,29,,,0.0007090626709785772,,PRUNED
393,393,37.5,2025-05-25 08:04:57.502750,2025-05-25 08:05:05.488848,0 days 00:00:07.986098,AdamW,0.010045338502305642,,,0.00020442769582573416,,,,30,,,0.0008996809797113561,,PRUNED
394,394,35.416666666666664,2025-05-25 08:05:05.526410,2025-05-25 08:05:09.604807,0 days 00:00:04.078397,AdamW,0.1587755995930707,,,2.0934803949514118e-05,,,,31,,,0.0010453221397363302,,PRUNED
395,395,58.333333333333336,2025-05-25 08:05:09.633779,2025-05-25 08:05:26.135678,0 days 00:00:16.501899,AdamW,0.42521500835666276,,,0.0001460482433970079,,,,27,,,0.0008363028134578569,,COMPLETE
396,396,47.916666666666664,2025-05-25 08:05:26.191504,2025-05-25 08:05:38.402041,0 days 00:00:12.210537,AdamW,0.02626412663146839,,,8.598268464473198e-05,,,,28,,,0.0012762672122073335,,PRUNED
397,397,39.583333333333336,2025-05-25 08:05:38.439261,2025-05-25 08:05:50.465579,0 days 00:00:12.026318,AdamW,0.2856249080312244,,,2.6415123517671575e-05,,,,30,,,0.0004648342084398883,,PRUNED
398,398,50.0,2025-05-25 08:05:50.503810,2025-05-25 08:06:02.737291,0 days 00:00:12.233481,AdamW,0.08174373943867806,,,5.628083632666402e-05,,,,25,,,0.0005604680685872261,,PRUNED
399,399,41.666666666666664,2025-05-25 08:06:02.776017,2025-05-25 08:06:14.784245,0 days 00:00:12.008228,AdamW,0.048917637050752395,,,4.166136723717677e-05,,,,31,,,0.0006581877307697285,,PRUNED
400,400,29.166666666666668,2025-05-25 08:06:14.822970,2025-05-25 08:06:26.979346,0 days 00:00:12.156376,Adam,0.06080890022369426,,2.5812516934921277e-05,,,,,28,,0.6826283383923842,,,PRUNED
401,401,45.833333333333336,2025-05-25 08:06:27.017654,2025-05-25 08:06:39.110373,0 days 00:00:12.092719,AdamW,0.017893035627845867,,,0.00010077549658825576,,,,24,,,0.0009831420393981417,,PRUNED
402,402,50.0,2025-05-25 08:06:39.147738,2025-05-25 08:06:51.288370,0 days 00:00:12.140632,AdamW,0.039674014328622303,,,0.00025773612198989816,,,,29,,,0.0007459181531522136,,PRUNED
403,403,47.916666666666664,2025-05-25 08:06:51.326340,2025-05-25 08:07:03.449507,0 days 00:00:12.123167,AdamW,0.1320480550283437,,,0.0001731285893523773,,,,30,,,0.0010722012243815436,,PRUNED
404,404,45.833333333333336,2025-05-25 08:07:03.488940,2025-05-25 08:07:15.559949,0 days 00:00:12.071009,AdamW,0.17293757648630845,,,6.671710760218421e-05,,,,28,,,0.0011959285226267478,,PRUNED
405,405,41.666666666666664,2025-05-25 08:07:15.599870,2025-05-25 08:07:27.738997,0 days 00:00:12.139127,AdamW,0.010671520620764723,,,8.326392042062354e-05,,,,30,,,0.002571313448096265,,PRUNED
406,406,58.333333333333336,2025-05-25 08:07:27.776884,2025-05-25 08:07:45.429045,0 days 00:00:17.652161,AdamW,0.02797669041841923,,,5.4630828491964856e-05,,,,29,,,0.0008789422161242455,,COMPLETE
407,407,37.5,2025-05-25 08:07:45.484392,2025-05-25 08:07:57.721098,0 days 00:00:12.236706,AdamW,0.00877352627914654,,,0.00012239496679081183,,,,26,,,0.0022854645433847795,,PRUNED
408,408,33.333333333333336,2025-05-25 08:07:57.762862,2025-05-25 08:08:09.879580,0 days 00:00:12.116718,AdamW,0.0010000384895199892,,,0.001987346045398574,,,,16,,,0.00013063936644815708,,PRUNED
409,409,47.916666666666664,2025-05-25 08:08:09.918216,2025-05-25 08:08:22.129374,0 days 00:00:12.211158,AdamW,0.023346884730376636,,,3.329134285145502e-05,,,,27,,,0.0009496794627712329,,PRUNED
410,410,33.333333333333336,2025-05-25 08:08:22.169102,2025-05-25 08:08:34.217223,0 days 00:00:12.048121,Adadelta,0.03466492568662836,5.531728815643608,,,,,,31,1.566822737739826,,,,PRUNED
411,411,41.666666666666664,2025-05-25 08:08:34.254849,2025-05-25 08:08:46.366862,0 days 00:00:12.112013,AdamW,0.047183548864572766,,,0.00010533745248263418,,,,25,,,0.0007795623344272341,,PRUNED
412,412,39.583333333333336,2025-05-25 08:08:46.405772,2025-05-25 08:08:58.603727,0 days 00:00:12.197955,AdamW,0.06777633075219917,,,0.00014613942679569757,,,,13,,,0.0008622008339378119,,PRUNED
413,413,47.916666666666664,2025-05-25 08:08:58.641879,2025-05-25 08:09:10.690045,0 days 00:00:12.048166,AdamW,0.01726247779325786,,,6.478382909911179e-05,,,,23,,,0.00111499459846844,,PRUNED
414,414,68.75,2025-05-25 08:09:10.727454,2025-05-25 08:09:28.506182,0 days 00:00:17.778728,AdamW,0.0001636692791366478,,,7.95921967298314e-05,,,,28,,,0.0007183278017724019,,COMPLETE
415,415,,2025-05-25 08:09:28.563682,2025-05-25 08:09:39.925103,0 days 00:00:11.361421,SGD,0.00023351707364481673,,,,0.0010860551700656068,53.98195359505605,False,27,,,,0.033338633578926656,PRUNED
416,416,52.083333333333336,2025-05-25 08:09:39.963438,2025-05-25 08:09:52.148572,0 days 00:00:12.185134,AdamW,0.010492283908628178,,,7.639827221341137e-05,,,,28,,,0.0006227544772394305,,PRUNED
417,417,58.333333333333336,2025-05-25 08:09:52.186932,2025-05-25 08:10:06.576725,0 days 00:00:14.389793,AdamW,0.008120223058608357,,,8.758481984655724e-05,,,,27,,,0.0007669403606038266,,COMPLETE
418,418,47.916666666666664,2025-05-25 08:10:06.633510,2025-05-25 08:10:18.698708,0 days 00:00:12.065198,AdamW,0.0187638930570738,,,4.479462887005871e-05,,,,31,,,0.0006925972425134805,,PRUNED
419,419,39.583333333333336,2025-05-25 08:10:18.737286,2025-05-25 08:10:26.740577,0 days 00:00:08.003291,AdamW,0.02896007303202177,,,7.315046480315761e-05,,,,20,,,0.001953317651415252,,PRUNED
420,420,47.916666666666664,2025-05-25 08:10:26.778027,2025-05-25 08:10:31.484380,0 days 00:00:04.706353,AdamW,0.00146921163701771,,,9.486527105026537e-05,,,,26,,,0.003131026496198208,,PRUNED
421,421,50.0,2025-05-25 08:10:31.512275,2025-05-25 08:10:42.130149,0 days 00:00:10.617874,AdamW,0.018978773547931035,,,6.125464175392955e-05,,,,24,,,0.0005873123995600681,,PRUNED
422,422,54.166666666666664,2025-05-25 08:10:42.168828,2025-05-25 08:10:59.919606,0 days 00:00:17.750778,AdamW,0.03741723099926437,,,4.950691716316772e-05,,,,28,,,0.000743159375140759,,COMPLETE
423,423,56.25,2025-05-25 08:10:59.975383,2025-05-25 08:11:17.734017,0 days 00:00:17.758634,AdamW,0.010400217816702905,,,0.00010613174288793035,,,,22,,,0.00010063509638313398,,COMPLETE
424,424,31.25,2025-05-25 08:11:17.790161,2025-05-25 08:11:29.906391,0 days 00:00:12.116230,Adam,0.026823768807416853,,0.0001731569774464837,,,,,26,,19.395082711313542,,,PRUNED
425,425,52.083333333333336,2025-05-25 08:11:29.946061,2025-05-25 08:11:42.135436,0 days 00:00:12.189375,AdamW,0.05425709917687994,,,7.759248798155024e-05,,,,30,,,0.0006488226749639535,,PRUNED
426,426,50.0,2025-05-25 08:11:42.173976,2025-05-25 08:11:54.308060,0 days 00:00:12.134084,AdamW,0.04324912498836325,,,0.00012138754282697611,,,,27,,,0.0005187495487282204,,PRUNED
427,427,39.583333333333336,2025-05-25 08:11:54.346949,2025-05-25 08:12:06.446868,0 days 00:00:12.099919,AdamW,0.00858754536608895,,,1.777018112631141e-05,,,,29,,,0.0017188926572654776,,PRUNED
428,428,50.0,2025-05-25 08:12:06.488504,2025-05-25 08:12:18.566469,0 days 00:00:12.077965,AdamW,0.023597202368919157,,,6.21556696610005e-05,,,,31,,,0.0008163091742076306,,PRUNED
429,429,58.333333333333336,2025-05-25 08:12:18.603455,2025-05-25 08:12:36.374800,0 days 00:00:17.771345,AdamW,0.00024663092746010813,,,3.804956217440861e-05,,,,27,,,0.0006938667858631917,,COMPLETE
430,430,60.416666666666664,2025-05-25 08:12:36.432839,2025-05-25 08:12:54.256825,0 days 00:00:17.823986,AdamW,0.033561004860073185,,,8.708530510167917e-05,,,,28,,,0.0008308236670456463,,COMPLETE
431,431,54.166666666666664,2025-05-25 08:12:54.314015,2025-05-25 08:13:08.598499,0 days 00:00:14.284484,AdamW,0.016465858871752354,,,5.159719780743782e-05,,,,31,,,0.001444941325173388,,PRUNED
432,432,45.833333333333336,2025-05-25 08:13:08.638027,2025-05-25 08:13:20.758396,0 days 00:00:12.120369,AdamW,0.02633508820485523,,,7.012893764463082e-05,,,,29,,,0.001042712516054205,,PRUNED
433,433,50.0,2025-05-25 08:13:20.797463,2025-05-25 08:13:32.943079,0 days 00:00:12.145616,AdamW,0.06377964865618241,,,0.00012998452516472392,,,,21,,,0.0013188529627371844,,PRUNED
434,434,33.333333333333336,2025-05-25 08:13:32.983340,2025-05-25 08:13:45.141708,0 days 00:00:12.158368,AdamW,0.04592708724855114,,,9.812392936971826e-05,,,,14,,,0.002173027459694378,,PRUNED
435,435,33.333333333333336,2025-05-25 08:13:45.181064,2025-05-25 08:13:57.285001,0 days 00:00:12.103937,Adadelta,0.015563568986678485,2.1972171683526716,,,,,,30,88.11105270242855,,,,PRUNED
436,436,37.5,2025-05-25 08:13:57.323742,2025-05-25 08:14:09.503338,0 days 00:00:12.179596,AdamW,0.03567937789491444,,,2.1764439552765663e-05,,,,28,,,0.0026950555533925887,,PRUNED
437,437,52.083333333333336,2025-05-25 08:14:09.543940,2025-05-25 08:14:21.660944,0 days 00:00:12.117004,AdamW,0.09809231822845262,,,0.00011007046146183024,,,,29,,,0.0009086040399059812,,PRUNED
438,438,,2025-05-25 08:14:21.699008,2025-05-25 08:14:32.993069,0 days 00:00:11.294061,SGD,0.008293520314412347,,,,0.02810714461529071,33.01079016198806,False,18,,,,1.9558493211642436,PRUNED
439,439,54.166666666666664,2025-05-25 08:14:33.032612,2025-05-25 08:14:50.764004,0 days 00:00:17.731392,AdamW,0.07542757298940864,,,8.032589315650374e-05,,,,25,,,0.0007131884212987441,,COMPLETE
440,440,43.75,2025-05-25 08:14:50.820369,2025-05-25 08:15:02.962370,0 days 00:00:12.142001,AdamW,0.020709982994914552,,,2.8256134495602062e-05,,,,26,,,0.0011849713005130135,,PRUNED
441,441,43.75,2025-05-25 08:15:03.001146,2025-05-25 08:15:15.129642,0 days 00:00:12.128496,AdamW,0.0006544042672503511,,,5.703358437805038e-05,,,,30,,,0.0007943622941228146,,PRUNED
442,442,37.5,2025-05-25 08:15:15.168601,2025-05-25 08:15:23.497019,0 days 00:00:08.328418,AdamW,0.029653646705616522,,,0.00014384008432984322,,,,28,,,0.00014476249816523025,,PRUNED
443,443,50.0,2025-05-25 08:15:23.526110,2025-05-25 08:15:35.532184,0 days 00:00:12.006074,AdamW,0.058653898305789445,,,9.18805592625819e-05,,,,31,,,0.001030367145748176,,PRUNED
444,444,52.083333333333336,2025-05-25 08:15:35.570642,2025-05-25 08:15:48.036737,0 days 00:00:12.466095,AdamW,0.014227742263150272,,,4.393966406009731e-05,,,,27,,,0.0008698377996879574,,PRUNED
445,445,41.666666666666664,2025-05-25 08:15:48.065846,2025-05-25 08:15:52.779179,0 days 00:00:04.713333,AdamW,0.04585229970938721,,,7.113689050411487e-05,,,,30,,,0.0009599373943250598,,PRUNED
446,446,47.916666666666664,2025-05-25 08:15:52.808799,2025-05-25 08:16:04.048574,0 days 00:00:11.239775,AdamW,0.4495110687442958,,,6.377963425132904e-05,,,,29,,,0.0007876899434224238,,PRUNED
447,447,47.916666666666664,2025-05-25 08:16:04.087584,2025-05-25 08:16:16.155593,0 days 00:00:12.068009,AdamW,0.024334812898281676,,,0.00011574329522013891,,,,31,,,0.0006754549071433339,,PRUNED
448,448,47.916666666666664,2025-05-25 08:16:16.194819,2025-05-25 08:16:28.425363,0 days 00:00:12.230544,AdamW,0.03995308075584718,,,0.00016776231530098146,,,,28,,,0.0006063015720360665,,PRUNED
449,449,47.916666666666664,2025-05-25 08:16:28.466039,2025-05-25 08:16:40.513703,0 days 00:00:12.047664,AdamW,0.008345757690307327,,,5.126952973421008e-05,,,,29,,,0.0011311396264967754,,PRUNED
450,450,45.833333333333336,2025-05-25 08:16:40.552291,2025-05-25 08:16:52.748411,0 days 00:00:12.196120,AdamW,0.00022960531197862823,,,8.668416497566225e-05,,,,27,,,0.00042033395046745534,,PRUNED
451,451,47.916666666666664,2025-05-25 08:16:52.786634,2025-05-25 08:17:04.836327,0 days 00:00:12.049693,AdamW,0.05466840747600409,,,0.00012594968512781994,,,,30,,,0.0009406757773717669,,PRUNED
452,452,33.333333333333336,2025-05-25 08:17:04.874237,2025-05-25 08:17:17.016565,0 days 00:00:12.142328,Adam,0.033130255601424144,,0.0022385086733407436,,,,,26,,0.026852484901108607,,,PRUNED
453,453,33.333333333333336,2025-05-25 08:17:17.056653,2025-05-25 08:17:29.167953,0 days 00:00:12.111300,AdamW,0.018524750140601867,,,0.003937784319391381,,,,31,,,0.0007367549714608619,,PRUNED
454,454,33.333333333333336,2025-05-25 08:17:29.207809,2025-05-25 08:17:41.369331,0 days 00:00:12.161522,AdamW,0.11179047480459245,,,0.0006368155333755439,,,,28,,,0.0016191090166743707,,PRUNED
455,455,41.666666666666664,2025-05-25 08:17:41.407764,2025-05-25 08:17:53.537796,0 days 00:00:12.130032,AdamW,0.012375457468854533,,,1.676365375855252e-05,,,,27,,,0.00012029505739418451,,PRUNED
456,456,33.333333333333336,2025-05-25 08:17:53.576101,2025-05-25 08:18:05.636667,0 days 00:00:12.060566,AdamW,0.027255556472031962,,,0.040178892953536854,,,,29,,,0.0008293102830661684,,PRUNED
457,457,47.916666666666664,2025-05-25 08:18:05.675096,2025-05-25 08:18:17.933851,0 days 00:00:12.258755,AdamW,0.08217240827579685,,,7.287928642066264e-05,,,,30,,,0.00022450965097338624,,PRUNED
458,458,27.083333333333332,2025-05-25 08:18:17.972647,2025-05-25 08:18:30.142907,0 days 00:00:12.170260,Adadelta,0.041150789779490694,0.02823041754010538,,,,,,30,13.749882900422303,,,,PRUNED
459,459,52.083333333333336,2025-05-25 08:18:30.182284,2025-05-25 08:18:42.382956,0 days 00:00:12.200672,AdamW,0.12528301725306257,,,3.8602409120718186e-05,,,,31,,,0.0010379742983730098,,PRUNED
460,460,33.333333333333336,2025-05-25 08:18:42.421663,2025-05-25 08:18:54.536436,0 days 00:00:12.114773,AdamW,0.01743130749589098,,,5.875179951527801e-05,,,,26,,,0.0009004507845362954,,PRUNED
461,461,50.0,2025-05-25 08:18:54.575105,2025-05-25 08:19:06.657637,0 days 00:00:12.082532,AdamW,0.05161298819104902,,,9.852495235788806e-05,,,,28,,,0.0023947144514169056,,PRUNED
462,462,,2025-05-25 08:19:06.696323,2025-05-25 08:19:18.114198,0 days 00:00:11.417875,SGD,0.010099145787698188,,,,0.0001971569887190703,91.95695478026963,True,31,,,,13.100751704623914,PRUNED
463,463,33.333333333333336,2025-05-25 08:19:18.153863,2025-05-25 08:19:30.441311,0 days 00:00:12.287448,AdamW,0.06862643264288655,,,0.000148057626320345,,,,12,,,0.003795407894241893,,PRUNED
464,464,52.083333333333336,2025-05-25 08:19:30.479438,2025-05-25 08:19:44.815181,0 days 00:00:14.335743,AdamW,0.03376690266209014,,,8.05332730649686e-05,,,,25,,,0.0007378507373198111,,PRUNED
465,465,33.333333333333336,2025-05-25 08:19:44.856806,2025-05-25 08:19:57.036699,0 days 00:00:12.179893,AdamW,0.023948770296106637,,,0.012561966873814062,,,,30,,,0.0018753579988229395,,PRUNED
466,466,37.5,2025-05-25 08:19:57.074946,2025-05-25 08:20:09.140680,0 days 00:00:12.065734,AdamW,0.14262109598206035,,,1.259034877021313e-05,,,,29,,,0.0013154717376720453,,PRUNED
467,467,43.75,2025-05-25 08:20:09.181019,2025-05-25 08:20:21.261770,0 days 00:00:12.080751,AdamW,0.009479873586687497,,,0.00011080008390050287,,,,24,,,0.0003169561235607643,,PRUNED
468,468,41.666666666666664,2025-05-25 08:20:21.301601,2025-05-25 08:20:33.412480,0 days 00:00:12.110879,AdamW,0.025265794528717585,,,3.177503043411343e-05,,,,27,,,0.003365490820043681,,PRUNED
469,469,58.333333333333336,2025-05-25 08:20:33.450970,2025-05-25 08:20:48.804455,0 days 00:00:15.353485,AdamW,0.00034858143545750744,,,4.76478053410332e-05,,,,29,,,0.0011975365860548179,,COMPLETE
470,470,50.0,2025-05-25 08:20:48.861554,2025-05-25 08:21:00.970363,0 days 00:00:12.108809,AdamW,0.045184318472313106,,,6.574756401371233e-05,,,,26,,,0.0008614074366422911,,PRUNED
471,471,45.833333333333336,2025-05-25 08:21:01.008638,2025-05-25 08:21:08.569168,0 days 00:00:07.560530,AdamW,0.03498714803932344,,,9.446008570388107e-05,,,,30,,,0.0009824758830095973,,PRUNED
472,472,47.916666666666664,2025-05-25 08:21:08.596224,2025-05-25 08:21:12.909495,0 days 00:00:04.313271,AdamW,0.059534115084102134,,,0.00016887920475411173,,,,28,,,0.0006628342511474589,,PRUNED
473,473,39.583333333333336,2025-05-25 08:21:12.937187,2025-05-25 08:21:17.314443,0 days 00:00:04.377256,Adam,0.01704116822442675,,0.0005660815792968882,,,,,31,,2.932303533686814,,,PRUNED
474,474,47.916666666666664,2025-05-25 08:21:17.352959,2025-05-25 08:21:29.444890,0 days 00:00:12.091931,AdamW,6.029471466765149e-05,,,0.0001308646736498471,,,,27,,,0.0007807197586993258,,PRUNED
475,475,52.083333333333336,2025-05-25 08:21:29.485351,2025-05-25 08:21:41.583669,0 days 00:00:12.098318,AdamW,0.09188150147376965,,,5.463983217422585e-05,,,,28,,,0.0010745060141475475,,PRUNED
476,476,56.25,2025-05-25 08:21:41.621929,2025-05-25 08:21:59.339518,0 days 00:00:17.717589,AdamW,0.015966464119458887,,,2.367100578000204e-05,,,,29,,,0.0008924630621438536,,COMPLETE
477,477,47.916666666666664,2025-05-25 08:21:59.395984,2025-05-25 08:22:11.443267,0 days 00:00:12.047283,AdamW,0.026873882621470325,,,7.745261232081625e-05,,,,30,,,0.002866031151539547,,PRUNED
478,478,45.833333333333336,2025-05-25 08:22:11.480986,2025-05-25 08:22:23.730353,0 days 00:00:12.249367,AdamW,0.040140504016424,,,0.00011191399565333513,,,,31,,,0.002073734302142357,,PRUNED
479,479,52.083333333333336,2025-05-25 08:22:23.771153,2025-05-25 08:22:35.821517,0 days 00:00:12.050364,AdamW,0.009271396943973534,,,6.919973551703088e-05,,,,28,,,0.0001786713092670203,,PRUNED
480,480,47.916666666666664,2025-05-25 08:22:35.859914,2025-05-25 08:22:47.966032,0 days 00:00:12.106118,AdamW,0.05261932995000847,,,9.52988478457537e-05,,,,25,,,0.0009927436816231578,,PRUNED
481,481,50.0,2025-05-25 08:22:48.005523,2025-05-25 08:23:00.142639,0 days 00:00:12.137116,AdamW,0.02303659133045893,,,4.338274527109345e-05,,,,27,,,0.001491594881962536,,PRUNED
482,482,50.0,2025-05-25 08:23:00.181273,2025-05-25 08:23:12.241270,0 days 00:00:12.059997,AdamW,0.030841436785291172,,,6.195067187896704e-05,,,,29,,,0.0008381161123359166,,PRUNED
483,483,33.333333333333336,2025-05-25 08:23:12.280825,2025-05-25 08:23:24.470679,0 days 00:00:12.189854,Adadelta,0.011029775372193058,0.09675068084853286,,,,,,26,0.02171298384603158,,,,PRUNED
484,484,43.75,2025-05-25 08:23:24.511634,2025-05-25 08:23:36.619760,0 days 00:00:12.108126,AdamW,0.06972698425053743,,,0.0001971861336010755,,,,19,,,0.0012409548067008806,,PRUNED
485,485,33.333333333333336,2025-05-25 08:23:36.663388,2025-05-25 08:23:48.779133,0 days 00:00:12.115745,AdamW,0.036246044757092075,,,0.0011054675798187735,,,,30,,,0.0007305482605397412,,PRUNED
486,486,,2025-05-25 08:23:48.816657,2025-05-25 08:24:00.891490,0 days 00:00:12.074833,SGD,0.0488646191915067,,,,4.560231540476142e-05,61.27308829300076,False,29,,,,0.45542105614145884,PRUNED
487,487,45.833333333333336,2025-05-25 08:24:00.931913,2025-05-25 08:24:13.055929,0 days 00:00:12.124016,AdamW,0.019156406827702924,,,8.572827422832427e-05,,,,31,,,0.0011311403050129865,,PRUNED
488,488,45.833333333333336,2025-05-25 08:24:13.093411,2025-05-25 08:24:25.201106,0 days 00:00:12.107695,AdamW,0.13420906749637845,,,0.00014088200921287888,,,,26,,,0.0006236001211400198,,PRUNED
489,489,47.916666666666664,2025-05-25 08:24:25.240707,2025-05-25 08:24:37.456738,0 days 00:00:12.216031,AdamW,0.008971817467986793,,,3.6257662523445436e-05,,,,31,,,0.0009127159733077189,,PRUNED
490,490,52.083333333333336,2025-05-25 08:24:37.494927,2025-05-25 08:24:49.613853,0 days 00:00:12.118926,AdamW,0.022385473254908896,,,0.00043221455863940323,,,,27,,,0.0005486884832905389,,PRUNED
491,491,37.5,2025-05-25 08:24:49.652329,2025-05-25 08:25:01.911497,0 days 00:00:12.259168,AdamW,0.030941900437763268,,,5.3023614650600637e-05,,,,23,,,0.000796117378471058,,PRUNED
492,492,45.833333333333336,2025-05-25 08:25:01.949870,2025-05-25 08:25:14.142460,0 days 00:00:12.192590,AdamW,0.39061231134513585,,,0.000107240720910471,,,,1,,,0.006699082597704784,,PRUNED
493,493,35.416666666666664,2025-05-25 08:25:14.180574,2025-05-25 08:25:26.418243,0 days 00:00:12.237669,AdamW,0.368570046926448,,,1.9530558087272116e-05,,,,30,,,0.0009808976483075067,,PRUNED
494,494,45.833333333333336,2025-05-25 08:25:26.456716,2025-05-25 08:25:38.566360,0 days 00:00:12.109644,AdamW,0.041735149971103384,,,7.678226456767327e-05,,,,28,,,0.0007164883494261471,,PRUNED
495,495,50.0,2025-05-25 08:25:38.605027,2025-05-25 08:25:50.736205,0 days 00:00:12.131178,AdamW,0.3535005671983086,,,0.00012325454430145102,,,,29,,,0.001097234351903931,,PRUNED
496,496,41.666666666666664,2025-05-25 08:25:50.776748,2025-05-25 08:26:01.889637,0 days 00:00:11.112889,AdamW,0.06103591227399863,,,1.4845657888450958e-05,,,,30,,,0.0041465490393394625,,PRUNED
497,497,33.333333333333336,2025-05-25 08:26:01.924375,2025-05-25 08:26:07.573045,0 days 00:00:05.648670,Adam,0.008291770951615282,,0.0452304033997881,,,,,25,,0.15001599416641573,,,PRUNED
498,498,47.916666666666664,2025-05-25 08:26:07.600706,2025-05-25 08:26:17.461591,0 days 00:00:09.860885,AdamW,0.48736113440431045,,,6.676699860735819e-05,,,,31,,,0.0008480448993013241,,PRUNED
499,499,39.583333333333336,2025-05-25 08:26:17.500928,2025-05-25 08:26:29.277352,0 days 00:00:11.776424,AdamW,0.11561457264766292,,,9.032450470906134e-05,,,,20,,,0.0013811934233656504,,PRUNED
500,500,45.833333333333336,2025-05-25 08:26:29.313418,2025-05-25 08:26:35.900796,0 days 00:00:06.587378,AdamW,0.0006911562139726566,,,5.0363073480768174e-05,,,,28,,,0.000913367174094663,,PRUNED
501,501,47.916666666666664,2025-05-25 08:26:35.937931,2025-05-25 08:26:48.044920,0 days 00:00:12.106989,AdamW,0.15290492800179856,,,0.0001627142787161949,,,,27,,,0.005003568315804705,,PRUNED
502,502,50.0,2025-05-25 08:26:48.083264,2025-05-25 08:27:00.254990,0 days 00:00:12.171726,AdamW,0.017635911334417,,,5.840214106393649e-05,,,,24,,,0.0025529352703351892,,PRUNED
503,503,41.666666666666664,2025-05-25 08:27:00.292662,2025-05-25 08:27:12.416249,0 days 00:00:12.123587,AdamW,0.10366997579532403,,,8.121452530868645e-05,,,,29,,,0.0007846640503885612,,PRUNED
504,504,72.91666666666667,2025-05-25 08:27:12.454259,2025-05-25 08:27:30.679870,0 days 00:00:18.225611,AdamW,0.07826930777531575,,,0.00011303217781056166,,,,5,,,0.0010162562357467616,,COMPLETE
505,505,33.333333333333336,2025-05-25 08:27:30.735201,2025-05-25 08:27:42.860613,0 days 00:00:12.125412,AdamW,0.0722434040020539,,,0.00012953321643148063,,,,7,,,0.0012354353517331086,,PRUNED
506,506,39.583333333333336,2025-05-25 08:27:42.898501,2025-05-25 08:27:55.185945,0 days 00:00:12.287444,AdamW,0.08017630669684701,,,0.00020504797139343493,,,,11,,,0.0010313450089004664,,PRUNED
507,507,33.333333333333336,2025-05-25 08:27:55.223695,2025-05-25 08:28:07.337679,0 days 00:00:12.113984,AdamW,0.0714769200621916,,,0.00011230250028763789,,,,10,,,0.0018020568972635287,,PRUNED
508,508,33.333333333333336,2025-05-25 08:28:07.376556,2025-05-25 08:28:19.601223,0 days 00:00:12.224667,AdamW,0.0842587734617834,,,0.0001521607702500926,,,,8,,,0.00027488823089312877,,PRUNED
509,509,37.5,2025-05-25 08:28:19.639269,2025-05-25 08:28:31.772530,0 days 00:00:12.133261,AdamW,0.09934708450249399,,,0.00010456670470038027,,,,22,,,0.0010127688854359195,,PRUNED
510,510,,2025-05-25 08:28:31.811163,2025-05-25 08:28:43.165801,0 days 00:00:11.354638,SGD,0.062450205111829665,,,,0.002014596125728708,76.70980288516385,True,18,,,,9.677032050769569,PRUNED
511,511,33.333333333333336,2025-05-25 08:28:43.205393,2025-05-25 08:28:55.334378,0 days 00:00:12.128985,Adadelta,0.08062585611559554,0.49602788845193513,,,,,,31,0.22533794741880017,,,,PRUNED
512,512,39.583333333333336,2025-05-25 08:28:55.373414,2025-05-25 08:29:07.550124,0 days 00:00:12.176710,AdamW,0.08953956582962323,,,0.00018197387553010717,,,,30,,,0.007516202134140526,,PRUNED
513,513,52.083333333333336,2025-05-25 08:29:07.588761,2025-05-25 08:29:19.672339,0 days 00:00:12.083578,AdamW,0.12417099545815385,,,2.7339614531483982e-05,,,,15,,,0.00013573854795142557,,PRUNED
514,514,33.333333333333336,2025-05-25 08:29:19.710512,2025-05-25 08:29:31.911684,0 days 00:00:12.201172,AdamW,0.06312353582719915,,,9.402359415975298e-05,,,,16,,,0.001140723175118328,,PRUNED
515,515,41.666666666666664,2025-05-25 08:29:31.949082,2025-05-25 08:29:44.219386,0 days 00:00:12.270304,AdamW,0.3044447041395898,,,0.00013385151671550512,,,,4,,,0.0009621361406454866,,PRUNED
516,516,35.416666666666664,2025-05-25 08:29:44.257259,2025-05-25 08:29:56.474829,0 days 00:00:12.217570,AdamW,0.05226080636078691,,,0.00011260703929341646,,,,17,,,0.005749826547809715,,PRUNED
517,517,54.166666666666664,2025-05-25 08:29:56.514919,2025-05-25 08:30:14.328509,0 days 00:00:17.813590,AdamW,0.011987781679828197,,,0.00015453937816702133,,,,30,,,0.0006525777293540095,,COMPLETE
518,518,43.75,2025-05-25 08:30:14.384216,2025-05-25 08:30:26.505381,0 days 00:00:12.121165,AdamW,0.050079529395681256,,,8.925082140028515e-05,,,,26,,,0.0015488235879456953,,PRUNED
519,519,37.5,2025-05-25 08:30:26.543324,2025-05-25 08:30:38.760483,0 days 00:00:12.217159,AdamW,0.007127869800359495,,,0.0001274839968125813,,,,21,,,0.003077808543955323,,PRUNED
520,520,47.916666666666664,2025-05-25 08:30:38.799007,2025-05-25 08:30:50.879267,0 days 00:00:12.080260,AdamW,0.0003025391375409395,,,7.553918769788784e-05,,,,25,,,0.0012890481532344114,,PRUNED
521,521,60.416666666666664,2025-05-25 08:30:50.918700,2025-05-25 08:31:09.245082,0 days 00:00:18.326382,AdamW,0.02190985803353472,,,4.266384109107837e-05,,,,0,,,0.00010907543959056635,,COMPLETE
522,522,33.333333333333336,2025-05-25 08:31:09.300546,2025-05-25 08:31:21.458447,0 days 00:00:12.157901,Adam,0.07341852258245708,,9.586686550616953e-05,,,,,4,,0.3296812854147142,,,PRUNED
523,523,35.416666666666664,2025-05-25 08:31:21.510031,2025-05-25 08:31:28.660492,0 days 00:00:07.150461,AdamW,0.03576862101865587,,,0.00010239274568668227,,,,5,,,0.002257012409782457,,PRUNED
524,524,54.166666666666664,2025-05-25 08:31:28.688098,2025-05-25 08:31:41.586252,0 days 00:00:12.898154,AdamW,0.01745100171892636,,,7.726549715762118e-05,,,,31,,,0.0010996641564655282,,PRUNED
525,525,50.0,2025-05-25 08:31:41.624556,2025-05-25 08:31:51.975492,0 days 00:00:10.350936,AdamW,0.05696312770947632,,,2.344724006823578e-05,,,,24,,,0.0006977493482859093,,PRUNED
526,526,45.833333333333336,2025-05-25 08:31:52.003855,2025-05-25 08:31:56.545994,0 days 00:00:04.542139,AdamW,0.026435945808940896,,,3.4752450610844294e-05,,,,12,,,0.00048472935702396805,,PRUNED
527,527,50.0,2025-05-25 08:31:56.572520,2025-05-25 08:32:07.166764,0 days 00:00:10.594244,AdamW,0.04165119698753785,,,0.0001449145922129438,,,,30,,,0.000859791665337588,,PRUNED
528,528,41.666666666666664,2025-05-25 08:32:07.204965,2025-05-25 08:32:19.357450,0 days 00:00:12.152485,AdamW,0.3384701809469965,,,0.0001804726827514211,,,,3,,,0.0007837327397993871,,PRUNED
529,529,52.083333333333336,2025-05-25 08:32:19.396847,2025-05-25 08:32:33.745925,0 days 00:00:14.349078,AdamW,0.09059153151998109,,,6.302722561847519e-05,,,,31,,,0.00019515730020735775,,PRUNED
530,530,47.916666666666664,2025-05-25 08:32:33.785936,2025-05-25 08:32:45.830218,0 days 00:00:12.044282,AdamW,1.6467241908117713e-05,,,0.00010051599714932628,,,,29,,,0.0006068280429720061,,PRUNED
531,531,50.0,2025-05-25 08:32:45.869152,2025-05-25 08:32:58.124487,0 days 00:00:12.255335,AdamW,0.0139830080110229,,,0.00011951709793662108,,,,27,,,0.0009621913732176333,,PRUNED
532,532,45.833333333333336,2025-05-25 08:32:58.163047,2025-05-25 08:33:10.225245,0 days 00:00:12.062198,AdamW,0.1097408814141899,,,8.52163338722517e-05,,,,31,,,0.0010881718723122712,,PRUNED
533,533,52.083333333333336,2025-05-25 08:33:10.264922,2025-05-25 08:33:22.519966,0 days 00:00:12.255044,AdamW,0.030236092682008206,,,5.084022722594543e-05,,,,29,,,0.0008432997662857941,,PRUNED
534,534,33.333333333333336,2025-05-25 08:33:22.558639,2025-05-25 08:33:34.613733,0 days 00:00:12.055094,Adadelta,0.04553441034593815,0.14220865941634842,,,,,,30,1.1724005971769698,,,,PRUNED
535,535,,2025-05-25 08:33:34.651859,2025-05-25 08:33:46.188270,0 days 00:00:11.536411,SGD,0.010091407733647896,,,,0.0005788044823625374,44.289317739380664,False,31,,,,47.16106555326323,PRUNED
536,536,39.583333333333336,2025-05-25 08:33:46.227791,2025-05-25 08:33:58.435926,0 days 00:00:12.208135,AdamW,0.020110916316719442,,,7.24713937354445e-05,,,,25,,,0.0011877853702450597,,PRUNED
537,537,43.75,2025-05-25 08:33:58.474135,2025-05-25 08:34:10.580402,0 days 00:00:12.106267,AdamW,0.06049130469381275,,,0.0002248973206387029,,,,30,,,0.001017306589405875,,PRUNED
538,538,39.583333333333336,2025-05-25 08:34:10.619426,2025-05-25 08:34:22.863522,0 days 00:00:12.244096,AdamW,0.038288102566703924,,,1.732922670948965e-05,,,,6,,,0.0006910073059215527,,PRUNED
539,539,52.083333333333336,2025-05-25 08:34:22.903438,2025-05-25 08:34:34.961058,0 days 00:00:12.057620,AdamW,0.2560825708708622,,,5.961252944526742e-05,,,,27,,,0.004637024517630391,,PRUNED
540,540,47.916666666666664,2025-05-25 08:34:34.999924,2025-05-25 08:34:47.116905,0 days 00:00:12.116981,AdamW,0.027301085535043415,,,0.00012192740106988932,,,,26,,,0.00016170635800913022,,PRUNED
541,541,47.916666666666664,2025-05-25 08:34:47.155545,2025-05-25 08:34:59.283181,0 days 00:00:12.127636,AdamW,0.009046396234381221,,,9.20887852378443e-05,,,,28,,,0.001970805474099133,,PRUNED
542,542,41.666666666666664,2025-05-25 08:34:59.323185,2025-05-25 08:35:11.443516,0 days 00:00:12.120331,AdamW,0.07684497770304922,,,0.000148963468047205,,,,13,,,0.0007620281155612553,,PRUNED
543,543,33.333333333333336,2025-05-25 08:35:11.482632,2025-05-25 08:35:23.595616,0 days 00:00:12.112984,AdamW,0.01805771210659821,,,4.292020109465742e-05,,,,31,,,0.0008992797637593511,,PRUNED
544,544,60.416666666666664,2025-05-25 08:35:23.634345,2025-05-25 08:35:41.394354,0 days 00:00:17.760009,AdamW,0.0003099807609535379,,,0.010716109262896326,,,,30,,,0.0009302067346654229,,COMPLETE
545,545,60.416666666666664,2025-05-25 08:35:41.450636,2025-05-25 08:35:59.240335,0 days 00:00:17.789699,AdamW,0.16666933885135918,,,0.00010488894241811154,,,,29,,,0.0014079835387806037,,COMPLETE
546,546,52.083333333333336,2025-05-25 08:35:59.295760,2025-05-25 08:36:11.482183,0 days 00:00:12.186423,AdamW,0.05089148377887796,,,6.795093831739402e-05,,,,26,,,0.0008269439360328327,,PRUNED
547,547,33.333333333333336,2025-05-25 08:36:11.525270,2025-05-25 08:36:23.694254,0 days 00:00:12.168984,Adam,0.40847565106886696,,0.012905273231847125,,,,,28,,45.17889428084873,,,PRUNED
548,548,39.583333333333336,2025-05-25 08:36:23.734028,2025-05-25 08:36:35.868524,0 days 00:00:12.134496,AdamW,0.14379084130569394,,,0.00017795451439992535,,,,27,,,0.0010364882407179067,,PRUNED
549,549,45.833333333333336,2025-05-25 08:36:35.906728,2025-05-25 08:36:47.878432,0 days 00:00:11.971704,AdamW,0.06799441326146538,,,2.8613455231340734e-05,,,,1,,,0.0007408613143592883,,PRUNED
550,550,47.916666666666664,2025-05-25 08:36:47.915497,2025-05-25 08:36:53.228412,0 days 00:00:05.312915,AdamW,0.46981172935345367,,,8.279038034555903e-05,,,,29,,,0.0012118343726180438,,PRUNED
551,551,41.666666666666664,2025-05-25 08:36:53.266499,2025-05-25 08:37:05.380319,0 days 00:00:12.113820,AdamW,0.0343520859874856,,,5.5384311948833474e-05,,,,2,,,0.0024022896293117444,,PRUNED
552,552,39.583333333333336,2025-05-25 08:37:05.418975,2025-05-25 08:37:16.999796,0 days 00:00:11.580821,AdamW,0.016236186746038835,,,1.978701206666502e-05,,,,30,,,0.0006590457139446974,,PRUNED
553,553,43.75,2025-05-25 08:37:17.028033,2025-05-25 08:37:20.808394,0 days 00:00:03.780361,AdamW,0.23303792932733433,,,0.00012342947920718325,,,,31,,,0.0034831538383236762,,PRUNED
554,554,37.5,2025-05-25 08:37:20.836310,2025-05-25 08:37:33.155839,0 days 00:00:12.319529,AdamW,0.12925769702904752,,,9.849333127648752e-05,,,,30,,,0.00012105513262742148,,PRUNED
555,555,41.666666666666664,2025-05-25 08:37:33.194968,2025-05-25 08:37:45.284900,0 days 00:00:12.089932,AdamW,0.024495981085613263,,,1.2331572963690415e-05,,,,25,,,0.0005631722999158511,,PRUNED
556,556,43.75,2025-05-25 08:37:45.323684,2025-05-25 08:37:57.619785,0 days 00:00:12.296101,Adadelta,0.008910852580180213,0.013857177776044987,,,,,,28,36.11713368530487,,,,PRUNED
557,557,33.333333333333336,2025-05-25 08:37:57.658496,2025-05-25 08:38:09.770387,0 days 00:00:12.111891,AdamW,0.045584161474357204,,,7.31701890285704e-05,,,,9,,,0.0008879702246300391,,PRUNED
558,558,52.083333333333336,2025-05-25 08:38:09.809431,2025-05-25 08:38:22.121024,0 days 00:00:12.311593,AdamW,0.03167673055144363,,,4.648095376818831e-05,,,,31,,,0.0009672362979298546,,PRUNED
559,559,37.5,2025-05-25 08:38:22.160009,2025-05-25 08:38:34.234168,0 days 00:00:12.074159,AdamW,0.016222604614766302,,,0.0001551545210279515,,,,26,,,0.0028080784301895327,,PRUNED
560,560,,2025-05-25 08:38:34.273195,2025-05-25 08:38:45.870505,0 days 00:00:11.597310,SGD,0.008258198614705978,,,,0.006149618260083309,12.145211309456506,True,29,,,,0.020341503921108096,PRUNED
561,561,33.333333333333336,2025-05-25 08:38:45.911426,2025-05-25 08:38:58.079863,0 days 00:00:12.168437,AdamW,0.039647827074029876,,,0.0014371677467819245,,,,21,,,0.0008019637120859841,,PRUNED
562,562,52.083333333333336,2025-05-25 08:38:58.118277,2025-05-25 08:39:10.296115,0 days 00:00:12.177838,AdamW,0.05996715915885408,,,3.615978868423273e-05,,,,30,,,0.0011019716034106992,,PRUNED
563,563,47.916666666666664,2025-05-25 08:39:10.337356,2025-05-25 08:39:22.460400,0 days 00:00:12.123044,AdamW,0.021467477273378575,,,6.16587179110522e-05,,,,27,,,0.0013563685717527538,,PRUNED
564,564,56.25,2025-05-25 08:39:22.499453,2025-05-25 08:39:40.266163,0 days 00:00:17.766710,AdamW,0.09673222322332509,,,8.180499668137535e-05,,,,31,,,0.0007542463751812864,,COMPLETE
565,565,52.083333333333336,2025-05-25 08:39:40.325839,2025-05-25 08:39:58.102937,0 days 00:00:17.777098,AdamW,0.03370172251462183,,,0.0001346109775669508,,,,29,,,0.0008526722929227958,,COMPLETE
566,566,52.083333333333336,2025-05-25 08:39:58.160107,2025-05-25 08:40:12.437145,0 days 00:00:14.277038,AdamW,0.45651520717813654,,,0.00010803352361966884,,,,30,,,0.0009753692637968266,,PRUNED
567,567,50.0,2025-05-25 08:40:12.477321,2025-05-25 08:40:24.669632,0 days 00:00:12.192311,AdamW,0.0002199729887186995,,,1.4584368253305202e-05,,,,28,,,0.0016428986295295982,,PRUNED
568,568,41.666666666666664,2025-05-25 08:40:24.708638,2025-05-25 08:40:36.792609,0 days 00:00:12.083971,AdamW,0.025600885566746327,,,9.176133598861835e-05,,,,24,,,0.0021238235155793114,,PRUNED
569,569,37.5,2025-05-25 08:40:36.832113,2025-05-25 08:40:48.983362,0 days 00:00:12.151249,AdamW,0.04886154452776382,,,5.425186478012903e-05,,,,23,,,0.001267343124705192,,PRUNED
570,570,45.833333333333336,2025-05-25 08:40:49.022645,2025-05-25 08:41:01.162369,0 days 00:00:12.139724,Adam,0.010061096980007418,,2.1260240782163088e-05,,,,,28,,0.08448134280020933,,,PRUNED
571,571,41.666666666666664,2025-05-25 08:41:01.201654,2025-05-25 08:41:13.349661,0 days 00:00:12.148007,AdamW,0.08507232562142614,,,7.01465241692468e-05,,,,26,,,0.0006860216826394663,,PRUNED
572,572,35.416666666666664,2025-05-25 08:41:13.389609,2025-05-25 08:41:25.544427,0 days 00:00:12.154818,AdamW,0.11923479538583659,,,0.00027875731715361384,,,,17,,,0.0011013801289223488,,PRUNED
573,573,35.416666666666664,2025-05-25 08:41:25.788811,2025-05-25 08:41:37.900761,0 days 00:00:12.111950,AdamW,0.06752495667152172,,,0.00018184071507496323,,,,27,,,0.0008971559302123133,,PRUNED
574,574,43.75,2025-05-25 08:41:37.941669,2025-05-25 08:41:49.993928,0 days 00:00:12.052259,AdamW,0.018862138242565503,,,0.00013061086352568498,,,,31,,,0.0006131727467570405,,PRUNED
575,575,43.75,2025-05-25 08:41:50.033631,2025-05-25 08:42:02.262622,0 days 00:00:12.228991,AdamW,0.04085436855186453,,,0.00010986271092603705,,,,15,,,0.0038898892830000953,,PRUNED
576,576,33.333333333333336,2025-05-25 08:42:02.306494,2025-05-25 08:42:12.091826,0 days 00:00:09.785332,AdamW,0.027804622333122822,,,0.0008017192896405448,,,,29,,,0.0008071746035534573,,PRUNED
577,577,35.416666666666664,2025-05-25 08:42:12.122811,2025-05-25 08:42:24.239940,0 days 00:00:12.117129,AdamW,0.4233414875448691,,,8.556967726189626e-05,,,,14,,,0.0001454841607602377,,PRUNED
578,578,41.666666666666664,2025-05-25 08:42:24.280353,2025-05-25 08:42:34.432584,0 days 00:00:10.152231,AdamW,0.053227234754135586,,,4.9781684808429625e-05,,,,30,,,0.0010041081266034023,,PRUNED
579,579,50.0,2025-05-25 08:42:34.470158,2025-05-25 08:42:39.242641,0 days 00:00:04.772483,AdamW,0.0076658469889624645,,,6.897648104653037e-05,,,,31,,,0.0007168962348420256,,PRUNED
580,580,39.583333333333336,2025-05-25 08:42:39.272809,2025-05-25 08:42:45.096401,0 days 00:00:05.823592,Adadelta,0.01494785464220927,0.03136762985004675,,,,,,27,17.80703582115443,,,,PRUNED
581,581,43.75,2025-05-25 08:42:45.136421,2025-05-25 08:42:57.286689,0 days 00:00:12.150268,AdamW,0.07677509736304397,,,2.362403188706539e-05,,,,29,,,0.00034587620118798723,,PRUNED
582,582,45.833333333333336,2025-05-25 08:42:57.326775,2025-05-25 08:43:09.525220,0 days 00:00:12.198445,AdamW,0.03077246514397505,,,3.144568757499161e-05,,,,28,,,0.0009247793126277077,,PRUNED
583,583,43.75,2025-05-25 08:43:09.564497,2025-05-25 08:43:21.715701,0 days 00:00:12.151204,AdamW,0.02175239881052618,,,4.0497801390441124e-05,,,,20,,,0.00113763065834042,,PRUNED
584,584,,2025-05-25 08:43:21.755735,2025-05-25 08:43:33.302280,0 days 00:00:11.546545,SGD,0.0007235549606405232,,,,2.478059277341504e-05,74.39660926625962,True,30,,,,0.12606674267677045,PRUNED
585,585,45.833333333333336,2025-05-25 08:43:33.343318,2025-05-25 08:43:45.452223,0 days 00:00:12.108905,AdamW,0.13608047678610555,,,0.00021189974108495793,,,,25,,,0.0008177662972379937,,PRUNED
586,586,47.916666666666664,2025-05-25 08:43:45.492518,2025-05-25 08:43:57.677655,0 days 00:00:12.185137,AdamW,0.1975831849823636,,,0.00015184080474834615,,,,26,,,0.00250307569675704,,PRUNED
587,587,52.083333333333336,2025-05-25 08:43:57.718268,2025-05-25 08:44:09.810503,0 days 00:00:12.092235,AdamW,0.04215750489718449,,,5.946809857415987e-05,,,,31,,,0.0010446472236988952,,PRUNED
588,588,41.666666666666664,2025-05-25 08:44:09.850410,2025-05-25 08:44:22.029933,0 days 00:00:12.179523,AdamW,0.05599585720846558,,,0.00010021742876944794,,,,30,,,0.0007331437507894122,,PRUNED
589,589,60.416666666666664,2025-05-25 08:44:22.070211,2025-05-25 08:44:40.052859,0 days 00:00:17.982648,AdamW,0.010330075015144005,,,8.127910657807836e-05,,,,19,,,0.0015035699970839212,,COMPLETE
590,590,45.833333333333336,2025-05-25 08:44:40.127389,2025-05-25 08:44:52.246331,0 days 00:00:12.118942,AdamW,0.10590278431236069,,,0.00011518482015479015,,,,29,,,0.00023514993042147192,,PRUNED
591,591,50.0,2025-05-25 08:44:52.286820,2025-05-25 08:45:04.464067,0 days 00:00:12.177247,AdamW,0.03497009373056766,,,7.087095925926886e-05,,,,25,,,0.006267594944308954,,PRUNED
592,592,47.916666666666664,2025-05-25 08:45:04.505124,2025-05-25 08:45:16.576620,0 days 00:00:12.071496,AdamW,0.020278464398896787,,,9.323723404408506e-05,,,,27,,,0.0009040216535847776,,PRUNED
593,593,47.916666666666664,2025-05-25 08:45:16.616221,2025-05-25 08:45:28.922844,0 days 00:00:12.306623,AdamW,0.06759419864300681,,,0.0001362825574216803,,,,28,,,0.0012169237207550337,,PRUNED
594,594,47.916666666666664,2025-05-25 08:45:28.964331,2025-05-25 08:45:41.108740,0 days 00:00:12.144409,AdamW,0.009000761057115173,,,4.739303833932795e-05,,,,22,,,0.005249099680966956,,PRUNED
595,595,37.5,2025-05-25 08:45:41.148846,2025-05-25 08:45:55.597878,0 days 00:00:14.449032,Adam,0.32747476573538564,,0.0017126401669439438,,,,,29,,0.022618394226561776,,,PRUNED
596,596,47.916666666666664,2025-05-25 08:45:55.638578,2025-05-25 08:46:07.697660,0 days 00:00:12.059082,AdamW,0.000277687811598943,,,5.53986176426361e-05,,,,31,,,0.00010078624876029015,,PRUNED
597,597,35.416666666666664,2025-05-25 08:46:07.738070,2025-05-25 08:46:19.981213,0 days 00:00:12.243143,AdamW,0.026667831390077373,,,0.00016708267129896649,,,,26,,,0.003113726921407867,,PRUNED
598,598,45.833333333333336,2025-05-25 08:46:20.022454,2025-05-25 08:46:32.146362,0 days 00:00:12.123908,AdamW,0.043603561348813547,,,0.00010972300049656581,,,,28,,,0.0008272191048036651,,PRUNED
599,599,41.666666666666664,2025-05-25 08:46:32.187914,2025-05-25 08:46:44.357870,0 days 00:00:12.169956,AdamW,0.01509461967250402,,,7.99686065750359e-05,,,,31,,,0.0017998154506858085,,PRUNED
600,600,52.083333333333336,2025-05-25 08:46:44.398407,2025-05-25 08:46:56.574649,0 days 00:00:12.176242,AdamW,0.030748287394936256,,,6.494128431327002e-05,,,,24,,,0.008736771217387376,,PRUNED
601,601,45.833333333333336,2025-05-25 08:46:56.615349,2025-05-25 08:47:08.741429,0 days 00:00:12.126080,AdamW,0.056814889244661264,,,1.8141653367045618e-05,,,,29,,,0.0009810717937848894,,PRUNED
602,602,50.0,2025-05-25 08:47:08.781823,2025-05-25 08:47:20.832618,0 days 00:00:12.050795,AdamW,0.15095556611831018,,,0.000126597455891651,,,,30,,,0.004462088620704564,,PRUNED
603,603,41.666666666666664,2025-05-25 08:47:20.873470,2025-05-25 08:47:32.523273,0 days 00:00:11.649803,AdamW,0.017618464502822624,,,9.031082496159175e-05,,,,27,,,0.00039467432086431176,,PRUNED
604,604,43.75,2025-05-25 08:47:32.563356,2025-05-25 08:47:37.059433,0 days 00:00:04.496077,AdamW,0.03642498391630785,,,3.572346628958673e-05,,,,30,,,0.000528291619677694,,PRUNED
605,605,33.333333333333336,2025-05-25 08:47:37.099954,2025-05-25 08:47:49.183339,0 days 00:00:12.083385,Adadelta,0.02196586803726098,2.8542219946827934,,,,,,29,3.305930171057631,,,,PRUNED
606,606,52.083333333333336,2025-05-25 08:47:49.224103,2025-05-25 08:47:56.746386,0 days 00:00:07.522283,AdamW,0.008623477529911145,,,5.934659346673401e-05,,,,27,,,0.0006506404625723853,,PRUNED
607,607,50.0,2025-05-25 08:47:56.775234,2025-05-25 08:48:00.749328,0 days 00:00:03.974094,AdamW,0.09010172441090424,,,0.00023544556770942857,,,,31,,,0.0007891320837104481,,PRUNED
608,608,,2025-05-25 08:48:00.778592,2025-05-25 08:48:04.357066,0 days 00:00:03.578474,SGD,0.21037682235601457,,,,0.026024412444755982,30.81976755181177,False,26,,,,0.6469858265583316,PRUNED
609,609,47.916666666666664,2025-05-25 08:48:04.387580,2025-05-25 08:48:15.245679,0 days 00:00:10.858099,AdamW,0.0465334387044421,,,7.500316158717585e-05,,,,30,,,0.0011554595157323867,,PRUNED
610,610,35.416666666666664,2025-05-25 08:48:15.287744,2025-05-25 08:48:27.465678,0 days 00:00:12.177934,AdamW,0.0001364902015126429,,,2.669431960357066e-05,,,,28,,,0.0009045284170514061,,PRUNED
611,611,43.75,2025-05-25 08:48:27.506917,2025-05-25 08:48:39.761248,0 days 00:00:12.254331,AdamW,0.2952679413864901,,,0.0001005830926929197,,,,28,,,0.0013249314050858675,,PRUNED
612,612,33.333333333333336,2025-05-25 08:48:39.803078,2025-05-25 08:48:52.019664,0 days 00:00:12.216586,AdamW,0.07793612496712453,,,0.00015114023557630891,,,,8,,,0.0010185372728691948,,PRUNED
613,613,41.666666666666664,2025-05-25 08:48:52.059879,2025-05-25 08:49:04.239016,0 days 00:00:12.179137,AdamW,0.02487067543747317,,,4.556193022876335e-05,,,,27,,,0.0007585593095040363,,PRUNED
614,614,50.0,2025-05-25 08:49:04.280435,2025-05-25 08:49:16.402240,0 days 00:00:12.121805,AdamW,0.06286598961565815,,,0.0001226534309159581,,,,31,,,0.0022100818437860315,,PRUNED
615,615,39.583333333333336,2025-05-25 08:49:16.443160,2025-05-25 08:49:28.613610,0 days 00:00:12.170450,AdamW,0.013733516822324394,,,0.0001868333398725445,,,,25,,,0.0007020793870800314,,PRUNED
616,616,50.0,2025-05-25 08:49:28.657721,2025-05-25 08:49:40.795654,0 days 00:00:12.137933,AdamW,0.036297629955304576,,,8.252970276272244e-05,,,,29,,,0.0008804202585558248,,PRUNED
617,617,33.333333333333336,2025-05-25 08:49:40.837348,2025-05-25 08:49:52.970964,0 days 00:00:12.133616,AdamW,0.008864502098787362,,,0.06147750887321478,,,,30,,,0.0010555129887685115,,PRUNED
618,618,45.833333333333336,2025-05-25 08:49:53.013506,2025-05-25 08:50:05.175385,0 days 00:00:12.161879,AdamW,0.050899716429298775,,,6.488426268670111e-05,,,,28,,,0.002726639624618518,,PRUNED
619,619,33.333333333333336,2025-05-25 08:50:05.216032,2025-05-25 08:50:17.335113,0 days 00:00:12.119081,Adam,0.023494625497248536,,0.0038593283072265163,,,,,31,,2.453054821710659,,,PRUNED
620,620,45.833333333333336,2025-05-25 08:50:17.376956,2025-05-25 08:50:29.607780,0 days 00:00:12.230824,AdamW,0.03290552547677916,,,1.5180479006873219e-05,,,,26,,,0.00012850475415557503,,PRUNED
621,621,33.333333333333336,2025-05-25 08:50:29.648551,2025-05-25 08:50:41.794457,0 days 00:00:12.145906,AdamW,0.015349961390418823,,,0.0005769637489829762,,,,23,,,0.001988024284474149,,PRUNED
622,622,45.833333333333336,2025-05-25 08:50:41.835562,2025-05-25 08:50:54.040704,0 days 00:00:12.205142,AdamW,0.11595660543390653,,,9.482092903240028e-05,,,,30,,,0.0005967383194185011,,PRUNED
623,623,54.166666666666664,2025-05-25 08:50:54.081947,2025-05-25 08:51:08.481531,0 days 00:00:14.399584,AdamW,0.044618670012711546,,,5.481736032312649e-05,,,,28,,,0.0009525134060043924,,PRUNED
624,624,45.833333333333336,2025-05-25 08:51:08.523485,2025-05-25 08:51:20.587155,0 days 00:00:12.063670,AdamW,0.27814534833924526,,,0.00013669985954409294,,,,29,,,0.0008246758731889094,,PRUNED
625,625,45.833333333333336,2025-05-25 08:51:20.627575,2025-05-25 08:51:32.809600,0 days 00:00:12.182025,AdamW,0.007973717448176654,,,2.0722479381698233e-05,,,,31,,,0.007375075867155895,,PRUNED
626,626,43.75,2025-05-25 08:51:32.850487,2025-05-25 08:51:44.976717,0 days 00:00:12.126230,AdamW,0.06599839703680845,,,0.00010704642478032286,,,,29,,,0.0011402180574989426,,PRUNED
627,627,33.333333333333336,2025-05-25 08:51:45.018107,2025-05-25 08:51:57.175045,0 days 00:00:12.156938,AdamW,0.027983008455535106,,,0.00037506035559024223,,,,30,,,0.0007503067148927617,,PRUNED
628,628,45.833333333333336,2025-05-25 08:51:57.219039,2025-05-25 08:52:09.489192,0 days 00:00:12.270153,AdamW,0.014855892877568966,,,7.723315586165683e-05,,,,18,,,0.0008600440061559716,,PRUNED
629,629,33.333333333333336,2025-05-25 08:52:09.530692,2025-05-25 08:52:21.748463,0 days 00:00:12.217771,Adadelta,0.055494622196575895,10.786152016136796,,,,,,11,0.7418626487717892,,,,PRUNED
630,630,45.833333333333336,2025-05-25 08:52:21.792010,2025-05-25 08:52:33.920886,0 days 00:00:12.128876,AdamW,7.362064330026103e-05,,,4.386753674412094e-05,,,,27,,,0.00011206043729915737,,PRUNED
631,631,33.333333333333336,2025-05-25 08:52:33.962208,2025-05-25 08:52:46.060135,0 days 00:00:12.097927,AdamW,0.037123760263625474,,,0.006978017194836375,,,,25,,,0.0006554124251930861,,PRUNED
632,632,37.5,2025-05-25 08:52:46.101870,2025-05-25 08:52:53.806136,0 days 00:00:07.704266,SGD,0.027440749929048894,,,,0.007399610829328414,0.9740768594953124,True,30,,,,2.1398858289658884,PRUNED
633,633,31.25,2025-05-25 08:52:53.835378,2025-05-25 08:52:58.657201,0 days 00:00:04.821823,AdamW,0.3756407089975848,,,6.554869519998658e-05,,,,10,,,0.0010462763798217293,,PRUNED
634,634,45.833333333333336,2025-05-25 08:52:58.698165,2025-05-25 08:53:10.774965,0 days 00:00:12.076800,AdamW,0.01854616920478637,,,0.0001667553489180951,,,,29,,,0.0012269681496944206,,PRUNED
635,635,47.916666666666664,2025-05-25 08:53:10.815674,2025-05-25 08:53:21.710824,0 days 00:00:10.895150,AdamW,0.08118820125140243,,,9.05560202388743e-05,,,,26,,,0.001479710711572428,,PRUNED
636,636,50.0,2025-05-25 08:53:21.739804,2025-05-25 08:53:26.056279,0 days 00:00:04.316475,AdamW,0.35838805045326455,,,0.00011566790883098038,,,,31,,,0.0009411593654850932,,PRUNED
637,637,45.833333333333336,2025-05-25 08:53:26.084182,2025-05-25 08:53:34.357676,0 days 00:00:08.273494,AdamW,0.008448732720096715,,,5.095377410885963e-05,,,,27,,,0.0008049295075011818,,PRUNED
638,638,43.75,2025-05-25 08:53:34.398566,2025-05-25 08:53:46.577280,0 days 00:00:12.178714,AdamW,0.09828846253470289,,,3.892176887337506e-05,,,,30,,,0.000987503588723975,,PRUNED
639,639,41.666666666666664,2025-05-25 08:53:46.618089,2025-05-25 08:53:58.784319,0 days 00:00:12.166230,AdamW,0.12420559078486687,,,7.129371668290777e-05,,,,24,,,0.0007095680611711414,,PRUNED
640,640,43.75,2025-05-25 08:53:58.824898,2025-05-25 08:54:11.066661,0 days 00:00:12.241763,AdamW,0.04522148698102452,,,0.00014473361508498416,,,,29,,,0.0033927753613686054,,PRUNED
641,641,47.916666666666664,2025-05-25 08:54:11.107927,2025-05-25 08:54:23.295487,0 days 00:00:12.187560,AdamW,0.024507180982200123,,,0.00010392651710691788,,,,28,,,0.0004514640328150519,,PRUNED
642,642,47.916666666666664,2025-05-25 08:54:23.336926,2025-05-25 08:54:35.481734,0 days 00:00:12.144808,AdamW,0.03688837699597452,,,7.957524026152344e-05,,,,31,,,0.0008948225030606332,,PRUNED
643,643,41.666666666666664,2025-05-25 08:54:35.522455,2025-05-25 08:54:47.695844,0 days 00:00:12.173389,Adam,0.00025848285648430447,,0.0003436764217456892,,,,,26,,1.0008021251357524,,,PRUNED
644,644,52.083333333333336,2025-05-25 08:54:47.736370,2025-05-25 08:55:02.234205,0 days 00:00:14.497835,AdamW,0.05370815566668358,,,3.020879473466999e-05,,,,28,,,0.0016879555561766034,,PRUNED
645,645,47.916666666666664,2025-05-25 08:55:02.275665,2025-05-25 08:55:14.434435,0 days 00:00:12.158770,AdamW,0.13296333811347497,,,6.008005038617333e-05,,,,30,,,0.0013432361918013515,,PRUNED
646,646,33.333333333333336,2025-05-25 08:55:14.475997,2025-05-25 08:55:26.711076,0 days 00:00:12.235079,AdamW,0.06894899729089242,,,0.0002115789752069093,,,,27,,,0.0002058199518453521,,PRUNED
647,647,45.833333333333336,2025-05-25 08:55:26.752063,2025-05-25 08:55:38.902995,0 days 00:00:12.150932,AdamW,0.014196610673447865,,,0.00011898582394338126,,,,31,,,0.001098672435445332,,PRUNED
648,648,41.666666666666664,2025-05-25 08:55:38.945059,2025-05-25 08:55:51.144634,0 days 00:00:12.199575,AdamW,0.020772142793018852,,,8.61370771930492e-05,,,,22,,,0.0007674022090652457,,PRUNED
649,649,35.416666666666664,2025-05-25 08:55:51.187611,2025-05-25 08:56:03.373816,0 days 00:00:12.186205,AdamW,0.032917468587590766,,,1.13146912868505e-05,,,,29,,,0.0008652900898076622,,PRUNED
650,650,47.916666666666664,2025-05-25 08:56:03.415255,2025-05-25 08:56:15.538791,0 days 00:00:12.123536,AdamW,0.013295184618010276,,,5.118174347553189e-05,,,,28,,,0.009925926119478679,,PRUNED
651,651,45.833333333333336,2025-05-25 08:56:15.581420,2025-05-25 08:56:27.799864,0 days 00:00:12.218444,AdamW,0.00018421812012120974,,,0.00016901587609688726,,,,14,,,0.00017823143176370736,,PRUNED
652,652,43.75,2025-05-25 08:56:27.841118,2025-05-25 08:56:39.965971,0 days 00:00:12.124853,AdamW,0.1439433013934728,,,0.00012821805952356263,,,,30,,,0.0023539872424588057,,PRUNED
653,653,35.416666666666664,2025-05-25 08:56:40.007609,2025-05-25 08:56:52.185540,0 days 00:00:12.177931,AdamW,0.04284729035015131,,,6.955510033186466e-05,,,,20,,,0.00028987639798225143,,PRUNED
654,654,33.333333333333336,2025-05-25 08:56:52.228339,2025-05-25 08:57:04.480171,0 days 00:00:12.251832,Adadelta,0.023838111981673092,33.77274086001071,,,,,,6,0.438990014686653,,,,PRUNED
655,655,41.666666666666664,2025-05-25 08:57:04.523237,2025-05-25 08:57:16.640046,0 days 00:00:12.116809,AdamW,0.06114584306082811,,,2.3705734008463335e-05,,,,25,,,0.0009720978231184224,,PRUNED
656,656,62.5,2025-05-25 08:57:16.680925,2025-05-25 08:57:34.674865,0 days 00:00:17.993940,AdamW,0.011899088526169959,,,9.933027472164437e-05,,,,21,,,0.0012085411020575953,,COMPLETE
657,657,,2025-05-25 08:57:34.732552,2025-05-25 08:57:46.198696,0 days 00:00:11.466144,SGD,0.008814251490147966,,,,0.05083883716224521,14.386754019342682,False,20,,,,0.09868364599054431,PRUNED
658,658,41.666666666666664,2025-05-25 08:57:46.239249,2025-05-25 08:57:58.392175,0 days 00:00:12.152926,AdamW,0.012373612527485851,,,9.24853838004663e-05,,,,19,,,0.001256678350087496,,PRUNED
659,659,39.583333333333336,2025-05-25 08:57:58.433088,2025-05-25 08:58:10.618447,0 days 00:00:12.185359,AdamW,0.07400038742142145,,,6.088313998612078e-05,,,,21,,,0.0011317562957323688,,PRUNED
660,660,39.583333333333336,2025-05-25 08:58:10.661795,2025-05-25 08:58:19.857163,0 days 00:00:09.195368,AdamW,0.16283127692884844,,,7.988916894851193e-05,,,,21,,,0.0013608626569351348,,PRUNED
661,661,41.666666666666664,2025-05-25 08:58:19.890258,2025-05-25 08:58:31.122004,0 days 00:00:11.231746,AdamW,0.02924287561596311,,,0.00010272689869853674,,,,16,,,0.001207600152056655,,PRUNED
662,662,39.583333333333336,2025-05-25 08:58:31.163437,2025-05-25 08:58:42.574953,0 days 00:00:11.411516,AdamW,0.006961085052851735,,,7.179252620765439e-05,,,,23,,,0.001044385135070196,,PRUNED
663,663,45.833333333333336,2025-05-25 08:58:42.613877,2025-05-25 08:58:50.616828,0 days 00:00:08.002951,AdamW,0.11051902049073763,,,3.8909697255822615e-05,,,,18,,,0.0012109361151249416,,PRUNED
664,664,52.083333333333336,2025-05-25 08:58:50.658237,2025-05-25 08:59:02.860226,0 days 00:00:12.201989,AdamW,0.04933412853359572,,,8.821529747898809e-05,,,,22,,,0.0014034769384991736,,PRUNED
665,665,50.0,2025-05-25 08:59:02.901456,2025-05-25 08:59:15.167722,0 days 00:00:12.266266,AdamW,0.4396418568974099,,,5.643659915138532e-05,,,,17,,,0.0011046595511834025,,PRUNED
666,666,43.75,2025-05-25 08:59:15.210000,2025-05-25 08:59:27.394387,0 days 00:00:12.184387,AdamW,0.020541300117144813,,,0.00010720470179113363,,,,23,,,0.0005781938947493307,,PRUNED
667,667,47.916666666666664,2025-05-25 08:59:27.435469,2025-05-25 08:59:39.634642,0 days 00:00:12.199173,AdamW,0.08791030347838713,,,4.533613352953524e-05,,,,25,,,0.0006451576743222179,,PRUNED
668,668,50.0,2025-05-25 08:59:39.676155,2025-05-25 08:59:51.796491,0 days 00:00:12.120336,AdamW,0.24884188535927607,,,6.78051498014249e-05,,,,27,,,0.0010138902893093763,,PRUNED
669,669,33.333333333333336,2025-05-25 08:59:51.837549,2025-05-25 09:00:04.026287,0 days 00:00:12.188738,Adam,0.0343121161532236,,0.05528622833227387,,,,,19,,11.810851019994416,,,PRUNED
670,670,41.666666666666664,2025-05-25 09:00:04.068567,2025-05-25 09:00:16.187752,0 days 00:00:12.119185,AdamW,0.18026584356705028,,,9.16340920938057e-05,,,,18,,,0.0009244921141507799,,PRUNED
671,671,35.416666666666664,2025-05-25 09:00:16.228899,2025-05-25 09:00:28.420075,0 days 00:00:12.191176,AdamW,0.0008766330521183564,,,1.625286837253159e-05,,,,28,,,0.0012828399427654339,,PRUNED
672,672,43.75,2025-05-25 09:00:28.464095,2025-05-25 09:00:40.605768,0 days 00:00:12.141673,AdamW,0.016556720536458215,,,7.520195090281806e-05,,,,1,,,0.0008385309893100413,,PRUNED
673,673,47.916666666666664,2025-05-25 09:00:40.647672,2025-05-25 09:00:52.832254,0 days 00:00:12.184582,AdamW,0.026080478713490382,,,5.8388529914024306e-05,,,,26,,,0.0007169931839106395,,PRUNED
674,674,47.916666666666664,2025-05-25 09:00:52.874454,2025-05-25 09:01:04.954868,0 days 00:00:12.080414,AdamW,0.04256123684907422,,,0.00012208388850198161,,,,24,,,0.0011455456055255073,,PRUNED
675,675,47.916666666666664,2025-05-25 09:01:04.996187,2025-05-25 09:01:17.137963,0 days 00:00:12.141776,AdamW,0.009077824180903991,,,0.00010173862778393761,,,,27,,,0.0015270954314793325,,PRUNED
676,676,58.333333333333336,2025-05-25 09:01:17.180468,2025-05-25 09:01:34.957629,0 days 00:00:17.777161,AdamW,0.05824595590412239,,,5.111190613673517e-05,,,,29,,,0.0007848193342286886,,COMPLETE
677,677,50.0,2025-05-25 09:01:35.017064,2025-05-25 09:01:47.106623,0 days 00:00:12.089559,AdamW,0.019523025498720634,,,8.245117200787188e-05,,,,21,,,0.0009392524771246136,,PRUNED
678,678,33.333333333333336,2025-05-25 09:01:47.148284,2025-05-25 09:01:59.464226,0 days 00:00:12.315942,Adadelta,0.03338063414524884,7.883285212020325,,,,,,26,9.651431781426572,,,,PRUNED
679,679,33.333333333333336,2025-05-25 09:01:59.505912,2025-05-25 09:02:11.587655,0 days 00:00:12.081743,AdamW,0.007944377790234368,,,0.0025853874417453774,,,,24,,,0.006893632144144886,,PRUNED
680,680,39.583333333333336,2025-05-25 09:02:11.629008,2025-05-25 09:02:23.837044,0 days 00:00:12.208036,AdamW,0.07409113193417338,,,1.9986496752334266e-05,,,,28,,,0.0008355724930834352,,PRUNED
681,681,50.0,2025-05-25 09:02:23.880365,2025-05-25 09:02:35.961020,0 days 00:00:12.080655,AdamW,0.028580222774301202,,,0.00014533300457526612,,,,26,,,0.0010957384678099914,,PRUNED
682,682,,2025-05-25 09:02:36.003016,2025-05-25 09:02:47.358598,0 days 00:00:11.355582,SGD,0.00015068855397225688,,,,2.5921500965429945e-05,91.52397850694788,True,27,,,,55.32833609789129,PRUNED
683,683,45.833333333333336,2025-05-25 09:02:47.400029,2025-05-25 09:02:59.593387,0 days 00:00:12.193358,AdamW,0.051102526933086,,,3.388948140345184e-05,,,,29,,,0.0010303891552362883,,PRUNED
684,684,50.0,2025-05-25 09:02:59.634813,2025-05-25 09:03:11.754601,0 days 00:00:12.119788,AdamW,0.47940349811141414,,,6.548485140357285e-05,,,,27,,,0.0006874772498949698,,PRUNED
685,685,50.0,2025-05-25 09:03:11.795983,2025-05-25 09:03:24.061466,0 days 00:00:12.265483,AdamW,0.015423848860977843,,,0.00011240197728400627,,,,25,,,0.00015324700022498484,,PRUNED
686,686,41.666666666666664,2025-05-25 09:03:24.102434,2025-05-25 09:03:36.157318,0 days 00:00:12.054884,AdamW,0.03945379368652444,,,9.486002532257983e-05,,,,29,,,0.0008956945249478709,,PRUNED
687,687,45.833333333333336,2025-05-25 09:03:36.198636,2025-05-25 09:03:41.711981,0 days 00:00:05.513345,AdamW,0.06648268332706506,,,2.7599673569384345e-05,,,,17,,,0.000748623770962971,,PRUNED
688,688,37.5,2025-05-25 09:03:41.753251,2025-05-25 09:03:53.893410,0 days 00:00:12.140159,AdamW,0.02118484569943617,,,7.777609599675461e-05,,,,28,,,0.005868708182614152,,PRUNED
689,689,43.75,2025-05-25 09:03:53.934838,2025-05-25 09:04:05.053108,0 days 00:00:11.118270,AdamW,0.007364672195025337,,,4.385482324829466e-05,,,,30,,,0.007892115720743128,,PRUNED
690,690,33.333333333333336,2025-05-25 09:04:05.093533,2025-05-25 09:04:16.569241,0 days 00:00:11.475708,AdamW,0.030535390054833415,,,0.00026196865262874034,,,,22,,,0.0013431910845554563,,PRUNED
691,691,35.416666666666664,2025-05-25 09:04:16.615337,2025-05-25 09:04:28.889996,0 days 00:00:12.274659,AdamW,0.04548171631688134,,,5.984007193273078e-05,,,,20,,,0.0011866352903609433,,PRUNED
692,692,52.083333333333336,2025-05-25 09:04:28.931605,2025-05-25 09:04:40.993806,0 days 00:00:12.062201,Adam,0.10160053735102706,,0.0001067029947329232,,,,,29,,0.5762261538236438,,,PRUNED
693,693,33.333333333333336,2025-05-25 09:04:41.036132,2025-05-25 09:04:53.313533,0 days 00:00:12.277401,AdamW,0.014966911582971205,,,0.000180515992814066,,,,23,,,0.0006329838846331789,,PRUNED
694,694,45.833333333333336,2025-05-25 09:04:53.355191,2025-05-25 09:05:05.455005,0 days 00:00:12.099814,AdamW,0.08437363803528047,,,0.00013385224980021765,,,,28,,,0.0009612731233351239,,PRUNED
695,695,52.083333333333336,2025-05-25 09:05:05.496501,2025-05-25 09:05:17.693766,0 days 00:00:12.197265,AdamW,0.0004001923835113986,,,7.075347197284733e-05,,,,27,,,0.000836511612787707,,PRUNED
696,696,50.0,2025-05-25 09:05:17.735115,2025-05-25 09:05:29.926749,0 days 00:00:12.191634,AdamW,0.024810381779780243,,,9.263887176552995e-05,,,,26,,,0.0010526777544750282,,PRUNED
697,697,43.75,2025-05-25 09:05:29.969281,2025-05-25 09:05:42.140683,0 days 00:00:12.171402,AdamW,0.12982183171666928,,,0.0001153278422209157,,,,28,,,0.004221259079033871,,PRUNED
698,698,43.75,2025-05-25 09:05:42.182630,2025-05-25 09:05:54.324818,0 days 00:00:12.142188,AdamW,0.0585853869437585,,,5.104615559035873e-05,,,,25,,,0.0007907984176107406,,PRUNED
699,699,64.58333333333333,2025-05-25 09:05:54.365692,2025-05-25 09:06:12.178341,0 days 00:00:17.812649,AdamW,0.15306039919955966,,,0.00015107507739476003,,,,30,,,0.000918083053848136,,COMPLETE
700,700,39.583333333333336,2025-05-25 09:06:12.237440,2025-05-25 09:06:24.439624,0 days 00:00:12.202184,AdamW,0.15355207998824785,,,0.00022552122161749596,,,,29,,,0.0009660053852910423,,PRUNED
701,701,41.666666666666664,2025-05-25 09:06:24.481571,2025-05-25 09:06:36.562927,0 days 00:00:12.081356,AdamW,0.12056382524237014,,,0.00020247054506292278,,,,29,,,0.0012312199608416749,,PRUNED
702,702,47.916666666666664,2025-05-25 09:06:36.604725,2025-05-25 09:06:48.811285,0 days 00:00:12.206560,AdamW,0.1380029755511286,,,0.00016901338022219875,,,,29,,,0.001053423836401805,,PRUNED
703,703,29.166666666666668,2025-05-25 09:06:48.853522,2025-05-25 09:07:01.010952,0 days 00:00:12.157430,Adadelta,0.3134434966013677,0.010574371398143356,,,,,,30,57.95229998125714,,,,PRUNED
704,704,62.5,2025-05-25 09:07:01.053199,2025-05-25 09:07:18.847551,0 days 00:00:17.794352,AdamW,0.14857103989428325,,,0.00014226453951697997,,,,28,,,0.0008994334697660608,,COMPLETE
705,705,50.0,2025-05-25 09:07:18.907499,2025-05-25 09:07:31.128883,0 days 00:00:12.221384,AdamW,0.14811458575378852,,,0.00021292772011178356,,,,28,,,0.0009437268685309586,,PRUNED
706,706,52.083333333333336,2025-05-25 09:07:31.170934,2025-05-25 09:07:43.293346,0 days 00:00:12.122412,AdamW,0.010543511309870536,,,0.0002000326341169232,,,,28,,,0.0009119142353637344,,PRUNED
707,707,43.75,2025-05-25 09:07:43.335827,2025-05-25 09:07:55.542403,0 days 00:00:12.206576,AdamW,0.13600846052607074,,,0.00013831503049567878,,,,27,,,0.0009008164083178428,,PRUNED
708,708,45.833333333333336,2025-05-25 09:07:55.586242,2025-05-25 09:08:07.674989,0 days 00:00:12.088747,AdamW,0.14987399428183873,,,0.0001679468479821513,,,,27,,,0.0008514205364842446,,PRUNED
709,709,33.333333333333336,2025-05-25 09:08:07.718428,2025-05-25 09:08:19.835270,0 days 00:00:12.116842,SGD,0.16466881663833471,,,,0.0001809677879225071,2.9797335871296937,False,28,,,,0.03679755024268184,PRUNED
710,710,35.416666666666664,2025-05-25 09:08:19.878451,2025-05-25 09:08:32.009672,0 days 00:00:12.131221,AdamW,0.1279310794108838,,,0.0001621449261865444,,,,27,,,0.0010056111326887853,,PRUNED
711,711,47.916666666666664,2025-05-25 09:08:32.051748,2025-05-25 09:08:44.245112,0 days 00:00:12.193364,AdamW,0.14024884201811436,,,0.0002592334885339831,,,,28,,,0.0008824617716848587,,PRUNED
712,712,54.166666666666664,2025-05-25 09:08:44.287892,2025-05-25 09:08:59.864741,0 days 00:00:15.576849,AdamW,0.14702775955657493,,,0.00015052702149849107,,,,28,,,0.0007617265878157435,,COMPLETE
713,713,35.416666666666664,2025-05-25 09:08:59.916293,2025-05-25 09:09:06.976043,0 days 00:00:07.059750,AdamW,0.15586707060062371,,,1.3340087131717361e-05,,,,26,,,0.004853466806931424,,PRUNED
714,714,43.75,2025-05-25 09:09:07.018508,2025-05-25 09:09:19.196354,0 days 00:00:12.177846,AdamW,0.11835321399926696,,,0.00013821850424838205,,,,29,,,0.0008286637176367729,,PRUNED
715,715,66.66666666666667,2025-05-25 09:09:19.238259,2025-05-25 09:09:31.409043,0 days 00:00:12.170784,AdamW,0.1442979328325665,,,0.00015272628953200303,,,,28,,,0.000992726388800667,,COMPLETE
716,716,39.583333333333336,2025-05-25 09:09:31.467489,2025-05-25 09:09:43.546649,0 days 00:00:12.079160,AdamW,0.13015664855368278,,,0.00018919786896712677,,,,27,,,0.00012063618804808752,,PRUNED
717,717,33.333333333333336,2025-05-25 09:09:43.590680,2025-05-25 09:09:55.818823,0 days 00:00:12.228143,AdamW,0.17049041825709793,,,0.00030516353927203925,,,,28,,,0.001019073030235321,,PRUNED
718,718,45.833333333333336,2025-05-25 09:09:55.861057,2025-05-25 09:10:07.967465,0 days 00:00:12.106408,AdamW,0.15867121489235445,,,0.00015507432655701697,,,,26,,,0.0010921576491866776,,PRUNED
719,719,33.333333333333336,2025-05-25 09:10:08.009533,2025-05-25 09:10:20.096458,0 days 00:00:12.086925,Adam,0.1418903201471527,,0.0008736366494796518,,,,,27,,0.021870915702107866,,,PRUNED
720,720,64.58333333333333,2025-05-25 09:10:20.138315,2025-05-25 09:10:38.011516,0 days 00:00:17.873201,AdamW,0.1516534845238311,,,0.00017472207834992522,,,,28,,,0.0005221877659386502,,COMPLETE
721,721,50.0,2025-05-25 09:10:38.071605,2025-05-25 09:10:50.160335,0 days 00:00:12.088730,AdamW,0.1413179933352271,,,0.00024170296190512077,,,,28,,,0.0004164315963805075,,PRUNED
722,722,50.0,2025-05-25 09:10:50.202836,2025-05-25 09:11:02.410941,0 days 00:00:12.208105,AdamW,0.17117528495106854,,,0.00018523237242383682,,,,28,,,0.0005731954566868883,,PRUNED
723,723,43.75,2025-05-25 09:11:02.453498,2025-05-25 09:11:14.570595,0 days 00:00:12.117097,AdamW,0.16014455447695886,,,0.00019736113449396765,,,,27,,,0.0005121233688832118,,PRUNED
724,724,39.583333333333336,2025-05-25 09:11:14.613128,2025-05-25 09:11:26.802520,0 days 00:00:12.189392,AdamW,0.15426597140876247,,,0.00018145480219226598,,,,28,,,0.0005873948632578019,,PRUNED
725,725,66.66666666666667,2025-05-25 09:11:26.846825,2025-05-25 09:11:44.666342,0 days 00:00:17.819517,AdamW,0.1424136092677199,,,0.0003132893482451358,,,,27,,,0.0002587919426339559,,COMPLETE
726,726,35.416666666666664,2025-05-25 09:11:44.726510,2025-05-25 09:11:56.868293,0 days 00:00:12.141783,AdamW,0.14160135714893823,,,0.0003113382937796972,,,,27,,,0.00017350872270822693,,PRUNED
727,727,62.5,2025-05-25 09:11:56.911335,2025-05-25 09:12:14.762402,0 days 00:00:17.851067,AdamW,0.15475162812864118,,,0.0004204485401602004,,,,27,,,0.00023859266724570054,,COMPLETE
728,728,54.166666666666664,2025-05-25 09:12:14.822261,2025-05-25 09:12:26.985777,0 days 00:00:12.163516,AdamW,0.15736138367672847,,,0.0005366599088785228,,,,28,,,0.00021627268793447465,,PRUNED
729,729,33.333333333333336,2025-05-25 09:12:27.029041,2025-05-25 09:12:39.167876,0 days 00:00:12.138835,AdamW,0.17425076652183868,,,0.00041734942680105974,,,,28,,,0.0001889985201002073,,PRUNED
730,730,39.583333333333336,2025-05-25 09:12:39.210403,2025-05-25 09:12:51.368488,0 days 00:00:12.158085,AdamW,0.14854871883857254,,,0.0003341866179715681,,,,27,,,0.00032635156997338886,,PRUNED
731,731,33.333333333333336,2025-05-25 09:12:51.412386,2025-05-25 09:13:03.634573,0 days 00:00:12.222187,Adadelta,0.1502831635227862,53.45621520871191,,,,,,27,0.01764647831872561,,,,PRUNED
732,732,47.916666666666664,2025-05-25 09:13:03.677398,2025-05-25 09:13:15.885616,0 days 00:00:12.208218,AdamW,0.13525417376671406,,,0.0002096354103928266,,,,28,,,0.0003655352258714934,,PRUNED
733,733,52.083333333333336,2025-05-25 09:13:15.928465,2025-05-25 09:13:28.079022,0 days 00:00:12.150557,AdamW,0.16982347788897206,,,0.0006671589062793009,,,,27,,,0.00022543826448223842,,PRUNED
734,734,,2025-05-25 09:13:28.121796,2025-05-25 09:13:39.509960,0 days 00:00:11.388164,SGD,0.16547281418469797,,,,0.0007035296740355901,46.48787595079056,True,28,,,,21.40017219693311,PRUNED
735,735,33.333333333333336,2025-05-25 09:13:39.552366,2025-05-25 09:13:51.783097,0 days 00:00:12.230731,AdamW,0.14301294718334745,,,0.00046151394508931105,,,,28,,,0.000272778213656537,,PRUNED
736,736,52.083333333333336,2025-05-25 09:13:51.826016,2025-05-25 09:14:03.950419,0 days 00:00:12.124403,AdamW,0.15762884380347628,,,0.0003674969705445752,,,,27,,,0.00017074639833270256,,PRUNED
737,737,31.25,2025-05-25 09:14:03.993137,2025-05-25 09:14:16.178470,0 days 00:00:12.185333,AdamW,0.12958303348218567,,,0.00028117976048208876,,,,16,,,0.0002586474852655803,,PRUNED
738,738,50.0,2025-05-25 09:14:16.419703,2025-05-25 09:14:22.609525,0 days 00:00:06.189822,AdamW,0.14712859425280986,,,0.00022695967989828892,,,,28,,,0.000195089561222284,,PRUNED
739,739,47.916666666666664,2025-05-25 09:14:22.639982,2025-05-25 09:14:33.894111,0 days 00:00:11.254129,AdamW,0.13135024517025676,,,0.00027976367841000166,,,,27,,,0.0003192738976748163,,PRUNED
740,740,33.333333333333336,2025-05-25 09:14:33.936551,2025-05-25 09:14:45.217205,0 days 00:00:11.280654,AdamW,0.14872402288167916,,,0.0003956801775301308,,,,15,,,0.00025066716562452434,,PRUNED
741,741,41.666666666666664,2025-05-25 09:14:45.256939,2025-05-25 09:14:51.203168,0 days 00:00:05.946229,AdamW,0.18386995972358308,,,0.00033908814652409313,,,,29,,,0.00045692468826054436,,PRUNED
742,742,33.333333333333336,2025-05-25 09:14:51.233636,2025-05-25 09:14:59.236219,0 days 00:00:08.002583,AdamW,0.16247770241287052,,,0.00023921257675230375,,,,27,,,0.00014797314838786382,,PRUNED
743,743,47.916666666666664,2025-05-25 09:14:59.278630,2025-05-25 09:15:11.598825,0 days 00:00:12.320195,AdamW,0.1365457691006423,,,0.0002636369504616925,,,,28,,,0.00013781806561148359,,PRUNED
744,744,33.333333333333336,2025-05-25 09:15:11.640124,2025-05-25 09:15:23.844216,0 days 00:00:12.204092,AdamW,0.11775806061893077,,,0.00015744916571337788,,,,4,,,0.0005474311318516467,,PRUNED
745,745,33.333333333333336,2025-05-25 09:15:23.886765,2025-05-25 09:15:36.085626,0 days 00:00:12.198861,Adam,0.13727322077373283,,0.013770052800014735,,,,,29,,1.3060330977382295,,,PRUNED
746,746,43.75,2025-05-25 09:15:36.128088,2025-05-25 09:15:48.182232,0 days 00:00:12.054144,AdamW,0.15601606163683085,,,0.0002407986667224677,,,,27,,,0.00013030165225832814,,PRUNED
747,747,33.333333333333336,2025-05-25 09:15:48.225126,2025-05-25 09:16:00.449614,0 days 00:00:12.224488,AdamW,0.12940880928719423,,,0.0004518817832707709,,,,29,,,0.0005139025553567908,,PRUNED
748,748,52.083333333333336,2025-05-25 09:16:00.492174,2025-05-25 09:16:12.528504,0 days 00:00:12.036330,AdamW,0.1446173680403354,,,0.0009341303736010508,,,,28,,,0.0002575129863896528,,PRUNED
749,749,54.166666666666664,2025-05-25 09:16:12.572678,2025-05-25 09:16:24.691909,0 days 00:00:12.119231,AdamW,0.15855959380265472,,,0.00031836737526183366,,,,28,,,0.00020385048422585995,,PRUNED
750,750,54.166666666666664,2025-05-25 09:16:24.737539,2025-05-25 09:16:36.819172,0 days 00:00:12.081633,AdamW,0.1807912959445629,,,0.00017542832649627597,,,,29,,,0.00015612446485100879,,PRUNED
751,751,45.833333333333336,2025-05-25 09:16:36.861677,2025-05-25 09:16:48.892562,0 days 00:00:12.030885,AdamW,0.11989086867980384,,,0.0001413799489388563,,,,27,,,0.000295478502557602,,PRUNED
752,752,33.333333333333336,2025-05-25 09:16:48.937831,2025-05-25 09:17:01.132332,0 days 00:00:12.194501,AdamW,0.1387269080337397,,,0.00018979249663274547,,,,28,,,0.00010544387043783603,,PRUNED
753,753,33.333333333333336,2025-05-25 09:17:01.176577,2025-05-25 09:17:13.229524,0 days 00:00:12.052947,AdamW,0.12490915120090036,,,0.021580844643259482,,,,26,,,0.00038516450535653983,,PRUNED
754,754,37.5,2025-05-25 09:17:13.271934,2025-05-25 09:17:25.443138,0 days 00:00:12.171204,AdamW,0.15306342665149672,,,0.00022060761584458653,,,,27,,,0.0006427602675906017,,PRUNED
755,755,22.916666666666668,2025-05-25 09:17:25.485549,2025-05-25 09:17:37.559982,0 days 00:00:12.074433,Adadelta,0.11258194439297993,2.473051960703544,,,,,,29,29.410794932980433,,,,PRUNED
756,756,47.916666666666664,2025-05-25 09:17:37.605029,2025-05-25 09:17:49.668963,0 days 00:00:12.063934,AdamW,0.16658186869183583,,,0.00206124148017834,,,,28,,,0.0001110730955654162,,PRUNED
757,757,39.583333333333336,2025-05-25 09:17:49.712037,2025-05-25 09:18:01.800005,0 days 00:00:12.087968,AdamW,0.14295610196115793,,,0.000158010972961284,,,,29,,,0.0004788342867096059,,PRUNED
758,758,37.5,2025-05-25 09:18:01.842469,2025-05-25 09:18:13.927535,0 days 00:00:12.085066,AdamW,0.12544480079686543,,,2.1716224879541163e-05,,,,26,,,0.003803945374049249,,PRUNED
759,759,,2025-05-25 09:18:13.970339,2025-05-25 09:18:25.524519,0 days 00:00:11.554180,SGD,0.15498708547799728,,,,1.0003966242018924e-05,60.69197797593446,False,27,,,,0.023366706104668202,PRUNED
760,760,41.666666666666664,2025-05-25 09:18:25.570154,2025-05-25 09:18:37.718233,0 days 00:00:12.148079,AdamW,0.14999276999776698,,,1.7334363280112908e-05,,,,19,,,0.0002347844271622567,,PRUNED
761,761,47.916666666666664,2025-05-25 09:18:37.760983,2025-05-25 09:18:49.877710,0 days 00:00:12.116727,AdamW,0.17504940016562587,,,0.00020459272835476574,,,,28,,,0.0006808635680355754,,PRUNED
762,762,33.333333333333336,2025-05-25 09:18:49.920415,2025-05-25 09:19:02.023179,0 days 00:00:12.102764,AdamW,0.13255355331520197,,,0.00026875469707802297,,,,29,,,0.0005538203053019377,,PRUNED
763,763,52.083333333333336,2025-05-25 09:19:02.065972,2025-05-25 09:19:14.199063,0 days 00:00:12.133091,AdamW,0.13822037028258327,,,0.00013288275611106202,,,,27,,,0.0001336988654580169,,PRUNED
764,764,37.5,2025-05-25 09:19:14.242684,2025-05-25 09:19:26.351079,0 days 00:00:12.108395,AdamW,0.1609203686734941,,,0.00015938710963664182,,,,29,,,0.00012112405769108233,,PRUNED
765,765,35.416666666666664,2025-05-25 09:19:26.394597,2025-05-25 09:19:38.536209,0 days 00:00:12.141612,AdamW,0.1451829146062155,,,0.000793097128897029,,,,28,,,0.00016015904399368578,,PRUNED
766,766,47.916666666666664,2025-05-25 09:19:38.579066,2025-05-25 09:19:45.784203,0 days 00:00:07.205137,AdamW,0.11875213967702199,,,0.00013184150430238338,,,,27,,,0.0006940440542112003,,PRUNED
767,767,35.416666666666664,2025-05-25 09:19:45.813539,2025-05-25 09:19:57.420875,0 days 00:00:11.607336,AdamW,0.12957147956380954,,,0.0001870129376638991,,,,29,,,0.0003051002681594373,,PRUNED
768,768,50.0,2025-05-25 09:19:57.463165,2025-05-25 09:20:08.042209,0 days 00:00:10.579044,AdamW,0.18892776702627578,,,3.1357074495663285e-05,,,,28,,,0.0003508503312329134,,PRUNED
769,769,37.5,2025-05-25 09:20:08.071622,2025-05-25 09:20:13.683448,0 days 00:00:05.611826,AdamW,0.1650930870653091,,,0.0002989391643007362,,,,27,,,0.0007323724655049498,,PRUNED
770,770,35.416666666666664,2025-05-25 09:20:13.725419,2025-05-25 09:20:25.986142,0 days 00:00:12.260723,Adam,0.14598093316366512,,3.932264474012686e-05,,,,,18,,54.34145305411152,,,PRUNED
771,771,39.583333333333336,2025-05-25 09:20:26.028015,2025-05-25 09:20:38.078682,0 days 00:00:12.050667,AdamW,0.10689595799191631,,,0.00012441135705080388,,,,28,,,0.0006379171395779669,,PRUNED
772,772,47.916666666666664,2025-05-25 09:20:38.120581,2025-05-25 09:20:50.238612,0 days 00:00:12.118031,AdamW,0.13452093635138287,,,3.921862390713429e-05,,,,29,,,0.00018387262771256538,,PRUNED
773,773,41.666666666666664,2025-05-25 09:20:50.280498,2025-05-25 09:21:02.393641,0 days 00:00:12.113143,AdamW,0.1547818050196428,,,0.0001460154455498129,,,,26,,,0.0007683151244598967,,PRUNED
774,774,47.916666666666664,2025-05-25 09:21:02.436179,2025-05-25 09:21:14.558547,0 days 00:00:12.122368,AdamW,0.1259063838406718,,,0.0004895239271940358,,,,26,,,0.0006104897932612575,,PRUNED
775,775,33.333333333333336,2025-05-25 09:21:14.601396,2025-05-25 09:21:26.736157,0 days 00:00:12.134761,AdamW,0.1488711677884933,,,0.00022629041199223753,,,,20,,,0.0008789216098216057,,PRUNED
776,776,52.083333333333336,2025-05-25 09:21:26.779456,2025-05-25 09:21:39.002085,0 days 00:00:12.222629,AdamW,0.10702938702883863,,,0.000178036296603657,,,,28,,,0.0009322253758103157,,PRUNED
777,777,47.916666666666664,2025-05-25 09:21:39.045110,2025-05-25 09:21:51.092930,0 days 00:00:12.047820,AdamW,0.13902030435008444,,,2.565620390957474e-05,,,,28,,,0.00555885052539573,,PRUNED
778,778,41.666666666666664,2025-05-25 09:21:51.135822,2025-05-25 09:22:03.497278,0 days 00:00:12.361456,AdamW,0.17193991113215273,,,0.000352279177336501,,,,27,,,0.0007317502240949021,,PRUNED
779,779,33.333333333333336,2025-05-25 09:22:03.544518,2025-05-25 09:22:15.636656,0 days 00:00:12.092138,Adadelta,0.1173114867985986,0.4183445170410329,,,,,,29,0.0847172650769881,,,,PRUNED
780,780,50.0,2025-05-25 09:22:15.679724,2025-05-25 09:22:27.930359,0 days 00:00:12.250635,AdamW,0.15932493397603098,,,0.00015599625581410383,,,,27,,,0.0008528516771932179,,PRUNED
781,781,37.5,2025-05-25 09:22:27.974195,2025-05-25 09:22:40.109275,0 days 00:00:12.135080,AdamW,0.1408329617800035,,,0.00012019313448994482,,,,2,,,0.00040990222884702257,,PRUNED
782,782,35.416666666666664,2025-05-25 09:22:40.152617,2025-05-25 09:22:52.409680,0 days 00:00:12.257063,AdamW,0.1313550670965118,,,0.0002562297713328949,,,,12,,,0.0009754197620681122,,PRUNED
783,783,54.166666666666664,2025-05-25 09:22:52.452257,2025-05-25 09:23:04.490396,0 days 00:00:12.038139,AdamW,0.1509383021758656,,,3.6545697375578065e-05,,,,29,,,0.00021182574706603448,,PRUNED
784,784,,2025-05-25 09:23:04.534545,2025-05-25 09:23:15.923960,0 days 00:00:11.389415,SGD,0.16388302913879402,,,,0.0019531886331163035,28.931968553237844,True,27,,,,0.22970498890109867,PRUNED
785,785,45.833333333333336,2025-05-25 09:23:15.969332,2025-05-25 09:23:28.154930,0 days 00:00:12.185598,AdamW,0.14612109820951974,,,4.626344460256474e-05,,,,26,,,0.0006588566537542465,,PRUNED
786,786,39.583333333333336,2025-05-25 09:23:28.197581,2025-05-25 09:23:40.286738,0 days 00:00:12.089157,AdamW,0.10950717820868837,,,0.00012197290341518636,,,,9,,,0.0007987499461487407,,PRUNED
787,787,37.5,2025-05-25 09:23:40.330193,2025-05-25 09:23:52.567932,0 days 00:00:12.237739,AdamW,0.12767157679113816,,,0.00018847011101736567,,,,28,,,0.00016321580160830933,,PRUNED
788,788,45.833333333333336,2025-05-25 09:23:52.611229,2025-05-25 09:24:04.685900,0 days 00:00:12.074671,AdamW,0.14437281958105583,,,1.852229537415081e-05,,,,21,,,0.00013846514197809806,,PRUNED
789,789,52.083333333333336,2025-05-25 09:24:04.729836,2025-05-25 09:24:16.891395,0 days 00:00:12.161559,AdamW,0.3415002636665916,,,0.00015504810289744748,,,,28,,,0.0004913976571995784,,PRUNED
790,790,60.416666666666664,2025-05-25 09:24:16.934232,2025-05-25 09:24:34.718020,0 days 00:00:17.783788,AdamW,0.39809171945076954,,,0.00011598717734808911,,,,28,,,0.008344691790860765,,COMPLETE
791,791,33.333333333333336,2025-05-25 09:24:34.778849,2025-05-25 09:24:46.816774,0 days 00:00:12.037925,AdamW,0.09662094607023594,,,0.00022950437654572454,,,,29,,,0.0010086181444792371,,PRUNED
792,792,52.083333333333336,2025-05-25 09:24:46.859587,2025-05-25 09:24:59.022860,0 days 00:00:12.163273,AdamW,0.137331742675523,,,1.4686668734555515e-05,,,,27,,,0.0005911731850351202,,PRUNED
793,793,45.833333333333336,2025-05-25 09:24:59.066472,2025-05-25 09:25:06.134883,0 days 00:00:07.068411,AdamW,0.1769905441515033,,,2.2712056026823746e-05,,,,29,,,0.009270909430080548,,PRUNED
794,794,43.75,2025-05-25 09:25:06.177571,2025-05-25 09:25:18.247445,0 days 00:00:12.069874,AdamW,0.12026979901367751,,,0.0001378042583444814,,,,26,,,0.0008166524103370118,,PRUNED
795,795,33.333333333333336,2025-05-25 09:25:18.292246,2025-05-25 09:25:29.486659,0 days 00:00:11.194413,Adam,0.1616562078418527,,0.003639957619315553,,,,,19,,0.08408792487761654,,,PRUNED
796,796,60.416666666666664,2025-05-25 09:25:29.524898,2025-05-25 09:25:39.716835,0 days 00:00:10.191937,AdamW,0.13713220145124047,,,5.3194078684387625e-05,,,,28,,,0.00643138031429984,,COMPLETE
797,797,37.5,2025-05-25 09:25:39.776640,2025-05-25 09:25:52.097157,0 days 00:00:12.320517,AdamW,0.15299666412526577,,,0.0001695304656381431,,,,29,,,0.0008994605417434535,,PRUNED
798,798,33.333333333333336,2025-05-25 09:25:52.140739,2025-05-25 09:26:04.242192,0 days 00:00:12.101453,AdamW,0.13078020108654187,,,0.00010413214787513796,,,,14,,,0.0007065296342974905,,PRUNED
799,799,37.5,2025-05-25 09:26:04.285817,2025-05-25 09:26:16.444962,0 days 00:00:12.159145,AdamW,0.12167480236679497,,,3.0811204753550046e-05,,,,27,,,0.0010920081500299461,,PRUNED
800,800,50.0,2025-05-25 09:26:16.490013,2025-05-25 09:26:28.637795,0 days 00:00:12.147782,AdamW,0.27300316503457284,,,4.771132377113198e-05,,,,26,,,0.0009815297505275408,,PRUNED
801,801,39.583333333333336,2025-05-25 09:26:28.680804,2025-05-25 09:26:40.769014,0 days 00:00:12.088210,AdamW,0.1552490039799616,,,0.0011903993141312186,,,,29,,,0.0007596734907817545,,PRUNED
802,802,45.833333333333336,2025-05-25 09:26:40.812757,2025-05-25 09:26:52.965779,0 days 00:00:12.153022,AdamW,0.17218613043027203,,,0.0001273563985537808,,,,28,,,0.00024074653034636555,,PRUNED
803,803,47.916666666666664,2025-05-25 09:26:53.008961,2025-05-25 09:27:05.062425,0 days 00:00:12.053464,AdamW,0.26366454323900423,,,0.00020347505370289142,,,,27,,,0.00011753544454421606,,PRUNED
804,804,41.666666666666664,2025-05-25 09:27:05.108235,2025-05-25 09:27:17.238701,0 days 00:00:12.130466,AdamW,0.14869400105336195,,,3.944316971084185e-05,,,,29,,,0.0008585599801729072,,PRUNED
805,805,62.5,2025-05-25 09:27:17.281437,2025-05-25 09:27:35.406974,0 days 00:00:18.125537,Adadelta,0.11246852711199068,0.1422118309671998,,,,,,28,0.011009185930140603,,,,COMPLETE
806,806,29.166666666666668,2025-05-25 09:27:35.466995,2025-05-25 09:27:47.633387,0 days 00:00:12.166392,Adadelta,0.11147840090137735,1.1686535536777236,,,,,,22,0.03223231349160656,,,,PRUNED
807,807,33.333333333333336,2025-05-25 09:27:47.676117,2025-05-25 09:27:59.866603,0 days 00:00:12.190486,Adadelta,0.09542400712033088,0.15447813700929894,,,,,,6,0.175725517202318,,,,PRUNED
808,808,33.333333333333336,2025-05-25 09:27:59.909539,2025-05-25 09:28:12.121951,0 days 00:00:12.212412,Adadelta,0.10134827326346871,0.024355164678590294,,,,,,27,0.08300819192267951,,,,PRUNED
809,809,47.916666666666664,2025-05-25 09:28:12.165115,2025-05-25 09:28:24.336150,0 days 00:00:12.171035,Adadelta,0.11206361284069924,0.2727516882170279,,,,,,27,0.05103919286634263,,,,PRUNED
810,810,50.0,2025-05-25 09:28:24.379511,2025-05-25 09:28:36.510591,0 days 00:00:12.131080,Adadelta,0.10919847411287605,0.043878529584350505,,,,,,26,0.01298861431152125,,,,PRUNED
811,811,33.333333333333336,2025-05-25 09:28:36.554859,2025-05-25 09:28:48.647858,0 days 00:00:12.092999,Adadelta,0.12604178858836793,0.7796364250397901,,,,,,28,0.010376101747425648,,,,PRUNED
812,812,56.25,2025-05-25 09:28:48.691378,2025-05-25 09:29:06.731756,0 days 00:00:18.040378,Adadelta,0.12270058965478034,0.11560310245452614,,,,,,28,0.025872476963260983,,,,COMPLETE
813,813,33.333333333333336,2025-05-25 09:29:06.793009,2025-05-25 09:29:19.110641,0 days 00:00:12.317632,Adadelta,0.10377039437038646,1.578519424926414,,,,,,17,0.5026645512623492,,,,PRUNED
814,814,33.333333333333336,2025-05-25 09:29:19.154510,2025-05-25 09:29:31.331196,0 days 00:00:12.176686,Adadelta,0.09227557043784262,3.551601067828491,,,,,,26,3.815104623520441,,,,PRUNED
815,815,35.416666666666664,2025-05-25 09:29:31.374173,2025-05-25 09:29:43.565493,0 days 00:00:12.191320,Adadelta,0.13394830692827464,0.29263307582594994,,,,,,27,0.12224800422405267,,,,PRUNED
816,816,33.333333333333336,2025-05-25 09:29:43.609674,2025-05-25 09:29:55.808717,0 days 00:00:12.199043,Adadelta,0.12385102731376407,0.17495332498913904,,,,,,3,0.7292947273189522,,,,PRUNED
817,817,,2025-05-25 09:29:55.852459,2025-05-25 09:30:07.393511,0 days 00:00:11.541052,SGD,0.14085489720624778,,,,9.682426749607249e-05,37.71790139747735,False,28,,,,4.514202102788987,PRUNED
818,818,35.416666666666664,2025-05-25 09:30:07.437472,2025-05-25 09:30:19.465239,0 days 00:00:12.027767,AdamW,0.11233194291165974,,,0.0003860931989161264,,,,28,,,0.00010220241930534756,,PRUNED
819,819,25.0,2025-05-25 09:30:19.507616,2025-05-25 09:30:26.549371,0 days 00:00:07.041755,Adadelta,0.11706928264608027,71.75006306599464,,,,,,27,0.05331958775433246,,,,PRUNED
820,820,50.0,2025-05-25 09:30:26.591768,2025-05-25 09:30:38.670153,0 days 00:00:12.078385,AdamW,0.13149240385818042,,,1.1519875916140549e-05,,,,16,,,0.001101247799048335,,PRUNED
821,821,33.333333333333336,2025-05-25 09:30:38.713209,2025-05-25 09:30:47.772900,0 days 00:00:09.059691,Adadelta,0.22543315415769377,0.7290885144291149,,,,,,27,0.2988212788245448,,,,PRUNED
822,822,35.416666666666664,2025-05-25 09:30:47.802226,2025-05-25 09:30:52.353214,0 days 00:00:04.550988,Adadelta,0.14404167334566184,0.019571542944325317,,,,,,28,6.396683155674953,,,,PRUNED
823,823,33.333333333333336,2025-05-25 09:30:52.384954,2025-05-25 09:30:57.437536,0 days 00:00:05.052582,Adadelta,0.09966364361026427,0.06564585470886543,,,,,,28,1.062204059751706,,,,PRUNED
824,824,43.75,2025-05-25 09:30:57.479930,2025-05-25 09:31:09.516277,0 days 00:00:12.036347,Adam,0.12015744446866171,,8.326834864282363e-05,,,,,26,,6.391990496550688,,,PRUNED
825,825,41.666666666666664,2025-05-25 09:31:09.559325,2025-05-25 09:31:21.863758,0 days 00:00:12.304433,AdamW,0.20347722509349353,,,0.00020342422879726326,,,,30,,,0.00014543409267112395,,PRUNED
826,826,56.25,2025-05-25 09:31:21.908570,2025-05-25 09:31:39.578185,0 days 00:00:17.669615,AdamW,0.16719117902421518,,,0.0002606427770489169,,,,29,,,0.00032972122840976495,,COMPLETE
827,827,47.916666666666664,2025-05-25 09:31:39.638640,2025-05-25 09:31:51.775813,0 days 00:00:12.137173,AdamW,0.1548724882449483,,,0.00014395503477551051,,,,27,,,0.003667986813501845,,PRUNED
828,828,41.666666666666664,2025-05-25 09:31:51.818699,2025-05-25 09:32:04.019532,0 days 00:00:12.200833,AdamW,0.13844295264472162,,,0.00011024669920433114,,,,28,,,0.00027181377704345376,,PRUNED
829,829,56.25,2025-05-25 09:32:04.063593,2025-05-25 09:32:21.971672,0 days 00:00:17.908079,AdamW,0.13275635412330128,,,0.00017135744758056445,,,,21,,,0.0009465084218515249,,COMPLETE
830,830,35.416666666666664,2025-05-25 09:32:22.031889,2025-05-25 09:32:34.131600,0 days 00:00:12.099711,Adadelta,0.1814718031149866,0.04594607159356708,,,,,,29,2.056966077800337,,,,PRUNED
831,831,41.666666666666664,2025-05-25 09:32:34.175219,2025-05-25 09:32:46.360245,0 days 00:00:12.185026,AdamW,0.0889234922239189,,,0.0005882778617820217,,,,19,,,0.0011412202944739314,,PRUNED
832,832,,2025-05-25 09:32:46.404789,2025-05-25 09:32:57.746106,0 days 00:00:11.341317,SGD,0.43454298271952246,,,,0.05238184905895049,18.51431850200443,False,26,,,,6.510212593450043,PRUNED
833,833,35.416666666666664,2025-05-25 09:32:57.788873,2025-05-25 09:33:09.924493,0 days 00:00:12.135620,AdamW,0.12457179056568733,,,1.0086710866767153e-05,,,,30,,,0.0010189324957157065,,PRUNED
834,834,33.333333333333336,2025-05-25 09:33:09.967739,2025-05-25 09:33:22.073461,0 days 00:00:12.105722,AdamW,0.15500254345781334,,,0.0003133961945389338,,,,27,,,0.0009094359179377375,,PRUNED
835,835,39.583333333333336,2025-05-25 09:33:22.117127,2025-05-25 09:33:34.239904,0 days 00:00:12.122777,AdamW,0.14409254020969023,,,0.0038402575198516298,,,,29,,,0.000805735131797273,,PRUNED
836,836,45.833333333333336,2025-05-25 09:33:34.283036,2025-05-25 09:33:46.328704,0 days 00:00:12.045668,AdamW,0.19350396456478625,,,0.00014307657586510176,,,,28,,,0.0011717811937569107,,PRUNED
837,837,50.0,2025-05-25 09:33:46.371157,2025-05-25 09:33:58.506574,0 days 00:00:12.135417,AdamW,0.41300732579657684,,,0.00010562623149411081,,,,27,,,0.0031175580696662657,,PRUNED
838,838,47.916666666666664,2025-05-25 09:33:58.550963,2025-05-25 09:34:10.754688,0 days 00:00:12.203725,AdamW,0.10383980452802716,,,0.00016659053113352078,,,,18,,,0.0009708178665942548,,PRUNED
839,839,47.916666666666664,2025-05-25 09:34:10.797491,2025-05-25 09:34:22.952279,0 days 00:00:12.154788,AdamW,0.3861529944403422,,,2.4749471560689127e-05,,,,29,,,0.00441752993760801,,PRUNED
840,840,31.25,2025-05-25 09:34:22.995354,2025-05-25 09:34:35.196226,0 days 00:00:12.200872,AdamW,0.16091600771153733,,,0.00023590688731499635,,,,10,,,0.00019150180786205073,,PRUNED
841,841,54.166666666666664,2025-05-25 09:34:35.239622,2025-05-25 09:34:47.342773,0 days 00:00:12.103151,AdamW,0.23690424564569146,,,0.00012138129965739166,,,,26,,,0.001607460143033332,,PRUNED
842,842,47.916666666666664,2025-05-25 09:34:47.386074,2025-05-25 09:34:59.665494,0 days 00:00:12.279420,AdamW,0.14953187657353859,,,1.806325351383137e-05,,,,0,,,0.0008563041567757837,,PRUNED
843,843,52.083333333333336,2025-05-25 09:34:59.710258,2025-05-25 09:35:11.792735,0 days 00:00:12.082477,AdamW,0.11597603054283975,,,9.468102357310992e-05,,,,27,,,0.0010038646253714893,,PRUNED
844,844,47.916666666666664,2025-05-25 09:35:11.836807,2025-05-25 09:35:23.985504,0 days 00:00:12.148697,Adam,0.0002823160326309017,,0.0001691322720069789,,,,,22,,0.24531957448874167,,,PRUNED
845,845,45.833333333333336,2025-05-25 09:35:24.029222,2025-05-25 09:35:36.100944,0 days 00:00:12.071722,AdamW,0.1302669644349035,,,0.00019576226396763436,,,,30,,,0.0010456548672963075,,PRUNED
846,846,39.583333333333336,2025-05-25 09:35:36.144329,2025-05-25 09:35:46.360336,0 days 00:00:10.216007,Adadelta,0.08413218183885415,0.4042043243443805,,,,,,28,0.18151304739374013,,,,PRUNED
847,847,45.833333333333336,2025-05-25 09:35:46.390024,2025-05-25 09:35:52.964872,0 days 00:00:06.574848,AdamW,0.14442840894676542,,,0.0001376207390966835,,,,27,,,0.004979463967378679,,PRUNED
848,848,33.333333333333336,2025-05-25 09:35:53.009559,2025-05-25 09:36:05.103622,0 days 00:00:12.094063,AdamW,0.4617843198403278,,,8.621653968875262e-05,,,,20,,,0.0009178203031528252,,PRUNED
849,849,33.333333333333336,2025-05-25 09:36:05.148517,2025-05-25 09:36:11.611722,0 days 00:00:06.463205,AdamW,0.16871361063132662,,,0.0002917325965062444,,,,13,,,0.000808119784002042,,PRUNED
850,850,45.833333333333336,2025-05-25 09:36:11.642083,2025-05-25 09:36:15.988867,0 days 00:00:04.346784,AdamW,0.008655703069358575,,,0.00010949566901573129,,,,28,,,0.001111466334715018,,PRUNED
851,851,41.666666666666664,2025-05-25 09:36:16.018633,2025-05-25 09:36:22.940686,0 days 00:00:06.922053,AdamW,0.13594330106073288,,,0.00015931612581791642,,,,29,,,0.0008946872683712132,,PRUNED
852,852,52.083333333333336,2025-05-25 09:36:22.984978,2025-05-25 09:36:35.091499,0 days 00:00:12.106521,AdamW,0.16076994417318635,,,6.366680128009853e-05,,,,28,,,0.0004462859119691021,,PRUNED
853,853,39.583333333333336,2025-05-25 09:36:35.134559,2025-05-25 09:36:47.201382,0 days 00:00:12.066823,AdamW,0.0004870977925411253,,,1.4530536616902724e-05,,,,26,,,0.0001271816119039002,,PRUNED
854,854,39.583333333333336,2025-05-25 09:36:47.245039,2025-05-25 09:36:59.545808,0 days 00:00:12.300769,AdamW,0.11777305109846728,,,0.00022792938468719825,,,,17,,,0.0012697827250979549,,PRUNED
855,855,54.166666666666664,2025-05-25 09:36:59.589674,2025-05-25 09:37:11.791657,0 days 00:00:12.201983,AdamW,0.10649494627071675,,,0.00012539475012952393,,,,30,,,0.0007411597365034518,,PRUNED
856,856,52.083333333333336,2025-05-25 09:37:11.834677,2025-05-25 09:37:23.961931,0 days 00:00:12.127254,AdamW,0.015240866763501908,,,7.761859635851806e-05,,,,29,,,0.00016805116756680668,,PRUNED
857,857,,2025-05-25 09:37:24.006409,2025-05-25 09:37:36.134934,0 days 00:00:12.128525,SGD,0.14969230736984684,,,,0.0003082890689343231,6.299576040673941,True,27,,,,0.010555803146702807,PRUNED
858,858,45.833333333333336,2025-05-25 09:37:36.177823,2025-05-25 09:37:48.305939,0 days 00:00:12.128116,AdamW,0.09226992645581811,,,2.9564271421428946e-05,,,,8,,,0.0018588428828838182,,PRUNED
859,859,45.833333333333336,2025-05-25 09:37:48.350248,2025-05-25 09:38:00.633621,0 days 00:00:12.283373,AdamW,0.13992571515460067,,,9.685585556560459e-05,,,,28,,,0.0008776451029828016,,PRUNED
860,860,29.166666666666668,2025-05-25 09:38:00.677435,2025-05-25 09:38:12.982267,0 days 00:00:12.304832,Adadelta,0.12431429937437039,14.807775991818223,,,,,,30,11.112751823863764,,,,PRUNED
861,861,45.833333333333336,2025-05-25 09:38:13.026128,2025-05-25 09:38:25.250229,0 days 00:00:12.224101,AdamW,0.018701401835298552,,,2.1747963608240784e-05,,,,28,,,0.00021367540927356944,,PRUNED
862,862,33.333333333333336,2025-05-25 09:38:25.294158,2025-05-25 09:38:37.346333,0 days 00:00:12.052175,AdamW,0.0001206048750286578,,,0.00019235369067431297,,,,26,,,0.0010072761549314846,,PRUNED
863,863,33.333333333333336,2025-05-25 09:38:37.389682,2025-05-25 09:38:49.560079,0 days 00:00:12.170397,AdamW,0.07927546259675486,,,0.08211347518505102,,,,29,,,0.00011316545908185722,,PRUNED
864,864,41.666666666666664,2025-05-25 09:38:49.604181,2025-05-25 09:39:01.725202,0 days 00:00:12.121021,AdamW,0.13337877597315478,,,0.00014826256805562348,,,,27,,,0.007006639458421501,,PRUNED
865,865,33.333333333333336,2025-05-25 09:39:01.768351,2025-05-25 09:39:13.883128,0 days 00:00:12.114777,AdamW,0.00816712273030217,,,0.0004472838881909596,,,,30,,,0.0007859769468856041,,PRUNED
866,866,43.75,2025-05-25 09:39:13.927274,2025-05-25 09:39:26.122659,0 days 00:00:12.195385,AdamW,0.1568294839928905,,,0.0001110195105370573,,,,29,,,0.0011527419025364918,,PRUNED
867,867,39.583333333333336,2025-05-25 09:39:26.174773,2025-05-25 09:39:38.289766,0 days 00:00:12.114993,AdamW,0.21671230936593736,,,8.434596107646248e-05,,,,15,,,0.0003847818963719572,,PRUNED
868,868,41.666666666666664,2025-05-25 09:39:38.334019,2025-05-25 09:39:50.525771,0 days 00:00:12.191752,AdamW,0.023717327187612172,,,6.319314958520095e-05,,,,28,,,0.0009454449799749166,,PRUNED
869,869,43.75,2025-05-25 09:39:50.569951,2025-05-25 09:40:02.771474,0 days 00:00:12.201523,AdamW,0.14922301387758274,,,0.00016344226675853163,,,,25,,,0.0008441794317646898,,PRUNED
870,870,45.833333333333336,2025-05-25 09:40:02.815027,2025-05-25 09:40:14.885337,0 days 00:00:12.070310,AdamW,0.49450928435744584,,,0.0003522556525740112,,,,27,,,0.0010742582467765855,,PRUNED
871,871,50.0,2025-05-25 09:40:14.929768,2025-05-25 09:40:27.091994,0 days 00:00:12.162226,AdamW,0.01146057187621726,,,0.0001268617658878132,,,,30,,,0.0006920874066362859,,PRUNED
872,872,33.333333333333336,2025-05-25 09:40:27.136012,2025-05-25 09:40:39.246458,0 days 00:00:12.110446,Adam,0.034907394363888136,,0.0013556899420171136,,,,,28,,21.225366707172547,,,PRUNED
873,873,33.333333333333336,2025-05-25 09:40:39.290501,2025-05-25 09:40:51.381351,0 days 00:00:12.090850,AdamW,0.16921326233581785,,,0.0007025798038296801,,,,29,,,0.00015104228917681202,,PRUNED
874,874,33.333333333333336,2025-05-25 09:40:51.426551,2025-05-25 09:41:03.652347,0 days 00:00:12.225796,Adadelta,0.11180573358752695,23.35319228639672,,,,,,27,0.01649839681904387,,,,PRUNED
875,875,43.75,2025-05-25 09:41:03.696187,2025-05-25 09:41:12.515637,0 days 00:00:08.819450,AdamW,0.2844852948163803,,,7.534344578154116e-05,,,,27,,,0.004060174877560022,,PRUNED
876,876,43.75,2025-05-25 09:41:12.558414,2025-05-25 09:41:24.675607,0 days 00:00:12.117193,AdamW,0.3512210153643641,,,0.00010068127891917319,,,,26,,,0.0033925161287896356,,PRUNED
877,877,33.333333333333336,2025-05-25 09:41:24.718722,2025-05-25 09:41:33.906238,0 days 00:00:09.187516,AdamW,0.1269847607645615,,,0.0002520794026185028,,,,28,,,0.0009534339121130833,,PRUNED
878,878,47.916666666666664,2025-05-25 09:41:33.935021,2025-05-25 09:41:38.351646,0 days 00:00:04.416625,AdamW,0.32458022394908037,,,5.785745362291e-05,,,,20,,,0.000807701685221105,,PRUNED
879,879,33.333333333333336,2025-05-25 09:41:38.387650,2025-05-25 09:41:49.721717,0 days 00:00:11.334067,AdamW,0.1395786004649734,,,0.001545889039359068,,,,30,,,0.0010170699728012625,,PRUNED
880,880,,2025-05-25 09:41:49.764722,2025-05-25 09:42:01.255144,0 days 00:00:11.490422,SGD,0.02240617697323504,,,,0.00752666412407366,74.07518209088018,True,29,,,,1.522778076317534,PRUNED
881,881,33.333333333333336,2025-05-25 09:42:01.297667,2025-05-25 09:42:13.390106,0 days 00:00:12.092439,AdamW,0.009210663484055193,,,0.00018190600311597817,,,,28,,,0.0014164466242813445,,PRUNED
882,882,33.333333333333336,2025-05-25 09:42:13.433389,2025-05-25 09:42:25.746620,0 days 00:00:12.313231,AdamW,0.0002465328503438678,,,0.0422693794661268,,,,5,,,0.0012367414648003694,,PRUNED
883,883,41.666666666666664,2025-05-25 09:42:25.791099,2025-05-25 09:42:37.866459,0 days 00:00:12.075360,AdamW,0.0386709306208647,,,4.243511773960804e-05,,,,26,,,0.0008757607992661564,,PRUNED
884,884,54.166666666666664,2025-05-25 09:42:37.910738,2025-05-25 09:42:56.029067,0 days 00:00:18.118329,AdamW,0.014753433054879406,,,0.0001400994099761681,,,,28,,,0.0007665786473642778,,COMPLETE
885,885,66.66666666666667,2025-05-25 09:42:56.091756,2025-05-25 09:43:13.765223,0 days 00:00:17.673467,AdamW,0.03121932877105114,,,9.331657114516812e-05,,,,29,,,0.0029764758707591134,,COMPLETE
886,886,37.5,2025-05-25 09:43:13.826513,2025-05-25 09:43:25.992168,0 days 00:00:12.165655,AdamW,0.04156421320387379,,,0.00011208258521913516,,,,27,,,0.0028009427311297018,,PRUNED
887,887,33.333333333333336,2025-05-25 09:43:26.035643,2025-05-25 09:43:38.203220,0 days 00:00:12.167577,Adadelta,0.30512919867726584,1.6848466272093554,,,,,,29,0.03974957162953112,,,,PRUNED
888,888,47.916666666666664,2025-05-25 09:43:38.246896,2025-05-25 09:43:50.303035,0 days 00:00:12.056139,AdamW,0.0956167738745571,,,8.733683550406058e-05,,,,29,,,0.002179808988035098,,PRUNED
889,889,47.916666666666664,2025-05-25 09:43:50.357591,2025-05-25 09:44:02.579802,0 days 00:00:12.222211,AdamW,0.05083498524642965,,,0.00012013932386168975,,,,26,,,0.002422790864204728,,PRUNED
890,890,50.0,2025-05-25 09:44:02.624416,2025-05-25 09:44:20.487464,0 days 00:00:17.863048,AdamW,0.02902782250881341,,,0.0001376983576690674,,,,21,,,0.0018255302568714114,,COMPLETE
891,891,43.75,2025-05-25 09:44:20.550220,2025-05-25 09:44:32.676109,0 days 00:00:12.125889,AdamW,0.07021889607042898,,,9.874917750450217e-05,,,,30,,,0.0029517527998153283,,PRUNED
892,892,33.333333333333336,2025-05-25 09:44:32.723197,2025-05-25 09:44:44.822322,0 days 00:00:12.099125,Adam,0.1770066108506428,,0.09505046123976953,,,,,28,,0.01613954921392629,,,PRUNED
893,893,37.5,2025-05-25 09:44:44.867238,2025-05-25 09:44:56.999335,0 days 00:00:12.132097,AdamW,0.15243968301710248,,,0.00010210722595849735,,,,30,,,0.002064050401242325,,PRUNED
894,894,33.333333333333336,2025-05-25 09:44:57.043639,2025-05-25 09:45:09.175482,0 days 00:00:12.131843,AdamW,0.13547469296174366,,,0.00020578818085578588,,,,18,,,0.002651986941684258,,PRUNED
895,895,54.166666666666664,2025-05-25 09:45:09.219121,2025-05-25 09:45:21.282385,0 days 00:00:12.063264,AdamW,0.14575444100807294,,,0.00016557002310823467,,,,27,,,0.0025793318801187203,,PRUNED
896,896,37.5,2025-05-25 09:45:21.325808,2025-05-25 09:45:33.548709,0 days 00:00:12.222901,AdamW,0.12208786409821944,,,1.6177862056814416e-05,,,,29,,,0.003017160322637664,,PRUNED
897,897,60.416666666666664,2025-05-25 09:45:33.593129,2025-05-25 09:45:51.402565,0 days 00:00:17.809436,AdamW,0.03636287210940459,,,8.675344398297803e-05,,,,28,,,0.0035769301366974115,,COMPLETE
898,898,41.666666666666664,2025-05-25 09:45:51.463828,2025-05-25 09:46:03.605894,0 days 00:00:12.142066,AdamW,0.16173640055895494,,,0.00012434985703101617,,,,25,,,0.0016606750878939867,,PRUNED
899,899,47.916666666666664,2025-05-25 09:46:03.649903,2025-05-25 09:46:15.783522,0 days 00:00:12.133619,AdamW,0.027812132835582003,,,0.00014252109342400898,,,,27,,,0.0017497534795383987,,PRUNED
900,900,33.333333333333336,2025-05-25 09:46:15.827338,2025-05-25 09:46:28.075983,0 days 00:00:12.248645,Adadelta,0.047073357833146125,3.744981609623938,,,,,,7,0.06610346687687926,,,,PRUNED
901,901,33.333333333333336,2025-05-25 09:46:28.120240,2025-05-25 09:46:32.488374,0 days 00:00:04.368134,AdamW,0.12981661283695412,,,0.00028326978430067616,,,,28,,,0.0033849591396969965,,PRUNED
902,902,43.75,2025-05-25 09:46:32.518181,2025-05-25 09:46:43.322627,0 days 00:00:10.804446,AdamW,0.10294146261061812,,,2.568612526378979e-05,,,,30,,,0.002038834003613338,,PRUNED
903,903,43.75,2025-05-25 09:46:43.366456,2025-05-25 09:46:55.155835,0 days 00:00:11.789379,AdamW,0.11241551783298773,,,0.00011276864559919321,,,,23,,,0.002452866513166782,,PRUNED
904,904,39.583333333333336,2025-05-25 09:46:55.195320,2025-05-25 09:46:59.564141,0 days 00:00:04.368821,AdamW,0.08462101144421008,,,7.564358418800679e-05,,,,26,,,0.0005291688434044819,,PRUNED
905,905,,2025-05-25 09:46:59.600859,2025-05-25 09:47:10.286994,0 days 00:00:10.686135,SGD,0.060436329909854467,,,,3.778237500413385e-05,98.79243014443719,False,29,,,,0.7157857025103944,PRUNED
906,906,39.583333333333336,2025-05-25 09:47:10.330628,2025-05-25 09:47:22.538716,0 days 00:00:12.208088,AdamW,0.019073175782423443,,,0.00017796258351634927,,,,28,,,0.005238462019675774,,PRUNED
907,907,45.833333333333336,2025-05-25 09:47:22.583418,2025-05-25 09:47:34.694106,0 days 00:00:12.110688,AdamW,0.03250486496022407,,,2.0463792099808755e-05,,,,29,,,0.0007030873418288459,,PRUNED
908,908,45.833333333333336,2025-05-25 09:47:34.739764,2025-05-25 09:47:46.902761,0 days 00:00:12.162997,AdamW,0.14241737950263228,,,9.570676188458212e-05,,,,27,,,0.0004196295047288983,,PRUNED
909,909,47.916666666666664,2025-05-25 09:47:46.946934,2025-05-25 09:47:59.091882,0 days 00:00:12.144948,AdamW,0.01787090092970997,,,0.0002380399627829431,,,,27,,,0.0009326879883403606,,PRUNED
910,910,47.916666666666664,2025-05-25 09:47:59.136611,2025-05-25 09:48:11.268721,0 days 00:00:12.132110,AdamW,0.15547791391088392,,,0.00014608273597776228,,,,30,,,0.0031937781831150288,,PRUNED
911,911,35.416666666666664,2025-05-25 09:48:11.313139,2025-05-25 09:48:23.540431,0 days 00:00:12.227292,AdamW,0.1849465099749622,,,8.273708939476178e-05,,,,2,,,0.0023199896940233086,,PRUNED
912,912,37.5,2025-05-25 09:48:23.587139,2025-05-25 09:48:35.719229,0 days 00:00:12.132090,AdamW,0.07342342412261502,,,0.00011614057032306916,,,,27,,,0.004642662940089478,,PRUNED
913,913,52.083333333333336,2025-05-25 09:48:35.763442,2025-05-25 09:48:47.836497,0 days 00:00:12.073055,AdamW,0.011493209150137376,,,0.00021631311896844476,,,,28,,,0.005893006520588067,,PRUNED
914,914,33.333333333333336,2025-05-25 09:48:47.880373,2025-05-25 09:49:00.121580,0 days 00:00:12.241207,Adadelta,0.04324416091894778,0.0808741166125544,,,,,,19,0.10086820992231095,,,,PRUNED
915,915,50.0,2025-05-25 09:49:00.165451,2025-05-25 09:49:12.262242,0 days 00:00:12.096791,AdamW,0.025452243733080845,,,3.4088172022693334e-05,,,,26,,,0.0038670804330308652,,PRUNED
916,916,47.916666666666664,2025-05-25 09:49:12.305752,2025-05-25 09:49:24.582013,0 days 00:00:12.276261,AdamW,0.13518481395366636,,,6.91379375689755e-05,,,,16,,,0.001064557542204157,,PRUNED
917,917,33.333333333333336,2025-05-25 09:49:24.626652,2025-05-25 09:49:36.767486,0 days 00:00:12.140834,Adam,0.052036244324598184,,1.0071811133172157e-05,,,,,25,,1.8517588364894622,,,PRUNED
918,918,47.916666666666664,2025-05-25 09:49:36.812359,2025-05-25 09:49:48.938433,0 days 00:00:12.126074,AdamW,0.11616417356934249,,,9.341318876594921e-05,,,,29,,,0.0014468347547038599,,PRUNED
919,919,50.0,2025-05-25 09:49:48.982997,2025-05-25 09:50:01.224429,0 days 00:00:12.241432,AdamW,0.008031584978986962,,,0.00015562965091481113,,,,28,,,0.0008638014565616829,,PRUNED
920,920,52.083333333333336,2025-05-25 09:50:01.268328,2025-05-25 09:50:13.468013,0 days 00:00:12.199685,AdamW,0.44694064423793983,,,0.00012064187847026097,,,,29,,,0.0011492768377430204,,PRUNED
921,921,45.833333333333336,2025-05-25 09:50:13.514341,2025-05-25 09:50:25.799622,0 days 00:00:12.285281,AdamW,2.6869264751249247e-05,,,0.00019054108796687585,,,,26,,,0.0007508704245591042,,PRUNED
922,922,47.916666666666664,2025-05-25 09:50:25.844038,2025-05-25 09:50:38.064762,0 days 00:00:12.220724,AdamW,0.16360677406984583,,,7.025327763550108e-05,,,,28,,,0.0006427464496484772,,PRUNED
923,923,45.833333333333336,2025-05-25 09:50:38.109424,2025-05-25 09:50:50.293125,0 days 00:00:12.183701,AdamW,0.12491627445849829,,,0.00010210141497872351,,,,22,,,0.0009671780881851847,,PRUNED
924,924,47.916666666666664,2025-05-25 09:50:50.337525,2025-05-25 09:51:02.513324,0 days 00:00:12.175799,AdamW,0.1490950086684422,,,1.3117886374022645e-05,,,,29,,,0.00035046826853123815,,PRUNED
925,925,58.333333333333336,2025-05-25 09:51:02.558682,2025-05-25 09:51:20.396237,0 days 00:00:17.837555,AdamW,0.02971587939398336,,,0.00013241257258251278,,,,27,,,0.0028618123318402055,,COMPLETE
926,926,37.5,2025-05-25 09:51:20.457416,2025-05-25 09:51:32.594385,0 days 00:00:12.136969,AdamW,0.03850256528818417,,,0.00039443961303205227,,,,30,,,0.001957737760312297,,PRUNED
927,927,33.333333333333336,2025-05-25 09:51:32.638620,2025-05-25 09:51:44.838666,0 days 00:00:12.200046,Adadelta,0.018296966548384922,7.945615716010584,,,,,,17,18.493228529137586,,,,PRUNED
928,928,47.916666666666664,2025-05-25 09:51:44.883777,2025-05-25 09:51:52.539740,0 days 00:00:07.655963,AdamW,0.1407822689847956,,,0.00016525238989105817,,,,28,,,0.0008850704219859142,,PRUNED
929,929,33.333333333333336,2025-05-25 09:51:52.581975,2025-05-25 09:51:57.203696,0 days 00:00:04.621721,AdamW,0.06397842197829487,,,0.00033073729739770103,,,,30,,,0.0008070345480564904,,PRUNED
930,930,,2025-05-25 09:51:57.263446,2025-05-25 09:52:08.632677,0 days 00:00:11.369231,SGD,0.012245621117502672,,,,0.0009021125864310157,90.34286461591674,True,27,,,,0.23950944397276144,PRUNED
931,931,50.0,2025-05-25 09:52:08.676738,2025-05-25 09:52:19.025187,0 days 00:00:10.348449,AdamW,0.10207924143680298,,,8.367595068144142e-05,,,,29,,,0.0002951715539729226,,PRUNED
932,932,52.083333333333336,2025-05-25 09:52:19.068373,2025-05-25 09:52:23.425504,0 days 00:00:04.357131,AdamW,0.07898978008079068,,,0.00010801909144614566,,,,25,,,0.001279722942333211,,PRUNED
933,933,39.583333333333336,2025-05-25 09:52:23.455458,2025-05-25 09:52:34.070914,0 days 00:00:10.615456,AdamW,0.1687419609503277,,,5.5412631515231565e-05,,,,24,,,0.0010685992334363527,,PRUNED
934,934,33.333333333333336,2025-05-25 09:52:34.115826,2025-05-25 09:52:46.261667,0 days 00:00:12.145841,AdamW,0.022628153758847275,,,0.00020439937583753155,,,,27,,,0.00789589873116505,,PRUNED
935,935,41.666666666666664,2025-05-25 09:52:46.306140,2025-05-25 09:52:58.641188,0 days 00:00:12.335048,AdamW,0.052666254010306016,,,1.806511309731588e-05,,,,28,,,0.0006889820734255897,,PRUNED
936,936,54.166666666666664,2025-05-25 09:52:58.685158,2025-05-25 09:53:16.531594,0 days 00:00:17.846436,AdamW,0.13236442219642647,,,0.00014160743375068655,,,,23,,,0.0004817141176528955,,COMPLETE
937,937,45.833333333333336,2025-05-25 09:53:16.592900,2025-05-25 09:53:28.775530,0 days 00:00:12.182630,AdamW,0.007516684932758415,,,2.676409563120776e-05,,,,26,,,0.0009543446651516876,,PRUNED
938,938,43.75,2025-05-25 09:53:28.819566,2025-05-25 09:53:41.063801,0 days 00:00:12.244235,AdamW,0.42211049215024854,,,6.55325976766013e-05,,,,29,,,0.0008149608787610974,,PRUNED
939,939,33.333333333333336,2025-05-25 09:53:41.109034,2025-05-25 09:53:53.299876,0 days 00:00:12.190842,AdamW,0.0411729007864695,,,0.0009442140516497372,,,,12,,,0.0010641877556937561,,PRUNED
940,940,52.083333333333336,2025-05-25 09:53:53.345250,2025-05-25 09:54:05.574114,0 days 00:00:12.228864,Adadelta,0.15005395516655595,0.014063259895792653,,,,,,28,0.02513405211228266,,,,PRUNED
941,941,37.5,2025-05-25 09:54:05.619046,2025-05-25 09:54:17.708896,0 days 00:00:12.089850,AdamW,0.09441793771743914,,,7.831004473930677e-05,,,,26,,,0.0015358205731057458,,PRUNED
942,942,39.583333333333336,2025-05-25 09:54:17.755906,2025-05-25 09:54:29.959838,0 days 00:00:12.203932,Adam,0.030180034729406346,,0.0003563557115034792,,,,,30,,0.06340867601825627,,,PRUNED
943,943,39.583333333333336,2025-05-25 09:54:30.004392,2025-05-25 09:54:42.094449,0 days 00:00:12.090057,AdamW,0.12193383871850857,,,9.419994634631966e-05,,,,27,,,0.000594202491057636,,PRUNED
944,944,33.333333333333336,2025-05-25 09:54:42.138205,2025-05-25 09:54:54.453389,0 days 00:00:12.315184,AdamW,0.15862570091327918,,,0.0005161395560973352,,,,20,,,0.0011778659659150838,,PRUNED
945,945,41.666666666666664,2025-05-25 09:54:54.498666,2025-05-25 09:55:06.576162,0 days 00:00:12.077496,AdamW,0.015584862251603014,,,0.0002766387636830857,,,,28,,,0.000745640478753617,,PRUNED
946,946,41.666666666666664,2025-05-25 09:55:06.620180,2025-05-25 09:55:18.722312,0 days 00:00:12.102132,AdamW,0.14178060826638209,,,0.00012855473065096358,,,,31,,,0.0008775051269289232,,PRUNED
947,947,52.083333333333336,2025-05-25 09:55:18.769942,2025-05-25 09:55:30.960410,0 days 00:00:12.190468,AdamW,0.0005853444344519817,,,0.0001690700475007972,,,,29,,,0.0009836913003141937,,PRUNED
948,948,50.0,2025-05-25 09:55:31.004342,2025-05-25 09:55:43.164077,0 days 00:00:12.159735,AdamW,0.36309587295009643,,,4.906211797048254e-05,,,,27,,,0.0022288663906719765,,PRUNED
949,949,45.833333333333336,2025-05-25 09:55:43.210200,2025-05-25 09:55:55.477597,0 days 00:00:12.267397,AdamW,0.11269015956707848,,,0.00010864016262378621,,,,30,,,0.0007859097159539033,,PRUNED
950,950,50.0,2025-05-25 09:55:55.522238,2025-05-25 09:56:07.607453,0 days 00:00:12.085215,AdamW,0.027188313412421734,,,3.315430310688187e-05,,,,29,,,0.009966884057627525,,PRUNED
951,951,54.166666666666664,2025-05-25 09:56:07.652947,2025-05-25 09:56:19.908832,0 days 00:00:12.255885,AdamW,0.03574726047726694,,,6.167855617811703e-05,,,,28,,,0.0009489401625968293,,PRUNED
952,952,52.083333333333336,2025-05-25 09:56:19.953387,2025-05-25 09:56:32.067700,0 days 00:00:12.114313,AdamW,0.008426686807336275,,,8.681481648763924e-05,,,,30,,,0.002660939272919602,,PRUNED
953,953,,2025-05-25 09:56:32.111535,2025-05-25 09:56:43.533546,0 days 00:00:11.422011,SGD,0.1278067708299089,,,,0.09781012387739454,27.24150261235308,False,27,,,,19.657824724490094,PRUNED
954,954,33.333333333333336,2025-05-25 09:56:43.576726,2025-05-25 09:56:55.725780,0 days 00:00:12.149054,Adadelta,0.04767060652156285,0.18034250065622145,,,,,,31,1.3191069790175431,,,,PRUNED
955,955,33.333333333333336,2025-05-25 09:56:55.769659,2025-05-25 09:57:07.922015,0 days 00:00:12.152356,AdamW,0.02081122987063877,,,0.00015091373666753654,,,,15,,,0.0008608909821188459,,PRUNED
956,956,45.833333333333336,2025-05-25 09:57:07.968032,2025-05-25 09:57:16.612815,0 days 00:00:08.644783,AdamW,0.0673686724226165,,,0.00021807782895769668,,,,28,,,0.0011735183147563676,,PRUNED
957,957,43.75,2025-05-25 09:57:16.655360,2025-05-25 09:57:28.819850,0 days 00:00:12.164490,AdamW,0.0001615007480407528,,,7.255921418763606e-05,,,,26,,,0.0006649265862096418,,PRUNED
958,958,52.083333333333336,2025-05-25 09:57:28.864172,2025-05-25 09:57:39.162490,0 days 00:00:10.298318,AdamW,0.13628672791022328,,,0.000124919410808895,,,,25,,,0.001054066142344114,,PRUNED
959,959,37.5,2025-05-25 09:57:39.192242,2025-05-25 09:57:43.605683,0 days 00:00:04.413441,AdamW,0.14835936412389614,,,2.212899678956315e-05,,,,27,,,0.0007252992434937372,,PRUNED
960,960,47.916666666666664,2025-05-25 09:57:43.635701,2025-05-25 09:57:49.093529,0 days 00:00:05.457828,AdamW,0.08417379771646474,,,0.00018321570622238922,,,,29,,,0.0012845582273691395,,PRUNED
961,961,54.166666666666664,2025-05-25 09:57:49.137888,2025-05-25 09:58:01.312186,0 days 00:00:12.174298,AdamW,0.05811039783631107,,,0.00011077931129681784,,,,21,,,0.00428404492329663,,PRUNED
962,962,43.75,2025-05-25 09:58:01.356487,2025-05-25 09:58:13.528759,0 days 00:00:12.172272,AdamW,0.17426018574077995,,,4.2027898177516604e-05,,,,28,,,0.0008588735293911431,,PRUNED
963,963,43.75,2025-05-25 09:58:13.573680,2025-05-25 09:58:25.723472,0 days 00:00:12.149792,AdamW,0.24861262226410477,,,0.0002508779834018329,,,,29,,,0.008896132785971874,,PRUNED
964,964,33.333333333333336,2025-05-25 09:58:25.768177,2025-05-25 09:58:38.015669,0 days 00:00:12.247492,AdamW,0.019308101325391,,,0.0076047764273790034,,,,30,,,0.0009599646637484081,,PRUNED
965,965,45.833333333333336,2025-05-25 09:58:38.060443,2025-05-25 09:58:50.189518,0 days 00:00:12.129075,AdamW,0.028428398348259998,,,5.584584793347581e-05,,,,28,,,0.001063163942375516,,PRUNED
966,966,33.333333333333336,2025-05-25 09:58:50.234748,2025-05-25 09:59:02.535654,0 days 00:00:12.300906,Adam,0.15931142860758862,,0.006778052837954714,,,,,26,,4.0483232048036735,,,PRUNED
967,967,47.916666666666664,2025-05-25 09:59:02.580275,2025-05-25 09:59:14.675374,0 days 00:00:12.095099,AdamW,0.01007216165403609,,,9.721430579883074e-05,,,,27,,,0.0007961218288063733,,PRUNED
968,968,33.333333333333336,2025-05-25 09:59:14.719824,2025-05-25 09:59:27.021221,0 days 00:00:12.301397,Adadelta,0.040540341541857275,0.1017559777289848,,,,,,19,60.200545629642775,,,,PRUNED
969,969,50.0,2025-05-25 09:59:27.066018,2025-05-25 09:59:39.167693,0 days 00:00:12.101675,AdamW,0.12540536849169245,,,0.00015712829979198809,,,,31,,,0.0005391705339814033,,PRUNED
970,970,45.833333333333336,2025-05-25 09:59:39.211930,2025-05-25 09:59:51.434186,0 days 00:00:12.222256,AdamW,0.11151178279196056,,,7.525737045046117e-05,,,,29,,,0.0008893060721992132,,PRUNED
971,971,43.75,2025-05-25 09:59:51.478831,2025-05-25 10:00:03.656202,0 days 00:00:12.177371,AdamW,0.14032844075927006,,,0.00012940338626827466,,,,27,,,0.0002520420567429277,,PRUNED
972,972,47.916666666666664,2025-05-25 10:00:03.700569,2025-05-25 10:00:15.824497,0 days 00:00:12.123928,AdamW,0.009461964556341554,,,9.48485517677776e-05,,,,30,,,0.0013786278592075913,,PRUNED
973,973,35.416666666666664,2025-05-25 10:00:15.870216,2025-05-25 10:00:28.043685,0 days 00:00:12.173469,AdamW,0.3758205719076979,,,1.5177196237607387e-05,,,,28,,,0.0007087935254902406,,PRUNED
974,974,33.333333333333336,2025-05-25 10:00:28.088221,2025-05-25 10:00:40.305064,0 days 00:00:12.216843,AdamW,0.02071270139666148,,,0.00019454636021514951,,,,22,,,0.001174534237727978,,PRUNED
975,975,52.083333333333336,2025-05-25 10:00:40.350386,2025-05-25 10:00:52.627438,0 days 00:00:12.277052,AdamW,0.10105747761555452,,,8.399723030826553e-05,,,,18,,,0.0016296512391957728,,PRUNED
976,976,45.833333333333336,2025-05-25 10:00:52.671983,2025-05-25 10:01:04.846939,0 days 00:00:12.174956,AdamW,0.03337874732012444,,,5.0089846870781246e-05,,,,25,,,0.0006148490701962211,,PRUNED
977,977,58.333333333333336,2025-05-25 10:01:04.890996,2025-05-25 10:01:22.727783,0 days 00:00:17.836787,AdamW,0.00028754259943607023,,,0.00014384877498482653,,,,29,,,0.0010067381120453685,,COMPLETE
978,978,,2025-05-25 10:01:22.791522,2025-05-25 10:01:34.031927,0 days 00:00:11.240405,SGD,0.050620146505070344,,,,0.00013587091600266785,64.60888468281067,True,26,,,,69.4675403237044,PRUNED
979,979,39.583333333333336,2025-05-25 10:01:34.075815,2025-05-25 10:01:46.216162,0 days 00:00:12.140347,AdamW,0.1659653901424738,,,6.242271302940023e-05,,,,28,,,0.000820772998554805,,PRUNED
980,980,37.5,2025-05-25 10:01:46.261135,2025-05-25 10:01:58.402458,0 days 00:00:12.141323,AdamW,0.1529338203400898,,,0.00010967928587314543,,,,27,,,0.0032498772147482933,,PRUNED
981,981,33.333333333333336,2025-05-25 10:01:58.446727,2025-05-25 10:02:10.607368,0 days 00:00:12.160641,Adadelta,0.016840563353276036,0.6389020451708756,,,,,,11,0.16073178281783787,,,,PRUNED
982,982,39.583333333333336,2025-05-25 10:02:10.654107,2025-05-25 10:02:23.076953,0 days 00:00:12.422846,AdamW,0.07545418050369732,,,3.6048362118791534e-05,,,,30,,,0.0009180855811855474,,PRUNED
983,983,45.833333333333336,2025-05-25 10:02:23.121014,2025-05-25 10:02:35.224480,0 days 00:00:12.103466,AdamW,0.13676377998353972,,,0.0001702861214498364,,,,31,,,0.000768861028605717,,PRUNED
984,984,50.0,2025-05-25 10:02:35.269708,2025-05-25 10:02:44.264224,0 days 00:00:08.994516,AdamW,0.0350974011141163,,,0.00028631868606502004,,,,28,,,0.006385536453645103,,PRUNED
985,985,41.666666666666664,2025-05-25 10:02:44.308993,2025-05-25 10:02:56.523189,0 days 00:00:12.214196,AdamW,0.026328827341589246,,,0.0002310584693109321,,,,27,,,0.0019308009625418855,,PRUNED
986,986,37.5,2025-05-25 10:02:56.568377,2025-05-25 10:03:03.743710,0 days 00:00:07.175333,AdamW,0.11698570827467578,,,0.00011832239952368827,,,,28,,,0.0010326556730122995,,PRUNED
987,987,41.666666666666664,2025-05-25 10:03:03.788315,2025-05-25 10:03:13.967691,0 days 00:00:10.179376,AdamW,0.011035477844937552,,,9.084523359532154e-05,,,,30,,,0.0009055209306663657,,PRUNED
988,988,33.333333333333336,2025-05-25 10:03:14.011877,2025-05-25 10:03:26.274630,0 days 00:00:12.262753,AdamW,0.06083527388110701,,,1.8704587044795542e-05,,,,28,,,0.00036575088998310693,,PRUNED
989,989,50.0,2025-05-25 10:03:26.318896,2025-05-25 10:03:38.414519,0 days 00:00:12.095623,AdamW,0.08967923703330836,,,7.286882191402417e-05,,,,26,,,0.005372742768401944,,PRUNED
990,990,33.333333333333336,2025-05-25 10:03:38.459879,2025-05-25 10:03:50.728187,0 days 00:00:12.268308,Adam,0.14693913028767022,,0.022547595873580153,,,,,24,,0.21247957955184082,,,PRUNED
991,991,39.583333333333336,2025-05-25 10:03:50.772908,2025-05-25 10:04:02.916262,0 days 00:00:12.143354,AdamW,0.04277176145907191,,,0.0001428384608312262,,,,29,,,0.0004348508813041363,,PRUNED
992,992,50.0,2025-05-25 10:04:02.961633,2025-05-25 10:04:15.221161,0 days 00:00:12.259528,AdamW,0.00043943395538546126,,,2.661632472094971e-05,,,,26,,,0.0036656377540285607,,PRUNED
993,993,45.833333333333336,2025-05-25 10:04:15.269580,2025-05-25 10:04:27.400618,0 days 00:00:12.131038,AdamW,0.13093931118523294,,,5.8069048539684746e-05,,,,29,,,0.0011170956254724451,,PRUNED
994,994,35.416666666666664,2025-05-25 10:04:27.445392,2025-05-25 10:04:39.665762,0 days 00:00:12.220370,Adadelta,0.022073189184546746,0.034179144374730304,,,,,,27,4.470183297942395,,,,PRUNED
995,995,47.916666666666664,2025-05-25 10:04:39.710520,2025-05-25 10:04:51.858364,0 days 00:00:12.147844,AdamW,0.33260318575778963,,,0.00017187278143895827,,,,31,,,0.0006764537563304463,,PRUNED
996,996,45.833333333333336,2025-05-25 10:04:51.902911,2025-05-25 10:05:04.108880,0 days 00:00:12.205969,AdamW,0.47767656517215507,,,0.0001235486023254748,,,,28,,,0.0008372099792603834,,PRUNED
997,997,39.583333333333336,2025-05-25 10:05:04.154772,2025-05-25 10:05:16.249649,0 days 00:00:12.094877,AdamW,0.1579353490087005,,,4.4502321583954414e-05,,,,29,,,0.0009683977279218444,,PRUNED
998,998,47.916666666666664,2025-05-25 10:05:16.295049,2025-05-25 10:05:28.467568,0 days 00:00:12.172519,AdamW,0.1842537127443242,,,0.00033932646452175703,,,,21,,,0.0007524556053199289,,PRUNED
999,999,47.916666666666664,2025-05-25 10:05:28.515097,2025-05-25 10:05:40.709613,0 days 00:00:12.194516,AdamW,0.016150749981316326,,,0.00010295549741077314,,,,27,,,0.0006222480857146092,,PRUNED
