,number,value,datetime_start,datetime_complete,duration,params_algorithm,params_dropout_rate,params_lr_Adadelta,params_lr_Adam,params_lr_AdamW,params_lr_SGD,params_momentum_SGD,params_nesterov_SGD,params_suggested_freeze,params_weight_decay_Adadelta,params_weight_decay_Adam,params_weight_decay_AdamW,params_weight_decay_SGD,state
0,0,43.75,2025-05-25 11:50:21.236003,2025-05-25 11:50:53.171497,0 days 00:00:31.935494,Adadelta,0.4753571532049581,0.017073967431528128,,,,,,3,29.154431891537552,,,,COMPLETE
1,1,60.416666666666664,2025-05-25 11:50:53.229242,2025-05-25 11:51:23.809802,0 days 00:00:30.580560,Adam,0.35403628889802274,,5.3370327626039544e-05,,,,,5,,0.05415244119402541,,,COMPLETE
2,2,77.08333333333333,2025-05-25 11:51:23.860714,2025-05-25 11:51:55.072548,0 days 00:00:31.211834,AdamW,0.2623782158161189,,,0.00014742753159914678,,,,2,,,0.0005404103854647331,,COMPLETE
3,3,33.333333333333336,2025-05-25 11:51:55.123727,2025-05-25 11:52:25.801360,0 days 00:00:30.677633,AdamW,0.3925879806965068,,,0.0026926469100861782,,,,4,,,0.00021930485556643703,,COMPLETE
4,4,33.333333333333336,2025-05-25 11:52:25.851743,2025-05-25 11:52:57.224471,0 days 00:00:31.372728,Adadelta,0.4744427686266666,5.456725485601478,,,,,,0,0.5762487216478605,,,,COMPLETE
5,5,56.25,2025-05-25 11:52:57.274714,2025-05-25 11:53:28.598116,0 days 00:00:31.323402,Adam,0.2475884550556351,,0.00017654048052495074,,,,,1,,1.2030178871154673,,,COMPLETE
6,6,33.333333333333336,2025-05-25 11:53:28.647814,2025-05-25 11:53:48.129512,0 days 00:00:19.481698,Adadelta,0.09242722776276352,2.463768595899747,,,,,,4,48.696409415209004,,,,PRUNED
7,7,33.333333333333336,2025-05-25 11:53:48.165222,2025-05-25 11:54:08.166936,0 days 00:00:20.001714,AdamW,0.0979914312095726,,,0.02065142557895925,,,,0,,,0.0005170191786366995,,PRUNED
8,8,33.333333333333336,2025-05-25 11:54:08.202289,2025-05-25 11:54:27.530881,0 days 00:00:19.328592,SGD,0.27134804157912423,,,,0.012273800987852962,0.5621564911890039,True,2,,,,0.06235377135673159,PRUNED
9,9,33.333333333333336,2025-05-25 11:54:27.565347,2025-05-25 11:54:46.378889,0 days 00:00:18.813542,SGD,0.38563517334297287,,,,0.0031130959561221226,6.365199445099503,False,6,,,,0.2106648601704221,PRUNED
10,10,33.333333333333336,2025-05-25 11:54:46.414364,2025-05-25 11:55:05.228224,0 days 00:00:18.813860,AdamW,0.0029985914779085965,,,1.1799062523159256e-05,,,,8,,,0.006630907782559361,,PRUNED
11,11,35.416666666666664,2025-05-25 11:55:05.262631,2025-05-25 11:55:24.199051,0 days 00:00:18.936420,Adam,0.2687772072034616,,1.4185357673699857e-05,,,,,6,,0.011200687440843897,,,PRUNED
12,12,33.333333333333336,2025-05-25 11:55:24.239975,2025-05-25 11:55:43.043813,0 days 00:00:18.803838,Adam,0.33917540003066937,,0.03717124466023609,,,,,6,,0.01867587984082639,,,PRUNED
13,13,33.333333333333336,2025-05-25 11:55:43.077465,2025-05-25 11:56:02.838802,0 days 00:00:19.761337,Adam,0.21355615281666585,,0.00026931176066398395,,,,,2,,37.639965874722925,,,PRUNED
14,14,62.5,2025-05-25 11:56:02.873342,2025-05-25 11:56:33.572860,0 days 00:00:30.699518,AdamW,0.17284687262413326,,,5.107684925222934e-05,,,,5,,,0.0025253710106474536,,COMPLETE
15,15,31.25,2025-05-25 11:56:33.623858,2025-05-25 11:56:52.379164,0 days 00:00:18.755306,AdamW,0.15569821977327744,,,4.839668264505077e-05,,,,8,,,0.0021601863672613586,,PRUNED
16,16,33.333333333333336,2025-05-25 11:56:52.419692,2025-05-25 11:57:11.861184,0 days 00:00:19.441492,AdamW,0.18118115308959054,,,0.00021004805863831112,,,,3,,,0.001427451819550663,,PRUNED
17,17,33.333333333333336,2025-05-25 11:57:11.894538,2025-05-25 11:57:31.329016,0 days 00:00:19.434478,AdamW,0.1170767905017081,,,0.00033538805175156836,,,,4,,,0.0038041435990486426,,PRUNED
18,18,62.5,2025-05-25 11:57:31.363788,2025-05-25 11:58:02.581589,0 days 00:00:31.217801,AdamW,0.01811884405994857,,,4.594361093453365e-05,,,,2,,,0.0006816831838566351,,COMPLETE
19,19,33.333333333333336,2025-05-25 11:58:02.633690,2025-05-25 11:58:21.370506,0 days 00:00:18.736816,AdamW,0.3125574388659874,,,0.002291327504585287,,,,7,,,0.00019945533231692083,,PRUNED
20,20,,2025-05-25 11:58:21.405619,2025-05-25 11:58:39.829113,0 days 00:00:18.423494,SGD,0.21116601120719558,,,,2.025934909325147e-05,88.37749112170019,True,5,,,,71.38393633927497,PRUNED
21,21,33.333333333333336,2025-05-25 11:58:39.871330,2025-05-25 11:58:59.656265,0 days 00:00:19.784935,AdamW,0.005458325413567833,,,5.05121279493647e-05,,,,2,,,0.0005991538986340598,,PRUNED
22,22,31.25,2025-05-25 11:58:59.691449,2025-05-25 11:59:19.550416,0 days 00:00:19.858967,AdamW,0.05344558317761529,,,5.991268816129703e-05,,,,1,,,0.0007846387178562482,,PRUNED
23,23,33.333333333333336,2025-05-25 11:59:19.584480,2025-05-25 11:59:39.217507,0 days 00:00:19.633027,AdamW,0.15199654592985787,,,1.3970734935405238e-05,,,,3,,,0.00043759706526999006,,PRUNED
24,24,33.333333333333336,2025-05-25 11:59:39.252142,2025-05-25 11:59:58.878148,0 days 00:00:19.626006,AdamW,0.04392782560380387,,,0.0002305273307888063,,,,1,,,0.0016155377070117766,,PRUNED
25,25,75.0,2025-05-25 11:59:58.912063,2025-05-25 12:00:29.662485,0 days 00:00:30.750422,AdamW,0.23669019901518049,,,8.193412907174033e-05,,,,5,,,0.0028111878934305727,,COMPLETE
26,26,33.333333333333336,2025-05-25 12:00:29.714269,2025-05-25 12:00:49.362901,0 days 00:00:19.648632,AdamW,0.22803800584202452,,,0.0008050608617937319,,,,5,,,0.0037314953246968216,,PRUNED
27,27,43.75,2025-05-25 12:00:49.397644,2025-05-25 12:01:16.316221,0 days 00:00:26.918577,AdamW,0.2779233138665978,,,0.00012213010345884555,,,,7,,,0.002864413454234535,,PRUNED
28,28,33.333333333333336,2025-05-25 12:01:16.357576,2025-05-25 12:01:35.846007,0 days 00:00:19.488431,Adadelta,0.18133801351664136,71.09750733359516,,,,,,4,0.016987592312017272,,,,PRUNED
29,29,,2025-05-25 12:01:35.891841,2025-05-25 12:01:54.251255,0 days 00:00:18.359414,SGD,0.29444056054312073,,,,1.4839113238339737e-05,95.86041307333699,False,5,,,,18.395730677410548,PRUNED
30,30,35.416666666666664,2025-05-25 12:01:54.294139,2025-05-25 12:02:13.316152,0 days 00:00:19.022013,Adadelta,0.44238672867298934,0.012327990271406086,,,,,,3,0.017620822291138413,,,,PRUNED
31,31,29.166666666666668,2025-05-25 12:02:13.362894,2025-05-25 12:02:33.024598,0 days 00:00:19.661704,AdamW,0.1483792317776419,,,3.371884970780157e-05,,,,3,,,0.000979482933922933,,PRUNED
32,32,70.83333333333333,2025-05-25 12:02:33.059643,2025-05-25 12:03:04.212509,0 days 00:00:31.152866,AdamW,0.3106452018417596,,,9.26406644214561e-05,,,,2,,,0.0003319648454390779,,COMPLETE
33,33,33.333333333333336,2025-05-25 12:03:04.265965,2025-05-25 12:03:26.268673,0 days 00:00:22.002708,AdamW,0.3250020665327686,,,0.00012459199853948416,,,,5,,,0.00010426501217035525,,PRUNED
34,34,33.333333333333336,2025-05-25 12:03:26.303042,2025-05-25 12:03:45.834513,0 days 00:00:19.531471,AdamW,0.3749478859083253,,,0.0005850752122197353,,,,4,,,0.0002901501600371516,,PRUNED
35,35,33.333333333333336,2025-05-25 12:03:45.870399,2025-05-25 12:04:05.511903,0 days 00:00:19.641504,AdamW,0.23346129014573355,,,0.00010747112425365595,,,,1,,,0.009260134460386106,,PRUNED
36,36,37.5,2025-05-25 12:04:05.545477,2025-05-25 12:04:25.240577,0 days 00:00:19.695100,AdamW,0.19574852676751642,,,1.9921685438118503e-05,,,,0,,,0.001376812563046459,,PRUNED
37,37,33.333333333333336,2025-05-25 12:04:25.276092,2025-05-25 12:04:44.842541,0 days 00:00:19.566449,Adadelta,0.4145942595193252,0.21514314769815227,,,,,,3,1.0922883910149894,,,,PRUNED
38,38,43.75,2025-05-25 12:04:44.888012,2025-05-25 12:05:05.477681,0 days 00:00:20.589669,AdamW,0.25104834876501236,,,0.0004346601367214029,,,,6,,,0.00035551158059977597,,PRUNED
39,39,33.333333333333336,2025-05-25 12:05:05.519705,2025-05-25 12:05:25.185721,0 days 00:00:19.666016,Adam,0.29843202639355965,,0.008365047330010568,,,,,5,,87.91674502346537,,,PRUNED
40,40,,2025-05-25 12:05:25.220520,2025-05-25 12:05:43.326034,0 days 00:00:18.105514,SGD,0.3435321582567897,,,,0.04553662854131712,47.79660930546636,False,4,,,,2.4943757639053636,PRUNED
41,41,33.333333333333336,2025-05-25 12:05:43.368637,2025-05-25 12:06:02.585827,0 days 00:00:19.217190,AdamW,0.4926038737851367,,,6.82691750761378e-05,,,,2,,,0.0007639216373313518,,PRUNED
42,42,25.0,2025-05-25 12:06:02.619893,2025-05-25 12:06:22.160544,0 days 00:00:19.540651,AdamW,0.3618848675574383,,,2.7382683167750777e-05,,,,2,,,0.000605524654531708,,PRUNED
43,43,70.83333333333333,2025-05-25 12:06:22.195715,2025-05-25 12:06:53.971036,0 days 00:00:31.775321,AdamW,0.24757069596583098,,,0.0001213334899407926,,,,1,,,0.0021826673855517087,,COMPLETE
44,44,33.333333333333336,2025-05-25 12:06:54.022293,2025-05-25 12:07:14.012404,0 days 00:00:19.990111,AdamW,0.25643955890955883,,,0.00014762222890638173,,,,0,,,0.002360686016486687,,PRUNED
45,45,33.333333333333336,2025-05-25 12:07:14.047016,2025-05-25 12:07:34.095249,0 days 00:00:20.048233,AdamW,0.29198708568066195,,,0.0017859440651664137,,,,1,,,0.004971291499876732,,PRUNED
46,46,68.75,2025-05-25 12:07:34.133368,2025-05-25 12:08:05.898468,0 days 00:00:31.765100,AdamW,0.1267288323635326,,,8.830377939688953e-05,,,,1,,,0.002952744890309621,,COMPLETE
47,47,33.333333333333336,2025-05-25 12:08:05.948957,2025-05-25 12:08:25.752103,0 days 00:00:19.803146,Adadelta,0.12498281154166724,98.43155468624178,,,,,,1,1.3611799129714945,,,,PRUNED
48,48,33.333333333333336,2025-05-25 12:08:25.786351,2025-05-25 12:08:45.474126,0 days 00:00:19.687775,Adam,0.07297442850633454,,0.0015235798237262308,,,,,0,,2.3260636558383525,,,PRUNED
49,49,33.333333333333336,2025-05-25 12:08:45.508898,2025-05-25 12:09:05.140258,0 days 00:00:19.631360,AdamW,0.23746431224641396,,,0.00027565197366236885,,,,1,,,0.0016620908004937494,,PRUNED
50,50,33.333333333333336,2025-05-25 12:09:05.174435,2025-05-25 12:09:24.799908,0 days 00:00:19.625473,AdamW,0.3261146263845212,,,0.011726370286662423,,,,2,,,0.0001597559232984908,,PRUNED
51,51,72.91666666666667,2025-05-25 12:09:24.833522,2025-05-25 12:09:56.345852,0 days 00:00:31.512330,AdamW,0.1750833131294243,,,8.0889478943382e-05,,,,0,,,0.0031133264216027592,,COMPLETE
52,52,35.416666666666664,2025-05-25 12:09:56.396891,2025-05-25 12:10:16.209861,0 days 00:00:19.812970,AdamW,0.19776534200231113,,,8.742362139607555e-05,,,,0,,,0.004109950414746521,,PRUNED
53,53,33.333333333333336,2025-05-25 12:10:16.244071,2025-05-25 12:10:35.972624,0 days 00:00:19.728553,AdamW,0.11965398632830489,,,0.00017002339934964205,,,,0,,,0.0030928865805080123,,PRUNED
54,54,50.0,2025-05-25 12:10:36.007414,2025-05-25 12:11:00.482604,0 days 00:00:24.475190,AdamW,0.27363475354507655,,,8.827449627341799e-05,,,,1,,,0.006280913800669198,,PRUNED
55,55,,2025-05-25 12:11:00.517335,2025-05-25 12:11:18.813972,0 days 00:00:18.296637,SGD,0.2068285919097559,,,,0.00033574947289722354,45.2163249362127,True,0,,,,0.012586730209395615,PRUNED
56,56,54.166666666666664,2025-05-25 12:11:18.857120,2025-05-25 12:11:50.543384,0 days 00:00:31.686264,AdamW,0.09803580298352874,,,2.8625423836948964e-05,,,,1,,,0.00027991758729645205,,PRUNED
57,57,33.333333333333336,2025-05-25 12:11:50.578426,2025-05-25 12:12:10.529162,0 days 00:00:19.950736,Adam,0.1477101278231422,,0.08360603301436347,,,,,2,,0.16558942952015726,,,PRUNED
58,58,33.333333333333336,2025-05-25 12:12:10.566626,2025-05-25 12:12:30.204683,0 days 00:00:19.638057,AdamW,0.17025700945900973,,,0.0001784617040585983,,,,1,,,0.002231676720615575,,PRUNED
59,59,33.333333333333336,2025-05-25 12:12:30.239737,2025-05-25 12:12:49.843051,0 days 00:00:19.603314,AdamW,0.22431509434134325,,,0.0866438695660128,,,,2,,,0.0010877158507897223,,PRUNED
60,60,33.333333333333336,2025-05-25 12:12:49.878231,2025-05-25 12:13:09.538873,0 days 00:00:19.660642,AdamW,0.2704368989563073,,,0.0004207458494218077,,,,0,,,0.0019627920483623533,,PRUNED
61,61,39.583333333333336,2025-05-25 12:13:09.575145,2025-05-25 12:13:28.471756,0 days 00:00:18.896611,AdamW,0.1672067440050428,,,6.842393517117068e-05,,,,6,,,0.0026875934085434368,,PRUNED
62,62,35.416666666666664,2025-05-25 12:13:28.511841,2025-05-25 12:13:48.088125,0 days 00:00:19.576284,AdamW,0.13676731584998514,,,4.379243757574461e-05,,,,5,,,0.003409819425973793,,PRUNED
63,63,35.416666666666664,2025-05-25 12:13:48.122030,2025-05-25 12:14:07.799525,0 days 00:00:19.677495,AdamW,0.255772240049401,,,1.9893480266406906e-05,,,,1,,,0.004757934872164586,,PRUNED
64,64,52.083333333333336,2025-05-25 12:14:07.834921,2025-05-25 12:14:32.056380,0 days 00:00:24.221459,AdamW,0.1784355658672316,,,8.547470506398291e-05,,,,3,,,0.0004188841251707584,,PRUNED
65,65,68.75,2025-05-25 12:14:32.091366,2025-05-25 12:15:02.690157,0 days 00:00:30.598791,AdamW,0.09672722040910112,,,5.034225650090624e-05,,,,5,,,0.0019686774986163087,,COMPLETE
66,66,39.583333333333336,2025-05-25 12:15:02.741766,2025-05-25 12:15:23.178353,0 days 00:00:20.436587,AdamW,0.09154738534528883,,,4.0332235355429454e-05,,,,6,,,0.0017954025497305215,,PRUNED
67,67,,2025-05-25 12:15:23.218658,2025-05-25 12:15:42.443948,0 days 00:00:19.225290,SGD,0.045209412021133086,,,,0.0005166105489683339,24.837288159781853,False,4,,,,3.3555143899358795,PRUNED
68,68,33.333333333333336,2025-05-25 12:15:42.488903,2025-05-25 12:16:01.980507,0 days 00:00:19.491604,Adadelta,0.1088435881640018,0.23171167184435645,,,,,,2,0.1367324250220455,,,,PRUNED
69,69,41.666666666666664,2025-05-25 12:16:02.025430,2025-05-25 12:16:23.953932,0 days 00:00:21.928502,AdamW,0.28785466146394734,,,1.0270619744078713e-05,,,,5,,,0.0011154695091205441,,PRUNED
70,70,81.25,2025-05-25 12:16:23.988491,2025-05-25 12:16:55.692707,0 days 00:00:31.704216,AdamW,0.1949558424430406,,,0.0002966011379987292,,,,1,,,0.002471950103593902,,COMPLETE
71,71,33.333333333333336,2025-05-25 12:16:55.760439,2025-05-25 12:17:16.033072,0 days 00:00:20.272633,AdamW,0.21884621597240567,,,0.00023393931793991044,,,,1,,,0.002617472354183524,,PRUNED
72,72,27.083333333333332,2025-05-25 12:17:16.068079,2025-05-25 12:17:35.832572,0 days 00:00:19.764493,AdamW,0.3107494504129922,,,0.00012853144720601325,,,,1,,,0.0021143606863815736,,PRUNED
73,73,31.25,2025-05-25 12:17:35.869590,2025-05-25 12:17:54.944854,0 days 00:00:19.075264,AdamW,0.1931829302596283,,,6.081926416503274e-05,,,,7,,,0.0013982004612441655,,PRUNED
74,74,64.58333333333333,2025-05-25 12:17:54.980513,2025-05-25 12:18:26.418292,0 days 00:00:31.437779,AdamW,0.1588362666067253,,,0.00033020361644607615,,,,3,,,0.0030498502157571125,,COMPLETE
75,75,33.333333333333336,2025-05-25 12:18:26.470614,2025-05-25 12:18:46.357349,0 days 00:00:19.886735,AdamW,0.23859253826370364,,,0.000167182148592751,,,,0,,,0.0034338762205137234,,PRUNED
76,76,33.333333333333336,2025-05-25 12:18:46.392996,2025-05-25 12:19:06.169241,0 days 00:00:19.776245,AdamW,0.0853136851563038,,,9.178976397363542e-05,,,,1,,,0.004427373714290258,,PRUNED
77,77,33.333333333333336,2025-05-25 12:19:06.203437,2025-05-25 12:19:25.879720,0 days 00:00:19.676283,Adam,0.06295339030475113,,0.0026967970033281645,,,,,2,,6.246000718224719,,,PRUNED
78,78,35.416666666666664,2025-05-25 12:19:25.916138,2025-05-25 12:19:45.428238,0 days 00:00:19.512100,AdamW,0.13200388512168038,,,5.920617835711601e-05,,,,4,,,0.0004891680720644111,,PRUNED
79,79,41.666666666666664,2025-05-25 12:19:45.464000,2025-05-25 12:20:05.115589,0 days 00:00:19.651589,AdamW,0.2583791227807435,,,0.00022689744935243202,,,,0,,,0.0025372131340662195,,PRUNED
80,80,33.333333333333336,2025-05-25 12:20:05.150390,2025-05-25 12:20:25.048533,0 days 00:00:19.898143,Adadelta,0.20753778439642573,12.096072085336496,,,,,,2,8.455573569444077,,,,PRUNED
81,81,33.333333333333336,2025-05-25 12:20:25.084222,2025-05-25 12:20:44.758719,0 days 00:00:19.674497,AdamW,0.15899050205203658,,,0.00036717277378218343,,,,3,,,0.0029537485550269155,,PRUNED
82,82,33.333333333333336,2025-05-25 12:20:44.793495,2025-05-25 12:21:04.456578,0 days 00:00:19.663083,AdamW,0.18464768391070524,,,0.0007416022077649177,,,,3,,,0.003376447377661801,,PRUNED
83,83,33.333333333333336,2025-05-25 12:21:04.494255,2025-05-25 12:21:24.191509,0 days 00:00:19.697254,AdamW,0.13945856843817334,,,0.00031033734788999946,,,,2,,,0.0020300061001586834,,PRUNED
84,84,33.333333333333336,2025-05-25 12:21:24.226370,2025-05-25 12:21:43.694316,0 days 00:00:19.467946,AdamW,0.11110411290938627,,,0.0011753525028531345,,,,3,,,0.004056214230319665,,PRUNED
85,85,33.333333333333336,2025-05-25 12:21:43.728378,2025-05-25 12:22:03.191147,0 days 00:00:19.462769,AdamW,0.24366826388857327,,,0.00011461853453087443,,,,4,,,0.006031341443205719,,PRUNED
86,86,43.75,2025-05-25 12:22:03.225529,2025-05-25 12:22:25.259206,0 days 00:00:22.033677,AdamW,0.16519928386135949,,,0.00014162389961930937,,,,2,,,0.0027916596264071897,,PRUNED
87,87,,2025-05-25 12:22:25.293950,2025-05-25 12:22:43.571525,0 days 00:00:18.277575,SGD,0.21717395495687594,,,,9.825921541597883e-05,71.91471893329434,True,1,,,,0.21320605984942156,PRUNED
88,88,33.333333333333336,2025-05-25 12:22:43.616105,2025-05-25 12:23:03.501892,0 days 00:00:19.885787,AdamW,0.3062514671691412,,,3.7898905751628385e-05,,,,2,,,0.0015635589709499537,,PRUNED
89,89,81.25,2025-05-25 12:23:03.537361,2025-05-25 12:23:35.471451,0 days 00:00:31.934090,AdamW,0.28534011356908584,,,7.976684074853224e-05,,,,1,,,0.002412362681270577,,COMPLETE
90,90,33.333333333333336,2025-05-25 12:23:35.523992,2025-05-25 12:23:55.299509,0 days 00:00:19.775517,AdamW,0.3245163596718602,,,7.544906820982256e-05,,,,1,,,0.0002164770308317848,,PRUNED
91,91,37.5,2025-05-25 12:23:55.334334,2025-05-25 12:24:15.377429,0 days 00:00:20.043095,AdamW,0.27866587284315364,,,5.092234215769957e-05,,,,1,,,0.0023063830089234474,,PRUNED
92,92,33.333333333333336,2025-05-25 12:24:15.425076,2025-05-25 12:24:34.898118,0 days 00:00:19.473042,AdamW,0.28283915030219975,,,0.0005491693007044072,,,,5,,,0.0018511305248247133,,PRUNED
93,93,77.08333333333333,2025-05-25 12:24:34.933272,2025-05-25 12:25:06.732944,0 days 00:00:31.799672,AdamW,0.23167484634051705,,,0.00011176607238087763,,,,1,,,0.0032069755097429834,,COMPLETE
94,94,33.333333333333336,2025-05-25 12:25:06.827644,2025-05-25 12:25:26.558156,0 days 00:00:19.730512,AdamW,0.2259310184581434,,,0.00010962092549980541,,,,1,,,0.0003351404814950385,,PRUNED
95,95,33.333333333333336,2025-05-25 12:25:26.593389,2025-05-25 12:25:46.419631,0 days 00:00:19.826242,Adam,0.260897431670815,,0.011588391952708449,,,,,0,,9.979950610879278,,,PRUNED
96,96,33.333333333333336,2025-05-25 12:25:46.457380,2025-05-25 12:26:06.170247,0 days 00:00:19.712867,AdamW,0.194438683675414,,,0.00019038365013303781,,,,1,,,0.005132002961535009,,PRUNED
97,97,64.58333333333333,2025-05-25 12:26:06.205125,2025-05-25 12:26:35.467547,0 days 00:00:29.262422,AdamW,0.24132074743608875,,,2.3919755152691808e-05,,,,0,,,0.0038264014438610912,,PRUNED
98,98,33.333333333333336,2025-05-25 12:26:35.505692,2025-05-25 12:26:55.237790,0 days 00:00:19.732098,AdamW,0.34339220782341373,,,0.00010536319374127739,,,,1,,,0.0009212293547883279,,PRUNED
99,99,58.333333333333336,2025-05-25 12:26:55.273576,2025-05-25 12:27:19.325476,0 days 00:00:24.051900,AdamW,0.2648636086220464,,,7.262839840171765e-05,,,,0,,,0.0024455210792426437,,PRUNED
100,100,33.333333333333336,2025-05-25 12:27:19.359145,2025-05-25 12:27:31.303947,0 days 00:00:11.944802,Adadelta,0.29616459669661005,0.2270902997806887,,,,,,1,0.10268092529040569,,,,PRUNED
101,101,33.333333333333336,2025-05-25 12:27:31.338491,2025-05-25 12:27:50.877475,0 days 00:00:19.538984,AdamW,0.2301533293477944,,,0.00025651243072065324,,,,2,,,0.0030950234653312463,,PRUNED
102,102,39.583333333333336,2025-05-25 12:27:50.912111,2025-05-25 12:28:10.869278,0 days 00:00:19.957167,AdamW,0.14892490352538593,,,0.00016191706179851645,,,,4,,,0.0031545692364661005,,PRUNED
103,103,35.416666666666664,2025-05-25 12:28:10.904644,2025-05-25 12:28:30.881225,0 days 00:00:19.976581,AdamW,0.20265594307889417,,,5.6856086049349374e-05,,,,1,,,0.003669870929687778,,PRUNED
104,104,33.333333333333336,2025-05-25 12:28:30.931465,2025-05-25 12:28:50.478758,0 days 00:00:19.547293,AdamW,0.18113991467107382,,,0.004141848112633102,,,,5,,,0.002188709971961477,,PRUNED
105,105,35.416666666666664,2025-05-25 12:28:50.514526,2025-05-25 12:29:10.087923,0 days 00:00:19.573397,AdamW,0.1042965242524524,,,9.450064839165411e-05,,,,2,,,0.0027919634889846017,,PRUNED
106,106,33.333333333333336,2025-05-25 12:29:10.123213,2025-05-25 12:29:29.964330,0 days 00:00:19.841117,AdamW,0.18813730273831902,,,0.0001335149697814412,,,,1,,,0.00015102021535036767,,PRUNED
107,107,,2025-05-25 12:29:29.999945,2025-05-25 12:29:47.900207,0 days 00:00:17.900262,SGD,0.12895928367544818,,,,0.09797502650996648,72.50289903128427,False,6,,,,0.0141879715122381,PRUNED
108,108,33.333333333333336,2025-05-25 12:29:47.940936,2025-05-25 12:30:07.473356,0 days 00:00:19.532420,AdamW,0.2448826169238359,,,3.522834165377264e-05,,,,3,,,0.0016649307427630338,,PRUNED
109,109,37.5,2025-05-25 12:30:07.509591,2025-05-25 12:30:27.239963,0 days 00:00:19.730372,AdamW,0.21364282633041481,,,8.169805840885546e-05,,,,1,,,0.0006496299242259709,,PRUNED
110,110,66.66666666666667,2025-05-25 12:30:27.276131,2025-05-25 12:30:58.615645,0 days 00:00:31.339514,AdamW,0.08170636750341775,,,0.00019501984003699797,,,,2,,,0.00026364958512616114,,COMPLETE
111,111,37.5,2025-05-25 12:30:58.668698,2025-05-25 12:31:18.310069,0 days 00:00:19.641371,AdamW,0.07268841169690426,,,0.00020589186802795603,,,,2,,,0.00026462056282314765,,PRUNED
112,112,33.333333333333336,2025-05-25 12:31:18.345517,2025-05-25 12:31:38.198567,0 days 00:00:19.853050,AdamW,0.0888241672303857,,,0.00030746998187394255,,,,2,,,0.00024588192081638764,,PRUNED
113,113,62.5,2025-05-25 12:31:38.234923,2025-05-25 12:32:07.327554,0 days 00:00:29.092631,AdamW,0.0358520094075276,,,4.705634712003143e-05,,,,2,,,0.00033033918729266697,,PRUNED
114,114,33.333333333333336,2025-05-25 12:32:07.363419,2025-05-25 12:32:27.129461,0 days 00:00:19.766042,AdamW,0.11929237584170727,,,0.00013934012805379495,,,,3,,,0.0005298485681273652,,PRUNED
115,115,72.91666666666667,2025-05-25 12:32:27.165345,2025-05-25 12:32:56.149411,0 days 00:00:28.984066,AdamW,0.16066232333847258,,,0.00010732827143342236,,,,2,,,0.0004136604308959701,,COMPLETE
116,116,37.5,2025-05-25 12:32:56.204074,2025-05-25 12:33:15.797172,0 days 00:00:19.593098,AdamW,0.3188177516863929,,,6.75551126433137e-05,,,,2,,,0.00044947437855745123,,PRUNED
117,117,31.25,2025-05-25 12:33:15.831182,2025-05-25 12:33:35.350243,0 days 00:00:19.519061,Adam,0.2721538773457159,,1.3121599039078965e-05,,,,,1,,0.2103113947611778,,,PRUNED
118,118,39.583333333333336,2025-05-25 12:33:35.385453,2025-05-25 12:33:55.213126,0 days 00:00:19.827673,AdamW,0.13985956746463368,,,0.0001059981746303291,,,,1,,,0.00018514257912868797,,PRUNED
119,119,79.16666666666667,2025-05-25 12:33:55.249826,2025-05-25 12:34:26.943858,0 days 00:00:31.694032,AdamW,0.2526769930713259,,,0.00018122845206564208,,,,0,,,0.0003995014644913465,,COMPLETE
120,120,33.333333333333336,2025-05-25 12:34:26.996676,2025-05-25 12:34:46.664696,0 days 00:00:19.668020,AdamW,0.3005578251108688,,,8.082799878832958e-05,,,,0,,,0.0005620364283375577,,PRUNED
121,121,37.5,2025-05-25 12:34:46.703263,2025-05-25 12:35:06.375379,0 days 00:00:19.672116,AdamW,0.24765828488278255,,,0.0001459626799323455,,,,0,,,0.000370489062911582,,PRUNED
122,122,33.333333333333336,2025-05-25 12:35:06.410860,2025-05-25 12:35:26.500501,0 days 00:00:20.089641,AdamW,0.25341230015246574,,,0.0001796580945602555,,,,0,,,0.0003798666780234853,,PRUNED
123,123,37.5,2025-05-25 12:35:26.535509,2025-05-25 12:35:45.961349,0 days 00:00:19.425840,AdamW,0.28568039846587945,,,0.00010069391271906407,,,,5,,,0.00032068874562905705,,PRUNED
124,124,29.166666666666668,2025-05-25 12:35:46.055848,2025-05-25 12:36:05.847510,0 days 00:00:19.791662,AdamW,0.23207556674657062,,,5.446452723231056e-05,,,,0,,,0.00039955491971316857,,PRUNED
125,125,45.833333333333336,2025-05-25 12:36:05.883325,2025-05-25 12:36:27.992839,0 days 00:00:22.109514,AdamW,0.1757388294936467,,,0.00012021035217338513,,,,0,,,0.000470028748008978,,PRUNED
126,126,54.166666666666664,2025-05-25 12:36:28.044172,2025-05-25 12:36:50.782241,0 days 00:00:22.738069,AdamW,0.07920758035165235,,,0.0002292348173162649,,,,1,,,0.00030146345114006934,,PRUNED
127,127,37.5,2025-05-25 12:36:50.816854,2025-05-25 12:37:09.680889,0 days 00:00:18.864035,Adadelta,0.09810111229578891,0.047617818108214104,,,,,,6,10.585372463632055,,,,PRUNED
128,128,39.583333333333336,2025-05-25 12:37:09.716536,2025-05-25 12:37:29.583845,0 days 00:00:19.867309,AdamW,0.26595478088050456,,,6.912225321905432e-05,,,,2,,,0.0002453667658954578,,PRUNED
129,129,33.333333333333336,2025-05-25 12:37:29.618831,2025-05-25 12:37:49.081058,0 days 00:00:19.462227,AdamW,0.2217661928249573,,,0.00018607171888767793,,,,2,,,0.0023540828877925777,,PRUNED
130,130,,2025-05-25 12:37:49.115472,2025-05-25 12:38:07.217111,0 days 00:00:18.101639,SGD,0.2040737595496559,,,,0.00345264530261775,27.191381134998668,True,1,,,,97.76712730758254,PRUNED
131,131,33.333333333333336,2025-05-25 12:38:07.260728,2025-05-25 12:38:26.817128,0 days 00:00:19.556400,AdamW,0.16692521792464152,,,0.0002802518644898123,,,,2,,,0.0025963991173972483,,PRUNED
132,132,35.416666666666664,2025-05-25 12:38:26.851614,2025-05-25 12:38:46.313631,0 days 00:00:19.462017,AdamW,0.16148100416241448,,,0.00043124675083598137,,,,3,,,0.0012362539826654881,,PRUNED
133,133,33.333333333333336,2025-05-25 12:38:46.347952,2025-05-25 12:39:05.890697,0 days 00:00:19.542745,AdamW,0.1558137245867956,,,0.00015165534170905238,,,,2,,,0.0033214500737793595,,PRUNED
134,134,33.333333333333336,2025-05-25 12:39:05.926490,2025-05-25 12:39:25.630072,0 days 00:00:19.703582,AdamW,0.14599699169140443,,,0.000358620135170356,,,,1,,,0.0007649626371420186,,PRUNED
135,135,47.916666666666664,2025-05-25 12:39:25.664816,2025-05-25 12:39:47.505820,0 days 00:00:21.841004,AdamW,0.12568795883556783,,,8.680676427809548e-05,,,,3,,,0.0028474981663125947,,PRUNED
136,136,37.5,2025-05-25 12:39:47.542426,2025-05-25 12:40:07.203238,0 days 00:00:19.660812,AdamW,0.1099808879354226,,,0.00012359389772378617,,,,1,,,0.00216861772584304,,PRUNED
137,137,33.333333333333336,2025-05-25 12:40:07.238415,2025-05-25 12:40:26.848078,0 days 00:00:19.609663,AdamW,0.05959979474944038,,,4.3097922499172406e-05,,,,1,,,0.003696690161030224,,PRUNED
138,138,33.333333333333336,2025-05-25 12:40:26.883378,2025-05-25 12:40:46.881586,0 days 00:00:19.998208,AdamW,0.2785545138232678,,,0.0005455765318233935,,,,2,,,0.001923070890984463,,PRUNED
139,139,33.333333333333336,2025-05-25 12:40:46.926702,2025-05-25 12:41:06.345346,0 days 00:00:19.418644,AdamW,0.23567299307587505,,,0.0002025266495801893,,,,5,,,0.0042777022768414035,,PRUNED
140,140,31.25,2025-05-25 12:41:06.379913,2025-05-25 12:41:26.132391,0 days 00:00:19.752478,Adam,0.33482919896860186,,0.0004573771950773228,,,,,0,,0.29808659378413105,,,PRUNED
141,141,39.583333333333336,2025-05-25 12:41:26.169181,2025-05-25 12:41:46.369355,0 days 00:00:20.200174,AdamW,0.18640209481076359,,,2.9500389215363e-05,,,,5,,,0.0024924570826916266,,PRUNED
142,142,35.416666666666664,2025-05-25 12:41:46.404191,2025-05-25 12:42:05.870450,0 days 00:00:19.466259,AdamW,0.1712748255797817,,,6.325122715883666e-05,,,,5,,,0.00291745924349362,,PRUNED
143,143,41.666666666666664,2025-05-25 12:42:05.904931,2025-05-25 12:42:25.522834,0 days 00:00:19.617903,AdamW,0.2129584694796857,,,9.80569154606176e-05,,,,4,,,0.0031444668416423156,,PRUNED
144,144,39.583333333333336,2025-05-25 12:42:25.561067,2025-05-25 12:42:45.107626,0 days 00:00:19.546559,AdamW,0.25703374419028935,,,4.808360151350892e-05,,,,5,,,0.000427095067882887,,PRUNED
145,145,45.833333333333336,2025-05-25 12:42:45.142842,2025-05-25 12:43:06.980598,0 days 00:00:21.837756,AdamW,0.15375131485140497,,,7.588381363686611e-05,,,,4,,,0.0026536327094802306,,PRUNED
146,146,33.333333333333336,2025-05-25 12:43:07.016356,2025-05-25 12:43:26.789772,0 days 00:00:19.773416,AdamW,0.13834453598814492,,,0.00012287811923401888,,,,1,,,0.0019790223263681512,,PRUNED
147,147,41.666666666666664,2025-05-25 12:43:26.824562,2025-05-25 12:43:46.319661,0 days 00:00:19.495099,AdamW,0.19601701797670842,,,5.7697661556191664e-05,,,,3,,,0.0023698586645050945,,PRUNED
148,148,33.333333333333336,2025-05-25 12:43:46.354181,2025-05-25 12:44:06.213186,0 days 00:00:19.859005,AdamW,0.1767119405452279,,,0.0002523798710253992,,,,5,,,0.0017096277001261888,,PRUNED
149,149,39.583333333333336,2025-05-25 12:44:06.248389,2025-05-25 12:44:26.028579,0 days 00:00:19.780190,AdamW,0.3038450056826909,,,9.537744628521926e-05,,,,1,,,0.0037051575145263522,,PRUNED
150,150,66.66666666666667,2025-05-25 12:44:26.063755,2025-05-25 12:44:58.030649,0 days 00:00:31.966894,AdamW,0.2665851466718294,,,0.00014642570095015737,,,,0,,,0.0015151520721725575,,COMPLETE
151,151,33.333333333333336,2025-05-25 12:44:58.083370,2025-05-25 12:45:17.966017,0 days 00:00:19.882647,AdamW,0.29000190457367114,,,0.00016337124624132634,,,,0,,,0.001459985169617972,,PRUNED
152,152,33.333333333333336,2025-05-25 12:45:18.000919,2025-05-25 12:45:37.897487,0 days 00:00:19.896568,AdamW,0.26868588918577474,,,0.00014198767315491454,,,,0,,,0.0020524837049308536,,PRUNED
153,153,35.416666666666664,2025-05-25 12:45:37.932332,2025-05-25 12:45:57.520621,0 days 00:00:19.588289,AdamW,0.2420663369401896,,,8.238982214946578e-05,,,,0,,,0.0008865840616094399,,PRUNED
154,154,37.5,2025-05-25 12:45:57.555887,2025-05-25 12:46:17.306572,0 days 00:00:19.750685,AdamW,0.25109917753261973,,,0.00011432257523546883,,,,0,,,0.0003521748669833329,,PRUNED
155,155,33.333333333333336,2025-05-25 12:46:17.341586,2025-05-25 12:46:37.329645,0 days 00:00:19.988059,Adadelta,0.2768777576093226,18.323736764014896,,,,,,1,3.673323599397911,,,,PRUNED
156,156,33.333333333333336,2025-05-25 12:46:37.374413,2025-05-25 12:46:57.054396,0 days 00:00:19.679983,AdamW,0.06902525548741319,,,0.00020419803570084075,,,,2,,,0.0018070973546879085,,PRUNED
157,157,33.333333333333336,2025-05-25 12:46:57.089333,2025-05-25 12:47:16.034948,0 days 00:00:18.945615,AdamW,0.22262980785832875,,,7.028369570692611e-05,,,,6,,,0.0033272283933298186,,PRUNED
158,158,,2025-05-25 12:47:16.076228,2025-05-25 12:47:34.442888,0 days 00:00:18.366660,SGD,0.2629423688075785,,,,0.00010022574388633846,72.05594669729432,False,1,,,,0.48481908468920926,PRUNED
159,159,54.166666666666664,2025-05-25 12:47:34.487131,2025-05-25 12:47:56.552109,0 days 00:00:22.064978,AdamW,0.099955943120978,,,3.5887133140221616e-05,,,,0,,,0.00301156245965773,,PRUNED
160,160,33.333333333333336,2025-05-25 12:47:56.588086,2025-05-25 12:48:16.164714,0 days 00:00:19.576628,AdamW,0.08339426659300239,,,0.039349424072630416,,,,2,,,0.002234052071431548,,PRUNED
161,161,39.583333333333336,2025-05-25 12:48:16.199709,2025-05-25 12:48:35.881358,0 days 00:00:19.681649,AdamW,0.014734756150699455,,,5.23267897585683e-05,,,,2,,,0.0026329818340368478,,PRUNED
162,162,54.166666666666664,2025-05-25 12:48:35.917011,2025-05-25 12:49:00.472073,0 days 00:00:24.555062,AdamW,0.008797612514307098,,,9.839367999435915e-05,,,,2,,,0.0006209903511275307,,PRUNED
163,163,33.333333333333336,2025-05-25 12:49:00.508051,2025-05-25 12:49:20.440934,0 days 00:00:19.932883,AdamW,0.0311630294313422,,,4.138332335098584e-05,,,,2,,,0.00028737608922290884,,PRUNED
164,164,35.416666666666664,2025-05-25 12:49:20.486681,2025-05-25 12:49:40.142525,0 days 00:00:19.655844,AdamW,0.02051945135310059,,,0.00017216237215131344,,,,1,,,0.0005107195088468477,,PRUNED
165,165,35.416666666666664,2025-05-25 12:49:40.177801,2025-05-25 12:49:59.851342,0 days 00:00:19.673541,AdamW,0.16303955441767484,,,6.304660135658854e-05,,,,3,,,0.0012853019122793803,,PRUNED
166,166,58.333333333333336,2025-05-25 12:49:59.887638,2025-05-25 12:50:28.454903,0 days 00:00:28.567265,AdamW,0.11655351648556497,,,0.00012710789397731766,,,,5,,,0.00243175586159758,,PRUNED
167,167,33.333333333333336,2025-05-25 12:50:28.491517,2025-05-25 12:50:48.101175,0 days 00:00:19.609658,AdamW,0.14693245125182727,,,2.049936835589094e-05,,,,2,,,0.0006987173267428628,,PRUNED
168,168,33.333333333333336,2025-05-25 12:50:48.139923,2025-05-25 12:51:07.855904,0 days 00:00:19.715981,AdamW,0.23067977879273432,,,0.0011585412201542639,,,,2,,,0.002796945751120528,,PRUNED
169,169,35.416666666666664,2025-05-25 12:51:07.890997,2025-05-25 12:51:27.560857,0 days 00:00:19.669860,Adam,0.0512538287954917,,9.150215020620302e-05,,,,,1,,18.684102306313758,,,PRUNED
170,170,75.0,2025-05-25 12:51:27.596017,2025-05-25 12:51:59.395910,0 days 00:00:31.799893,AdamW,0.42040855603147836,,,8.169839104303879e-05,,,,0,,,0.0005553146780960763,,COMPLETE
171,171,39.583333333333336,2025-05-25 12:51:59.449730,2025-05-25 12:52:19.066945,0 days 00:00:19.617215,AdamW,0.4168695107014928,,,8.097667946348918e-05,,,,0,,,0.0004547721394865663,,PRUNED
172,172,35.416666666666664,2025-05-25 12:52:19.102507,2025-05-25 12:52:38.872862,0 days 00:00:19.770355,AdamW,0.25137994368086003,,,9.937453405694395e-05,,,,0,,,0.0006901794679919876,,PRUNED
173,173,39.583333333333336,2025-05-25 12:52:38.907710,2025-05-25 12:52:58.678353,0 days 00:00:19.770643,AdamW,0.44720028729404004,,,0.00014792838689715965,,,,0,,,0.00039912395459647503,,PRUNED
174,174,72.91666666666667,2025-05-25 12:52:58.713874,2025-05-25 12:53:30.530709,0 days 00:00:31.816835,AdamW,0.4121997951897177,,,0.0001137214251900364,,,,0,,,0.0005439209647393133,,COMPLETE
175,175,50.0,2025-05-25 12:53:30.583891,2025-05-25 12:53:53.191105,0 days 00:00:22.607214,AdamW,0.3955396533319247,,,0.00011131058171296796,,,,0,,,0.0005613459618674485,,PRUNED
176,176,52.083333333333336,2025-05-25 12:53:53.227727,2025-05-25 12:54:15.443474,0 days 00:00:22.215747,AdamW,0.41549203011304175,,,8.00327501476239e-05,,,,0,,,0.0003130003823860722,,PRUNED
177,177,33.333333333333336,2025-05-25 12:54:15.479020,2025-05-25 12:54:35.309368,0 days 00:00:19.830348,AdamW,0.36405274973980944,,,0.000323315179190448,,,,0,,,0.003137884104529972,,PRUNED
178,178,33.333333333333336,2025-05-25 12:54:35.345267,2025-05-25 12:54:55.065832,0 days 00:00:19.720565,AdamW,0.4395449335428296,,,0.00025664128335669325,,,,0,,,0.00025827354181250025,,PRUNED
179,179,33.333333333333336,2025-05-25 12:54:55.105401,2025-05-25 12:55:15.004882,0 days 00:00:19.899481,AdamW,0.42849330140401387,,,0.00012285652529317044,,,,0,,,0.0005246098128661281,,PRUNED
180,180,35.416666666666664,2025-05-25 12:55:15.039616,2025-05-25 12:55:34.842412,0 days 00:00:19.802796,AdamW,0.44970801956437684,,,0.0001713000906428153,,,,0,,,0.0021321752722358368,,PRUNED
181,181,41.666666666666664,2025-05-25 12:55:34.878702,2025-05-25 12:55:54.764513,0 days 00:00:19.885811,AdamW,0.38946293424229694,,,5.5070329853034914e-05,,,,5,,,0.0006013692795975552,,PRUNED
182,182,45.833333333333336,2025-05-25 12:55:54.802688,2025-05-25 12:56:14.742142,0 days 00:00:19.939454,AdamW,0.17291529754402216,,,6.574392458769515e-05,,,,1,,,0.0004369092909916883,,PRUNED
183,183,35.416666666666664,2025-05-25 12:56:14.777529,2025-05-25 12:56:34.476924,0 days 00:00:19.699395,AdamW,0.4799273756963218,,,9.121562718905954e-05,,,,1,,,0.0003540572760808766,,PRUNED
184,184,35.416666666666664,2025-05-25 12:56:34.514890,2025-05-25 12:56:54.421752,0 days 00:00:19.906862,AdamW,0.37600878837447427,,,0.00014229858755881653,,,,0,,,0.0005457056321222599,,PRUNED
185,185,33.333333333333336,2025-05-25 12:56:54.456629,2025-05-25 12:57:13.926813,0 days 00:00:19.470184,Adadelta,0.19218518984200955,0.9640010088194342,,,,,,2,0.07873065117454518,,,,PRUNED
186,186,33.333333333333336,2025-05-25 12:57:13.973414,2025-05-25 12:57:33.578333,0 days 00:00:19.604919,AdamW,0.45842132672933167,,,0.003958468780292181,,,,5,,,0.002523658228253641,,PRUNED
187,187,39.583333333333336,2025-05-25 12:57:33.614712,2025-05-25 12:57:53.572923,0 days 00:00:19.958211,AdamW,0.40362730575190986,,,3.0869666178018916e-05,,,,2,,,0.00047882577362294776,,PRUNED
188,188,50.0,2025-05-25 12:57:53.607668,2025-05-25 12:58:15.704732,0 days 00:00:22.097064,AdamW,0.13261137650827706,,,4.622230975926296e-05,,,,1,,,0.0028222904627812516,,PRUNED
189,189,,2025-05-25 12:58:15.740231,2025-05-25 12:58:33.893030,0 days 00:00:18.152799,SGD,0.23934652392065392,,,,0.011974182122558682,25.257140469857074,True,0,,,,8.71067040263969,PRUNED
190,190,33.333333333333336,2025-05-25 12:58:33.938326,2025-05-25 12:58:53.584461,0 days 00:00:19.646135,AdamW,0.2618369521136202,,,0.0002078417021782214,,,,1,,,0.0007181390538602625,,PRUNED
191,191,35.416666666666664,2025-05-25 12:58:53.619652,2025-05-25 12:59:13.090017,0 days 00:00:19.470365,Adam,0.4314113774789226,,4.4159667823732744e-05,,,,,5,,0.03596601685357961,,,PRUNED
192,192,33.333333333333336,2025-05-25 12:59:13.128170,2025-05-25 12:59:32.778292,0 days 00:00:19.650122,Adam,0.28651499164110733,,4.3654281314202326e-05,,,,,5,,0.055986225742030576,,,PRUNED
193,193,35.416666666666664,2025-05-25 12:59:32.814154,2025-05-25 12:59:52.342721,0 days 00:00:19.528567,Adam,0.34949082195549785,,0.0006618219887235886,,,,,5,,0.5275230203340361,,,PRUNED
194,194,27.083333333333332,2025-05-25 12:59:52.378758,2025-05-25 13:00:11.773451,0 days 00:00:19.394693,Adam,0.4047995099375741,,5.5749029855127327e-05,,,,,5,,0.08109395718585236,,,PRUNED
195,195,37.5,2025-05-25 13:00:11.872484,2025-05-25 13:00:31.428568,0 days 00:00:19.556084,AdamW,0.2743649281545977,,,7.334159051992587e-05,,,,4,,,0.0023366002173756425,,PRUNED
196,196,72.91666666666667,2025-05-25 13:00:31.463870,2025-05-25 13:01:02.986254,0 days 00:00:31.522384,AdamW,0.18561656340567512,,,9.851201335003306e-05,,,,2,,,0.003577303654935055,,COMPLETE
197,197,43.75,2025-05-25 13:01:03.038426,2025-05-25 13:01:25.292547,0 days 00:00:22.254121,AdamW,0.18515802410063142,,,0.00011647698987366008,,,,2,,,0.003456021546422657,,PRUNED
198,198,54.166666666666664,2025-05-25 13:01:25.330276,2025-05-25 13:01:47.449888,0 days 00:00:22.119612,AdamW,0.15442366805464636,,,9.23588969152987e-05,,,,2,,,0.00022400592408920728,,PRUNED
199,199,35.416666666666664,2025-05-25 13:01:47.486064,2025-05-25 13:02:06.451084,0 days 00:00:18.965020,AdamW,0.1806575713541108,,,0.00010947775023059928,,,,7,,,0.003891414259656031,,PRUNED
200,200,33.333333333333336,2025-05-25 13:02:06.489553,2025-05-25 13:02:26.453351,0 days 00:00:19.963798,AdamW,0.19662509768928413,,,6.377348523219839e-05,,,,2,,,0.0034759370177940415,,PRUNED
201,201,43.75,2025-05-25 13:02:26.490568,2025-05-25 13:02:46.241416,0 days 00:00:19.750848,AdamW,0.20960140011561584,,,0.00013472854543068226,,,,2,,,0.002936385364257831,,PRUNED
202,202,33.333333333333336,2025-05-25 13:02:46.278135,2025-05-25 13:03:05.954645,0 days 00:00:19.676510,AdamW,0.3173470253084044,,,8.429040757981734e-05,,,,2,,,0.00850949530270111,,PRUNED
203,203,41.666666666666664,2025-05-25 13:03:05.989796,2025-05-25 13:03:25.620042,0 days 00:00:19.630246,AdamW,0.16126548321971035,,,0.00017795860075078598,,,,1,,,0.0010839153290771474,,PRUNED
204,204,33.333333333333336,2025-05-25 13:03:25.655816,2025-05-25 13:03:45.096279,0 days 00:00:19.440463,Adam,0.24804734154846797,,0.003749589023318448,,,,,5,,2.425220359718624,,,PRUNED
205,205,33.333333333333336,2025-05-25 13:03:45.133495,2025-05-25 13:04:04.932531,0 days 00:00:19.799036,AdamW,0.169567679388749,,,0.00010460315025659978,,,,0,,,0.0031403440399489597,,PRUNED
206,206,41.666666666666664,2025-05-25 13:04:04.968393,2025-05-25 13:04:24.662330,0 days 00:00:19.693937,AdamW,0.26722412016399,,,5.330391928416169e-05,,,,3,,,0.0044162034056043934,,PRUNED
207,207,83.33333333333333,2025-05-25 13:04:24.698794,2025-05-25 13:04:56.696201,0 days 00:00:31.997407,AdamW,0.3528614170467893,,,0.00014906456651313276,,,,1,,,0.0003991494535759436,,COMPLETE
208,208,33.333333333333336,2025-05-25 13:04:56.749684,2025-05-25 13:05:16.379160,0 days 00:00:19.629476,AdamW,0.3782030333624085,,,0.00015853047318739258,,,,1,,,0.00038777098929558204,,PRUNED
209,209,47.916666666666664,2025-05-25 13:05:16.415283,2025-05-25 13:05:36.183485,0 days 00:00:19.768202,AdamW,0.2544761127054698,,,7.372746489916876e-05,,,,1,,,0.000487248974131455,,PRUNED
210,210,33.333333333333336,2025-05-25 13:05:36.219909,2025-05-25 13:05:55.860485,0 days 00:00:19.640576,AdamW,0.2277769262108786,,,0.00022798831218812755,,,,1,,,0.0004218038655125529,,PRUNED
211,211,31.25,2025-05-25 13:05:55.897073,2025-05-25 13:06:15.759198,0 days 00:00:19.862125,AdamW,0.177010150730576,,,0.00014685689402945708,,,,0,,,0.0027235118885211335,,PRUNED
212,212,35.416666666666664,2025-05-25 13:06:15.796316,2025-05-25 13:06:34.886851,0 days 00:00:19.090535,AdamW,0.3082089032599686,,,0.0001171704691506601,,,,8,,,0.0008242198568281568,,PRUNED
213,213,39.583333333333336,2025-05-25 13:06:34.934571,2025-05-25 13:06:57.558934,0 days 00:00:22.624363,AdamW,0.3489507905375376,,,9.178723026422653e-05,,,,2,,,0.001535562836474448,,PRUNED
214,214,33.333333333333336,2025-05-25 13:06:57.605974,2025-05-25 13:07:17.288671,0 days 00:00:19.682697,AdamW,0.4254592276930204,,,0.00019884353662867908,,,,1,,,0.000338367999481307,,PRUNED
215,215,35.416666666666664,2025-05-25 13:07:17.325053,2025-05-25 13:07:37.010698,0 days 00:00:19.685645,AdamW,0.3613686272782127,,,4.225702819616286e-05,,,,1,,,0.0005806187459923378,,PRUNED
216,216,33.333333333333336,2025-05-25 13:07:37.046690,2025-05-25 13:07:56.739795,0 days 00:00:19.693105,AdamW,0.23673599639802825,,,0.0001034271565685026,,,,3,,,0.0025435489325176396,,PRUNED
217,217,70.83333333333333,2025-05-25 13:07:56.779730,2025-05-25 13:08:28.807497,0 days 00:00:32.027767,AdamW,0.14230345839251188,,,0.0001386023297874866,,,,1,,,0.0020059199176225085,,COMPLETE
218,218,33.333333333333336,2025-05-25 13:08:28.895946,2025-05-25 13:08:48.646874,0 days 00:00:19.750928,AdamW,0.14627677545293732,,,0.00013726173394053553,,,,1,,,0.0021426767325041095,,PRUNED
219,219,41.666666666666664,2025-05-25 13:08:48.682414,2025-05-25 13:09:08.457691,0 days 00:00:19.775277,AdamW,0.12359449139261064,,,0.00017038188462206976,,,,1,,,0.002292900587197697,,PRUNED
220,220,41.666666666666664,2025-05-25 13:09:08.494087,2025-05-25 13:09:28.288799,0 days 00:00:19.794712,AdamW,0.15959323743864073,,,0.00012598069763707515,,,,1,,,0.002044942467225181,,PRUNED
221,221,41.666666666666664,2025-05-25 13:09:28.325216,2025-05-25 13:09:47.825834,0 days 00:00:19.500618,AdamW,0.3305442724033617,,,7.127702360766003e-05,,,,2,,,0.0006433704306420698,,PRUNED
222,222,31.25,2025-05-25 13:09:47.864975,2025-05-25 13:10:07.714253,0 days 00:00:19.849278,AdamW,0.13375915205321984,,,8.568731502544762e-05,,,,0,,,0.0018253275355601926,,PRUNED
223,223,33.333333333333336,2025-05-25 13:10:07.749974,2025-05-25 13:10:27.441832,0 days 00:00:19.691858,AdamW,0.29743325741283166,,,0.00038242488604150923,,,,1,,,0.0032290229815845942,,PRUNED
224,224,33.333333333333336,2025-05-25 13:10:27.477942,2025-05-25 13:10:47.181853,0 days 00:00:19.703911,Adadelta,0.14667173941745912,0.7439910515214929,,,,,,5,71.59264994221843,,,,PRUNED
225,225,35.416666666666664,2025-05-25 13:10:47.227658,2025-05-25 13:11:07.009569,0 days 00:00:19.781911,AdamW,0.2797661261624178,,,5.9788368854438974e-05,,,,1,,,0.0002914936341718998,,PRUNED
226,226,33.333333333333336,2025-05-25 13:11:07.046189,2025-05-25 13:11:26.636787,0 days 00:00:19.590598,AdamW,0.16584515026528165,,,0.0008021474328896906,,,,2,,,0.00037355133660224024,,PRUNED
227,227,41.666666666666664,2025-05-25 13:11:26.673534,2025-05-25 13:11:46.330812,0 days 00:00:19.657278,AdamW,0.2620890620186937,,,0.0002642224048334813,,,,0,,,0.0028220592764979665,,PRUNED
228,228,,2025-05-25 13:11:46.367730,2025-05-25 13:12:04.748065,0 days 00:00:18.380335,SGD,0.36483993104717793,,,,8.112497105754181e-05,59.651354807447824,True,1,,,,0.04384794499101106,PRUNED
229,229,20.833333333333332,2025-05-25 13:12:04.792816,2025-05-25 13:12:24.599576,0 days 00:00:19.806760,Adam,0.18773464130112236,,1.035416318946299e-05,,,,,0,,0.026951471684866155,,,PRUNED
230,230,33.333333333333336,2025-05-25 13:12:24.636800,2025-05-25 13:12:44.924863,0 days 00:00:20.288063,AdamW,0.15416209609683956,,,0.000109433046715591,,,,2,,,0.0004929197529926263,,PRUNED
231,231,33.333333333333336,2025-05-25 13:12:44.963283,2025-05-25 13:13:04.591317,0 days 00:00:19.628034,Adam,0.25612043648160715,,0.00017555727653243718,,,,,1,,0.857761004806722,,,PRUNED
232,232,35.416666666666664,2025-05-25 13:13:04.628085,2025-05-25 13:13:24.284972,0 days 00:00:19.656887,Adam,0.001000103891330633,,0.00012610880379826524,,,,,1,,2.111654377038311,,,PRUNED
233,233,37.5,2025-05-25 13:13:24.324256,2025-05-25 13:13:43.876708,0 days 00:00:19.552452,Adam,0.24425048976418434,,2.6258439726809904e-05,,,,,2,,0.09765477181876751,,,PRUNED
234,234,37.5,2025-05-25 13:13:43.924030,2025-05-25 13:14:03.544279,0 days 00:00:19.620249,Adam,0.24486218670991103,,0.00031838934071501493,,,,,1,,0.6874656118960356,,,PRUNED
235,235,54.166666666666664,2025-05-25 13:14:03.581059,2025-05-25 13:14:25.355540,0 days 00:00:21.774481,AdamW,0.27074322324684175,,,0.000156066226197548,,,,5,,,0.00251158699367695,,PRUNED
236,236,37.5,2025-05-25 13:14:25.392390,2025-05-25 13:14:45.275762,0 days 00:00:19.883372,AdamW,0.17440512735388464,,,9.258886115938258e-05,,,,1,,,0.0017292138014454214,,PRUNED
237,237,37.5,2025-05-25 13:14:45.323938,2025-05-25 13:15:04.833164,0 days 00:00:19.509226,AdamW,0.2564192216925575,,,0.00012891806714434206,,,,6,,,0.0035910078184650186,,PRUNED
238,238,33.333333333333336,2025-05-25 13:15:04.875507,2025-05-25 13:15:24.600220,0 days 00:00:19.724713,AdamW,0.22190640639372083,,,0.00020323873956625045,,,,0,,,0.0019042104385789955,,PRUNED
239,239,37.5,2025-05-25 13:15:24.636382,2025-05-25 13:15:44.150056,0 days 00:00:19.513674,AdamW,0.40469354498113774,,,7.813728783060054e-05,,,,2,,,0.0004130964412746184,,PRUNED
240,240,43.75,2025-05-25 13:15:44.186013,2025-05-25 13:16:03.749926,0 days 00:00:19.563913,AdamW,0.09010049516565766,,,3.437290257739141e-05,,,,4,,,0.0030352911279308255,,PRUNED
241,241,33.333333333333336,2025-05-25 13:16:03.785713,2025-05-25 13:16:23.582653,0 days 00:00:19.796940,Adadelta,0.4946912074642884,0.010778689781522872,,,,,,3,21.630120336341943,,,,PRUNED
242,242,31.25,2025-05-25 13:16:23.629329,2025-05-25 13:16:43.323577,0 days 00:00:19.694248,Adadelta,0.33951435776764866,0.05167119219851104,,,,,,1,93.8416482336668,,,,PRUNED
243,243,33.333333333333336,2025-05-25 13:16:43.370765,2025-05-25 13:17:02.959763,0 days 00:00:19.588998,Adadelta,0.4528367498150141,0.05764956231027906,,,,,,3,3.6253052673452775,,,,PRUNED
244,244,35.416666666666664,2025-05-25 13:17:03.007178,2025-05-25 13:17:22.660163,0 days 00:00:19.652985,Adadelta,0.3849284087470588,0.022761966642358727,,,,,,2,23.692871459307064,,,,PRUNED
245,245,62.5,2025-05-25 13:17:22.707763,2025-05-25 13:17:47.752932,0 days 00:00:25.045169,AdamW,0.47871923283720735,,,5.144331182715771e-05,,,,1,,,0.002273869573131769,,PRUNED
246,246,33.333333333333336,2025-05-25 13:17:47.809897,2025-05-25 13:18:07.585810,0 days 00:00:19.775913,AdamW,0.04328957979877751,,,0.0005082622052574533,,,,5,,,0.0004447241265286124,,PRUNED
247,247,33.333333333333336,2025-05-25 13:18:07.622562,2025-05-25 13:18:27.448842,0 days 00:00:19.826280,Adam,0.11583782689214316,,0.001148648641885562,,,,,2,,4.8339420645680065,,,PRUNED
248,248,33.333333333333336,2025-05-25 13:18:27.495707,2025-05-25 13:18:47.098805,0 days 00:00:19.603098,AdamW,0.4686723542655232,,,0.0001101408540519937,,,,0,,,0.0027109972888774802,,PRUNED
249,249,33.333333333333336,2025-05-25 13:18:47.135444,2025-05-25 13:19:07.020569,0 days 00:00:19.885125,Adadelta,0.23566411703429846,0.4689312471028671,,,,,,1,0.4664053340139582,,,,PRUNED
250,250,45.833333333333336,2025-05-25 13:19:07.067128,2025-05-25 13:19:26.697819,0 days 00:00:19.630691,AdamW,0.2002952176896505,,,0.0002922922056982021,,,,5,,,0.0041160620265894635,,PRUNED
251,251,43.75,2025-05-25 13:19:26.734402,2025-05-25 13:19:46.402593,0 days 00:00:19.668191,AdamW,0.16806494156024315,,,6.51843763401644e-05,,,,4,,,0.0005358301659324677,,PRUNED
252,252,33.333333333333336,2025-05-25 13:19:46.438923,2025-05-25 13:20:06.055512,0 days 00:00:19.616589,AdamW,0.13552504048729383,,,0.00013552152542271127,,,,1,,,0.002008861984245986,,PRUNED
253,253,33.333333333333336,2025-05-25 13:20:06.091796,2025-05-25 13:20:25.835594,0 days 00:00:19.743798,AdamW,0.28663030641798415,,,0.00017835430246869,,,,0,,,0.002432095612415681,,PRUNED
254,254,39.583333333333336,2025-05-25 13:20:25.872334,2025-05-25 13:20:45.467492,0 days 00:00:19.595158,AdamW,0.24946670049242206,,,9.368107017401543e-05,,,,2,,,0.0033814149301844808,,PRUNED
255,255,39.583333333333336,2025-05-25 13:20:45.509603,2025-05-25 13:21:05.139703,0 days 00:00:19.630100,AdamW,0.10575724199312703,,,7.595629587190097e-05,,,,0,,,0.0003358909895777862,,PRUNED
256,256,33.333333333333336,2025-05-25 13:21:05.178366,2025-05-25 13:21:24.758318,0 days 00:00:19.579952,AdamW,0.14214395465046598,,,0.00015783656231658163,,,,1,,,0.0030615940262937818,,PRUNED
257,257,31.25,2025-05-25 13:21:24.794715,2025-05-25 13:21:38.752560,0 days 00:00:13.957845,Adam,0.06225084756350249,,8.391551755965931e-05,,,,,5,,0.4208312811149027,,,PRUNED
258,258,60.416666666666664,2025-05-25 13:21:38.791954,2025-05-25 13:22:03.090998,0 days 00:00:24.299044,AdamW,0.3556706957795406,,,0.0002216575605629391,,,,2,,,0.00026667999344307897,,PRUNED
259,259,,2025-05-25 13:22:03.127817,2025-05-25 13:22:21.477035,0 days 00:00:18.349218,SGD,0.1833688760206973,,,,0.0016973562385536485,36.78747408468365,False,1,,,,1.0035644145341192,PRUNED
260,260,45.833333333333336,2025-05-25 13:22:21.572410,2025-05-25 13:22:41.243970,0 days 00:00:19.671560,AdamW,0.26944784383130194,,,0.00011154132798855039,,,,0,,,0.002666641349699738,,PRUNED
261,261,33.333333333333336,2025-05-25 13:22:41.281292,2025-05-25 13:23:01.060748,0 days 00:00:19.779456,AdamW,0.32484566859994846,,,0.0020473772686133824,,,,2,,,0.0006065975428552532,,PRUNED
262,262,37.5,2025-05-25 13:23:01.109590,2025-05-25 13:23:20.853471,0 days 00:00:19.743881,AdamW,0.151573171311269,,,5.702708397412656e-05,,,,1,,,0.00019668669169696577,,PRUNED
263,263,33.333333333333336,2025-05-25 13:23:20.890674,2025-05-25 13:23:40.532637,0 days 00:00:19.641963,AdamW,0.02622707286863313,,,4.602117162278572e-05,,,,3,,,0.0016140660324010432,,PRUNED
264,264,29.166666666666668,2025-05-25 13:23:40.570416,2025-05-25 13:24:00.178136,0 days 00:00:19.607720,AdamW,0.16124887374251096,,,8.586796983358232e-05,,,,2,,,0.00011048461206754736,,PRUNED
265,265,43.75,2025-05-25 13:24:00.215557,2025-05-25 13:24:19.902557,0 days 00:00:19.687000,AdamW,0.46379472124121907,,,0.00013570250623867188,,,,0,,,0.00036552861675757107,,PRUNED
266,266,33.333333333333336,2025-05-25 13:24:19.939654,2025-05-25 13:24:39.394619,0 days 00:00:19.454965,Adadelta,0.4864065637061689,2.3482028340038807,,,,,,5,3.2115721038505516,,,,PRUNED
267,267,37.5,2025-05-25 13:24:39.440764,2025-05-25 13:24:59.109486,0 days 00:00:19.668722,Adam,0.26112387472887527,,2.4953431905246248e-05,,,,,1,,0.12775386079995435,,,PRUNED
268,268,35.416666666666664,2025-05-25 13:24:59.146859,2025-05-25 13:25:18.673179,0 days 00:00:19.526320,AdamW,0.23548545810996682,,,9.760300398834358e-05,,,,4,,,0.0009610859035552541,,PRUNED
269,269,33.333333333333336,2025-05-25 13:25:18.709599,2025-05-25 13:25:38.345851,0 days 00:00:19.636252,AdamW,0.07827603905668873,,,0.010705642455954187,,,,1,,,0.0013245045348028606,,PRUNED
270,270,62.5,2025-05-25 13:25:38.382927,2025-05-25 13:26:08.060948,0 days 00:00:29.678021,AdamW,0.4401498609231451,,,7.170453095120706e-05,,,,0,,,0.0037863358728317006,,PRUNED
271,271,33.333333333333336,2025-05-25 13:26:08.129081,2025-05-25 13:26:27.981086,0 days 00:00:19.852005,AdamW,0.3952122914637037,,,0.0001754729213875229,,,,2,,,0.00030883737539526095,,PRUNED
272,272,35.416666666666664,2025-05-25 13:26:28.017313,2025-05-25 13:26:48.174290,0 days 00:00:20.156977,AdamW,0.21772314113678948,,,2.6773593943023737e-05,,,,2,,,0.0004770973818434312,,PRUNED
273,273,43.75,2025-05-25 13:26:48.213410,2025-05-25 13:27:08.120171,0 days 00:00:19.906761,AdamW,0.24514156858148994,,,3.859706729422823e-05,,,,3,,,0.0003991899678980096,,PRUNED
274,274,39.583333333333336,2025-05-25 13:27:08.169185,2025-05-25 13:27:27.841381,0 days 00:00:19.672196,AdamW,0.17002463605363258,,,0.00012128655060345723,,,,5,,,0.0022523586226532192,,PRUNED
275,275,37.5,2025-05-25 13:27:27.880089,2025-05-25 13:27:47.518759,0 days 00:00:19.638670,Adam,0.1264887962666816,,0.00017867355818703575,,,,,1,,1.3191560475666566,,,PRUNED
276,276,41.666666666666664,2025-05-25 13:27:47.554576,2025-05-25 13:28:07.149623,0 days 00:00:19.595047,AdamW,0.20586118269576872,,,0.00023526497844133165,,,,0,,,0.000833295750285281,,PRUNED
277,277,33.333333333333336,2025-05-25 13:28:07.186757,2025-05-25 13:28:26.978021,0 days 00:00:19.791264,AdamW,0.3101597111510197,,,0.00015405160294396311,,,,1,,,0.0002260859029241507,,PRUNED
278,278,31.25,2025-05-25 13:28:27.015342,2025-05-25 13:28:46.597186,0 days 00:00:19.581844,AdamW,0.18782853214332737,,,6.360079244438919e-05,,,,0,,,0.0028583518290328388,,PRUNED
279,279,45.833333333333336,2025-05-25 13:28:46.639573,2025-05-25 13:29:06.313087,0 days 00:00:19.673514,AdamW,0.2542428898407428,,,0.00010296131601509481,,,,2,,,0.002492890740558892,,PRUNED
280,280,37.5,2025-05-25 13:29:06.354739,2025-05-25 13:29:28.524121,0 days 00:00:22.169382,AdamW,0.27630230585170557,,,7.854239470998732e-05,,,,1,,,0.0006709869305952033,,PRUNED
281,281,43.75,2025-05-25 13:29:28.561198,2025-05-25 13:29:48.020787,0 days 00:00:19.459589,AdamW,0.3696050482791238,,,0.00013168800056995774,,,,5,,,0.0021055535479569953,,PRUNED
282,282,33.333333333333336,2025-05-25 13:29:48.072142,2025-05-25 13:30:07.758344,0 days 00:00:19.686202,Adadelta,0.49986144585516407,27.780071397934314,,,,,,1,26.33098871034981,,,,PRUNED
283,283,45.833333333333336,2025-05-25 13:30:07.795868,2025-05-25 13:30:26.750915,0 days 00:00:18.955047,AdamW,0.295618855227562,,,0.00018888079724526025,,,,6,,,0.0032243350555693053,,PRUNED
284,284,,2025-05-25 13:30:26.788091,2025-05-25 13:30:45.506757,0 days 00:00:18.718666,SGD,0.156318372157457,,,,0.01316672214851645,10.510493663102153,False,2,,,,25.13251539096952,PRUNED
285,285,33.333333333333336,2025-05-25 13:30:45.551929,2025-05-25 13:31:05.546697,0 days 00:00:19.994768,Adam,0.17671323191638488,,0.0006725115210623633,,,,,0,,0.04930480005725649,,,PRUNED
286,286,33.333333333333336,2025-05-25 13:31:05.597101,2025-05-25 13:31:25.155773,0 days 00:00:19.558672,AdamW,0.2665083586482771,,,0.00032238252324594887,,,,4,,,0.0004447290147371672,,PRUNED
287,287,31.25,2025-05-25 13:31:25.194123,2025-05-25 13:31:44.901052,0 days 00:00:19.706929,AdamW,0.2309858438523546,,,1.4377999311598528e-05,,,,1,,,0.0029224325688020224,,PRUNED
288,288,31.25,2025-05-25 13:31:44.938521,2025-05-25 13:32:04.602451,0 days 00:00:19.663930,AdamW,0.14257160187082962,,,4.9947519095681913e-05,,,,3,,,0.0011829678074978974,,PRUNED
289,289,33.333333333333336,2025-05-25 13:32:04.638945,2025-05-25 13:32:23.448244,0 days 00:00:18.809299,AdamW,0.09617392818726542,,,9.102361668395045e-05,,,,7,,,0.0005244331705349655,,PRUNED
290,290,64.58333333333333,2025-05-25 13:32:23.485557,2025-05-25 13:32:52.587908,0 days 00:00:29.102351,AdamW,0.38044163538945586,,,0.00011208035610583355,,,,2,,,0.0019129931641682207,,PRUNED
291,291,33.333333333333336,2025-05-25 13:32:52.636809,2025-05-25 13:33:12.933038,0 days 00:00:20.296229,AdamW,0.2429092635880707,,,0.00014924618028583171,,,,0,,,0.0026225542880301315,,PRUNED
292,292,52.083333333333336,2025-05-25 13:33:12.971867,2025-05-25 13:33:37.976747,0 days 00:00:25.004880,AdamW,0.3352779814754937,,,6.245653521486921e-05,,,,1,,,0.0035682856943613965,,PRUNED
293,293,45.833333333333336,2025-05-25 13:33:38.015333,2025-05-25 13:33:57.636210,0 days 00:00:19.620877,Adadelta,0.4230971733535011,0.10395838042883007,,,,,,5,0.22673299713565304,,,,PRUNED
294,294,41.666666666666664,2025-05-25 13:33:57.682624,2025-05-25 13:34:17.311558,0 days 00:00:19.628934,AdamW,0.1947801485550252,,,7.900953628612769e-05,,,,1,,,0.0005709048199204702,,PRUNED
295,295,37.5,2025-05-25 13:34:17.348420,2025-05-25 13:34:36.944372,0 days 00:00:19.595952,Adam,0.2812243075804928,,2.393191171213035e-05,,,,,2,,0.012268104021778319,,,PRUNED
296,296,33.333333333333336,2025-05-25 13:34:36.980670,2025-05-25 13:34:57.259027,0 days 00:00:20.278357,AdamW,0.16389810191759352,,,0.00012161600625094661,,,,3,,,0.002352841536926751,,PRUNED
297,297,33.333333333333336,2025-05-25 13:34:57.307870,2025-05-25 13:35:17.004015,0 days 00:00:19.696145,AdamW,0.25862744249020875,,,0.0002453224450666104,,,,0,,,0.000376593087217608,,PRUNED
298,298,33.333333333333336,2025-05-25 13:35:17.054108,2025-05-25 13:35:36.815440,0 days 00:00:19.761332,AdamW,0.4105398891594978,,,0.0006254175528683714,,,,1,,,0.0032708832546750922,,PRUNED
299,299,43.75,2025-05-25 13:35:36.862932,2025-05-25 13:35:56.459878,0 days 00:00:19.596946,AdamW,0.11332084551317027,,,9.949126801126948e-05,,,,5,,,0.002191282701921202,,PRUNED
300,300,33.333333333333336,2025-05-25 13:35:56.497188,2025-05-25 13:36:16.143441,0 days 00:00:19.646253,AdamW,0.039894487742488875,,,0.0004372048632583947,,,,0,,,0.0007357322573476884,,PRUNED
301,301,35.416666666666664,2025-05-25 13:36:16.180247,2025-05-25 13:36:36.218156,0 days 00:00:20.037909,AdamW,0.21412928669523565,,,0.00018368411776279356,,,,2,,,0.00476050198220257,,PRUNED
302,302,33.333333333333336,2025-05-25 13:36:36.266233,2025-05-25 13:36:55.924978,0 days 00:00:19.658745,AdamW,0.18020821606137655,,,4.162204758168723e-05,,,,1,,,0.001776759607371401,,PRUNED
303,303,33.333333333333336,2025-05-25 13:36:55.965892,2025-05-25 13:37:15.521362,0 days 00:00:19.555470,Adam,0.22572854916830737,,0.0021856160198572942,,,,,2,,1.2697302257002592,,,PRUNED
304,304,33.333333333333336,2025-05-25 13:37:15.558005,2025-05-25 13:37:35.241476,0 days 00:00:19.683471,AdamW,0.24935783994047925,,,8.61520351214891e-05,,,,5,,,0.0026556073949009907,,PRUNED
305,305,33.333333333333336,2025-05-25 13:37:35.277753,2025-05-25 13:37:55.060881,0 days 00:00:19.783128,AdamW,0.3157483980781763,,,0.00015064335182107653,,,,0,,,0.0004144537353945482,,PRUNED
306,306,33.333333333333336,2025-05-25 13:37:55.098520,2025-05-25 13:38:14.744063,0 days 00:00:19.645543,Adadelta,0.052342774010129996,2.2339597109667038,,,,,,1,0.04396921179696024,,,,PRUNED
307,307,33.333333333333336,2025-05-25 13:38:14.792709,2025-05-25 13:38:34.565338,0 days 00:00:19.772629,AdamW,0.1502641134657835,,,6.971164438477812e-05,,,,2,,,0.0004968444674234146,,PRUNED
308,308,,2025-05-25 13:38:34.601765,2025-05-25 13:38:52.906872,0 days 00:00:18.305107,SGD,0.3473164467331207,,,,0.00030782584645859654,58.852138572564314,True,1,,,,0.07351049421104533,PRUNED
309,309,41.666666666666664,2025-05-25 13:38:52.954019,2025-05-25 13:39:12.513876,0 days 00:00:19.559857,AdamW,0.29049490201110545,,,5.4529033374746034e-05,,,,4,,,0.004077010063095043,,PRUNED
310,310,37.5,2025-05-25 13:39:12.550342,2025-05-25 13:39:34.663698,0 days 00:00:22.113356,AdamW,0.13374599403978268,,,0.00012023821049917415,,,,1,,,0.00033372855499871093,,PRUNED
311,311,41.666666666666664,2025-05-25 13:39:34.712563,2025-05-25 13:39:54.879428,0 days 00:00:20.166865,AdamW,0.26262370404706686,,,0.00010129253932510545,,,,0,,,0.0015017658157595484,,PRUNED
312,312,33.333333333333336,2025-05-25 13:39:54.926952,2025-05-25 13:40:14.635588,0 days 00:00:19.708636,AdamW,0.06937798053528062,,,0.00021090333668085802,,,,2,,,0.0030330123603964057,,PRUNED
313,313,33.333333333333336,2025-05-25 13:40:14.671946,2025-05-25 13:40:34.335839,0 days 00:00:19.663893,Adam,0.27416203636911446,,0.004717069851277277,,,,,2,,0.010771863886918228,,,PRUNED
314,314,33.333333333333336,2025-05-25 13:40:34.374207,2025-05-25 13:40:54.050708,0 days 00:00:19.676501,AdamW,0.16879980263507202,,,0.0002834323555656041,,,,0,,,0.0006490685922575419,,PRUNED
315,315,47.916666666666664,2025-05-25 13:40:54.089050,2025-05-25 13:41:22.722462,0 days 00:00:28.633412,AdamW,0.436963070696753,,,0.00013980164719284153,,,,5,,,0.0024162405353468706,,PRUNED
316,316,45.833333333333336,2025-05-25 13:41:22.760373,2025-05-25 13:41:42.837468,0 days 00:00:20.077095,AdamW,0.2371447660087736,,,7.436236662370784e-05,,,,1,,,0.00029961552370346637,,PRUNED
317,317,35.416666666666664,2025-05-25 13:41:42.874224,2025-05-25 13:42:02.508506,0 days 00:00:19.634282,AdamW,0.24920782572897887,,,0.00011270576772890149,,,,3,,,0.0019812029170769665,,PRUNED
318,318,52.083333333333336,2025-05-25 13:42:02.548168,2025-05-25 13:42:24.716374,0 days 00:00:22.168206,AdamW,0.17974045517040396,,,0.00015906051644720711,,,,1,,,0.0028775553508220155,,PRUNED
319,319,35.416666666666664,2025-05-25 13:42:24.754436,2025-05-25 13:42:44.354428,0 days 00:00:19.599992,AdamW,0.16174380338384992,,,8.768606663657755e-05,,,,0,,,0.003322971693253978,,PRUNED
320,320,43.75,2025-05-25 13:42:44.392023,2025-05-25 13:43:04.342644,0 days 00:00:19.950621,AdamW,0.389500983584166,,,3.3967787218062e-05,,,,1,,,0.000448058995469524,,PRUNED
321,321,33.333333333333336,2025-05-25 13:43:04.379096,2025-05-25 13:43:24.065933,0 days 00:00:19.686837,Adadelta,0.12192104004879681,0.025230294534021744,,,,,,2,9.784213127886858,,,,PRUNED
322,322,33.333333333333336,2025-05-25 13:43:24.113533,2025-05-25 13:43:43.948190,0 days 00:00:19.834657,Adam,0.2031752213683596,,0.018176087436525674,,,,,2,,17.671939883280842,,,PRUNED
323,323,43.75,2025-05-25 13:43:43.997146,2025-05-25 13:44:03.770835,0 days 00:00:19.773689,AdamW,0.4728244979727611,,,4.820031253700346e-05,,,,0,,,0.0010401433998769305,,PRUNED
324,324,37.5,2025-05-25 13:44:03.807619,2025-05-25 13:44:23.336913,0 days 00:00:19.529294,AdamW,0.15443681285872368,,,6.509467043664477e-05,,,,4,,,0.0005730577740957815,,PRUNED
325,325,41.666666666666664,2025-05-25 13:44:23.376508,2025-05-25 13:44:43.198363,0 days 00:00:19.821855,AdamW,0.35651064007704614,,,0.00020182843281795455,,,,1,,,0.00027462569400259576,,PRUNED
326,326,37.5,2025-05-25 13:44:43.234911,2025-05-25 13:45:02.733904,0 days 00:00:19.498993,AdamW,0.14183089218528339,,,0.00013198686792054704,,,,5,,,0.002662970089248952,,PRUNED
327,327,37.5,2025-05-25 13:45:02.825733,2025-05-25 13:45:22.450665,0 days 00:00:19.624932,AdamW,0.3011714396306849,,,0.0001001687017761896,,,,3,,,0.0037766866537697363,,PRUNED
328,328,33.333333333333336,2025-05-25 13:45:22.493460,2025-05-25 13:45:42.146820,0 days 00:00:19.653360,AdamW,0.19229456884340013,,,0.00017176355084238805,,,,1,,,0.0003553686854698055,,PRUNED
329,329,33.333333333333336,2025-05-25 13:45:42.194411,2025-05-25 13:46:01.829561,0 days 00:00:19.635150,AdamW,0.08386869234136989,,,5.7340771104911474e-05,,,,0,,,0.0021755540439273246,,PRUNED
330,330,33.333333333333336,2025-05-25 13:46:01.868389,2025-05-25 13:46:21.383134,0 days 00:00:19.514745,AdamW,0.2660537013116605,,,8.25110502954705e-05,,,,2,,,0.0005132239402347798,,PRUNED
331,331,33.333333333333336,2025-05-25 13:46:21.420187,2025-05-25 13:46:40.958024,0 days 00:00:19.537837,Adam,0.17371377174447136,,0.00029051945699826013,,,,,5,,68.73732775357108,,,PRUNED
332,332,58.333333333333336,2025-05-25 13:46:40.994637,2025-05-25 13:47:05.231567,0 days 00:00:24.236930,AdamW,0.2320311162504327,,,0.00013509394825739332,,,,2,,,0.002472767447877568,,PRUNED
333,333,31.25,2025-05-25 13:47:05.269235,2025-05-25 13:47:24.297852,0 days 00:00:19.028617,Adadelta,0.28395568748461175,0.09046022024123516,,,,,,8,1.9231975895589033,,,,PRUNED
334,334,,2025-05-25 13:47:24.339537,2025-05-25 13:47:42.533121,0 days 00:00:18.193584,SGD,0.25585297203090934,,,,3.8839995394278266e-05,82.79211807648188,True,1,,,,1.1125707363210482,PRUNED
335,335,35.416666666666664,2025-05-25 13:47:42.581756,2025-05-25 13:48:02.325611,0 days 00:00:19.743855,AdamW,0.3237323380732663,,,0.000111736273641424,,,,0,,,0.002902309510866261,,PRUNED
336,336,33.333333333333336,2025-05-25 13:48:02.373556,2025-05-25 13:48:22.544183,0 days 00:00:20.170627,AdamW,0.4538707812787779,,,0.0002348470086093165,,,,2,,,0.0003899770798938372,,PRUNED
337,337,39.583333333333336,2025-05-25 13:48:22.591537,2025-05-25 13:48:42.713355,0 days 00:00:20.121818,AdamW,0.156841215471503,,,8.782143953193022e-05,,,,1,,,0.0017173775308770018,,PRUNED
338,338,33.333333333333336,2025-05-25 13:48:42.759287,2025-05-25 13:49:02.884502,0 days 00:00:20.125215,AdamW,0.017460726399124955,,,0.0014977596178742348,,,,0,,,0.0034674633751075774,,PRUNED
339,339,41.666666666666664,2025-05-25 13:49:02.935163,2025-05-25 13:49:22.458841,0 days 00:00:19.523678,AdamW,0.24578653581151874,,,7.029583575011377e-05,,,,5,,,0.0031188824061897692,,PRUNED
340,340,33.333333333333336,2025-05-25 13:49:22.499231,2025-05-25 13:49:42.214583,0 days 00:00:19.715352,AdamW,0.27486689217018734,,,0.00015541913276668836,,,,1,,,0.00047336884222434636,,PRUNED
341,341,41.666666666666664,2025-05-25 13:49:42.251414,2025-05-25 13:50:02.038651,0 days 00:00:19.787237,Adam,0.22563131274542123,,6.237223505174234e-05,,,,,0,,0.25499813602655735,,,PRUNED
342,342,43.75,2025-05-25 13:50:02.076330,2025-05-25 13:50:21.861598,0 days 00:00:19.785268,AdamW,0.2402894470856796,,,0.00035534330145931274,,,,2,,,0.002017209238009465,,PRUNED
343,343,43.75,2025-05-25 13:50:21.900115,2025-05-25 13:50:41.708584,0 days 00:00:19.808469,AdamW,0.10989995086428035,,,0.00010425499499836667,,,,1,,,0.0006151113375798874,,PRUNED
344,344,35.416666666666664,2025-05-25 13:50:41.747005,2025-05-25 13:51:00.712517,0 days 00:00:18.965512,AdamW,0.131904053174567,,,3.86144832526553e-05,,,,6,,,0.0022521383984771422,,PRUNED
345,345,33.333333333333336,2025-05-25 13:51:00.750563,2025-05-25 13:51:20.441839,0 days 00:00:19.691276,AdamW,0.2114337032169466,,,0.00019097258660661352,,,,3,,,0.002670267994167573,,PRUNED
346,346,45.833333333333336,2025-05-25 13:51:20.479461,2025-05-25 13:51:40.204947,0 days 00:00:19.725486,AdamW,0.18852630876188403,,,5.7113188849523944e-05,,,,5,,,0.00016703697434594864,,PRUNED
347,347,33.333333333333336,2025-05-25 13:51:40.251690,2025-05-25 13:51:59.833430,0 days 00:00:19.581740,Adadelta,0.2575357621423052,7.270768966090999,,,,,,2,0.41889812082895816,,,,PRUNED
348,348,41.666666666666664,2025-05-25 13:51:59.884341,2025-05-25 13:52:19.647059,0 days 00:00:19.762718,AdamW,0.26862995180396193,,,0.00012195116354136487,,,,1,,,0.00023346064771317317,,PRUNED
349,349,37.5,2025-05-25 13:52:19.696007,2025-05-25 13:52:39.295465,0 days 00:00:19.599458,AdamW,0.3993135970058322,,,2.369631625738394e-05,,,,1,,,0.0023481935748314053,,PRUNED
350,350,29.166666666666668,2025-05-25 13:52:39.346554,2025-05-25 13:52:59.011790,0 days 00:00:19.665236,Adam,0.09504471915347383,,1.932939863937749e-05,,,,,0,,3.5240053399137827,,,PRUNED
351,351,45.833333333333336,2025-05-25 13:52:59.050081,2025-05-25 13:53:18.730314,0 days 00:00:19.680233,AdamW,0.4213551528804249,,,7.852583952137559e-05,,,,0,,,0.0014198050549366114,,PRUNED
352,352,43.75,2025-05-25 13:53:18.767562,2025-05-25 13:53:38.712339,0 days 00:00:19.944777,AdamW,0.48720074472222386,,,9.615111992221746e-05,,,,3,,,0.0007539610068364355,,PRUNED
353,353,33.333333333333336,2025-05-25 13:53:38.749451,2025-05-25 13:53:58.357489,0 days 00:00:19.608038,AdamW,0.17046850707636166,,,0.0002858035973710496,,,,2,,,0.0003171913399109149,,PRUNED
354,354,33.333333333333336,2025-05-25 13:53:58.395208,2025-05-25 13:54:18.035421,0 days 00:00:19.640213,AdamW,0.3385956875907661,,,0.0001353066807991294,,,,1,,,0.00044222966858106945,,PRUNED
355,355,33.333333333333336,2025-05-25 13:54:18.081030,2025-05-25 13:54:37.730351,0 days 00:00:19.649321,AdamW,0.14023612190554063,,,0.00016239142089323705,,,,4,,,0.0030974230514115865,,PRUNED
356,356,,2025-05-25 13:54:37.768967,2025-05-25 13:54:56.069524,0 days 00:00:18.300557,SGD,0.15051317615964702,,,,0.03669695709741195,59.18679357234217,False,1,,,,5.7658296804925975,PRUNED
357,357,41.666666666666664,2025-05-25 13:54:56.116274,2025-05-25 13:55:16.010677,0 days 00:00:19.894403,AdamW,0.17581757249941887,,,6.997520446508917e-05,,,,2,,,0.005245457928856618,,PRUNED
358,358,35.416666666666664,2025-05-25 13:55:16.059935,2025-05-25 13:55:35.628896,0 days 00:00:19.568961,AdamW,0.25089782097927305,,,4.727861348938002e-05,,,,5,,,0.0035498820068851334,,PRUNED
359,359,33.333333333333336,2025-05-25 13:55:35.675833,2025-05-25 13:55:55.388496,0 days 00:00:19.712663,Adam,0.1978603944549493,,0.04531413986788403,,,,,1,,0.02139350489731333,,,PRUNED
360,360,41.666666666666664,2025-05-25 13:55:55.436169,2025-05-25 13:56:17.912437,0 days 00:00:22.476268,AdamW,0.16282027637589874,,,0.00011383366173059335,,,,0,,,0.0019056680684769439,,PRUNED
361,361,29.166666666666668,2025-05-25 13:56:17.960427,2025-05-25 13:56:38.078017,0 days 00:00:20.117590,Adadelta,0.3718484449313879,0.025985306472006857,,,,,,2,42.98191486205399,,,,PRUNED
362,362,41.666666666666664,2025-05-25 13:56:38.116068,2025-05-25 13:56:57.866650,0 days 00:00:19.750582,AdamW,0.1829088452012284,,,0.0002032806259537463,,,,0,,,0.00040992174733394114,,PRUNED
363,363,33.333333333333336,2025-05-25 13:56:57.904874,2025-05-25 13:57:17.630523,0 days 00:00:19.725649,AdamW,0.30965263303385965,,,8.580904124885206e-05,,,,1,,,0.0005391877270585236,,PRUNED
364,364,33.333333333333336,2025-05-25 13:57:17.667918,2025-05-25 13:57:37.517712,0 days 00:00:19.849794,AdamW,0.4117685884806878,,,0.09053553940442012,,,,1,,,0.0015942007241354801,,PRUNED
365,365,37.5,2025-05-25 13:57:37.558065,2025-05-25 13:57:57.194024,0 days 00:00:19.635959,AdamW,0.2882551980790334,,,6.319217009370004e-05,,,,3,,,0.002548627103612403,,PRUNED
366,366,33.333333333333336,2025-05-25 13:57:57.231833,2025-05-25 13:58:16.813912,0 days 00:00:19.582079,AdamW,0.2627726090371844,,,0.003014754369031971,,,,2,,,0.0028019354135384047,,PRUNED
367,367,33.333333333333336,2025-05-25 13:58:16.861183,2025-05-25 13:58:36.643709,0 days 00:00:19.782526,AdamW,0.4602961981521925,,,9.969427584847386e-05,,,,0,,,0.0038628101363934104,,PRUNED
368,368,37.5,2025-05-25 13:58:36.683118,2025-05-25 13:58:56.216704,0 days 00:00:19.533586,Adam,0.05886085787525185,,0.00014678413638717064,,,,,5,,0.3485353874771802,,,PRUNED
369,369,33.333333333333336,2025-05-25 13:58:56.325640,2025-05-25 13:59:15.854496,0 days 00:00:19.528856,AdamW,0.12497572690011732,,,0.00014083533480912678,,,,2,,,0.004343824028293044,,PRUNED
370,370,45.833333333333336,2025-05-25 13:59:15.892335,2025-05-25 13:59:35.098157,0 days 00:00:19.205822,AdamW,0.2340285363027289,,,0.00016592487562003405,,,,6,,,0.00036757341745748145,,PRUNED
371,371,47.916666666666664,2025-05-25 13:59:35.136214,2025-05-25 13:59:55.053418,0 days 00:00:19.917204,AdamW,0.2163113999444509,,,0.0002518351696431028,,,,0,,,0.0021118906707830775,,PRUNED
372,372,47.916666666666664,2025-05-25 13:59:55.102514,2025-05-25 14:00:14.567680,0 days 00:00:19.465166,AdamW,0.030401856022424678,,,0.00011831220432687843,,,,5,,,0.0024638307082246813,,PRUNED
373,373,35.416666666666664,2025-05-25 14:00:14.619355,2025-05-25 14:00:34.393690,0 days 00:00:19.774335,AdamW,0.2777924549549687,,,4.972435402433086e-05,,,,1,,,0.0029019878881258432,,PRUNED
374,374,33.333333333333336,2025-05-25 14:00:34.441328,2025-05-25 14:00:54.022715,0 days 00:00:19.581387,Adadelta,0.431368087581577,0.4698373951857478,,,,,,1,6.947095474690532,,,,PRUNED
375,375,41.666666666666664,2025-05-25 14:00:54.070242,2025-05-25 14:01:13.674809,0 days 00:00:19.604567,AdamW,0.10469939696976834,,,8.301586683606086e-05,,,,0,,,0.0032342792675327703,,PRUNED
376,376,52.083333333333336,2025-05-25 14:01:13.713332,2025-05-25 14:01:35.956929,0 days 00:00:22.243597,AdamW,0.24804657079743644,,,2.991834773950264e-05,,,,2,,,0.0004705472433339441,,PRUNED
377,377,33.333333333333336,2025-05-25 14:01:35.995566,2025-05-25 14:01:56.377544,0 days 00:00:20.381978,AdamW,0.1437731586643799,,,0.00010000618935859771,,,,4,,,0.0008454079777705157,,PRUNED
378,378,45.833333333333336,2025-05-25 14:01:56.418698,2025-05-25 14:02:16.168054,0 days 00:00:19.749356,Adam,0.16364790389662645,,0.0007861035675565432,,,,,1,,8.287116606141874,,,PRUNED
379,379,33.333333333333336,2025-05-25 14:02:16.205633,2025-05-25 14:02:35.864669,0 days 00:00:19.659036,AdamW,0.22404126920033815,,,0.012683947452078494,,,,5,,,0.0006945186298709915,,PRUNED
380,380,33.333333333333336,2025-05-25 14:02:35.902441,2025-05-25 14:02:55.598167,0 days 00:00:19.695726,AdamW,0.2942359055781511,,,5.841317073016481e-05,,,,2,,,0.0005706311232823142,,PRUNED
381,381,,2025-05-25 14:02:55.636432,2025-05-25 14:03:13.500432,0 days 00:00:17.864000,SGD,0.25942717243007224,,,,0.0009821552845636586,99.04829497118503,True,1,,,,26.729657994667026,PRUNED
382,382,37.5,2025-05-25 14:03:13.548758,2025-05-25 14:03:33.275022,0 days 00:00:19.726264,AdamW,0.24449804057721616,,,0.0001307129080272844,,,,0,,,0.00024982646861778854,,PRUNED
383,383,41.666666666666664,2025-05-25 14:03:33.312659,2025-05-25 14:03:53.422217,0 days 00:00:20.109558,AdamW,0.3280836926897319,,,0.00018932875278711558,,,,1,,,0.0023125908846959725,,PRUNED
384,384,33.333333333333336,2025-05-25 14:03:53.469981,2025-05-25 14:04:13.152928,0 days 00:00:19.682947,AdamW,0.44372349588315413,,,0.040740030938181584,,,,2,,,0.00021009261040444674,,PRUNED
385,385,33.333333333333336,2025-05-25 14:04:13.203361,2025-05-25 14:04:32.116344,0 days 00:00:18.912983,AdamW,0.15369679994972585,,,0.0004674278065510128,,,,5,,,0.0002911766785626766,,PRUNED
386,386,47.916666666666664,2025-05-25 14:04:32.153377,2025-05-25 14:04:51.986529,0 days 00:00:19.833152,AdamW,0.2686601378547478,,,7.517193356318618e-05,,,,0,,,0.001841912983767483,,PRUNED
387,387,33.333333333333336,2025-05-25 14:04:52.034587,2025-05-25 14:05:11.640640,0 days 00:00:19.606053,Adam,0.07219657179821443,,0.00038184671812443934,,,,,1,,30.929248082487042,,,PRUNED
388,388,33.333333333333336,2025-05-25 14:05:11.692431,2025-05-25 14:05:31.534934,0 days 00:00:19.842503,Adadelta,0.17618712765677297,4.025269622460757,,,,,,3,0.7551308013227677,,,,PRUNED
389,389,33.333333333333336,2025-05-25 14:05:31.572445,2025-05-25 14:05:51.187186,0 days 00:00:19.614741,AdamW,0.19040831198366123,,,0.0009580903255764336,,,,2,,,0.0003332872096107047,,PRUNED
390,390,33.333333333333336,2025-05-25 14:05:51.227313,2025-05-25 14:06:11.138038,0 days 00:00:19.910725,AdamW,0.2354558580089064,,,0.00036375180597119077,,,,1,,,0.002669578002865544,,PRUNED
391,391,39.583333333333336,2025-05-25 14:06:11.176027,2025-05-25 14:06:30.914713,0 days 00:00:19.738686,AdamW,0.38186518665816416,,,0.00015980010662254286,,,,0,,,0.0004007073607160829,,PRUNED
392,392,33.333333333333336,2025-05-25 14:06:30.951623,2025-05-25 14:06:50.715983,0 days 00:00:19.764360,AdamW,0.35967976835270044,,,9.54013426956575e-05,,,,2,,,0.0004985385315396337,,PRUNED
393,393,33.333333333333336,2025-05-25 14:06:50.755667,2025-05-25 14:07:10.605196,0 days 00:00:19.849529,AdamW,0.1668115238436459,,,4.0337501458856376e-05,,,,1,,,0.0021030955387114584,,PRUNED
394,394,68.75,2025-05-25 14:07:10.642655,2025-05-25 14:07:42.717614,0 days 00:00:32.074959,AdamW,0.25609614350632637,,,0.00011884556033714252,,,,5,,,0.0006235114824713602,,COMPLETE
395,395,37.5,2025-05-25 14:07:42.771427,2025-05-25 14:08:02.449618,0 days 00:00:19.678191,AdamW,0.25329699940190054,,,0.00010993183786980769,,,,5,,,0.0006514822840700952,,PRUNED
396,396,33.333333333333336,2025-05-25 14:08:02.496739,2025-05-25 14:08:22.206319,0 days 00:00:19.709580,AdamW,0.26975653428945523,,,0.0001326788069196432,,,,5,,,0.0005557470313724168,,PRUNED
397,397,41.666666666666664,2025-05-25 14:08:22.253820,2025-05-25 14:08:42.238024,0 days 00:00:19.984204,AdamW,0.2428937015911335,,,0.00011379805056837525,,,,5,,,0.0006359540893322644,,PRUNED
398,398,35.416666666666664,2025-05-25 14:08:42.286003,2025-05-25 14:09:01.816286,0 days 00:00:19.530283,AdamW,0.2573507726357209,,,8.428357697247737e-05,,,,5,,,0.0006009573688710037,,PRUNED
399,399,41.666666666666664,2025-05-25 14:09:01.854138,2025-05-25 14:09:21.395042,0 days 00:00:19.540904,AdamW,0.27391082215561324,,,0.00014593457644964335,,,,5,,,0.0007773893589503061,,PRUNED
400,400,37.5,2025-05-25 14:09:21.433614,2025-05-25 14:09:41.002217,0 days 00:00:19.568603,AdamW,0.41602944099557837,,,6.948027454987907e-05,,,,5,,,0.003416964219803218,,PRUNED
401,401,35.416666666666664,2025-05-25 14:09:41.040882,2025-05-25 14:10:00.147768,0 days 00:00:19.106886,AdamW,0.08815951080522305,,,0.0002136868425627954,,,,5,,,0.0005106880821063431,,PRUNED
402,402,41.666666666666664,2025-05-25 14:10:00.185018,2025-05-25 14:10:19.924880,0 days 00:00:19.739862,AdamW,0.20602568380031902,,,0.00012099502278189738,,,,0,,,0.0030286008220209095,,PRUNED
403,403,33.333333333333336,2025-05-25 14:10:19.962431,2025-05-25 14:10:39.662325,0 days 00:00:19.699894,Adam,0.25117977054187074,,0.0019444335395591963,,,,,1,,0.18428165840500968,,,PRUNED
404,404,37.5,2025-05-25 14:10:39.699612,2025-05-25 14:10:59.239824,0 days 00:00:19.540212,AdamW,0.26339977537310816,,,0.00017828834829530462,,,,5,,,0.0027591730972513205,,PRUNED
405,405,35.416666666666664,2025-05-25 14:10:59.278912,2025-05-25 14:11:19.054593,0 days 00:00:19.775681,AdamW,0.13673631890085008,,,9.24858047760484e-05,,,,1,,,0.00044401229039567504,,PRUNED
406,406,35.416666666666664,2025-05-25 14:11:19.092289,2025-05-25 14:11:38.828810,0 days 00:00:19.736521,AdamW,0.00803460241686041,,,6.42426003503155e-05,,,,0,,,0.002486772995051042,,PRUNED
407,407,41.666666666666664,2025-05-25 14:11:38.866482,2025-05-25 14:11:58.619546,0 days 00:00:19.753064,AdamW,0.2803420257245931,,,0.0001509207468723098,,,,1,,,0.00036688695114677996,,PRUNED
408,408,43.75,2025-05-25 14:11:58.656711,2025-05-25 14:12:18.657726,0 days 00:00:20.001015,AdamW,0.23829188574142074,,,0.00010273840967826155,,,,2,,,0.0022967844801527423,,PRUNED
409,409,33.333333333333336,2025-05-25 14:12:18.708724,2025-05-25 14:12:38.730470,0 days 00:00:20.021746,AdamW,0.22614991243214333,,,0.00024179689831322907,,,,0,,,0.0037960615040048954,,PRUNED
410,410,35.416666666666664,2025-05-25 14:12:38.770267,2025-05-25 14:12:57.853293,0 days 00:00:19.083026,AdamW,0.3049194174059967,,,8.02756892776567e-05,,,,6,,,0.00318738166223422,,PRUNED
411,411,43.75,2025-05-25 14:12:57.896839,2025-05-25 14:13:17.402010,0 days 00:00:19.505171,AdamW,0.11860956276131744,,,5.384570465534737e-05,,,,5,,,0.0006734625513557104,,PRUNED
412,412,33.333333333333336,2025-05-25 14:13:17.449593,2025-05-25 14:13:37.175706,0 days 00:00:19.726113,Adam,0.16056096502588801,,0.0013150731724109576,,,,,1,,1.754797812559399,,,PRUNED
413,413,47.916666666666664,2025-05-25 14:13:37.225525,2025-05-25 14:13:57.083794,0 days 00:00:19.858269,AdamW,0.047810391477911066,,,0.00012443971208215738,,,,2,,,0.0006025716111101088,,PRUNED
414,414,35.416666666666664,2025-05-25 14:13:57.121209,2025-05-25 14:14:16.954428,0 days 00:00:19.833219,AdamW,0.18496716784163164,,,0.00016653759362667749,,,,0,,,0.0016906155837039152,,PRUNED
415,415,,2025-05-25 14:14:16.992905,2025-05-25 14:14:35.543751,0 days 00:00:18.550846,SGD,0.2511081094033464,,,,0.005422713161220935,38.3709712436768,False,1,,,,0.033338633578926656,PRUNED
416,416,39.583333333333336,2025-05-25 14:14:35.591202,2025-05-25 14:14:55.072747,0 days 00:00:19.481545,AdamW,0.14588691745403626,,,4.406210942074517e-05,,,,5,,,0.0005381280610066544,,PRUNED
417,417,37.5,2025-05-25 14:14:55.110542,2025-05-25 14:15:14.826098,0 days 00:00:19.715556,AdamW,0.19818570799970522,,,9.554456358413512e-05,,,,1,,,0.0004232663346653733,,PRUNED
418,418,41.666666666666664,2025-05-25 14:15:14.864361,2025-05-25 14:15:34.624718,0 days 00:00:19.760357,AdamW,0.12957204361435765,,,0.00012790050409152633,,,,0,,,0.00290047892631138,,PRUNED
419,419,37.5,2025-05-25 14:15:34.662164,2025-05-25 14:15:54.241082,0 days 00:00:19.578918,AdamW,0.4036379148396942,,,6.512638811711436e-05,,,,2,,,0.0020819468868845887,,PRUNED
420,420,35.416666666666664,2025-05-25 14:15:54.278863,2025-05-25 14:16:14.360456,0 days 00:00:20.081593,AdamW,0.2861572386185121,,,7.911279166997308e-05,,,,2,,,0.000268631513080307,,PRUNED
421,421,33.333333333333336,2025-05-25 14:16:14.408583,2025-05-25 14:16:33.365519,0 days 00:00:18.956936,Adam,0.26243169060371435,,0.007668070324824389,,,,,6,,3.475259636978752,,,PRUNED
422,422,64.58333333333333,2025-05-25 14:16:33.403647,2025-05-25 14:17:04.145517,0 days 00:00:30.741870,AdamW,0.17469045224216476,,,0.00020814649501112002,,,,1,,,0.003397740233453135,,PRUNED
423,423,33.333333333333336,2025-05-25 14:17:04.202658,2025-05-25 14:17:23.966271,0 days 00:00:19.763613,AdamW,0.24049966092446276,,,0.0003002325646474924,,,,0,,,0.000925911911848945,,PRUNED
424,424,35.416666666666664,2025-05-25 14:17:24.015069,2025-05-25 14:17:43.552079,0 days 00:00:19.537010,AdamW,0.1538881633107274,,,0.0001020099773550803,,,,5,,,0.0025057619105894103,,PRUNED
425,425,33.333333333333336,2025-05-25 14:17:43.601292,2025-05-25 14:18:03.637741,0 days 00:00:20.036449,AdamW,0.21908122435351163,,,0.00013984738468305529,,,,1,,,0.00048224028627303137,,PRUNED
426,426,41.666666666666664,2025-05-25 14:18:03.677447,2025-05-25 14:18:23.571689,0 days 00:00:19.894242,AdamW,0.31915106189527287,,,3.558056192569842e-05,,,,2,,,0.001159607243442313,,PRUNED
427,427,33.333333333333336,2025-05-25 14:18:23.610957,2025-05-25 14:18:43.542836,0 days 00:00:19.931879,AdamW,0.1002424543562791,,,0.00018334860320744304,,,,4,,,0.0019659382310312076,,PRUNED
428,428,68.75,2025-05-25 14:18:43.582630,2025-05-25 14:19:13.271536,0 days 00:00:29.688906,AdamW,0.3479506438672067,,,0.00010832808367765336,,,,0,,,0.0007287769070429082,,PRUNED
429,429,43.75,2025-05-25 14:19:13.314676,2025-05-25 14:19:33.387060,0 days 00:00:20.072384,AdamW,0.0770203378754368,,,8.338905017660919e-05,,,,1,,,0.0003199002905486215,,PRUNED
430,430,41.666666666666664,2025-05-25 14:19:33.425629,2025-05-25 14:19:53.066070,0 days 00:00:19.640441,Adam,0.2705180772668257,,0.00046914265613943193,,,,,5,,0.06428463503811012,,,PRUNED
431,431,35.416666666666664,2025-05-25 14:19:53.104873,2025-05-25 14:20:12.800760,0 days 00:00:19.695887,AdamW,0.1697100405698061,,,5.574142900066764e-05,,,,1,,,0.002782861488730695,,PRUNED
432,432,33.333333333333336,2025-05-25 14:20:12.838641,2025-05-25 14:20:32.484016,0 days 00:00:19.645375,AdamW,0.23353782298974038,,,0.00014190614241977724,,,,2,,,0.0013498824618118264,,PRUNED
433,433,33.333333333333336,2025-05-25 14:20:32.524817,2025-05-25 14:20:52.317196,0 days 00:00:19.792379,AdamW,0.25716241310842197,,,0.0005979285766448965,,,,0,,,0.0022261388079072323,,PRUNED
434,434,47.916666666666664,2025-05-25 14:20:52.357073,2025-05-25 14:21:14.623226,0 days 00:00:22.266153,AdamW,0.1818633381191396,,,7.042083603643762e-05,,,,2,,,0.0030675857705075617,,PRUNED
435,435,,2025-05-25 14:21:14.672569,2025-05-25 14:21:33.344209,0 days 00:00:18.671640,SGD,0.14962393076839314,,,,0.0007259377064969101,18.10265678976274,True,1,,,,0.24638579135571406,PRUNED
436,436,33.333333333333336,2025-05-25 14:21:33.380731,2025-05-25 14:21:53.538423,0 days 00:00:20.157692,AdamW,0.4252937470942887,,,0.00011703526493125016,,,,0,,,0.0003918109098182503,,PRUNED
437,437,33.333333333333336,2025-05-25 14:21:53.587707,2025-05-25 14:22:13.052393,0 days 00:00:19.464686,AdamW,0.2523202413073502,,,9.170800431212574e-05,,,,5,,,0.0003512561451129353,,PRUNED
438,438,33.333333333333336,2025-05-25 14:22:13.099549,2025-05-25 14:22:32.697963,0 days 00:00:19.598414,AdamW,0.27945542574293114,,,0.00016047524087856236,,,,2,,,0.001818866289940598,,PRUNED
439,439,33.333333333333336,2025-05-25 14:22:32.735514,2025-05-25 14:22:52.405069,0 days 00:00:19.669555,Adam,0.2976071859959866,,0.09343663084963437,,,,,4,,11.033319728549822,,,PRUNED
440,440,33.333333333333336,2025-05-25 14:22:52.443199,2025-05-25 14:23:12.094463,0 days 00:00:19.651264,AdamW,0.1586754949931206,,,0.0002570481667339974,,,,1,,,0.0025974292669426824,,PRUNED
441,441,45.833333333333336,2025-05-25 14:23:12.132546,2025-05-25 14:23:31.911173,0 days 00:00:19.778627,AdamW,0.2413655393098041,,,0.00012037070704995266,,,,1,,,0.0005896919164545847,,PRUNED
442,442,35.416666666666664,2025-05-25 14:23:31.948917,2025-05-25 14:23:51.681666,0 days 00:00:19.732749,AdamW,0.208432757094107,,,7.706297828428275e-05,,,,2,,,0.0005281268108726544,,PRUNED
443,443,39.583333333333336,2025-05-25 14:23:51.719366,2025-05-25 14:24:11.370453,0 days 00:00:19.651087,AdamW,0.188366495231107,,,4.82923935403583e-05,,,,0,,,0.0036075752586765186,,PRUNED
444,444,33.333333333333336,2025-05-25 14:24:11.408450,2025-05-25 14:24:30.929735,0 days 00:00:19.521285,AdamW,0.2690131582463918,,,0.00018810104205808147,,,,5,,,0.00044520037441329814,,PRUNED
445,445,33.333333333333336,2025-05-25 14:24:30.968209,2025-05-25 14:24:50.817677,0 days 00:00:19.849468,AdamW,0.10878832207908136,,,9.400918774783535e-05,,,,0,,,0.0023650303724173445,,PRUNED
446,446,50.0,2025-05-25 14:24:50.855070,2025-05-25 14:25:13.631570,0 days 00:00:22.776500,AdamW,0.1681427960778108,,,5.833818476846635e-05,,,,1,,,0.003950211238352545,,PRUNED
447,447,39.583333333333336,2025-05-25 14:25:13.669478,2025-05-25 14:25:33.040880,0 days 00:00:19.371402,AdamW,0.14182698042001587,,,0.00014491318165212112,,,,2,,,0.0029664944475880127,,PRUNED
448,448,35.416666666666664,2025-05-25 14:25:33.087819,2025-05-25 14:25:41.391853,0 days 00:00:08.304034,Adam,0.24768278158114881,,3.5869553400269184e-05,,,,,2,,0.6003450872142225,,,PRUNED
449,449,45.833333333333336,2025-05-25 14:25:41.439809,2025-05-25 14:26:00.858661,0 days 00:00:19.418852,AdamW,0.22937964455460874,,,0.00010959830249303472,,,,5,,,0.0026233330404243126,,PRUNED
450,450,56.25,2025-05-25 14:26:00.905378,2025-05-25 14:26:13.039105,0 days 00:00:12.133727,AdamW,0.06457178467578137,,,7.372112113296395e-05,,,,0,,,0.0032671095530853868,,PRUNED
451,451,33.333333333333336,2025-05-25 14:26:13.077198,2025-05-25 14:26:32.899446,0 days 00:00:19.822248,AdamW,0.26346193620734926,,,0.0001297023015094591,,,,1,,,0.0021451322183746466,,PRUNED
452,452,33.333333333333336,2025-05-25 14:26:32.960000,2025-05-25 14:26:52.847095,0 days 00:00:19.887095,AdamW,0.12266618203248955,,,0.0002129258305742718,,,,1,,,0.000491896706291147,,PRUNED
453,453,33.333333333333336,2025-05-25 14:26:52.884935,2025-05-25 14:27:12.515830,0 days 00:00:19.630895,AdamW,0.33888221996144735,,,0.00031856766758319506,,,,3,,,0.0002913331472728063,,PRUNED
454,454,37.5,2025-05-25 14:27:12.554478,2025-05-25 14:27:32.500312,0 days 00:00:19.945834,AdamW,0.19543040609268547,,,0.00016568307190415675,,,,1,,,0.0023882798913969806,,PRUNED
455,455,33.333333333333336,2025-05-25 14:27:32.538411,2025-05-25 14:27:52.295659,0 days 00:00:19.757248,AdamW,0.2864445472017453,,,9.473898959082839e-05,,,,0,,,0.00040892664805485744,,PRUNED
456,456,27.083333333333332,2025-05-25 14:27:52.335719,2025-05-25 14:28:11.791969,0 days 00:00:19.456250,Adam,0.1757991927645664,,1.549517147214877e-05,,,,,5,,0.03480953108234298,,,PRUNED
457,457,41.666666666666664,2025-05-25 14:28:11.829961,2025-05-25 14:28:32.115914,0 days 00:00:20.285953,AdamW,0.035498806566236475,,,6.58516521999704e-05,,,,1,,,0.0027603618840394495,,PRUNED
458,458,31.25,2025-05-25 14:28:32.154129,2025-05-25 14:28:51.217404,0 days 00:00:19.063275,AdamW,0.39020175491082554,,,0.00011574422004480656,,,,7,,,0.003528746244119447,,PRUNED
459,459,,2025-05-25 14:28:51.263426,2025-05-25 14:29:09.631699,0 days 00:00:18.368273,SGD,0.43258287707811854,,,,1.1681906711995095e-05,81.62776193820868,False,2,,,,0.5314499686117148,PRUNED
460,460,29.166666666666668,2025-05-25 14:29:09.680607,2025-05-25 14:29:29.652272,0 days 00:00:19.971665,AdamW,0.13601577572152657,,,3.95750945419422e-05,,,,1,,,0.0006465437938001932,,PRUNED
461,461,35.416666666666664,2025-05-25 14:29:29.700687,2025-05-25 14:29:49.388087,0 days 00:00:19.687400,AdamW,0.2170088819519868,,,8.79068516494941e-05,,,,0,,,0.0019663882981339324,,PRUNED
462,462,33.333333333333336,2025-05-25 14:29:49.436635,2025-05-25 14:30:09.198528,0 days 00:00:19.761893,AdamW,0.1612877436662419,,,0.00014948386945915756,,,,2,,,0.009895290481817757,,PRUNED
463,463,33.333333333333336,2025-05-25 14:30:09.247249,2025-05-25 14:30:29.192600,0 days 00:00:19.945351,AdamW,0.367949705301861,,,0.00024623301689984464,,,,0,,,0.0015992094606469142,,PRUNED
464,464,33.333333333333336,2025-05-25 14:30:29.232399,2025-05-25 14:30:48.693194,0 days 00:00:19.460795,AdamW,0.25752868158919406,,,0.00010390668739739177,,,,5,,,0.0005477046588943056,,PRUNED
465,465,39.583333333333336,2025-05-25 14:30:48.730542,2025-05-25 14:31:08.331412,0 days 00:00:19.600870,AdamW,0.24482089741141277,,,4.842518974464418e-05,,,,3,,,0.003127245284661032,,PRUNED
466,466,47.916666666666664,2025-05-25 14:31:08.368786,2025-05-25 14:31:28.005421,0 days 00:00:19.636635,Adam,0.23109999827263206,,8.7931817008629e-05,,,,,1,,0.017349379717865553,,,PRUNED
467,467,37.5,2025-05-25 14:31:28.042992,2025-05-25 14:31:47.590066,0 days 00:00:19.547074,AdamW,0.275768632793043,,,0.0003892866725266174,,,,2,,,0.0003522313012112584,,PRUNED
468,468,33.333333333333336,2025-05-25 14:31:47.629330,2025-05-25 14:32:07.423875,0 days 00:00:19.794545,AdamW,0.18200765224397347,,,7.863945383879347e-05,,,,1,,,0.0010263330906169676,,PRUNED
469,469,43.75,2025-05-25 14:32:07.461398,2025-05-25 14:32:24.855363,0 days 00:00:17.393965,AdamW,0.08508366150299757,,,2.9791166961562993e-05,,,,1,,,0.0002408141726926176,,PRUNED
470,470,33.333333333333336,2025-05-25 14:32:24.882173,2025-05-25 14:32:31.660057,0 days 00:00:06.777884,AdamW,0.4169301660745408,,,0.00018835130807860854,,,,5,,,0.004369132040027673,,PRUNED
471,471,33.333333333333336,2025-05-25 14:32:31.707331,2025-05-25 14:32:48.934061,0 days 00:00:17.226730,AdamW,0.2593474728241337,,,0.00013352957625846072,,,,0,,,0.00080269235175798,,PRUNED
472,472,37.5,2025-05-25 14:32:48.984225,2025-05-25 14:32:57.784031,0 days 00:00:08.799806,AdamW,0.29266050658367304,,,5.46620523479541e-05,,,,6,,,0.002567565493816249,,PRUNED
473,473,35.416666666666664,2025-05-25 14:32:57.813394,2025-05-25 14:33:07.094818,0 days 00:00:09.281424,AdamW,0.3126950932132765,,,6.610683901935751e-05,,,,2,,,0.0004558629940962328,,PRUNED
474,474,39.583333333333336,2025-05-25 14:33:07.132496,2025-05-25 14:33:26.789314,0 days 00:00:19.656818,Adam,0.20305965956445504,,0.0002187235351980619,,,,,2,,0.1383629046074125,,,PRUNED
475,475,33.333333333333336,2025-05-25 14:33:26.828070,2025-05-25 14:33:46.305052,0 days 00:00:19.476982,AdamW,0.15144235310674262,,,0.00011722899277745937,,,,5,,,0.0028951548669626575,,PRUNED
476,476,31.25,2025-05-25 14:33:46.343584,2025-05-25 14:34:05.962808,0 days 00:00:19.619224,AdamW,0.40916252495295474,,,0.0001661443952950167,,,,1,,,0.0007082215846302354,,PRUNED
477,477,45.833333333333336,2025-05-25 14:34:06.000144,2025-05-25 14:34:25.765740,0 days 00:00:19.765596,AdamW,0.24110529652445115,,,9.918606097126408e-05,,,,0,,,0.0022812349236777016,,PRUNED
478,478,33.333333333333336,2025-05-25 14:34:25.803221,2025-05-25 14:34:45.474544,0 days 00:00:19.671323,AdamW,0.2716827248244318,,,8.067330781590806e-05,,,,2,,,0.0003302565769282846,,PRUNED
479,479,33.333333333333336,2025-05-25 14:34:45.511878,2025-05-25 14:35:05.264317,0 days 00:00:19.752439,AdamW,0.13072108260076934,,,0.00012777988605768467,,,,1,,,0.0032962205027289703,,PRUNED
480,480,33.333333333333336,2025-05-25 14:35:05.344503,2025-05-25 14:35:24.606710,0 days 00:00:19.262207,AdamW,0.33192679470708814,,,0.00015274150822325598,,,,0,,,0.0005637052406992782,,PRUNED
481,481,41.666666666666664,2025-05-25 14:35:24.645094,2025-05-25 14:35:44.394206,0 days 00:00:19.749112,AdamW,0.02447779710750847,,,8.955620625677329e-05,,,,1,,,0.0017501614750202682,,PRUNED
482,482,39.583333333333336,2025-05-25 14:35:44.431488,2025-05-25 14:36:04.310361,0 days 00:00:19.878873,AdamW,0.17306038051163586,,,0.00021638839124491654,,,,0,,,0.0004122890563929407,,PRUNED
483,483,37.5,2025-05-25 14:36:04.359782,2025-05-25 14:36:23.839756,0 days 00:00:19.479974,Adam,0.22570272279144432,,0.00010075906195504646,,,,,3,,0.8744022178726473,,,PRUNED
484,484,,2025-05-25 14:36:23.889927,2025-05-25 14:36:42.467989,0 days 00:00:18.578062,SGD,0.2543342123249184,,,,3.444899880704022e-05,33.713720264985994,True,2,,,,1.808305237947443,PRUNED
485,485,41.666666666666664,2025-05-25 14:36:42.513962,2025-05-25 14:37:01.950849,0 days 00:00:19.436887,AdamW,0.1672664740434733,,,6.389155295665044e-05,,,,5,,,0.00038244015631994956,,PRUNED
486,486,39.583333333333336,2025-05-25 14:37:01.998619,2025-05-25 14:37:21.450891,0 days 00:00:19.452272,AdamW,0.09336280916556246,,,0.00011366591203185338,,,,5,,,0.0020485001744786017,,PRUNED
487,487,33.333333333333336,2025-05-25 14:37:21.504586,2025-05-25 14:37:41.103420,0 days 00:00:19.598834,AdamW,0.39830894424251456,,,0.0001872603064315839,,,,1,,,0.0006142576031378639,,PRUNED
488,488,47.916666666666664,2025-05-25 14:37:41.151920,2025-05-25 14:38:00.802427,0 days 00:00:19.650507,AdamW,0.11600372551868304,,,4.3798866357907326e-05,,,,2,,,0.0014845206328047637,,PRUNED
489,489,45.833333333333336,2025-05-25 14:38:00.850115,2025-05-25 14:38:17.871535,0 days 00:00:17.021420,AdamW,0.1856893897922693,,,0.0001381015880148251,,,,0,,,0.002782270258575689,,PRUNED
490,490,50.0,2025-05-25 14:38:17.920026,2025-05-25 14:38:38.733024,0 days 00:00:20.812998,AdamW,0.1462952323323107,,,9.972026033956359e-05,,,,4,,,0.0024453468944906293,,PRUNED
491,491,33.333333333333336,2025-05-25 14:38:38.768451,2025-05-25 14:38:53.033480,0 days 00:00:14.265029,AdamW,0.3540683063360471,,,0.000261660717519748,,,,4,,,0.000183500636614388,,PRUNED
492,492,31.25,2025-05-25 14:38:53.081859,2025-05-25 14:39:12.647702,0 days 00:00:19.565843,Adam,0.15951691076874105,,3.46777984472347e-05,,,,,1,,33.687279917686816,,,PRUNED
493,493,43.75,2025-05-25 14:39:12.696392,2025-05-25 14:39:32.373577,0 days 00:00:19.677185,AdamW,0.05354314369564332,,,2.320401430818089e-05,,,,0,,,0.003736104193365062,,PRUNED
494,494,41.666666666666664,2025-05-25 14:39:32.422728,2025-05-25 14:39:54.525962,0 days 00:00:22.103234,AdamW,0.2449329095741908,,,7.199740438898917e-05,,,,1,,,0.0005255241691538379,,PRUNED
495,495,56.25,2025-05-25 14:39:54.564519,2025-05-25 14:40:16.725659,0 days 00:00:22.161140,AdamW,0.3005660300564411,,,5.582319383252655e-05,,,,2,,,0.00047613339185114767,,PRUNED
496,496,39.583333333333336,2025-05-25 14:40:16.773852,2025-05-25 14:40:36.480120,0 days 00:00:19.706268,AdamW,0.26141468727374595,,,8.464732619364075e-05,,,,5,,,0.0030708830688071422,,PRUNED
497,497,33.333333333333336,2025-05-25 14:40:36.527037,2025-05-25 14:40:56.070239,0 days 00:00:19.543202,AdamW,0.28261325685355043,,,3.317373936828383e-05,,,,3,,,0.0018597946506498794,,PRUNED
498,498,33.333333333333336,2025-05-25 14:40:56.120737,2025-05-25 14:41:15.731423,0 days 00:00:19.610686,AdamW,0.23734652962047392,,,0.000681859651353239,,,,1,,,0.0003032481494115468,,PRUNED
499,499,33.333333333333336,2025-05-25 14:41:15.780406,2025-05-25 14:41:35.446393,0 days 00:00:19.665987,AdamW,0.37475053798530716,,,0.0015196791368822674,,,,0,,,0.002266001752731606,,PRUNED
500,500,33.333333333333336,2025-05-25 14:41:35.494765,2025-05-25 14:41:55.092497,0 days 00:00:19.597732,AdamW,0.24965903611249332,,,0.0001112198920384557,,,,2,,,0.00012437575738015157,,PRUNED
501,501,41.666666666666664,2025-05-25 14:41:55.130528,2025-05-25 14:42:14.729855,0 days 00:00:19.599327,Adam,0.15612502135371423,,6.099454429961831e-05,,,,,5,,0.08543628931182687,,,PRUNED
502,502,33.333333333333336,2025-05-25 14:42:14.779097,2025-05-25 14:42:34.556559,0 days 00:00:19.777462,AdamW,0.21125569554796314,,,0.0001706091550271986,,,,1,,,0.0026887325623370585,,PRUNED
503,503,35.416666666666664,2025-05-25 14:42:34.604727,2025-05-25 14:42:54.287770,0 days 00:00:19.683043,AdamW,0.19625588279382744,,,0.00013265555290086723,,,,0,,,0.003282900210743209,,PRUNED
504,504,33.333333333333336,2025-05-25 14:42:54.336362,2025-05-25 14:43:14.170572,0 days 00:00:19.834210,AdamW,0.13683540573181782,,,0.0002177194067066262,,,,2,,,0.00027175276677851503,,PRUNED
505,505,,2025-05-25 14:43:14.218502,2025-05-25 14:43:33.204823,0 days 00:00:18.986321,SGD,0.2674760313648814,,,,0.00025997714303253297,11.182160522818556,False,1,,,,11.559108863933695,PRUNED
506,506,54.166666666666664,2025-05-25 14:43:33.251725,2025-05-25 14:43:55.440494,0 days 00:00:22.188769,AdamW,0.17443372851616804,,,9.193756732354018e-05,,,,1,,,0.0004371795697442235,,PRUNED
507,507,33.333333333333336,2025-05-25 14:43:55.478784,2025-05-25 14:44:15.589332,0 days 00:00:20.110548,AdamW,0.2221172949700864,,,0.006932641761672661,,,,2,,,0.003973997792560328,,PRUNED
508,508,33.333333333333336,2025-05-25 14:44:15.639829,2025-05-25 14:44:35.238166,0 days 00:00:19.598337,AdamW,0.0010361335523068234,,,0.00015210932320852132,,,,5,,,0.002171836590780587,,PRUNED
509,509,33.333333333333336,2025-05-25 14:44:35.290898,2025-05-25 14:44:55.515162,0 days 00:00:20.224264,AdamW,0.10499793135739344,,,7.246507967411075e-05,,,,0,,,0.00036729252080161675,,PRUNED
510,510,43.75,2025-05-25 14:44:55.570691,2025-05-25 14:45:15.384097,0 days 00:00:19.813406,Adam,0.015503663102844789,,1.0070530827822606e-05,,,,,1,,95.64965154721841,,,PRUNED
511,511,33.333333333333336,2025-05-25 14:45:15.434204,2025-05-25 14:45:35.541631,0 days 00:00:20.107427,AdamW,0.23297597721134106,,,0.05723263694143197,,,,1,,,0.002461540432942267,,PRUNED
512,512,33.333333333333336,2025-05-25 14:45:35.584105,2025-05-25 14:45:55.435415,0 days 00:00:19.851310,AdamW,0.2567125026615868,,,0.00032749946584806973,,,,0,,,0.0006833928477428381,,PRUNED
513,513,33.333333333333336,2025-05-25 14:45:55.485025,2025-05-25 14:46:15.069963,0 days 00:00:19.584938,AdamW,0.32362182031894754,,,0.0004694373438459976,,,,5,,,0.0029101840041766587,,PRUNED
514,514,35.416666666666664,2025-05-25 14:46:15.118835,2025-05-25 14:46:34.827327,0 days 00:00:19.708492,AdamW,0.18313138557337383,,,0.0001115378483700703,,,,2,,,0.0035684973741083154,,PRUNED
515,515,37.5,2025-05-25 14:46:34.881572,2025-05-25 14:46:54.805494,0 days 00:00:19.923922,AdamW,0.27079529674122216,,,1.743819166358556e-05,,,,1,,,0.0006034697580188945,,PRUNED
516,516,62.5,2025-05-25 14:46:54.855452,2025-05-25 14:47:24.252825,0 days 00:00:29.397373,AdamW,0.1477447955024722,,,5.9144918910360335e-05,,,,2,,,0.0004830958916130193,,PRUNED
517,517,35.416666666666664,2025-05-25 14:47:24.294576,2025-05-25 14:47:44.140119,0 days 00:00:19.845543,AdamW,0.12620718609748138,,,4.70377078355433e-05,,,,0,,,0.001965645593453048,,PRUNED
518,518,52.083333333333336,2025-05-25 14:47:44.195013,2025-05-25 14:48:15.866639,0 days 00:00:31.671626,AdamW,0.42748951364433946,,,0.00013101844129589387,,,,3,,,0.0026199432792542027,,COMPLETE
519,519,33.333333333333336,2025-05-25 14:48:15.923199,2025-05-25 14:48:35.579168,0 days 00:00:19.655969,Adam,0.1670250084624438,,0.023790864027020315,,,,,5,,0.4127170030152834,,,PRUNED
520,520,52.083333333333336,2025-05-25 14:48:35.627004,2025-05-25 14:48:57.955195,0 days 00:00:22.328191,AdamW,0.27998645273669315,,,8.712583786751912e-05,,,,0,,,0.0029705338030693094,,PRUNED
521,521,35.416666666666664,2025-05-25 14:48:57.993625,2025-05-25 14:49:18.011363,0 days 00:00:20.017738,AdamW,0.2643256662733284,,,0.000171242792485207,,,,1,,,0.0008892851657638117,,PRUNED
522,522,33.333333333333336,2025-05-25 14:49:18.060883,2025-05-25 14:49:37.782967,0 days 00:00:19.722084,AdamW,0.24800717544649697,,,0.0001020648084672869,,,,2,,,0.0007649365692442118,,PRUNED
523,523,33.333333333333336,2025-05-25 14:49:37.832341,2025-05-25 14:49:57.553616,0 days 00:00:19.721275,AdamW,0.07267722219772642,,,7.4270782272971e-05,,,,2,,,0.0005517301550442561,,PRUNED
524,524,33.333333333333336,2025-05-25 14:49:57.604181,2025-05-25 14:50:17.330289,0 days 00:00:19.726108,AdamW,0.24040495994882205,,,0.00012381373692616057,,,,5,,,0.0004055455544808079,,PRUNED
525,525,56.25,2025-05-25 14:50:17.383050,2025-05-25 14:50:41.937040,0 days 00:00:24.553990,AdamW,0.16195067825137294,,,0.0002048539598306319,,,,1,,,0.00031582803033288777,,PRUNED
526,526,37.5,2025-05-25 14:50:41.978368,2025-05-25 14:51:01.184290,0 days 00:00:19.205922,AdamW,0.18926816307394878,,,4.060791585744626e-05,,,,6,,,0.002189887988001332,,PRUNED
527,527,33.333333333333336,2025-05-25 14:51:01.229416,2025-05-25 14:51:20.898328,0 days 00:00:19.668912,Adam,0.25163603960705305,,0.004259744032660462,,,,,4,,0.2342969601534899,,,PRUNED
528,528,39.583333333333336,2025-05-25 14:51:20.947963,2025-05-25 14:51:40.730169,0 days 00:00:19.782206,AdamW,0.1764217685613496,,,0.00015014376345681504,,,,1,,,0.0016975452571736935,,PRUNED
529,529,,2025-05-25 14:51:40.780245,2025-05-25 14:51:58.919287,0 days 00:00:18.139042,SGD,0.3420299775272905,,,,0.03068234580493138,53.746106373812395,True,0,,,,47.91317233496462,PRUNED
530,530,37.5,2025-05-25 14:51:58.968121,2025-05-25 14:52:18.869853,0 days 00:00:19.901732,AdamW,0.30836477146701696,,,5.9571945093127804e-05,,,,2,,,0.002412406524344333,,PRUNED
531,531,33.333333333333336,2025-05-25 14:52:18.922751,2025-05-25 14:52:39.087043,0 days 00:00:20.164292,AdamW,0.445385269708536,,,0.0002796330047986356,,,,1,,,0.003387569041816191,,PRUNED
532,532,33.333333333333336,2025-05-25 14:52:39.137052,2025-05-25 14:52:59.189883,0 days 00:00:20.052831,AdamW,0.14422179721740844,,,0.0001008977590023914,,,,0,,,0.0013211698216106075,,PRUNED
533,533,39.583333333333336,2025-05-25 14:52:59.242265,2025-05-25 14:53:19.201859,0 days 00:00:19.959594,AdamW,0.11812077956852138,,,8.810411422026025e-05,,,,1,,,0.0027742637611025993,,PRUNED
534,534,43.75,2025-05-25 14:53:19.251816,2025-05-25 14:53:41.423164,0 days 00:00:22.171348,AdamW,0.2940292479501526,,,7.070406853700321e-05,,,,5,,,0.0003470478238901257,,PRUNED
535,535,33.333333333333336,2025-05-25 14:53:41.462584,2025-05-25 14:54:01.698063,0 days 00:00:20.235479,AdamW,0.04405326432895146,,,0.0001792079402552659,,,,2,,,0.004136923364027075,,PRUNED
536,536,33.333333333333336,2025-05-25 14:54:01.746453,2025-05-25 14:54:21.726742,0 days 00:00:19.980289,Adadelta,0.3859414327269568,43.730900672650506,,,,,,1,0.0404216055266851,,,,PRUNED
537,537,56.25,2025-05-25 14:54:21.778756,2025-05-25 14:54:43.959160,0 days 00:00:22.180404,AdamW,0.4184144276528638,,,0.00011720179040218196,,,,0,,,0.004940359075523971,,PRUNED
538,538,33.333333333333336,2025-05-25 14:54:43.998636,2025-05-25 14:55:03.877012,0 days 00:00:19.878376,Adam,0.23349412155093077,,0.0005634936410460236,,,,,2,,59.58539644940629,,,PRUNED
539,539,35.416666666666664,2025-05-25 14:55:03.929411,2025-05-25 14:55:23.566901,0 days 00:00:19.637490,AdamW,0.25875982170350886,,,0.00014763175756976623,,,,5,,,0.003068841392344168,,PRUNED
540,540,79.16666666666667,2025-05-25 14:55:23.619169,2025-05-25 14:55:55.041039,0 days 00:00:31.421870,AdamW,0.2186497913653813,,,0.00023258317064876733,,,,3,,,0.0005073306215026805,,COMPLETE
541,541,33.333333333333336,2025-05-25 14:55:55.098619,2025-05-25 14:56:14.860639,0 days 00:00:19.762020,AdamW,0.19173881065694706,,,0.0002989164757970171,,,,3,,,0.00047396555746886883,,PRUNED
542,542,33.333333333333336,2025-05-25 14:56:14.910096,2025-05-25 14:56:34.674105,0 days 00:00:19.764009,AdamW,0.20147796060815035,,,0.00020822087375436,,,,3,,,0.0005391114214758836,,PRUNED
543,543,33.333333333333336,2025-05-25 14:56:34.724689,2025-05-25 14:56:54.398009,0 days 00:00:19.673320,AdamW,0.21095970903064953,,,0.00023909006083694653,,,,4,,,0.0005972950125645537,,PRUNED
544,544,47.916666666666664,2025-05-25 14:56:54.452870,2025-05-25 14:57:14.045380,0 days 00:00:19.592510,AdamW,0.22930601804639558,,,0.00023270680112283672,,,,4,,,0.0005030433945109271,,PRUNED
545,545,33.333333333333336,2025-05-25 14:57:14.094928,2025-05-25 14:57:33.929934,0 days 00:00:19.835006,AdamW,0.2201422695113496,,,0.0001815603028870571,,,,3,,,0.0006522548085724373,,PRUNED
546,546,79.16666666666667,2025-05-25 14:57:33.981738,2025-05-25 14:58:05.662796,0 days 00:00:31.681058,AdamW,0.17953561781539057,,,0.00041096197764986693,,,,3,,,0.0004367979608963668,,COMPLETE
547,547,33.333333333333336,2025-05-25 14:58:05.720377,2025-05-25 14:58:25.808360,0 days 00:00:20.087983,AdamW,0.2005508319209159,,,0.0003051799199284953,,,,3,,,0.0004498245325062256,,PRUNED
548,548,33.333333333333336,2025-05-25 14:58:25.858022,2025-05-25 14:58:45.510910,0 days 00:00:19.652888,AdamW,0.18323801689407138,,,0.00026508657579133696,,,,3,,,0.00043648568629246027,,PRUNED
549,549,33.333333333333336,2025-05-25 14:58:45.560572,2025-05-25 14:59:05.286764,0 days 00:00:19.726192,AdamW,0.1756240007532982,,,0.0003217466732382007,,,,3,,,0.00038265149334419874,,PRUNED
550,550,33.333333333333336,2025-05-25 14:59:05.338496,2025-05-25 14:59:25.121511,0 days 00:00:19.783015,AdamW,0.2143761678044815,,,0.00039122744579913856,,,,3,,,0.00048593038797945274,,PRUNED
551,551,33.333333333333336,2025-05-25 14:59:25.176806,2025-05-25 14:59:44.819029,0 days 00:00:19.642223,AdamW,0.19029316416407413,,,0.00037570476524867495,,,,3,,,0.000433901818145859,,PRUNED
552,552,33.333333333333336,2025-05-25 14:59:44.868379,2025-05-25 15:00:04.519066,0 days 00:00:19.650687,AdamW,0.16858416926891545,,,0.0004896160011741087,,,,3,,,0.00039582224962660866,,PRUNED
553,553,33.333333333333336,2025-05-25 15:00:04.569910,2025-05-25 15:00:24.434635,0 days 00:00:19.864725,AdamW,0.15610482789525815,,,0.00038016993165078037,,,,3,,,0.0005128912895405296,,PRUNED
554,554,33.333333333333336,2025-05-25 15:00:24.489312,2025-05-25 15:00:44.248716,0 days 00:00:19.759404,AdamW,0.20586935462927095,,,0.00021927589695384364,,,,3,,,0.0005675108615107393,,PRUNED
555,555,33.333333333333336,2025-05-25 15:00:44.305368,2025-05-25 15:01:04.166720,0 days 00:00:19.861352,AdamW,0.2216800693155629,,,0.0001345326423423353,,,,3,,,0.00047434211023081915,,PRUNED
556,556,33.333333333333336,2025-05-25 15:01:04.215731,2025-05-25 15:01:24.259080,0 days 00:00:20.043349,AdamW,0.1714853944047484,,,0.0008453720954103732,,,,2,,,0.0004159007480477461,,PRUNED
557,557,37.5,2025-05-25 15:01:24.307775,2025-05-25 15:01:43.907254,0 days 00:00:19.599479,AdamW,0.1907707615947592,,,0.0001103267755928627,,,,3,,,0.0005497072079067807,,PRUNED
558,558,33.333333333333336,2025-05-25 15:01:43.945982,2025-05-25 15:02:03.840129,0 days 00:00:19.894147,AdamW,0.17754118529167734,,,0.0002804696710783515,,,,2,,,0.00037630226676509587,,PRUNED
559,559,33.333333333333336,2025-05-25 15:02:03.889065,2025-05-25 15:02:23.627731,0 days 00:00:19.738666,AdamW,0.16376309008391698,,,0.0001603217348700947,,,,2,,,0.0005048938454047949,,PRUNED
560,560,33.333333333333336,2025-05-25 15:02:23.665957,2025-05-25 15:02:43.375961,0 days 00:00:19.710004,AdamW,0.20214771338958615,,,8.393929917467518e-05,,,,4,,,0.00045338471943417747,,PRUNED
561,561,68.75,2025-05-25 15:02:43.424401,2025-05-25 15:03:14.823070,0 days 00:00:31.398669,AdamW,0.09520780748591351,,,0.00010494606036878036,,,,3,,,0.0025910473309616136,,COMPLETE
562,562,33.333333333333336,2025-05-25 15:03:14.879932,2025-05-25 15:03:34.792923,0 days 00:00:19.912991,AdamW,0.0928227371969794,,,9.947067988465699e-05,,,,3,,,0.002552542956426217,,PRUNED
563,563,33.333333333333336,2025-05-25 15:03:34.841883,2025-05-25 15:03:54.545933,0 days 00:00:19.704050,AdamW,0.07993633993021242,,,0.0001252545228766474,,,,3,,,0.0024359458899321927,,PRUNED
564,564,33.333333333333336,2025-05-25 15:03:54.599993,2025-05-25 15:04:14.320421,0 days 00:00:19.720428,AdamW,0.1815795371673131,,,0.0001178265674632896,,,,3,,,0.0067641262678857506,,PRUNED
565,565,43.75,2025-05-25 15:04:14.372590,2025-05-25 15:04:34.137932,0 days 00:00:19.765342,AdamW,0.0916686907396799,,,9.445693154855317e-05,,,,3,,,0.0026743214604356496,,PRUNED
566,566,33.333333333333336,2025-05-25 15:04:34.188242,2025-05-25 15:04:54.027750,0 days 00:00:19.839508,AdamW,0.07982980480363316,,,0.0001482914434515176,,,,3,,,0.002139399100216187,,PRUNED
567,567,33.333333333333336,2025-05-25 15:04:54.076921,2025-05-25 15:05:13.660654,0 days 00:00:19.583733,AdamW,0.09867965864981129,,,8.05705469430459e-05,,,,3,,,0.0029201728259858613,,PRUNED
568,568,39.583333333333336,2025-05-25 15:05:13.711215,2025-05-25 15:05:33.399457,0 days 00:00:19.688242,AdamW,0.10392724329023928,,,0.00017721245964067895,,,,3,,,0.002315568237106666,,PRUNED
569,569,56.25,2025-05-25 15:05:33.451783,2025-05-25 15:06:02.543190,0 days 00:00:29.091407,AdamW,0.07243796142645512,,,0.00010527098760895194,,,,3,,,0.0032108821097498927,,PRUNED
570,570,66.66666666666667,2025-05-25 15:06:02.593365,2025-05-25 15:06:31.872556,0 days 00:00:29.279191,AdamW,0.09930485520533601,,,0.00024296266468386057,,,,3,,,0.0026838853395293855,,PRUNED
571,571,33.333333333333336,2025-05-25 15:06:31.924365,2025-05-25 15:06:51.724260,0 days 00:00:19.799895,AdamW,0.09330449481428878,,,0.00013020968475886924,,,,0,,,0.00021540791010665752,,PRUNED
572,572,33.333333333333336,2025-05-25 15:06:51.775395,2025-05-25 15:07:11.507367,0 days 00:00:19.731972,AdamW,0.0841044029750059,,,0.0004238283709197128,,,,3,,,0.0020619959007558007,,PRUNED
573,573,33.333333333333336,2025-05-25 15:07:11.548075,2025-05-25 15:07:31.291219,0 days 00:00:19.743144,AdamW,0.11152597922716989,,,0.00019461296952517706,,,,4,,,0.0018923016269081748,,PRUNED
574,574,,2025-05-25 15:07:31.340321,2025-05-25 15:07:49.526035,0 days 00:00:18.185714,SGD,0.06800538435889028,,,,0.0884929686214262,66.04692995771404,False,0,,,,0.02269702582717366,PRUNED
575,575,33.333333333333336,2025-05-25 15:07:49.575358,2025-05-25 15:08:09.338644,0 days 00:00:19.763286,AdamW,0.2284125183538459,,,8.983603455743847e-05,,,,0,,,0.003509908832193559,,PRUNED
576,576,81.25,2025-05-25 15:08:09.388883,2025-05-25 15:08:40.609730,0 days 00:00:31.220847,AdamW,0.19489004843129348,,,0.000113472088686374,,,,3,,,0.0024914042028287313,,COMPLETE
577,577,39.583333333333336,2025-05-25 15:08:40.667924,2025-05-25 15:09:00.524291,0 days 00:00:19.856367,AdamW,0.210652898161206,,,0.00014514468782429694,,,,3,,,0.0028713148176960947,,PRUNED
578,578,39.583333333333336,2025-05-25 15:09:00.575319,2025-05-25 15:09:20.344463,0 days 00:00:19.769144,AdamW,0.21552554925277484,,,0.00011502489719008427,,,,3,,,0.0004164717927264486,,PRUNED
579,579,33.333333333333336,2025-05-25 15:09:20.394574,2025-05-25 15:09:40.044774,0 days 00:00:19.650200,AdamW,0.19653669262731965,,,0.00010456267487713935,,,,3,,,0.0024360115999932826,,PRUNED
580,580,35.416666666666664,2025-05-25 15:09:40.094218,2025-05-25 15:09:59.835662,0 days 00:00:19.741444,AdamW,0.198483394173075,,,0.00013533358867529207,,,,3,,,0.0023158207940590088,,PRUNED
581,581,41.666666666666664,2025-05-25 15:09:59.885003,2025-05-25 15:10:19.594730,0 days 00:00:19.709727,AdamW,0.2401096096513747,,,0.00016010889971947474,,,,3,,,0.0031598985946396474,,PRUNED
582,582,33.333333333333336,2025-05-25 15:10:19.644491,2025-05-25 15:10:39.286023,0 days 00:00:19.641532,Adadelta,0.22304044586565144,1.3742163815422492,,,,,,3,0.011647995970455913,,,,PRUNED
583,583,41.666666666666664,2025-05-25 15:10:39.334224,2025-05-25 15:10:59.220519,0 days 00:00:19.886295,AdamW,0.20446269238836587,,,0.00010463296931519214,,,,3,,,0.000364592136487844,,PRUNED
584,584,33.333333333333336,2025-05-25 15:10:59.271502,2025-05-25 15:11:18.929656,0 days 00:00:19.658154,AdamW,0.18571929463072018,,,8.55539692433301e-05,,,,3,,,0.002631416149856642,,PRUNED
585,585,47.916666666666664,2025-05-25 15:11:18.980455,2025-05-25 15:11:38.802222,0 days 00:00:19.821767,AdamW,0.08600190282199521,,,0.0001249847196819178,,,,3,,,0.00025073755769602885,,PRUNED
586,586,33.333333333333336,2025-05-25 15:11:38.861790,2025-05-25 15:11:58.720204,0 days 00:00:19.858414,AdamW,0.19196988833855325,,,0.0001785953754215341,,,,0,,,0.000341469339179628,,PRUNED
587,587,33.333333333333336,2025-05-25 15:11:58.770944,2025-05-25 15:12:18.465945,0 days 00:00:19.695001,AdamW,0.11274921017217154,,,0.0005641830103668615,,,,0,,,0.0004504150022755012,,PRUNED
588,588,33.333333333333336,2025-05-25 15:12:18.516119,2025-05-25 15:12:38.373742,0 days 00:00:19.857623,AdamW,0.2362555247804039,,,0.00032638065789385634,,,,3,,,0.0030324639831814824,,PRUNED
589,589,33.333333333333336,2025-05-25 15:12:38.424260,2025-05-25 15:12:58.383084,0 days 00:00:19.958824,AdamW,0.24771872194607095,,,0.00021678267572255606,,,,0,,,0.002119828080800422,,PRUNED
590,590,35.416666666666664,2025-05-25 15:12:58.422102,2025-05-25 15:13:18.084169,0 days 00:00:19.662067,AdamW,0.2776777845283538,,,0.00010133715834911192,,,,3,,,0.0027703748595254065,,PRUNED
591,591,33.333333333333336,2025-05-25 15:13:18.133700,2025-05-25 15:13:38.013327,0 days 00:00:19.879627,AdamW,0.21605767584579333,,,0.0001487049902607642,,,,0,,,0.00040189582838644753,,PRUNED
592,592,33.333333333333336,2025-05-25 15:13:38.063965,2025-05-25 15:13:57.877599,0 days 00:00:19.813634,AdamW,0.12883577004713834,,,0.00012096954253734148,,,,3,,,0.0036811110829145927,,PRUNED
593,593,37.5,2025-05-25 15:13:57.927431,2025-05-25 15:14:17.462189,0 days 00:00:19.534758,AdamW,0.060245123033198116,,,8.085953548024214e-05,,,,4,,,0.0005090076421195961,,PRUNED
594,594,45.833333333333336,2025-05-25 15:14:17.501944,2025-05-25 15:14:37.253526,0 days 00:00:19.751582,AdamW,0.4091410401779134,,,7.211423847654954e-05,,,,1,,,0.001872878939798898,,PRUNED
595,595,33.333333333333336,2025-05-25 15:14:37.303244,2025-05-25 15:14:57.261668,0 days 00:00:19.958424,AdamW,0.2697248248286485,,,0.00025630535833850857,,,,1,,,0.002505734044755165,,PRUNED
596,596,33.333333333333336,2025-05-25 15:14:57.312251,2025-05-25 15:15:17.289753,0 days 00:00:19.977502,AdamW,0.2046773353002116,,,0.00017454511131778248,,,,0,,,0.0022075709499222696,,PRUNED
597,597,39.583333333333336,2025-05-25 15:15:17.340547,2025-05-25 15:15:37.015292,0 days 00:00:19.674745,AdamW,0.25116124521804073,,,9.586673573706401e-05,,,,3,,,0.0033547574452039573,,PRUNED
598,598,31.25,2025-05-25 15:15:37.064702,2025-05-25 15:15:55.972532,0 days 00:00:18.907830,AdamW,0.2301595190272196,,,0.0001381018601630797,,,,8,,,0.00028382401531586865,,PRUNED
599,599,33.333333333333336,2025-05-25 15:15:56.018251,2025-05-25 15:16:15.739066,0 days 00:00:19.720815,AdamW,0.1811822824161099,,,0.00020067765184717925,,,,1,,,0.0028628624703192556,,PRUNED
600,600,33.333333333333336,2025-05-25 15:16:15.790854,2025-05-25 15:16:35.658600,0 days 00:00:19.867746,AdamW,0.15374398869598013,,,0.00012154475807586093,,,,0,,,0.00042824249203711245,,PRUNED
601,601,33.333333333333336,2025-05-25 15:16:35.715778,2025-05-25 15:16:55.570383,0 days 00:00:19.854605,AdamW,0.2889579529982226,,,8.992794579405545e-05,,,,1,,,0.0004719908145233828,,PRUNED
602,602,33.333333333333336,2025-05-25 15:16:55.620885,2025-05-25 15:17:15.109074,0 days 00:00:19.488189,SGD,0.14277436819449757,,,,0.012097930240767437,2.1694572128887373,True,3,,,,0.1361905869731148,PRUNED
603,603,33.333333333333336,2025-05-25 15:17:15.157549,2025-05-25 15:17:34.907049,0 days 00:00:19.749500,AdamW,0.08227971171538313,,,0.00010600041199773964,,,,2,,,0.002392962750266493,,PRUNED
604,604,33.333333333333336,2025-05-25 15:17:34.955873,2025-05-25 15:17:54.841663,0 days 00:00:19.885790,AdamW,0.1028095658987569,,,0.0011906658698208519,,,,0,,,0.001596729929474856,,PRUNED
605,605,33.333333333333336,2025-05-25 15:17:54.900169,2025-05-25 15:18:14.787269,0 days 00:00:19.887100,Adadelta,0.26397842512024,50.788781798751735,,,,,,4,0.29992634592517176,,,,PRUNED
606,606,33.333333333333336,2025-05-25 15:18:14.836271,2025-05-25 15:18:34.647560,0 days 00:00:19.811289,AdamW,0.43383600573116504,,,7.57534590525454e-05,,,,1,,,0.0003778322652364661,,PRUNED
607,607,33.333333333333336,2025-05-25 15:18:34.698045,2025-05-25 15:18:54.555895,0 days 00:00:19.857850,AdamW,0.16806818857554917,,,0.0001512586600529978,,,,1,,,0.003212847127711746,,PRUNED
608,608,33.333333333333336,2025-05-25 15:18:54.606114,2025-05-25 15:19:14.472051,0 days 00:00:19.865937,AdamW,0.19424939864503377,,,0.0002686730729431162,,,,3,,,0.0005296748565646613,,PRUNED
609,609,41.666666666666664,2025-05-25 15:19:14.524035,2025-05-25 15:19:34.359926,0 days 00:00:19.835891,AdamW,0.24611080416172712,,,0.00011944968376048148,,,,2,,,0.002554133279553414,,PRUNED
610,610,33.333333333333336,2025-05-25 15:19:34.409011,2025-05-25 15:19:54.111953,0 days 00:00:19.702942,AdamW,0.22290363909703503,,,0.00015877933952640821,,,,2,,,0.00033616665577427765,,PRUNED
611,611,33.333333333333336,2025-05-25 15:19:54.161712,2025-05-25 15:20:13.835519,0 days 00:00:19.673807,AdamW,0.20820725673090687,,,0.00035308128164335706,,,,0,,,0.0019956924226869747,,PRUNED
612,612,45.833333333333336,2025-05-25 15:20:13.886044,2025-05-25 15:20:32.801581,0 days 00:00:18.915537,AdamW,0.18140864349659827,,,9.437064659713474e-05,,,,7,,,0.0005918505559529587,,PRUNED
613,613,37.5,2025-05-25 15:20:32.850589,2025-05-25 15:20:52.593595,0 days 00:00:19.743006,AdamW,0.2376108688776502,,,6.901563074907355e-05,,,,1,,,0.00030848635928082375,,PRUNED
614,614,33.333333333333336,2025-05-25 15:20:52.644226,2025-05-25 15:21:12.325110,0 days 00:00:19.680884,AdamW,0.28092899813707245,,,0.00019971367848813047,,,,1,,,0.002946655731301625,,PRUNED
615,615,33.333333333333336,2025-05-25 15:21:12.378546,2025-05-25 15:21:32.056008,0 days 00:00:19.677462,AdamW,0.2584515594808032,,,0.00013621446005278613,,,,3,,,0.0037137531015142495,,PRUNED
616,616,33.333333333333336,2025-05-25 15:21:32.107993,2025-05-25 15:21:52.091313,0 days 00:00:19.983320,AdamW,0.13599219877164972,,,0.00011449467259472546,,,,2,,,0.0022487650691006985,,PRUNED
617,617,33.333333333333336,2025-05-25 15:21:52.144785,2025-05-25 15:22:11.947541,0 days 00:00:19.802756,AdamW,0.1569386115319471,,,8.3957152212772e-05,,,,0,,,0.002679806669884111,,PRUNED
618,618,33.333333333333336,2025-05-25 15:22:12.000056,2025-05-25 15:22:31.763904,0 days 00:00:19.763848,AdamW,0.12128858260987874,,,0.00023434026002728376,,,,1,,,0.0004213391300911325,,PRUNED
619,619,33.333333333333336,2025-05-25 15:22:31.814504,2025-05-25 15:22:51.500323,0 days 00:00:19.685819,AdamW,0.0911534788547209,,,0.019802409929099842,,,,0,,,0.0004974964403533552,,PRUNED
620,620,35.416666666666664,2025-05-25 15:22:51.590455,2025-05-25 15:23:11.248181,0 days 00:00:19.657726,AdamW,0.24055508122518274,,,0.00010498003783009087,,,,2,,,0.00314286873368708,,PRUNED
621,621,33.333333333333336,2025-05-25 15:23:11.297899,2025-05-25 15:23:31.075510,0 days 00:00:19.777611,AdamW,0.19448189476050123,,,0.0001526757058256792,,,,3,,,0.0014515005656788658,,PRUNED
622,622,33.333333333333336,2025-05-25 15:23:31.346697,2025-05-25 15:23:51.034465,0 days 00:00:19.687768,AdamW,0.270957683166111,,,0.0001712732891539425,,,,1,,,0.0018192484151465808,,PRUNED
623,623,,2025-05-25 15:23:51.085439,2025-05-25 15:24:09.187646,0 days 00:00:18.102207,SGD,0.3019115263740495,,,,0.0016559483534758887,90.9479125606974,False,6,,,,0.07764255576307105,PRUNED
624,624,47.916666666666664,2025-05-25 15:24:09.234793,2025-05-25 15:24:28.906118,0 days 00:00:19.671325,AdamW,0.3956368092865381,,,6.552314290635059e-05,,,,2,,,0.00344624399450243,,PRUNED
625,625,33.333333333333336,2025-05-25 15:24:28.956401,2025-05-25 15:24:48.697792,0 days 00:00:19.741391,AdamW,0.1716417566784126,,,0.00012897695309906464,,,,0,,,0.002311103712878866,,PRUNED
626,626,39.583333333333336,2025-05-25 15:24:48.748472,2025-05-25 15:25:08.523093,0 days 00:00:19.774621,AdamW,0.25340716281761483,,,8.565941679537615e-05,,,,3,,,0.0003815298481638968,,PRUNED
627,627,43.75,2025-05-25 15:25:08.575245,2025-05-25 15:25:28.362535,0 days 00:00:19.787290,AdamW,0.21345253842009076,,,0.00010477252945341044,,,,1,,,0.002635124321616198,,PRUNED
628,628,33.333333333333336,2025-05-25 15:25:28.414359,2025-05-25 15:25:48.073292,0 days 00:00:19.658933,Adadelta,0.07657927175184442,8.479307261340143,,,,,,0,0.026063008879040808,,,,PRUNED
629,629,33.333333333333336,2025-05-25 15:25:48.128190,2025-05-25 15:26:08.039329,0 days 00:00:19.911139,AdamW,0.3158901699887965,,,0.0003111223301440034,,,,2,,,0.00046468574495302684,,PRUNED
630,630,33.333333333333336,2025-05-25 15:26:08.092175,2025-05-25 15:26:27.838954,0 days 00:00:19.746779,AdamW,0.18644964355829124,,,0.00042761727640016587,,,,4,,,0.0020037551940275534,,PRUNED
631,631,37.5,2025-05-25 15:26:27.889445,2025-05-25 15:26:47.555705,0 days 00:00:19.666260,AdamW,0.1618538681053936,,,0.00019346699601334214,,,,0,,,0.000535720786245485,,PRUNED
632,632,33.333333333333336,2025-05-25 15:26:47.606472,2025-05-25 15:27:07.356206,0 days 00:00:19.749734,AdamW,0.22559759595457257,,,0.00013718897929332566,,,,1,,,0.002894782977922824,,PRUNED
633,633,25.0,2025-05-25 15:27:07.396603,2025-05-25 15:27:27.116694,0 days 00:00:19.720091,AdamW,0.24472102751643238,,,1.0796671349041468e-05,,,,2,,,0.00035370179036249555,,PRUNED
634,634,33.333333333333336,2025-05-25 15:27:27.166370,2025-05-25 15:27:47.048210,0 days 00:00:19.881840,AdamW,0.10930047219859214,,,8.233676866958078e-05,,,,3,,,0.0010859381357867291,,PRUNED
635,635,35.416666666666664,2025-05-25 15:27:47.097428,2025-05-25 15:28:06.908811,0 days 00:00:19.811383,AdamW,0.2638567270653844,,,0.00011319096496277336,,,,1,,,0.004044396716279283,,PRUNED
636,636,45.833333333333336,2025-05-25 15:28:06.959729,2025-05-25 15:28:26.846585,0 days 00:00:19.886856,AdamW,0.1454329077402084,,,9.557422583153723e-05,,,,0,,,0.0005819870376411561,,PRUNED
637,637,33.333333333333336,2025-05-25 15:28:26.897552,2025-05-25 15:28:46.670353,0 days 00:00:19.772801,AdamW,0.180364789061359,,,0.00023171524367147575,,,,1,,,0.0024742332167505795,,PRUNED
638,638,35.416666666666664,2025-05-25 15:28:46.720641,2025-05-25 15:29:06.361244,0 days 00:00:19.640603,AdamW,0.2870461716917116,,,0.00017122465439754251,,,,3,,,0.00044339238511300217,,PRUNED
639,639,45.833333333333336,2025-05-25 15:29:06.410795,2025-05-25 15:29:26.299784,0 days 00:00:19.888989,AdamW,0.23586352506917982,,,7.196324884419405e-05,,,,1,,,0.001728295837408948,,PRUNED
640,640,33.333333333333336,2025-05-25 15:29:26.350566,2025-05-25 15:29:46.100978,0 days 00:00:19.750412,AdamW,0.4399873850762686,,,0.00012243846613392762,,,,2,,,0.002152132308704706,,PRUNED
641,641,33.333333333333336,2025-05-25 15:29:46.155731,2025-05-25 15:30:06.020272,0 days 00:00:19.864541,AdamW,0.19585154465798899,,,0.0002777181015529043,,,,2,,,0.0012520335946278602,,PRUNED
642,642,33.333333333333336,2025-05-25 15:30:06.074037,2025-05-25 15:30:25.920691,0 days 00:00:19.846654,AdamW,0.4198577050324147,,,0.00014155502878813816,,,,0,,,0.0034210862442993592,,PRUNED
643,643,33.333333333333336,2025-05-25 15:30:25.972495,2025-05-25 15:30:45.696936,0 days 00:00:19.724441,AdamW,0.2590083997314849,,,9.626835064887098e-05,,,,2,,,0.00040442224731585425,,PRUNED
644,644,43.75,2025-05-25 15:30:45.748930,2025-05-25 15:31:05.520485,0 days 00:00:19.771555,AdamW,0.15001077931156145,,,6.509435796550375e-05,,,,4,,,0.00301006726782879,,PRUNED
645,645,,2025-05-25 15:31:05.573264,2025-05-25 15:31:23.996143,0 days 00:00:18.422879,SGD,0.2759093045151613,,,,0.00018781250341497692,42.96587364322005,True,3,,,,0.41256409848768166,PRUNED
646,646,33.333333333333336,2025-05-25 15:31:24.043962,2025-05-25 15:31:43.870148,0 days 00:00:19.826186,AdamW,0.17096095088855323,,,0.00020025693459915488,,,,0,,,0.0026541329696558,,PRUNED
647,647,81.25,2025-05-25 15:31:43.920767,2025-05-25 15:32:16.465191,0 days 00:00:32.544424,AdamW,0.20767412852363504,,,0.0001144290928935147,,,,1,,,0.0005145595557597517,,COMPLETE
648,648,37.5,2025-05-25 15:32:16.524112,2025-05-25 15:32:36.280916,0 days 00:00:19.756804,AdamW,0.21321646672692032,,,0.00011315925115646206,,,,1,,,0.0005110173968490658,,PRUNED
649,649,33.333333333333336,2025-05-25 15:32:36.332410,2025-05-25 15:32:56.169994,0 days 00:00:19.837584,AdamW,0.20464457510548345,,,8.582464996933977e-05,,,,1,,,0.000610812584042906,,PRUNED
650,650,41.666666666666664,2025-05-25 15:32:56.228393,2025-05-25 15:33:15.931028,0 days 00:00:19.702635,AdamW,0.2189817024754388,,,0.00013262314710535067,,,,1,,,0.0005239753313677192,,PRUNED
651,651,33.333333333333336,2025-05-25 15:33:15.983695,2025-05-25 15:33:35.751647,0 days 00:00:19.767952,AdamW,0.20348369095650404,,,0.0024685205862384346,,,,1,,,0.0005003329945456887,,PRUNED
652,652,33.333333333333336,2025-05-25 15:33:35.805024,2025-05-25 15:33:55.513102,0 days 00:00:19.708078,Adadelta,0.21076794484135336,20.401322769314092,,,,,,1,0.20682223362088906,,,,PRUNED
653,653,33.333333333333336,2025-05-25 15:33:55.567318,2025-05-25 15:34:15.333913,0 days 00:00:19.766595,AdamW,0.22136351845326166,,,0.00011728051673899697,,,,1,,,0.00046690554773115355,,PRUNED
654,654,33.333333333333336,2025-05-25 15:34:15.384829,2025-05-25 15:34:35.232246,0 days 00:00:19.847417,AdamW,0.19902094190128705,,,0.00015320587682945714,,,,1,,,0.0006259728777722586,,PRUNED
655,655,39.583333333333336,2025-05-25 15:34:35.283840,2025-05-25 15:34:55.061790,0 days 00:00:19.777950,AdamW,0.22827867772345428,,,9.755343139243415e-05,,,,1,,,0.00046472891745118536,,PRUNED
656,656,33.333333333333336,2025-05-25 15:34:55.113378,2025-05-25 15:35:14.850863,0 days 00:00:19.737485,AdamW,0.18903498614518596,,,8.236875626110881e-05,,,,1,,,0.00025110151247179817,,PRUNED
657,657,33.333333333333336,2025-05-25 15:35:14.903134,2025-05-25 15:35:34.708832,0 days 00:00:19.805698,AdamW,0.20674752258358856,,,0.00017044262623549023,,,,1,,,0.00040641942673031036,,PRUNED
658,658,33.333333333333336,2025-05-25 15:35:34.760056,2025-05-25 15:35:54.526159,0 days 00:00:19.766103,AdamW,0.21834945767420744,,,0.00010680143400695682,,,,1,,,0.00031908975289793464,,PRUNED
659,659,31.25,2025-05-25 15:35:54.579015,2025-05-25 15:36:14.550351,0 days 00:00:19.971336,AdamW,0.19108373170182844,,,7.000556151598081e-05,,,,0,,,0.0005709184838888112,,PRUNED
660,660,31.25,2025-05-25 15:36:14.605450,2025-05-25 15:36:34.511424,0 days 00:00:19.905974,AdamW,0.25046646483755125,,,0.00013542864394258913,,,,1,,,0.00043244836335191224,,PRUNED
661,661,47.916666666666664,2025-05-25 15:36:34.564134,2025-05-25 15:36:54.344149,0 days 00:00:19.780015,AdamW,0.0972081106512685,,,9.6189323289833e-05,,,,1,,,0.0005341746238022681,,PRUNED
662,662,35.416666666666664,2025-05-25 15:36:54.399351,2025-05-25 15:37:13.261375,0 days 00:00:18.862024,AdamW,0.2293676198689525,,,7.705861646255703e-05,,,,7,,,0.0005655179493740884,,PRUNED
663,663,50.0,2025-05-25 15:37:13.306428,2025-05-25 15:37:32.995016,0 days 00:00:19.688588,AdamW,0.06603939780125093,,,5.935860270612906e-05,,,,2,,,0.00018618925254982783,,PRUNED
664,664,33.333333333333336,2025-05-25 15:37:33.045736,2025-05-25 15:37:52.992925,0 days 00:00:19.947189,AdamW,0.40430057867701863,,,0.00015617978872293676,,,,1,,,0.00068224455069443,,PRUNED
665,665,45.833333333333336,2025-05-25 15:37:53.043919,2025-05-25 15:38:12.767069,0 days 00:00:19.723150,AdamW,0.199531480280216,,,0.00011900095955591063,,,,0,,,0.00036602087465030384,,PRUNED
666,666,35.416666666666664,2025-05-25 15:38:12.819264,2025-05-25 15:38:32.678728,0 days 00:00:19.859464,AdamW,0.08340336628910426,,,0.00010571385483499787,,,,0,,,0.0002783861338466582,,PRUNED
667,667,33.333333333333336,2025-05-25 15:38:32.728882,2025-05-25 15:38:52.473392,0 days 00:00:19.744510,AdamW,0.23984338477236605,,,0.00013460090535139974,,,,1,,,0.00046970218948412436,,PRUNED
668,668,,2025-05-25 15:38:52.524587,2025-05-25 15:39:10.576450,0 days 00:00:18.051863,SGD,0.21322018228441172,,,,0.006331046435631465,80.48701688159265,False,1,,,,5.416692696489512,PRUNED
669,669,35.416666666666664,2025-05-25 15:39:10.626604,2025-05-25 15:39:30.629714,0 days 00:00:20.003110,AdamW,0.2666237375471163,,,0.000167774989518745,,,,0,,,0.0020059915344518707,,PRUNED
670,670,33.333333333333336,2025-05-25 15:39:30.680537,2025-05-25 15:39:50.282175,0 days 00:00:19.601638,AdamW,0.23124357922729508,,,8.624460248299016e-05,,,,2,,,0.002357787566241825,,PRUNED
671,671,33.333333333333336,2025-05-25 15:39:50.332249,2025-05-25 15:40:10.290173,0 days 00:00:19.957924,AdamW,0.2560704425699713,,,0.00019393401341016937,,,,1,,,0.0004969679323908286,,PRUNED
672,672,35.416666666666664,2025-05-25 15:40:10.341679,2025-05-25 15:40:29.985037,0 days 00:00:19.643358,AdamW,0.1988280728372368,,,0.0001226649493020953,,,,2,,,0.00039185442693297494,,PRUNED
673,673,31.25,2025-05-25 15:40:30.035750,2025-05-25 15:40:49.957600,0 days 00:00:19.921850,AdamW,0.18720890438212084,,,9.880071655630061e-05,,,,0,,,0.0022002271021633528,,PRUNED
674,674,47.916666666666664,2025-05-25 15:40:50.010031,2025-05-25 15:41:09.827351,0 days 00:00:19.817320,AdamW,0.2468555164487064,,,7.324815090166231e-05,,,,1,,,0.000569046906592418,,PRUNED
675,675,52.083333333333336,2025-05-25 15:41:09.879676,2025-05-25 15:41:29.603677,0 days 00:00:19.724001,AdamW,0.11699943323713913,,,0.00014998899831694378,,,,2,,,0.00043618168738745707,,PRUNED
676,676,33.333333333333336,2025-05-25 15:41:29.654613,2025-05-25 15:41:49.410034,0 days 00:00:19.755421,Adadelta,0.10010610981421805,0.13837406545368966,,,,,,0,1.7245046322346844,,,,PRUNED
677,677,31.25,2025-05-25 15:41:49.459866,2025-05-25 15:42:09.227805,0 days 00:00:19.767939,AdamW,0.29468993032643237,,,5.7194173703030585e-05,,,,2,,,0.00034424623856894345,,PRUNED
678,678,54.166666666666664,2025-05-25 15:42:09.279110,2025-05-25 15:42:31.567159,0 days 00:00:22.288049,AdamW,0.45084132226541435,,,0.00011562482344433911,,,,1,,,0.0018536630910232796,,PRUNED
679,679,33.333333333333336,2025-05-25 15:42:31.618793,2025-05-25 15:42:51.314478,0 days 00:00:19.695685,AdamW,0.2725656018138623,,,8.947232785305188e-05,,,,0,,,0.002501776857540259,,PRUNED
680,680,33.333333333333336,2025-05-25 15:42:51.373474,2025-05-25 15:43:11.235643,0 days 00:00:19.862169,AdamW,0.21610379071501318,,,0.00013537716339835144,,,,1,,,0.0028122867429786658,,PRUNED
681,681,33.333333333333336,2025-05-25 15:43:11.286194,2025-05-25 15:43:31.050842,0 days 00:00:19.764648,AdamW,0.2363207781765176,,,0.00017525042986264378,,,,1,,,0.0006497624480980415,,PRUNED
682,682,33.333333333333336,2025-05-25 15:43:31.101422,2025-05-25 15:43:50.304710,0 days 00:00:19.203288,AdamW,0.20567427377417585,,,0.0002154925889030027,,,,6,,,0.0022589074879642997,,PRUNED
683,683,43.75,2025-05-25 15:43:50.349327,2025-05-25 15:44:10.002563,0 days 00:00:19.653236,AdamW,0.3264621631598155,,,7.48970475626186e-05,,,,2,,,0.0004924988903074448,,PRUNED
684,684,52.083333333333336,2025-05-25 15:44:10.055929,2025-05-25 15:44:29.726315,0 days 00:00:19.670386,AdamW,0.4265870351719948,,,0.0001172495673022375,,,,4,,,0.000433020788014103,,PRUNED
685,685,33.333333333333336,2025-05-25 15:44:29.780337,2025-05-25 15:44:49.622813,0 days 00:00:19.842476,AdamW,0.18192758271264386,,,9.827861580711623e-05,,,,0,,,0.0005385966182459533,,PRUNED
686,686,70.83333333333333,2025-05-25 15:44:49.678150,2025-05-25 15:45:21.961518,0 days 00:00:32.283368,AdamW,0.0875983162562145,,,0.00014773343488726172,,,,1,,,0.002038435355801062,,COMPLETE
687,687,47.916666666666664,2025-05-25 15:45:22.022266,2025-05-25 15:45:41.765544,0 days 00:00:19.743278,AdamW,0.08857360675836999,,,0.00014911953348168907,,,,1,,,0.006658200380464501,,PRUNED
688,688,33.333333333333336,2025-05-25 15:45:41.817627,2025-05-25 15:46:00.525949,0 days 00:00:18.708322,AdamW,0.08935055568791622,,,8.06836233408966e-05,,,,1,,,0.0023558824780663063,,PRUNED
689,689,39.583333333333336,2025-05-25 15:46:00.577964,2025-05-25 15:46:14.561021,0 days 00:00:13.983057,AdamW,0.08363723490527435,,,0.0001099603935764932,,,,1,,,0.004436198042610662,,PRUNED
690,690,25.0,2025-05-25 15:46:14.594824,2025-05-25 15:46:27.042197,0 days 00:00:12.447373,AdamW,0.12744132069552017,,,6.111305753410001e-05,,,,1,,,0.0019051053823060898,,PRUNED
691,691,33.333333333333336,2025-05-25 15:46:27.093896,2025-05-25 15:46:46.850983,0 days 00:00:19.757087,AdamW,0.0676568721675984,,,0.0001790579646488319,,,,1,,,0.0020333491061161964,,PRUNED
692,692,,2025-05-25 15:46:46.903420,2025-05-25 15:47:05.628057,0 days 00:00:18.724637,SGD,0.07878131806753202,,,,2.663592149815079e-05,17.85417820738744,True,1,,,,12.173749629404108,PRUNED
693,693,37.5,2025-05-25 15:47:05.678926,2025-05-25 15:47:25.571017,0 days 00:00:19.892091,AdamW,0.1067468400134379,,,9.170944998692687e-05,,,,1,,,0.0003022451108106994,,PRUNED
694,694,33.333333333333336,2025-05-25 15:47:25.622580,2025-05-25 15:47:45.522580,0 days 00:00:19.900000,AdamW,0.09870913235842492,,,0.00013311792790587985,,,,1,,,0.0003816742328154706,,PRUNED
695,695,41.666666666666664,2025-05-25 15:47:45.574440,2025-05-25 15:48:05.353655,0 days 00:00:19.779215,AdamW,0.09309568697547912,,,0.00022635870344723033,,,,2,,,0.007557213680986989,,PRUNED
696,696,37.5,2025-05-25 15:48:05.405264,2025-05-25 15:48:25.355635,0 days 00:00:19.950371,AdamW,0.07418925789312633,,,0.0001080035798428704,,,,1,,,0.00020373792745505834,,PRUNED
697,697,70.83333333333333,2025-05-25 15:48:25.410414,2025-05-25 15:48:57.278495,0 days 00:00:31.868081,AdamW,0.07594234357374409,,,0.00015376598369775798,,,,1,,,0.002171928615724151,,COMPLETE
698,698,35.416666666666664,2025-05-25 15:48:57.338247,2025-05-25 15:49:17.184995,0 days 00:00:19.846748,AdamW,0.0698496753819943,,,0.00013631769502008454,,,,1,,,0.0055047923697158765,,PRUNED
699,699,35.416666666666664,2025-05-25 15:49:17.236163,2025-05-25 15:49:37.085774,0 days 00:00:19.849611,AdamW,0.3633065265933761,,,7.715645306628716e-05,,,,1,,,0.002181870157159369,,PRUNED
700,700,33.333333333333336,2025-05-25 15:49:37.138550,2025-05-25 15:49:56.953123,0 days 00:00:19.814573,AdamW,0.19115116431473422,,,9.711335620092783e-05,,,,1,,,0.0017279097185976104,,PRUNED
701,701,33.333333333333336,2025-05-25 15:49:57.004772,2025-05-25 15:50:16.726542,0 days 00:00:19.721770,Adadelta,0.22580749462455657,0.5770983216437909,,,,,,1,0.010821611691066456,,,,PRUNED
702,702,43.75,2025-05-25 15:50:16.778235,2025-05-25 15:50:36.530981,0 days 00:00:19.752746,AdamW,0.11000427503497907,,,0.00011999332920609296,,,,1,,,0.002057780671094049,,PRUNED
703,703,33.333333333333336,2025-05-25 15:50:36.584039,2025-05-25 15:50:56.437536,0 days 00:00:19.853497,AdamW,0.06060424692967846,,,0.00014877194766566582,,,,1,,,0.002434727316140565,,PRUNED
704,704,35.416666666666664,2025-05-25 15:50:56.489865,2025-05-25 15:51:16.261576,0 days 00:00:19.771711,AdamW,0.07751121275514304,,,6.56749616913431e-05,,,,1,,,0.0020810272118282546,,PRUNED
705,705,37.5,2025-05-25 15:51:16.314869,2025-05-25 15:51:35.978192,0 days 00:00:19.663323,AdamW,0.41381239882360776,,,9.020800878963738e-05,,,,1,,,0.0027471035442167067,,PRUNED
706,706,37.5,2025-05-25 15:51:36.261442,2025-05-25 15:51:55.686771,0 days 00:00:19.425329,AdamW,0.17654824988537576,,,0.00017037238291876559,,,,1,,,0.0025386131844020187,,PRUNED
707,707,41.666666666666664,2025-05-25 15:51:55.735553,2025-05-25 15:52:04.888757,0 days 00:00:09.153204,AdamW,0.30761362790860514,,,5.1365402690775575e-05,,,,1,,,0.0023388857333192293,,PRUNED
708,708,41.666666666666664,2025-05-25 15:52:04.923658,2025-05-25 15:52:23.913327,0 days 00:00:18.989669,AdamW,0.46624935897785375,,,0.00011508967336901287,,,,1,,,0.0019349004442227222,,PRUNED
709,709,45.833333333333336,2025-05-25 15:52:23.964934,2025-05-25 15:52:43.700593,0 days 00:00:19.735659,AdamW,0.2213743748989152,,,0.0001347465252162998,,,,1,,,0.002191496798952173,,PRUNED
710,710,33.333333333333336,2025-05-25 15:52:43.752135,2025-05-25 15:53:03.547217,0 days 00:00:19.795082,AdamW,0.09060907659877589,,,0.006621617950965819,,,,1,,,0.003191381386565757,,PRUNED
711,711,33.333333333333336,2025-05-25 15:53:03.601159,2025-05-25 15:53:23.470687,0 days 00:00:19.869528,AdamW,0.19802959868157266,,,0.00010375634399114689,,,,1,,,0.002706330488749282,,PRUNED
712,712,50.0,2025-05-25 15:53:23.528728,2025-05-25 15:53:43.273494,0 days 00:00:19.744766,AdamW,0.21161858772657272,,,7.666009811254682e-05,,,,1,,,0.0035886551674556154,,PRUNED
713,713,37.5,2025-05-25 15:53:43.327001,2025-05-25 15:54:03.181992,0 days 00:00:19.854991,AdamW,0.18604831555338658,,,0.00016246620988328978,,,,1,,,0.0006222191790532952,,PRUNED
714,714,39.583333333333336,2025-05-25 15:54:03.234367,2025-05-25 15:54:23.001073,0 days 00:00:19.766706,AdamW,0.2062929719039042,,,8.841026701409665e-05,,,,1,,,0.0025197582248725247,,PRUNED
715,715,33.333333333333336,2025-05-25 15:54:23.052720,2025-05-25 15:54:42.826159,0 days 00:00:19.773439,AdamW,0.23449432312589918,,,0.0001249581866544402,,,,1,,,0.0018275781203169305,,PRUNED
716,716,,2025-05-25 15:54:42.881388,2025-05-25 15:55:01.502269,0 days 00:00:18.620881,SGD,0.054120427563911624,,,,0.01982557432505627,51.869382883214534,False,1,,,,0.14060854161262376,PRUNED
717,717,37.5,2025-05-25 15:55:01.543876,2025-05-25 15:55:21.305504,0 days 00:00:19.761628,AdamW,0.38210242006023626,,,0.00010588341515119599,,,,1,,,0.002984424679056689,,PRUNED
718,718,33.333333333333336,2025-05-25 15:55:21.358138,2025-05-25 15:55:40.985399,0 days 00:00:19.627261,AdamW,0.11420293549723268,,,0.00019371098639374922,,,,4,,,0.002251480030511664,,PRUNED
719,719,50.0,2025-05-25 15:55:41.039555,2025-05-25 15:56:00.828923,0 days 00:00:19.789368,AdamW,0.16992166640110815,,,0.0001487396344721254,,,,1,,,0.00045468208382441007,,PRUNED
720,720,45.833333333333336,2025-05-25 15:56:00.881190,2025-05-25 15:56:20.600410,0 days 00:00:19.719220,AdamW,0.24299909349193138,,,6.912784886931678e-05,,,,1,,,0.0005126365170801195,,PRUNED
721,721,33.333333333333336,2025-05-25 15:56:20.654871,2025-05-25 15:56:40.319773,0 days 00:00:19.664902,AdamW,0.351307622666064,,,0.00012582192333636115,,,,4,,,0.0005795538009034518,,PRUNED
722,722,31.25,2025-05-25 15:56:40.371439,2025-05-25 15:57:00.132052,0 days 00:00:19.760613,AdamW,0.13411708508385944,,,8.352534699715815e-05,,,,1,,,0.0020794051023252775,,PRUNED
723,723,50.0,2025-05-25 15:57:00.184327,2025-05-25 15:57:19.678361,0 days 00:00:19.494034,AdamW,0.10434925841480835,,,0.0001002713706966931,,,,5,,,0.002814512828254392,,PRUNED
724,724,33.333333333333336,2025-05-25 15:57:19.729462,2025-05-25 15:57:39.468327,0 days 00:00:19.738865,Adadelta,0.33177480261003667,3.779408228936095,,,,,,1,15.260315575991019,,,,PRUNED
725,725,41.666666666666664,2025-05-25 15:57:39.519838,2025-05-25 15:57:59.329936,0 days 00:00:19.810098,AdamW,0.22117261725271814,,,5.9677819348881526e-05,,,,1,,,0.0038128009309342016,,PRUNED
726,726,33.333333333333336,2025-05-25 15:57:59.382661,2025-05-25 15:58:18.832719,0 days 00:00:19.450058,AdamW,0.1944103442401676,,,0.00015760315240197732,,,,1,,,0.0004046083275864263,,PRUNED
727,727,45.833333333333336,2025-05-25 15:58:18.884697,2025-05-25 15:58:27.302552,0 days 00:00:08.417855,AdamW,0.18005870342927957,,,0.00011971685840068372,,,,1,,,0.0016396725921134707,,PRUNED
728,728,35.416666666666664,2025-05-25 15:58:27.350541,2025-05-25 15:58:46.357981,0 days 00:00:19.007440,AdamW,0.22890328490900078,,,0.00018584416606500192,,,,3,,,0.00249362239346178,,PRUNED
729,729,33.333333333333336,2025-05-25 15:58:46.409069,2025-05-25 15:58:53.728494,0 days 00:00:07.319425,AdamW,0.07227905876277795,,,8.912724747459824e-05,,,,1,,,0.00315513103162965,,PRUNED
730,730,35.416666666666664,2025-05-25 15:58:53.762688,2025-05-25 15:59:00.363063,0 days 00:00:06.600375,AdamW,0.09809927455747224,,,0.00024829290142824867,,,,5,,,0.0004843926893517754,,PRUNED
731,731,45.833333333333336,2025-05-25 15:59:00.396278,2025-05-25 15:59:16.468126,0 days 00:00:16.071848,AdamW,0.08322342534088151,,,0.0001431370704283086,,,,1,,,0.0023177452142207396,,PRUNED
732,732,33.333333333333336,2025-05-25 15:59:16.520032,2025-05-25 15:59:36.252344,0 days 00:00:19.732312,AdamW,0.4335412796728433,,,0.00010621236739542256,,,,1,,,0.00042452864452097237,,PRUNED
733,733,37.5,2025-05-25 15:59:36.303845,2025-05-25 15:59:55.981007,0 days 00:00:19.677162,AdamW,0.20455203618831508,,,8.026239364731534e-05,,,,3,,,0.0005440248366882794,,PRUNED
734,734,47.916666666666664,2025-05-25 15:59:56.033210,2025-05-25 16:00:15.716892,0 days 00:00:19.683682,AdamW,0.12079343914439623,,,0.00012610820219853804,,,,1,,,0.00036778744260111045,,PRUNED
735,735,37.5,2025-05-25 16:00:15.769939,2025-05-25 16:00:34.663492,0 days 00:00:18.893553,AdamW,0.3979348499050971,,,0.00020487221572467094,,,,6,,,0.0020560250015452725,,PRUNED
736,736,37.5,2025-05-25 16:00:34.711614,2025-05-25 16:00:54.247831,0 days 00:00:19.536217,AdamW,0.1618970203844363,,,6.51610146409138e-05,,,,5,,,0.0026297825556056897,,PRUNED
737,737,47.916666666666664,2025-05-25 16:00:54.298885,2025-05-25 16:01:14.020403,0 days 00:00:19.721518,AdamW,0.24312951108601966,,,0.00010054567357686279,,,,0,,,0.0032908395127378043,,PRUNED
738,738,37.5,2025-05-25 16:01:14.072411,2025-05-25 16:01:33.890244,0 days 00:00:19.817833,AdamW,0.25161785103293854,,,5.275875811195097e-05,,,,1,,,0.0009830025530674588,,PRUNED
739,739,39.583333333333336,2025-05-25 16:01:33.942651,2025-05-25 16:01:53.710235,0 days 00:00:19.767584,SGD,0.05939850669871279,,,,5.369657517290954e-05,0.7403012388105381,True,3,,,,2.427319587550764,PRUNED
740,740,33.333333333333336,2025-05-25 16:01:53.760041,2025-05-25 16:02:13.447174,0 days 00:00:19.687133,AdamW,0.18154777605803812,,,0.00016567910908897438,,,,4,,,0.000472113949758049,,PRUNED
741,741,33.333333333333336,2025-05-25 16:02:13.498631,2025-05-25 16:02:33.411168,0 days 00:00:19.912537,AdamW,0.3141876329147721,,,0.00013110738671271073,,,,1,,,0.0046161612601554386,,PRUNED
742,742,41.666666666666664,2025-05-25 16:02:33.463697,2025-05-25 16:02:53.272522,0 days 00:00:19.808825,AdamW,0.21306981801159747,,,7.343890135971935e-05,,,,0,,,0.002959771935651734,,PRUNED
743,743,39.583333333333336,2025-05-25 16:02:53.324321,2025-05-25 16:03:12.935937,0 days 00:00:19.611616,AdamW,0.2336985442702657,,,8.839809606526897e-05,,,,2,,,0.0018786575074954404,,PRUNED
744,744,33.333333333333336,2025-05-25 16:03:12.988033,2025-05-25 16:03:32.740374,0 days 00:00:19.752341,AdamW,0.19187491369939924,,,0.00010802395554554168,,,,1,,,0.0039732237439124435,,PRUNED
745,745,35.416666666666664,2025-05-25 16:03:32.792028,2025-05-25 16:03:52.558382,0 days 00:00:19.766354,AdamW,0.17340748129108785,,,0.00015655608678310433,,,,2,,,0.00226584490616901,,PRUNED
746,746,33.333333333333336,2025-05-25 16:03:52.608830,2025-05-25 16:04:11.955785,0 days 00:00:19.346955,AdamW,0.223804257973053,,,0.00021370765251532158,,,,1,,,0.0003434002943454165,,PRUNED
747,747,33.333333333333336,2025-05-25 16:04:12.007985,2025-05-25 16:04:31.642004,0 days 00:00:19.634019,Adadelta,0.36958473486845467,1.4729349774421425,,,,,,3,0.07009983732626195,,,,PRUNED
748,748,33.333333333333336,2025-05-25 16:04:31.692947,2025-05-25 16:04:48.914771,0 days 00:00:17.221824,AdamW,0.42490620935124207,,,0.00011400915339088712,,,,5,,,0.0005731265053390277,,PRUNED
749,749,33.333333333333336,2025-05-25 16:04:48.949802,2025-05-25 16:05:05.737084,0 days 00:00:16.787282,AdamW,0.2984969227333734,,,0.00014371831621706293,,,,0,,,0.0007168656390024305,,PRUNED
750,750,39.583333333333336,2025-05-25 16:05:05.788733,2025-05-25 16:05:25.799823,0 days 00:00:20.011090,AdamW,0.14027473678852312,,,8.599144009048914e-05,,,,1,,,0.002685198820750684,,PRUNED
751,751,33.333333333333336,2025-05-25 16:05:25.852333,2025-05-25 16:05:45.605048,0 days 00:00:19.752715,AdamW,0.20178703588009045,,,0.0011503233368812843,,,,3,,,0.0003988518619381454,,PRUNED
752,752,33.333333333333336,2025-05-25 16:05:45.655540,2025-05-25 16:06:05.391270,0 days 00:00:19.735730,AdamW,0.08762940051943101,,,0.00017704887009880558,,,,1,,,0.0005140497722449867,,PRUNED
753,753,41.666666666666664,2025-05-25 16:06:05.442185,2025-05-25 16:06:25.176690,0 days 00:00:19.734505,AdamW,0.2548633322605768,,,6.554996444513804e-05,,,,2,,,0.0024563746301383364,,PRUNED
754,754,45.833333333333336,2025-05-25 16:06:25.229629,2025-05-25 16:06:44.965329,0 days 00:00:19.735700,AdamW,0.2858500602180937,,,9.996744801572372e-05,,,,0,,,0.00045490614251900087,,PRUNED
755,755,33.333333333333336,2025-05-25 16:06:45.018347,2025-05-25 16:07:04.570966,0 days 00:00:19.552619,AdamW,0.15232106483462307,,,0.00025408370779520336,,,,4,,,0.0006291841507102397,,PRUNED
756,756,33.333333333333336,2025-05-25 16:07:04.624106,2025-05-25 16:07:24.374682,0 days 00:00:19.750576,AdamW,0.1881573877205067,,,0.00012216100669856594,,,,1,,,0.0034551268728397807,,PRUNED
757,757,33.333333333333336,2025-05-25 16:07:24.427557,2025-05-25 16:07:44.166381,0 days 00:00:19.738824,AdamW,0.12936065728430485,,,7.939021077923471e-05,,,,2,,,0.002074777984977208,,PRUNED
758,758,37.5,2025-05-25 16:07:44.221656,2025-05-25 16:08:03.924922,0 days 00:00:19.703266,AdamW,0.4135938209400376,,,0.0001464965857214478,,,,5,,,0.002894867560172013,,PRUNED
759,759,43.75,2025-05-25 16:08:03.975928,2025-05-25 16:08:23.758512,0 days 00:00:19.782584,AdamW,0.23980566727499186,,,0.00010377738918696066,,,,1,,,0.0004296897484655126,,PRUNED
760,760,31.25,2025-05-25 16:08:23.809687,2025-05-25 16:08:43.478868,0 days 00:00:19.669181,AdamW,0.16617784267516572,,,0.00012703487894535106,,,,0,,,0.002280962614313861,,PRUNED
761,761,33.333333333333336,2025-05-25 16:08:43.532391,2025-05-25 16:09:03.272447,0 days 00:00:19.740056,AdamW,0.21606414979800334,,,0.00018408431954299468,,,,1,,,0.0005118240442466736,,PRUNED
762,762,39.583333333333336,2025-05-25 16:09:03.324741,2025-05-25 16:09:23.180445,0 days 00:00:19.855704,AdamW,0.19667325590198498,,,9.204608730750379e-05,,,,2,,,0.001898248308988689,,PRUNED
763,763,,2025-05-25 16:09:23.230944,2025-05-25 16:09:41.403801,0 days 00:00:18.172857,SGD,0.10102652556018361,,,,0.002149895626636246,31.50238151951084,False,1,,,,50.57457421390074,PRUNED
764,764,52.083333333333336,2025-05-25 16:09:41.453381,2025-05-25 16:09:58.819363,0 days 00:00:17.365982,AdamW,0.4791792007443622,,,4.871729181201056e-05,,,,3,,,0.002629788324282157,,PRUNED
765,765,33.333333333333336,2025-05-25 16:09:58.852583,2025-05-25 16:10:07.696557,0 days 00:00:08.843974,AdamW,0.08052200325741368,,,0.000793097128897029,,,,0,,,0.0017021462001783137,,PRUNED
766,766,39.583333333333336,2025-05-25 16:10:07.748516,2025-05-25 16:10:25.378214,0 days 00:00:17.629698,AdamW,0.25976536126288646,,,0.00011393269327349028,,,,1,,,0.0031490674741889314,,PRUNED
767,767,35.416666666666664,2025-05-25 16:10:25.412449,2025-05-25 16:10:31.665872,0 days 00:00:06.253423,AdamW,0.17610984732570192,,,6.858593397709917e-05,,,,3,,,0.00038367874514525744,,PRUNED
768,768,33.333333333333336,2025-05-25 16:10:31.700184,2025-05-25 16:10:38.336121,0 days 00:00:06.635937,AdamW,0.2096395915876178,,,0.00014281410555332837,,,,1,,,0.0005535905011639037,,PRUNED
769,769,39.583333333333336,2025-05-25 16:10:38.385718,2025-05-25 16:10:57.325810,0 days 00:00:18.940092,AdamW,0.06704277406960304,,,0.0002989391643007362,,,,2,,,0.002419524559389617,,PRUNED
770,770,35.416666666666664,2025-05-25 16:10:57.376920,2025-05-25 16:11:16.961063,0 days 00:00:19.584143,AdamW,0.2341094411384939,,,0.00020915021233761254,,,,5,,,0.0036589616491470877,,PRUNED
771,771,33.333333333333336,2025-05-25 16:11:17.013761,2025-05-25 16:11:36.777901,0 days 00:00:19.764140,Adadelta,0.10970463833717894,94.37288158067634,,,,,,0,0.8249292262444221,,,,PRUNED
772,772,43.75,2025-05-25 16:11:36.828395,2025-05-25 16:11:56.789984,0 days 00:00:19.961589,AdamW,0.24879104961276743,,,7.477253588372084e-05,,,,1,,,0.0003325419246567971,,PRUNED
773,773,41.666666666666664,2025-05-25 16:11:56.842152,2025-05-25 16:12:16.627111,0 days 00:00:19.784959,AdamW,0.15785779748291168,,,9.559102369450618e-05,,,,2,,,0.00047175237041744496,,PRUNED
774,774,35.416666666666664,2025-05-25 16:12:16.893289,2025-05-25 16:12:36.636556,0 days 00:00:19.743267,AdamW,0.22275867933599733,,,0.0001275462907424398,,,,3,,,0.0028344066350989073,,PRUNED
775,775,39.583333333333336,2025-05-25 16:12:36.690543,2025-05-25 16:12:56.594884,0 days 00:00:19.904341,AdamW,0.12130864163396271,,,0.00016785810350357808,,,,0,,,0.002098149479489862,,PRUNED
776,776,39.583333333333336,2025-05-25 16:12:56.647180,2025-05-25 16:13:16.395558,0 days 00:00:19.748378,AdamW,0.1991761541405134,,,6.047661964636309e-05,,,,1,,,0.0004315583285744885,,PRUNED
777,777,33.333333333333336,2025-05-25 16:13:16.447853,2025-05-25 16:13:36.313341,0 days 00:00:19.865488,AdamW,0.28052840470387963,,,8.553287768714118e-05,,,,1,,,0.0006138151459164046,,PRUNED
778,778,33.333333333333336,2025-05-25 16:13:36.365683,2025-05-25 16:13:55.968905,0 days 00:00:19.603222,AdamW,0.26393372979771723,,,0.06439750632825288,,,,5,,,0.0033087385966798226,,PRUNED
779,779,47.916666666666664,2025-05-25 16:13:56.019697,2025-05-25 16:14:15.773963,0 days 00:00:19.754266,AdamW,0.09047212684670049,,,0.00011144242270499398,,,,1,,,0.0025542841161159983,,PRUNED
780,780,37.5,2025-05-25 16:14:15.826060,2025-05-25 16:14:34.882523,0 days 00:00:19.056463,AdamW,0.3896472884957476,,,0.00022918517864965203,,,,6,,,0.0021791369826807436,,PRUNED
781,781,33.333333333333336,2025-05-25 16:14:34.929142,2025-05-25 16:14:54.657595,0 days 00:00:19.728453,AdamW,0.4405755995080799,,,0.0035360080776543354,,,,3,,,0.0005232864770989606,,PRUNED
782,782,33.333333333333336,2025-05-25 16:14:54.709763,2025-05-25 16:15:14.413631,0 days 00:00:19.703868,AdamW,0.40346498875212033,,,0.0001483599721405065,,,,2,,,0.00036405252742619844,,PRUNED
783,783,33.333333333333336,2025-05-25 16:15:14.468292,2025-05-25 16:15:34.325352,0 days 00:00:19.857060,AdamW,0.18239549496903143,,,0.001896796461617837,,,,0,,,0.003002618405721166,,PRUNED
784,784,31.25,2025-05-25 16:15:34.378900,2025-05-25 16:15:54.264155,0 days 00:00:19.885255,AdamW,0.3186594683252943,,,9.40723980573078e-05,,,,1,,,0.0023603969710291385,,PRUNED
785,785,,2025-05-25 16:15:54.319274,2025-05-25 16:16:13.043994,0 days 00:00:18.724720,SGD,0.16816273802211992,,,,0.00015868405837628943,89.729781052413,False,4,,,,4.36030688117754,PRUNED
786,786,33.333333333333336,2025-05-25 16:16:13.093706,2025-05-25 16:16:32.674242,0 days 00:00:19.580536,AdamW,0.24209586059638238,,,0.0001271724937653511,,,,2,,,0.0019648335848203666,,PRUNED
787,787,33.333333333333336,2025-05-25 16:16:32.725761,2025-05-25 16:16:47.045261,0 days 00:00:14.319500,AdamW,0.1474159662397027,,,7.784232106853243e-05,,,,0,,,0.004159954024685491,,PRUNED
788,788,33.333333333333336,2025-05-25 16:16:47.096584,2025-05-25 16:17:06.849189,0 days 00:00:19.752605,AdamW,0.3442352505585429,,,0.00016079178085940928,,,,1,,,0.0027669981131115446,,PRUNED
789,789,60.416666666666664,2025-05-25 16:17:06.901232,2025-05-25 16:17:31.587319,0 days 00:00:24.686087,AdamW,0.1898132224368948,,,0.00010822527323329789,,,,5,,,0.001527356816394696,,PRUNED
790,790,33.333333333333336,2025-05-25 16:17:31.639363,2025-05-25 16:17:51.339727,0 days 00:00:19.700364,AdamW,0.22874124623159597,,,0.02455247367595754,,,,1,,,0.0006980386970200697,,PRUNED
791,791,33.333333333333336,2025-05-25 16:17:51.392035,2025-05-25 16:18:11.232532,0 days 00:00:19.840497,AdamW,0.4575660296505654,,,0.00019819661501056397,,,,3,,,0.00047127539283963853,,PRUNED
792,792,33.333333333333336,2025-05-25 16:18:11.284905,2025-05-25 16:18:31.160255,0 days 00:00:19.875350,AdamW,0.07197482512812743,,,5.549354628288695e-05,,,,2,,,0.00040617049319547266,,PRUNED
793,793,33.333333333333336,2025-05-25 16:18:31.218796,2025-05-25 16:18:50.975188,0 days 00:00:19.756392,Adadelta,0.3048952817874415,11.017061195737936,,,,,,1,5.773959373457517,,,,PRUNED
794,794,33.333333333333336,2025-05-25 16:18:51.027614,2025-05-25 16:19:10.873043,0 days 00:00:19.845429,AdamW,0.20895114833206863,,,0.00012798196089587455,,,,0,,,0.0008178517717103145,,PRUNED
795,795,33.333333333333336,2025-05-25 16:19:10.926038,2025-05-25 16:19:30.636955,0 days 00:00:19.710917,AdamW,0.2528159396970174,,,0.0002655995405210434,,,,3,,,0.0024596684517787194,,PRUNED
796,796,33.333333333333336,2025-05-25 16:19:30.689918,2025-05-25 16:19:50.682856,0 days 00:00:19.992938,AdamW,0.13787187019356772,,,0.0005497373046666892,,,,1,,,0.0005482748218879049,,PRUNED
797,797,52.083333333333336,2025-05-25 16:19:50.737169,2025-05-25 16:20:10.591398,0 days 00:00:19.854229,AdamW,0.0968520353105956,,,9.29022111944632e-05,,,,0,,,0.003084812993595729,,PRUNED
798,798,33.333333333333336,2025-05-25 16:20:10.645078,2025-05-25 16:20:30.563240,0 days 00:00:19.918162,AdamW,0.1772763509127244,,,0.00017107101650307515,,,,1,,,0.00176805433308289,,PRUNED
799,799,45.833333333333336,2025-05-25 16:20:30.617719,2025-05-25 16:20:50.202348,0 days 00:00:19.584629,AdamW,0.218549085262207,,,7.653978655936859e-05,,,,4,,,0.000612940950843636,,PRUNED
800,800,29.166666666666668,2025-05-25 16:20:50.254783,2025-05-25 16:21:10.105690,0 days 00:00:19.850907,AdamW,0.27300316503457284,,,0.00010929011051014205,,,,2,,,0.003473480365429126,,PRUNED
801,801,33.333333333333336,2025-05-25 16:21:10.213502,2025-05-25 16:21:29.878364,0 days 00:00:19.664862,AdamW,0.1932541739722223,,,0.00013990145049400985,,,,5,,,0.002188433093560902,,PRUNED
802,802,43.75,2025-05-25 16:21:29.929574,2025-05-25 16:21:49.667534,0 days 00:00:19.737960,AdamW,0.0495642018495466,,,6.893104707988939e-05,,,,1,,,0.002693870484005026,,PRUNED
803,803,39.583333333333336,2025-05-25 16:21:49.720406,2025-05-25 16:22:11.004269,0 days 00:00:21.283863,AdamW,0.24212645050680792,,,9.586527228902365e-05,,,,2,,,0.0003265408546288578,,PRUNED
804,804,33.333333333333336,2025-05-25 16:22:11.056169,2025-05-25 16:22:29.938006,0 days 00:00:18.881837,AdamW,0.16109380721774794,,,0.00018959493158809704,,,,0,,,0.00044904619339335036,,PRUNED
805,805,43.75,2025-05-25 16:22:29.988988,2025-05-25 16:22:48.538764,0 days 00:00:18.549776,AdamW,0.23112817425705312,,,0.00011555783892002154,,,,1,,,0.00035848916962274746,,PRUNED
806,806,33.333333333333336,2025-05-25 16:22:48.591504,2025-05-25 16:23:08.422473,0 days 00:00:19.830969,AdamW,0.07776943572533106,,,0.00015132925886106067,,,,1,,,0.00013437598713921504,,PRUNED
807,807,33.333333333333336,2025-05-25 16:23:08.477423,2025-05-25 16:23:28.514867,0 days 00:00:20.037444,AdamW,0.2623292269246006,,,8.329613947401431e-05,,,,0,,,0.0004125921842917278,,PRUNED
808,808,39.583333333333336,2025-05-25 16:23:28.568533,2025-05-25 16:23:48.249822,0 days 00:00:19.681289,AdamW,0.20465559648134887,,,4.901626500142594e-05,,,,1,,,0.0005063177414752739,,PRUNED
809,809,,2025-05-25 16:23:48.301487,2025-05-25 16:24:06.408567,0 days 00:00:18.107080,SGD,0.2499726269578432,,,,0.0005166117531655675,66.4334152718992,True,3,,,,1.6629120471572094,PRUNED
810,810,33.333333333333336,2025-05-25 16:24:06.458981,2025-05-25 16:24:26.040363,0 days 00:00:19.581382,AdamW,0.10730363671425862,,,0.0002326042580480516,,,,5,,,0.0019519150538652966,,PRUNED
811,811,52.083333333333336,2025-05-25 16:24:26.093814,2025-05-25 16:24:45.801771,0 days 00:00:19.707957,AdamW,0.2181612271940921,,,0.0001246374323374047,,,,1,,,0.00237815261131225,,PRUNED
812,812,45.833333333333336,2025-05-25 16:24:45.854139,2025-05-25 16:25:05.724689,0 days 00:00:19.870550,AdamW,0.37859612601452036,,,0.00036891710006489665,,,,3,,,0.003729837811803977,,PRUNED
813,813,43.75,2025-05-25 16:25:05.776663,2025-05-25 16:25:25.671435,0 days 00:00:19.894772,AdamW,0.421226840109548,,,0.0001017263941124987,,,,1,,,0.0005727141028300768,,PRUNED
814,814,45.833333333333336,2025-05-25 16:25:25.724707,2025-05-25 16:25:45.398119,0 days 00:00:19.673412,AdamW,0.1802457701065246,,,6.28434970977334e-05,,,,2,,,0.0030593563301543523,,PRUNED
815,815,35.416666666666664,2025-05-25 16:25:45.449966,2025-05-25 16:26:05.230199,0 days 00:00:19.780233,AdamW,0.12713813138303648,,,0.0001404956956154152,,,,0,,,0.0026125506958920718,,PRUNED
816,816,31.25,2025-05-25 16:26:05.282593,2025-05-25 16:26:24.190928,0 days 00:00:18.908335,AdamW,0.3611779492254307,,,0.0001685784808603468,,,,8,,,0.0004963639726209651,,PRUNED
817,817,35.416666666666664,2025-05-25 16:26:24.237444,2025-05-25 16:26:43.920049,0 days 00:00:19.682605,AdamW,0.2903595404588116,,,8.733639180181336e-05,,,,1,,,0.000653995170927869,,PRUNED
818,818,39.583333333333336,2025-05-25 16:26:43.972731,2025-05-25 16:27:03.905429,0 days 00:00:19.932698,AdamW,0.3388194859870977,,,3.690741727928416e-05,,,,2,,,0.0021947568683285358,,PRUNED
819,819,,2025-05-25 16:27:03.957208,,,,0.16807142471864375,,,,,,,4,,,,,RUNNING
820,820,33.333333333333336,2025-05-25 16:59:40.649660,2025-05-25 16:59:53.148344,0 days 00:00:12.498684,Adadelta,0.1515314371457255,0.36666653942627947,,,,,,1,0.14190158642402417,,,,PRUNED
821,821,41.666666666666664,2025-05-25 16:59:53.180330,2025-05-25 16:59:59.181987,0 days 00:00:06.001657,AdamW,0.1881474834403971,,,0.00011178752595462065,,,,2,,,0.0029118770205808294,,PRUNED
822,822,33.333333333333336,2025-05-25 16:59:59.216475,2025-05-25 17:00:05.211674,0 days 00:00:05.995199,AdamW,0.1700189608666674,,,0.0003250307383879176,,,,0,,,0.0004470924860837784,,PRUNED
823,823,68.75,2025-05-25 17:00:05.247067,2025-05-25 17:00:21.960521,0 days 00:00:16.713454,AdamW,0.22872021157739264,,,7.76887450125135e-05,,,,3,,,0.00037572630531922205,,COMPLETE
824,824,39.583333333333336,2025-05-25 17:00:22.016713,2025-05-25 17:00:31.323941,0 days 00:00:09.307228,AdamW,0.062440795206759755,,,0.0001335151899336528,,,,4,,,0.0020070777407693707,,PRUNED
825,825,37.5,2025-05-25 17:00:31.368137,2025-05-25 17:00:40.323109,0 days 00:00:08.954972,AdamW,0.09430260159214914,,,0.00019140523791598809,,,,1,,,0.002588718580250309,,PRUNED
826,826,35.416666666666664,2025-05-25 17:00:40.360411,2025-05-25 17:00:48.286123,0 days 00:00:07.925712,AdamW,0.19706442208509398,,,0.0001002169339505248,,,,6,,,0.0017881195945521435,,PRUNED
827,827,35.416666666666664,2025-05-25 17:00:48.327959,2025-05-25 17:00:59.297586,0 days 00:00:10.969627,AdamW,0.2790325342838229,,,6.756230553827047e-05,,,,5,,,0.0034131855605021404,,PRUNED
828,828,77.08333333333333,2025-05-25 17:00:59.345605,2025-05-25 17:01:18.632034,0 days 00:00:19.286429,AdamW,0.2400098112025174,,,0.00015209703540579854,,,,2,,,0.002321934930916858,,COMPLETE
829,829,33.333333333333336,2025-05-25 17:01:18.694202,2025-05-25 17:01:38.728248,0 days 00:00:20.034046,AdamW,0.2400399813270453,,,0.00023455748195460037,,,,2,,,0.0021188907484292157,,PRUNED
830,830,33.333333333333336,2025-05-25 17:01:38.782257,2025-05-25 17:01:58.637535,0 days 00:00:19.855278,AdamW,0.2466413536278033,,,0.0001731144391248203,,,,2,,,0.002293062238852712,,PRUNED
831,831,33.333333333333336,2025-05-25 17:01:58.691463,2025-05-25 17:02:18.367342,0 days 00:00:19.675879,AdamW,0.23293662942316348,,,0.0002183570799346738,,,,2,,,0.0019142610680665806,,PRUNED
832,832,33.333333333333336,2025-05-25 17:02:18.421912,2025-05-25 17:02:38.294116,0 days 00:00:19.872204,AdamW,0.25160813020847494,,,0.00027178471582895813,,,,2,,,0.0005272811384699748,,PRUNED
833,833,43.75,2025-05-25 17:02:38.352106,2025-05-25 17:02:58.164937,0 days 00:00:19.812831,AdamW,0.24000821243264145,,,0.00015319738826335993,,,,2,,,0.0003936389410746672,,PRUNED
834,834,,2025-05-25 17:02:58.224120,2025-05-25 17:03:17.906651,0 days 00:00:19.682531,SGD,0.2573819373489348,,,,1.852957919035083e-05,16.212323418077077,False,2,,,,0.6657195687709554,PRUNED
835,835,33.333333333333336,2025-05-25 17:03:17.957667,2025-05-25 17:03:38.107640,0 days 00:00:20.149973,AdamW,0.22496011469010943,,,0.0001935974505799618,,,,2,,,0.0005839021252559934,,PRUNED
836,836,39.583333333333336,2025-05-25 17:03:38.163912,2025-05-25 17:03:57.957499,0 days 00:00:19.793587,AdamW,0.21215064861131416,,,0.00015275249871727327,,,,2,,,0.0016067561644257477,,PRUNED
837,837,37.5,2025-05-25 17:03:58.012467,2025-05-25 17:04:17.618821,0 days 00:00:19.606354,AdamW,0.26371869860872266,,,0.0001328827348174811,,,,2,,,0.0004621934938350758,,PRUNED
838,838,33.333333333333336,2025-05-25 17:04:17.672908,2025-05-25 17:04:37.568808,0 days 00:00:19.895900,AdamW,0.23572318101036366,,,0.00018383458758975443,,,,2,,,0.002361353536762463,,PRUNED
839,839,31.25,2025-05-25 17:04:37.623538,2025-05-25 17:04:57.490224,0 days 00:00:19.866686,AdamW,0.21926357763693755,,,0.0001239121828839299,,,,2,,,0.002182996760668106,,PRUNED
840,840,33.333333333333336,2025-05-25 17:04:57.544080,2025-05-25 17:05:17.137365,0 days 00:00:19.593285,AdamW,0.24090263961030192,,,0.00015562511194120866,,,,2,,,0.0003155494808444424,,PRUNED
841,841,31.25,2025-05-25 17:05:17.190944,2025-05-25 17:05:36.908185,0 days 00:00:19.717241,Adadelta,0.252059238641387,0.01720949144410447,,,,,,2,2.4948918702241394,,,,PRUNED
842,842,33.333333333333336,2025-05-25 17:05:36.962573,2025-05-25 17:05:56.087500,0 days 00:00:19.124927,AdamW,0.2281519175925303,,,0.0001276893085977542,,,,7,,,0.0004277261009652623,,PRUNED
843,843,33.333333333333336,2025-05-25 17:05:56.139930,2025-05-25 17:06:14.859057,0 days 00:00:18.719127,AdamW,0.20514242255321152,,,0.0004606733866936167,,,,1,,,0.0004864452372182268,,PRUNED
844,844,37.5,2025-05-25 17:06:14.911076,2025-05-25 17:06:33.042627,0 days 00:00:18.131551,AdamW,0.24267619673480015,,,2.6869726947028493e-05,,,,1,,,0.000757276183033605,,PRUNED
845,845,33.333333333333336,2025-05-25 17:06:33.097508,2025-05-25 17:06:50.841744,0 days 00:00:17.744236,AdamW,0.25815666860338465,,,0.00021664114781757204,,,,0,,,0.0019736395033644397,,PRUNED
846,846,37.5,2025-05-25 17:06:50.898063,2025-05-25 17:07:10.573630,0 days 00:00:19.675567,AdamW,0.2749877338737726,,,0.00011220980207999565,,,,1,,,0.005896486543732883,,PRUNED
847,847,35.416666666666664,2025-05-25 17:07:10.627272,2025-05-25 17:07:30.294659,0 days 00:00:19.667387,AdamW,0.26496156116650144,,,0.0001754626407635274,,,,2,,,0.0041183855737206175,,PRUNED
848,848,52.083333333333336,2025-05-25 17:07:30.349993,2025-05-25 17:07:50.118960,0 days 00:00:19.768967,AdamW,0.16138365514840097,,,9.003033584146144e-05,,,,0,,,0.0005522557800215969,,PRUNED
849,849,35.416666666666664,2025-05-25 17:07:50.172425,2025-05-25 17:08:09.893058,0 days 00:00:19.720633,AdamW,0.2160549122672741,,,5.747305669344126e-05,,,,1,,,0.0006576370875609618,,PRUNED
850,850,33.333333333333336,2025-05-25 17:08:09.946214,2025-05-25 17:08:29.948409,0 days 00:00:20.002195,AdamW,0.4099575532513531,,,0.00014364477401796868,,,,1,,,0.0024482692238205726,,PRUNED
851,851,33.333333333333336,2025-05-25 17:08:30.002774,2025-05-25 17:08:49.814430,0 days 00:00:19.811656,AdamW,0.23186361957339816,,,0.0002626044184967149,,,,0,,,0.0017339022071162587,,PRUNED
852,852,41.666666666666664,2025-05-25 17:08:49.871588,2025-05-25 17:09:09.542871,0 days 00:00:19.671283,AdamW,0.2984640816127656,,,0.00011404683108507005,,,,2,,,0.00034956685050918196,,PRUNED
853,853,33.333333333333336,2025-05-25 17:09:09.596348,2025-05-25 17:09:29.448153,0 days 00:00:19.851805,AdamW,0.18496761213537447,,,8.326736730678758e-05,,,,1,,,0.002848249519501424,,PRUNED
854,854,41.666666666666664,2025-05-25 17:09:29.501422,2025-05-25 17:09:49.151760,0 days 00:00:19.650338,AdamW,0.17343711342505383,,,0.00016217621039720087,,,,5,,,0.0021187871761609986,,PRUNED
855,855,41.666666666666664,2025-05-25 17:09:49.211540,2025-05-25 17:10:09.066196,0 days 00:00:19.854656,AdamW,0.24829936255699536,,,4.760429770688983e-05,,,,1,,,0.00114810191366642,,PRUNED
856,856,33.333333333333336,2025-05-25 17:10:09.119566,2025-05-25 17:10:29.291156,0 days 00:00:20.171590,AdamW,0.20115920061707793,,,0.0003016167493539146,,,,0,,,0.0004049823869459565,,PRUNED
857,857,,2025-05-25 17:10:29.344451,2025-05-25 17:10:47.410183,0 days 00:00:18.065732,SGD,0.22708036685393942,,,,0.06727272525483742,76.69835946375281,True,2,,,,0.01884779140812326,PRUNED
858,858,35.416666666666664,2025-05-25 17:10:47.464404,2025-05-25 17:11:07.288169,0 days 00:00:19.823765,AdamW,0.1906073008591808,,,9.957459150458096e-05,,,,1,,,0.0005088465970198438,,PRUNED
859,859,33.333333333333336,2025-05-25 17:11:07.342698,2025-05-25 17:11:27.164851,0 days 00:00:19.822153,AdamW,0.42987277709439375,,,7.074779267794494e-05,,,,2,,,0.003397374642852724,,PRUNED
860,860,31.25,2025-05-25 17:11:27.216931,2025-05-25 17:11:45.128637,0 days 00:00:17.911706,AdamW,0.14332520522130326,,,0.00020425957956599555,,,,5,,,0.0023031418031846007,,PRUNED
861,861,33.333333333333336,2025-05-25 17:11:45.181279,2025-05-25 17:12:04.984132,0 days 00:00:19.802853,AdamW,0.20820741764492584,,,0.0006994737649998964,,,,0,,,0.0032335713179362157,,PRUNED
862,862,33.333333333333336,2025-05-25 17:12:05.039414,2025-05-25 17:12:21.637138,0 days 00:00:16.597724,AdamW,0.26610965118946267,,,0.000136030258952078,,,,1,,,0.0004634776203582518,,PRUNED
863,863,33.333333333333336,2025-05-25 17:12:21.736137,2025-05-25 17:12:41.323690,0 days 00:00:19.587553,AdamW,0.24895410466596382,,,0.00010987867217550522,,,,2,,,0.0005886821192482974,,PRUNED
864,864,37.5,2025-05-25 17:12:41.377415,2025-05-25 17:13:01.078607,0 days 00:00:19.701192,Adadelta,0.1812089065971923,0.3202248170833005,,,,,,1,54.015382857412035,,,,PRUNED
865,865,39.583333333333336,2025-05-25 17:13:01.132352,2025-05-25 17:13:20.888749,0 days 00:00:19.756397,AdamW,0.1544316211417698,,,8.605446860766599e-05,,,,1,,,0.0026535130739431694,,PRUNED
866,866,33.333333333333336,2025-05-25 17:13:20.941541,2025-05-25 17:13:40.618849,0 days 00:00:19.677308,AdamW,0.28590318464933295,,,0.0001618118959732682,,,,1,,,0.0038611102164718613,,PRUNED
867,867,33.333333333333336,2025-05-25 17:13:40.678081,2025-05-25 17:14:00.529517,0 days 00:00:19.851436,AdamW,0.23585056027274998,,,0.00014218240000158085,,,,0,,,0.0008869301090443411,,PRUNED
868,868,39.583333333333336,2025-05-25 17:14:00.953788,2025-05-25 17:14:20.763029,0 days 00:00:19.809241,AdamW,0.1633672918960722,,,1.7043797657705992e-05,,,,2,,,0.0003869502959491121,,PRUNED
869,869,52.083333333333336,2025-05-25 17:14:20.817644,2025-05-25 17:14:40.633793,0 days 00:00:19.816149,AdamW,0.4909270315731906,,,0.00011706814623592502,,,,1,,,0.001888924495095329,,PRUNED
870,870,45.833333333333336,2025-05-25 17:14:40.688288,2025-05-25 17:15:00.233140,0 days 00:00:19.544852,AdamW,0.3225074880836725,,,7.316489813327459e-05,,,,5,,,0.002870740554189579,,PRUNED
871,871,33.333333333333336,2025-05-25 17:15:00.288283,2025-05-25 17:15:20.432000,0 days 00:00:20.143717,AdamW,0.1956487393586129,,,9.650090078333779e-05,,,,2,,,0.002487863325034133,,PRUNED
872,872,50.0,2025-05-25 17:15:20.485472,2025-05-25 17:15:40.299745,0 days 00:00:19.814273,AdamW,0.13632040143960847,,,0.00019489750700470772,,,,1,,,0.0005267486353775335,,PRUNED
873,873,43.75,2025-05-25 17:15:40.355697,2025-05-25 17:16:00.336504,0 days 00:00:19.980807,AdamW,0.21950455537418323,,,5.702716841361632e-05,,,,0,,,0.002206060322762186,,PRUNED
874,874,33.333333333333336,2025-05-25 17:16:00.390682,2025-05-25 17:16:20.106623,0 days 00:00:19.715941,AdamW,0.2588395996220753,,,0.005018232011438364,,,,4,,,0.0004270795089905399,,PRUNED
875,875,33.333333333333336,2025-05-25 17:16:20.161128,2025-05-25 17:16:39.964535,0 days 00:00:19.803407,AdamW,0.2740689742966254,,,0.00024664990291698325,,,,0,,,0.0003027075082682621,,PRUNED
876,876,35.416666666666664,2025-05-25 17:16:40.021912,2025-05-25 17:16:59.604569,0 days 00:00:19.582657,AdamW,0.17332002453913495,,,4.147625196583916e-05,,,,5,,,0.00046986775788595544,,PRUNED
877,877,31.25,2025-05-25 17:16:59.658175,2025-05-25 17:17:17.576066,0 days 00:00:17.917891,AdamW,0.24418256755348558,,,0.00013336278707553665,,,,1,,,0.0020747429678105466,,PRUNED
878,878,39.583333333333336,2025-05-25 17:17:17.632271,2025-05-25 17:17:37.686891,0 days 00:00:20.054620,AdamW,0.22842129554467344,,,9.719619748941562e-05,,,,1,,,0.0031477834978644406,,PRUNED
879,879,,2025-05-25 17:17:37.741065,2025-05-25 17:17:53.450148,0 days 00:00:15.709083,SGD,0.3928764710775064,,,,0.0026855659464132668,41.258798898315774,False,2,,,,0.2762181044836571,PRUNED
880,880,33.333333333333336,2025-05-25 17:17:53.501571,2025-05-25 17:18:13.175834,0 days 00:00:19.674263,AdamW,0.4504290066799733,,,0.00011482488109758566,,,,1,,,0.00035752495585189353,,PRUNED
881,881,37.5,2025-05-25 17:18:13.229600,2025-05-25 17:18:33.021844,0 days 00:00:19.792244,AdamW,0.25451142208032573,,,0.00017346559234178728,,,,0,,,0.0024188713160550185,,PRUNED
882,882,33.333333333333336,2025-05-25 17:18:33.075524,2025-05-25 17:18:52.888558,0 days 00:00:19.813034,AdamW,0.2135728999367482,,,0.0009731021600460529,,,,2,,,0.0028018092019328686,,PRUNED
883,883,47.916666666666664,2025-05-25 17:18:52.941756,2025-05-25 17:19:12.709897,0 days 00:00:19.768141,AdamW,0.35554560385688416,,,8.165312381777443e-05,,,,1,,,0.0005979898753285082,,PRUNED
884,884,35.416666666666664,2025-05-25 17:19:12.763124,2025-05-25 17:19:32.483184,0 days 00:00:19.720060,AdamW,0.3113065947044288,,,0.00012937874364551873,,,,1,,,0.001820480294183587,,PRUNED
885,885,33.333333333333336,2025-05-25 17:19:32.537544,2025-05-25 17:19:52.347986,0 days 00:00:19.810442,Adam,0.1870462064606316,,0.07043373049022145,,,,,0,,19.473312607437446,,,PRUNED
886,886,37.5,2025-05-25 17:19:52.402198,2025-05-25 17:20:11.914963,0 days 00:00:19.512765,AdamW,0.332123345163318,,,0.0003335013882262502,,,,5,,,0.004696843351530411,,PRUNED
887,887,33.333333333333336,2025-05-25 17:20:11.969717,2025-05-25 17:20:31.878171,0 days 00:00:19.908454,AdamW,0.2369009218902846,,,6.557432020183989e-05,,,,2,,,0.0036574505732647183,,PRUNED
888,888,33.333333333333336,2025-05-25 17:20:31.938769,2025-05-25 17:20:51.765183,0 days 00:00:19.826414,Adadelta,0.16812414667433678,38.416143902428885,,,,,,1,0.021753848911070316,,,,PRUNED
889,889,41.666666666666664,2025-05-25 17:20:51.817656,2025-05-25 17:21:11.405589,0 days 00:00:19.587933,AdamW,0.20670674979012468,,,0.00015770641236492034,,,,2,,,0.0005453469643957692,,PRUNED
890,890,41.666666666666664,2025-05-25 17:21:11.458571,2025-05-25 17:21:31.555336,0 days 00:00:20.096765,AdamW,0.19906072925280618,,,9.749239275563483e-05,,,,1,,,0.0014340046410220803,,PRUNED
891,891,33.333333333333336,2025-05-25 17:21:31.612388,2025-05-25 17:21:51.480255,0 days 00:00:19.867867,AdamW,0.15308122447519634,,,0.0002336879317073683,,,,0,,,0.0004883714802940856,,PRUNED
892,892,37.5,2025-05-25 17:21:51.533568,2025-05-25 17:22:11.126200,0 days 00:00:19.592632,AdamW,0.2510261682174378,,,0.0001283274284490525,,,,5,,,0.00042464328906546096,,PRUNED
893,893,50.0,2025-05-25 17:22:11.178391,2025-05-25 17:22:30.878709,0 days 00:00:19.700318,AdamW,0.22370283616613693,,,7.633327351992462e-05,,,,1,,,0.0026362122189025083,,PRUNED
894,894,33.333333333333336,2025-05-25 17:22:30.932710,2025-05-25 17:22:47.971873,0 days 00:00:17.039163,AdamW,0.26869668539684777,,,0.00019329425696048685,,,,1,,,0.0023088481266336494,,PRUNED
895,895,33.333333333333336,2025-05-25 17:22:48.025130,2025-05-25 17:23:07.611572,0 days 00:00:19.586442,AdamW,0.17977232785653166,,,0.00011398408123287456,,,,2,,,0.002026583865376455,,PRUNED
896,896,33.333333333333336,2025-05-25 17:23:07.664692,2025-05-25 17:23:24.576882,0 days 00:00:16.912190,AdamW,0.29459343088177115,,,0.0001509993116370883,,,,0,,,0.0001019838251480943,,PRUNED
897,897,43.75,2025-05-25 17:23:24.630778,2025-05-25 17:23:44.319034,0 days 00:00:19.688256,AdamW,0.1437732852110681,,,8.608841672359327e-05,,,,1,,,0.0006756801930354053,,PRUNED
898,898,33.333333333333336,2025-05-25 17:23:44.373037,2025-05-25 17:24:04.123404,0 days 00:00:19.750367,AdamW,0.24104616499044265,,,0.0004101307994264979,,,,2,,,0.003123593288925287,,PRUNED
899,899,43.75,2025-05-25 17:24:04.176234,2025-05-25 17:24:24.035843,0 days 00:00:19.859609,AdamW,0.41932098616998514,,,0.00010599471441245721,,,,1,,,0.0003353204180157186,,PRUNED
900,900,33.333333333333336,2025-05-25 17:24:24.089893,2025-05-25 17:24:43.584172,0 days 00:00:19.494279,AdamW,0.4064724478877038,,,5.5170557083579606e-05,,,,4,,,0.00038758535461133603,,PRUNED
901,901,33.333333333333336,2025-05-25 17:24:43.640154,2025-05-25 17:25:03.722732,0 days 00:00:20.082578,AdamW,0.43442793994710754,,,0.00017859706236681593,,,,1,,,0.0027897266579299993,,PRUNED
902,902,41.666666666666664,2025-05-25 17:25:03.776381,2025-05-25 17:25:23.490854,0 days 00:00:19.714473,AdamW,0.3721684550910175,,,0.00014331755734042716,,,,2,,,0.002481993706266988,,PRUNED
903,903,33.333333333333336,2025-05-25 17:25:23.544841,2025-05-25 17:25:42.661009,0 days 00:00:19.116168,AdamW,0.19224956313184774,,,9.220379914338382e-05,,,,6,,,0.002147095562736437,,PRUNED
904,904,37.5,2025-05-25 17:25:42.714866,2025-05-25 17:26:02.622602,0 days 00:00:19.907736,AdamW,0.2184657279855621,,,6.78964905842808e-05,,,,0,,,0.001682245653210969,,PRUNED
905,905,,2025-05-25 17:26:02.678747,2025-05-25 17:26:20.774494,0 days 00:00:18.095747,SGD,0.25855412950098877,,,,0.005347114601146766,94.20099307344111,True,1,,,,0.011813512736224701,PRUNED
906,906,35.416666666666664,2025-05-25 17:26:20.826678,2025-05-25 17:26:40.588106,0 days 00:00:19.761428,AdamW,0.23288525354027173,,,0.00011206037458126559,,,,0,,,0.00045811721535569944,,PRUNED
907,907,41.666666666666664,2025-05-25 17:26:40.642054,2025-05-25 17:27:00.420025,0 days 00:00:19.777971,AdamW,0.2773944116882983,,,0.00012963696654488837,,,,1,,,0.0005305583968069043,,PRUNED
908,908,33.333333333333336,2025-05-25 17:27:00.476424,2025-05-25 17:27:20.179124,0 days 00:00:19.702700,AdamW,0.1615251343108297,,,0.0002846980220860163,,,,5,,,0.0030126526631303347,,PRUNED
909,909,33.333333333333336,2025-05-25 17:27:20.233796,2025-05-25 17:27:39.976441,0 days 00:00:19.742645,AdamW,0.13151398368180542,,,0.00022924557414654063,,,,1,,,0.0005862169490416821,,PRUNED
910,910,33.333333333333336,2025-05-25 17:27:40.031590,2025-05-25 17:27:59.658704,0 days 00:00:19.627114,Adam,0.24552699953365423,,0.012168335508346673,,,,,2,,57.60990170169758,,,PRUNED
911,911,33.333333333333336,2025-05-25 17:27:59.712479,2025-05-25 17:28:16.964433,0 days 00:00:17.251954,AdamW,0.20456706725025597,,,0.0016054977416745475,,,,0,,,0.001966029238683073,,PRUNED
912,912,31.25,2025-05-25 17:28:17.018630,2025-05-25 17:28:36.613007,0 days 00:00:19.594377,Adadelta,0.17751839481429646,0.03671929090581313,,,,,,4,38.15607080036527,,,,PRUNED
913,913,33.333333333333336,2025-05-25 17:28:36.664888,2025-05-25 17:28:53.172705,0 days 00:00:16.507817,AdamW,0.18791502931570805,,,0.00016468164390677574,,,,2,,,0.0034500349409007625,,PRUNED
914,914,37.5,2025-05-25 17:28:53.228111,2025-05-25 17:29:12.830157,0 days 00:00:19.602046,AdamW,0.2654425402557638,,,8.316111422815581e-05,,,,1,,,0.0023933111992921756,,PRUNED
915,915,33.333333333333336,2025-05-25 17:29:12.884893,2025-05-25 17:29:32.664669,0 days 00:00:19.779776,AdamW,0.3064141701495433,,,0.00010195373319486213,,,,1,,,0.0004958747605831181,,PRUNED
916,916,33.333333333333336,2025-05-25 17:29:32.723695,2025-05-25 17:29:52.499449,0 days 00:00:19.775754,AdamW,0.22548701698986043,,,0.0002020400135858797,,,,5,,,0.0006277421269062643,,PRUNED
917,917,37.5,2025-05-25 17:29:52.553965,2025-05-25 17:30:12.268900,0 days 00:00:19.714935,AdamW,0.21432197825512203,,,0.00012415165874010624,,,,0,,,0.0004280110677990735,,PRUNED
918,918,35.416666666666664,2025-05-25 17:30:12.324489,2025-05-25 17:30:32.068444,0 days 00:00:19.743955,AdamW,0.24021103445751352,,,7.48219276112477e-05,,,,1,,,0.002229755772279112,,PRUNED
919,919,33.333333333333336,2025-05-25 17:30:32.123719,2025-05-25 17:30:51.843546,0 days 00:00:19.719827,AdamW,0.12040954745939328,,,0.00015751902870729555,,,,1,,,0.002648744709332203,,PRUNED
920,920,62.5,2025-05-25 17:30:51.898853,2025-05-25 17:31:16.473378,0 days 00:00:24.574525,AdamW,0.2565074943952258,,,9.651802705009707e-05,,,,2,,,0.00040588923617820545,,PRUNED
921,921,33.333333333333336,2025-05-25 17:31:16.528352,2025-05-25 17:31:36.231032,0 days 00:00:19.702680,AdamW,0.34752005317660767,,,0.00013716215235426896,,,,0,,,0.00035790291543417833,,PRUNED
922,922,33.333333333333336,2025-05-25 17:31:36.286077,2025-05-25 17:31:56.178315,0 days 00:00:19.892238,AdamW,0.2847812828592843,,,5.730257826383957e-05,,,,1,,,0.0018159014015306008,,PRUNED
923,923,33.333333333333336,2025-05-25 17:31:56.254507,2025-05-25 17:32:16.222866,0 days 00:00:19.968359,AdamW,0.16910932903628928,,,0.00011060698632744568,,,,2,,,0.003823555549546575,,PRUNED
924,924,33.333333333333336,2025-05-25 17:32:16.335814,2025-05-25 17:32:36.149148,0 days 00:00:19.813334,AdamW,0.149847659492135,,,0.00019456968639221093,,,,1,,,0.0033116704293812424,,PRUNED
925,925,37.5,2025-05-25 17:32:36.205381,2025-05-25 17:32:55.993975,0 days 00:00:19.788594,AdamW,0.05685145909653809,,,4.3232236916602685e-05,,,,2,,,0.0028072220493295507,,PRUNED
926,926,39.583333333333336,2025-05-25 17:32:56.048861,2025-05-25 17:33:15.782262,0 days 00:00:19.733401,AdamW,0.19790518732853876,,,8.586425808974336e-05,,,,1,,,0.0005488753964184252,,PRUNED
927,927,33.333333333333336,2025-05-25 17:33:15.839005,2025-05-25 17:33:35.269952,0 days 00:00:19.430947,AdamW,0.20742873645631255,,,0.00012536809005147525,,,,5,,,0.002490854155456333,,PRUNED
928,928,,2025-05-25 17:33:35.320805,2025-05-25 17:33:53.005647,0 days 00:00:17.684842,SGD,0.23356266406060963,,,,0.0012391185814336343,85.79992022689629,False,0,,,,0.04324413491809962,PRUNED
929,929,47.916666666666664,2025-05-25 17:33:53.059991,2025-05-25 17:34:10.544453,0 days 00:00:17.484462,AdamW,0.24841952216527574,,,6.601029228370726e-05,,,,1,,,0.0004531340112013842,,PRUNED
930,930,33.333333333333336,2025-05-25 17:34:10.599890,2025-05-25 17:34:30.553288,0 days 00:00:19.953398,AdamW,0.0740986175669403,,,0.00017563639424764927,,,,1,,,0.008923945319484013,,PRUNED
931,931,35.416666666666664,2025-05-25 17:34:30.608599,2025-05-25 17:34:49.578399,0 days 00:00:18.969800,AdamW,0.17882400690402556,,,0.0001420655931060984,,,,6,,,0.0020749056083872574,,PRUNED
932,932,31.25,2025-05-25 17:34:49.627615,2025-05-25 17:35:09.280832,0 days 00:00:19.653217,AdamW,0.2695998273783415,,,0.00010123918951338411,,,,4,,,0.0004979838107455148,,PRUNED
933,933,33.333333333333336,2025-05-25 17:35:09.335107,2025-05-25 17:35:29.046647,0 days 00:00:19.711540,Adam,0.18987825737169728,,0.037257072162554326,,,,,0,,5.055013197254823,,,PRUNED
934,934,33.333333333333336,2025-05-25 17:35:29.103544,2025-05-25 17:35:48.854374,0 days 00:00:19.750830,AdamW,0.16153050138499986,,,7.78406757591304e-05,,,,2,,,0.000720465447326951,,PRUNED
935,935,45.833333333333336,2025-05-25 17:35:48.946926,2025-05-25 17:36:08.956245,0 days 00:00:20.009319,AdamW,0.2256999188657287,,,0.00010934422184394255,,,,2,,,0.002288563115330476,,PRUNED
936,936,41.666666666666664,2025-05-25 17:36:09.011015,2025-05-25 17:36:28.722530,0 days 00:00:19.711515,AdamW,0.21208182692014704,,,3.21349201132058e-05,,,,1,,,0.002949964857187986,,PRUNED
937,937,33.333333333333336,2025-05-25 17:36:28.777155,2025-05-25 17:36:48.627373,0 days 00:00:19.850218,Adadelta,0.4422049214859502,0.16950487278673929,,,,,,0,14.827598363995328,,,,PRUNED
938,938,39.583333333333336,2025-05-25 17:36:48.681717,2025-05-25 17:37:08.454111,0 days 00:00:19.772394,AdamW,0.13753282362177133,,,0.0001495603619036289,,,,2,,,0.00029756451112845727,,PRUNED
939,939,37.5,2025-05-25 17:37:08.513906,2025-05-25 17:37:28.219915,0 days 00:00:19.706009,AdamW,0.256045226498314,,,0.0002859097295394814,,,,5,,,0.001582163200961673,,PRUNED
940,940,39.583333333333336,2025-05-25 17:37:28.275748,2025-05-25 17:37:48.122225,0 days 00:00:19.846477,AdamW,0.24419483618026222,,,0.00022886078788976255,,,,1,,,0.00419213248818106,,PRUNED
941,941,39.583333333333336,2025-05-25 17:37:48.177354,2025-05-25 17:38:08.014781,0 days 00:00:19.837427,AdamW,0.19954652835593326,,,9.014407117968024e-05,,,,1,,,0.00038437088260857887,,PRUNED
942,942,33.333333333333336,2025-05-25 17:38:08.069832,2025-05-25 17:38:27.883900,0 days 00:00:19.814068,AdamW,0.1699510338296369,,,0.00012974390975116064,,,,0,,,0.0026292672490699828,,PRUNED
943,943,33.333333333333336,2025-05-25 17:38:27.938504,2025-05-25 17:38:47.738539,0 days 00:00:19.800035,AdamW,0.22114500860463934,,,0.0001640708938721169,,,,1,,,0.0032274806343659127,,PRUNED
944,944,43.75,2025-05-25 17:38:47.854328,2025-05-25 17:39:06.759185,0 days 00:00:18.904857,AdamW,0.23598562982749688,,,6.6935560381939e-05,,,,1,,,0.00032490818878288364,,PRUNED
945,945,33.333333333333336,2025-05-25 17:39:06.814476,2025-05-25 17:39:26.745002,0 days 00:00:19.930526,AdamW,0.0828257258665433,,,0.00011758361803296998,,,,2,,,0.0019640142285593243,,PRUNED
946,946,37.5,2025-05-25 17:39:26.799315,2025-05-25 17:39:43.213037,0 days 00:00:16.413722,AdamW,0.1828481213763088,,,0.00010057725680351846,,,,1,,,0.00043211128899372055,,PRUNED
947,947,33.333333333333336,2025-05-25 17:39:43.268100,2025-05-25 17:40:02.808122,0 days 00:00:19.540022,AdamW,0.3251137602918364,,,0.00036518438984287554,,,,5,,,0.0005630211786554765,,PRUNED
948,948,50.0,2025-05-25 17:40:02.863645,2025-05-25 17:40:22.625632,0 days 00:00:19.761987,AdamW,0.41291888222239126,,,8.181522476555675e-05,,,,0,,,0.0021510026604444317,,PRUNED
949,949,52.083333333333336,2025-05-25 17:40:22.680746,2025-05-25 17:40:42.277692,0 days 00:00:19.596946,AdamW,0.26259601615043016,,,5.109193118877822e-05,,,,2,,,0.0004987688267963481,,PRUNED
950,950,39.583333333333336,2025-05-25 17:40:42.332678,2025-05-25 17:41:02.192748,0 days 00:00:19.860070,AdamW,0.4255939111633118,,,0.0001916704528618794,,,,1,,,0.0028859623428177422,,PRUNED
951,951,50.0,2025-05-25 17:41:02.251154,2025-05-25 17:41:22.175853,0 days 00:00:19.924699,AdamW,0.3846240969910536,,,0.0001426901251759452,,,,1,,,0.000645160275892316,,PRUNED
952,952,,2025-05-25 17:41:22.231043,2025-05-25 17:41:40.342009,0 days 00:00:18.110966,SGD,0.29357820531036455,,,,0.02264095514396718,64.67185213077991,True,0,,,,84.04931233957173,PRUNED
953,953,77.08333333333333,2025-05-25 17:41:40.397682,2025-05-25 17:42:12.167031,0 days 00:00:31.769349,AdamW,0.15487647234097143,,,0.00024989648902245246,,,,3,,,0.002485289872549416,,COMPLETE
954,954,33.333333333333336,2025-05-25 17:42:12.229559,2025-05-25 17:42:31.966901,0 days 00:00:19.737342,AdamW,0.14753643559933946,,,0.00027819972684026465,,,,3,,,0.0024036818344048308,,PRUNED
955,955,33.333333333333336,2025-05-25 17:42:32.021219,2025-05-25 17:42:51.673747,0 days 00:00:19.652528,AdamW,0.14537615168883816,,,0.00023288009395829964,,,,3,,,0.002509704019426655,,PRUNED
956,956,33.333333333333336,2025-05-25 17:42:51.730018,2025-05-25 17:43:11.672276,0 days 00:00:19.942258,AdamW,0.15061805847685314,,,0.00033408039990270383,,,,3,,,0.002334772184325987,,PRUNED
957,957,33.333333333333336,2025-05-25 17:43:11.733081,2025-05-25 17:43:31.397219,0 days 00:00:19.664138,AdamW,0.15565558073340718,,,0.00030903142787575965,,,,4,,,0.0026861953234925294,,PRUNED
958,958,33.333333333333336,2025-05-25 17:43:31.453213,2025-05-25 17:43:51.049502,0 days 00:00:19.596289,Adam,0.162226871013771,,0.005616230089729848,,,,,3,,13.971081172764315,,,PRUNED
959,959,33.333333333333336,2025-05-25 17:43:51.104179,2025-05-25 17:44:10.750848,0 days 00:00:19.646669,AdamW,0.15835707209241323,,,0.0002232609523641873,,,,3,,,0.0022284932474622154,,PRUNED
960,960,33.333333333333336,2025-05-25 17:44:10.805929,2025-05-25 17:44:30.397362,0 days 00:00:19.591433,AdamW,0.1401326947758802,,,0.00020337807822521633,,,,3,,,0.0025962197627399175,,PRUNED
961,961,33.333333333333336,2025-05-25 17:44:30.448953,2025-05-25 17:44:48.633282,0 days 00:00:18.184329,Adadelta,0.17179867279838432,4.944348933055833,,,,,,3,5.097058348602247,,,,PRUNED
962,962,33.333333333333336,2025-05-25 17:44:48.697424,2025-05-25 17:45:06.575885,0 days 00:00:17.878461,AdamW,0.12879659684308237,,,0.0004081950538362453,,,,3,,,0.0030293513627339106,,PRUNED
963,963,45.833333333333336,2025-05-25 17:45:06.629646,2025-05-25 17:45:26.319210,0 days 00:00:19.689564,AdamW,0.15312079226093017,,,0.0002757917894255382,,,,3,,,0.0019650079569437395,,PRUNED
964,964,33.333333333333336,2025-05-25 17:45:26.375390,2025-05-25 17:45:45.966983,0 days 00:00:19.591593,AdamW,0.1371965657851427,,,0.00025100851919484857,,,,3,,,0.0023724390143104552,,PRUNED
965,965,33.333333333333336,2025-05-25 17:45:46.021497,2025-05-25 17:46:05.650954,0 days 00:00:19.629457,AdamW,0.1681693609491779,,,0.00025718702696881144,,,,3,,,0.0026871328372798458,,PRUNED
966,966,33.333333333333336,2025-05-25 17:46:05.706781,2025-05-25 17:46:25.477499,0 days 00:00:19.770718,AdamW,0.18103455252875886,,,0.0005154150427026987,,,,2,,,0.0036154057056100243,,PRUNED
967,967,33.333333333333336,2025-05-25 17:46:25.532820,2025-05-25 17:46:45.352960,0 days 00:00:19.820140,AdamW,0.15450487822685782,,,0.00018638165397552144,,,,3,,,0.0020914698647315974,,PRUNED
968,968,33.333333333333336,2025-05-25 17:46:45.412209,2025-05-25 17:47:05.404801,0 days 00:00:19.992592,AdamW,0.4697393664492359,,,0.00034231784576164363,,,,3,,,0.001791051445798006,,PRUNED
969,969,33.333333333333336,2025-05-25 17:47:05.458582,2025-05-25 17:47:25.140086,0 days 00:00:19.681504,AdamW,0.16728275465461598,,,0.0002123362448036413,,,,3,,,0.0031331129084062326,,PRUNED
970,970,47.916666666666664,2025-05-25 17:47:25.197214,2025-05-25 17:47:44.790185,0 days 00:00:19.592971,AdamW,0.1958270398035532,,,0.00016508329415983351,,,,3,,,0.0028280395492579465,,PRUNED
971,971,41.666666666666664,2025-05-25 17:47:44.845599,2025-05-25 17:48:04.573359,0 days 00:00:19.727760,AdamW,0.1443874197615863,,,5.8654589021019674e-05,,,,3,,,0.0002748577883226068,,PRUNED
972,972,33.333333333333336,2025-05-25 17:48:04.627614,2025-05-25 17:48:24.376801,0 days 00:00:19.749187,AdamW,0.1736799648372578,,,0.00026366102358157804,,,,3,,,0.002312679342386336,,PRUNED
973,973,35.416666666666664,2025-05-25 17:48:24.435921,2025-05-25 17:48:44.111102,0 days 00:00:19.675181,AdamW,0.1313663017504282,,,0.00017627225111332498,,,,2,,,0.0003638979273240124,,PRUNED
974,974,35.416666666666664,2025-05-25 17:48:44.165261,2025-05-25 17:49:03.059829,0 days 00:00:18.894568,AdamW,0.11729339749334339,,,7.504159620954113e-05,,,,7,,,0.0012475659527070493,,PRUNED
975,975,33.333333333333336,2025-05-25 17:49:03.111594,2025-05-25 17:49:22.817435,0 days 00:00:19.705841,AdamW,0.19020173735471022,,,0.0002224650831458441,,,,1,,,0.0024932226807124792,,PRUNED
976,976,47.916666666666664,2025-05-25 17:49:22.872778,2025-05-25 17:49:42.692970,0 days 00:00:19.820192,AdamW,0.3993336673133586,,,0.00014113507957957993,,,,1,,,0.0033181610805566547,,PRUNED
977,977,75.0,2025-05-25 17:49:42.748533,2025-05-25 17:50:13.678484,0 days 00:00:30.929951,AdamW,0.20915310913319196,,,9.544744846809065e-05,,,,2,,,0.0021267488930875856,,COMPLETE
978,978,39.583333333333336,2025-05-25 17:50:13.741236,2025-05-25 17:50:32.671612,0 days 00:00:18.930376,AdamW,0.20729187572442095,,,8.831901145746747e-05,,,,2,,,0.002219816783971501,,PRUNED
979,979,,2025-05-25 17:50:32.725486,2025-05-25 17:50:49.351490,0 days 00:00:16.626004,SGD,0.21360160878485365,,,,1.0572835784770605e-05,48.31828250223206,False,2,,,,19.48229965536031,PRUNED
980,980,47.916666666666664,2025-05-25 17:50:49.404389,2025-05-25 17:51:09.423987,0 days 00:00:20.019598,AdamW,0.19976904403974421,,,9.69847668488571e-05,,,,2,,,0.00255692686399621,,PRUNED
981,981,47.916666666666664,2025-05-25 17:51:09.478631,2025-05-25 17:51:29.190174,0 days 00:00:19.711543,AdamW,0.21873634662330568,,,0.00010969391079347078,,,,2,,,0.0029643483852763793,,PRUNED
982,982,33.333333333333336,2025-05-25 17:51:29.243927,2025-05-25 17:51:49.010256,0 days 00:00:19.766329,AdamW,0.04027765471504444,,,7.759007946102095e-05,,,,2,,,0.0021477358300696224,,PRUNED
983,983,33.333333333333336,2025-05-25 17:51:49.065989,2025-05-25 17:52:08.844883,0 days 00:00:19.778894,Adam,0.20457543739149328,,0.02333426808104019,,,,,2,,0.04452685563945343,,,PRUNED
984,984,31.25,2025-05-25 17:52:08.899575,2025-05-25 17:52:28.635733,0 days 00:00:19.736158,AdamW,0.21116551176115853,,,9.273360818056526e-05,,,,2,,,0.0028289899851744243,,PRUNED
985,985,33.333333333333336,2025-05-25 17:52:28.693343,2025-05-25 17:52:48.568527,0 days 00:00:19.875184,AdamW,0.19960228621509743,,,0.0001254460183428386,,,,2,,,0.0025638359532941294,,PRUNED
986,986,45.833333333333336,2025-05-25 17:52:48.629805,2025-05-25 17:53:08.290143,0 days 00:00:19.660338,AdamW,0.220530107491177,,,0.00010855786065307238,,,,2,,,0.0035504495450134964,,PRUNED
987,987,33.333333333333336,2025-05-25 17:53:08.348159,2025-05-25 17:53:28.051902,0 days 00:00:19.703743,AdamW,0.1837836231988745,,,0.0006263078050865006,,,,2,,,0.002299512603979011,,PRUNED
988,988,35.416666666666664,2025-05-25 17:53:28.106172,2025-05-25 17:53:47.664857,0 days 00:00:19.558685,Adadelta,0.1889497360163197,0.07530624430438879,,,,,,2,1.0439087761501356,,,,PRUNED
989,989,33.333333333333336,2025-05-25 17:53:47.719459,2025-05-25 17:54:07.470078,0 days 00:00:19.750619,AdamW,0.21296973498880287,,,7.437609746843275e-05,,,,2,,,0.00039676444198571785,,PRUNED
990,990,41.666666666666664,2025-05-25 17:54:07.526601,2025-05-25 17:54:27.816887,0 days 00:00:20.290286,AdamW,0.22894997993653174,,,8.871311582948513e-05,,,,2,,,0.0003430070660947278,,PRUNED
991,991,37.5,2025-05-25 17:54:27.871911,2025-05-25 17:54:47.481469,0 days 00:00:19.609558,AdamW,0.20034223133663312,,,0.00012414745765349622,,,,2,,,0.0019251920437157012,,PRUNED
992,992,60.416666666666664,2025-05-25 17:54:47.535767,2025-05-25 17:55:11.853035,0 days 00:00:24.317268,AdamW,0.1740756041996213,,,0.0001689738751298711,,,,2,,,0.0027826611329733837,,PRUNED
993,993,41.666666666666664,2025-05-25 17:55:11.913197,2025-05-25 17:55:30.878588,0 days 00:00:18.965391,AdamW,0.162821067675344,,,0.00010139297412925324,,,,2,,,0.0024042286956482252,,PRUNED
994,994,70.83333333333333,2025-05-25 17:55:30.936427,2025-05-25 17:56:01.690852,0 days 00:00:30.754425,AdamW,0.18919618241792852,,,0.00012080874091958388,,,,3,,,0.002021300804873726,,COMPLETE
995,995,45.833333333333336,2025-05-25 17:56:01.753098,2025-05-25 17:56:19.783315,0 days 00:00:18.030217,AdamW,0.19662345827333533,,,0.00015222649964878894,,,,3,,,0.0018289507874109736,,PRUNED
996,996,33.333333333333336,2025-05-25 17:56:19.849575,2025-05-25 17:56:39.622666,0 days 00:00:19.773091,AdamW,0.1818455383442837,,,0.0001398586703926896,,,,3,,,0.002009415308636969,,PRUNED
997,997,33.333333333333336,2025-05-25 17:56:39.681045,2025-05-25 17:56:59.517422,0 days 00:00:19.836377,AdamW,0.19446867174321203,,,0.00019078003307096598,,,,3,,,0.0017566532434092604,,PRUNED
998,998,33.333333333333336,2025-05-25 17:56:59.571618,2025-05-25 17:57:19.299457,0 days 00:00:19.727839,AdamW,0.20593591556777424,,,0.0001240581099162193,,,,3,,,0.001970678608045057,,PRUNED
999,999,43.75,2025-05-25 17:57:19.354245,2025-05-25 17:57:39.361847,0 days 00:00:20.007602,AdamW,0.18727632389492208,,,0.00016616405623627007,,,,3,,,0.0021503231578819514,,PRUNED
1000,1000,43.75,2025-05-25 17:57:39.416461,2025-05-25 17:57:59.161510,0 days 00:00:19.745049,AdamW,0.1866937672044299,,,0.000143098082833328,,,,3,,,0.0021158605606670638,,PRUNED
1001,1001,33.333333333333336,2025-05-25 17:57:59.223720,2025-05-25 17:58:19.338668,0 days 00:00:20.114948,AdamW,0.19342934928789723,,,0.0003285934435814137,,,,3,,,0.0017382334141793968,,PRUNED
1002,1002,39.583333333333336,2025-05-25 17:58:19.394720,2025-05-25 17:58:39.099554,0 days 00:00:19.704834,AdamW,0.21124275459627695,,,0.00011322558017686018,,,,3,,,0.0020221432067855766,,PRUNED
1003,1003,,2025-05-25 17:58:39.154655,2025-05-25 17:58:57.602181,0 days 00:00:18.447526,SGD,0.17830512869646742,,,,7.056701894444502e-05,31.06807330385016,True,3,,,,0.11623795077290627,PRUNED
1004,1004,31.25,2025-05-25 17:58:57.655519,2025-05-25 17:59:17.360763,0 days 00:00:19.705244,AdamW,0.20143592013441178,,,0.00020665792881106206,,,,3,,,0.0023276923095000668,,PRUNED
1005,1005,33.333333333333336,2025-05-25 17:59:17.416454,2025-05-25 17:59:37.242607,0 days 00:00:19.826153,AdamW,0.22038618850784092,,,0.00043400002808872176,,,,3,,,0.0019186430388824845,,PRUNED
1006,1006,45.833333333333336,2025-05-25 17:59:37.303541,2025-05-25 17:59:57.086743,0 days 00:00:19.783202,AdamW,0.20610137169752035,,,0.00012016106342868132,,,,3,,,0.002176097353503927,,PRUNED
1007,1007,33.333333333333336,2025-05-25 17:59:57.141451,2025-05-25 18:00:16.904193,0 days 00:00:19.762742,AdamW,0.18002715403540462,,,0.0002563297086970698,,,,3,,,0.001685090755308727,,PRUNED
1008,1008,33.333333333333336,2025-05-25 18:00:16.961001,2025-05-25 18:00:36.649191,0 days 00:00:19.688190,Adam,0.1879149687938634,,0.002742167048078558,,,,,3,,27.134823731907925,,,PRUNED
1009,1009,39.583333333333336,2025-05-25 18:00:36.704127,2025-05-25 18:00:55.999258,0 days 00:00:19.295131,AdamW,0.175224956369806,,,0.000153791329237945,,,,3,,,0.0004350050516329798,,PRUNED
1010,1010,33.333333333333336,2025-05-25 18:00:56.055152,2025-05-25 18:01:13.747764,0 days 00:00:17.692612,AdamW,0.034925401983411895,,,9.67506735381465e-05,,,,3,,,0.0003749884352837237,,PRUNED
1011,1011,33.333333333333336,2025-05-25 18:01:13.802709,2025-05-25 18:01:32.573859,0 days 00:00:18.771150,AdamW,0.19197222086122337,,,0.0012218059780275219,,,,3,,,0.0015698585465019445,,PRUNED
1012,1012,33.333333333333336,2025-05-25 18:01:32.627848,2025-05-25 18:01:51.506149,0 days 00:00:18.878301,Adadelta,0.22450314290103193,0.9106474266482769,,,,,,2,0.043739572960836214,,,,PRUNED
1013,1013,33.333333333333336,2025-05-25 18:01:51.560286,2025-05-25 18:02:11.450018,0 days 00:00:19.889732,AdamW,0.20908905749291445,,,0.0001817787522259432,,,,0,,,0.00237856834368565,,PRUNED
1014,1014,33.333333333333336,2025-05-25 18:02:11.504929,2025-05-25 18:02:31.113510,0 days 00:00:19.608581,AdamW,0.2303485240140255,,,0.0001270674219768601,,,,2,,,0.00216747506859249,,PRUNED
1015,1015,33.333333333333336,2025-05-25 18:02:31.168936,2025-05-25 18:02:50.765892,0 days 00:00:19.596956,AdamW,0.19616153491043165,,,0.00010701834208915756,,,,3,,,0.0003215238882949535,,PRUNED
1016,1016,33.333333333333336,2025-05-25 18:02:50.822763,2025-05-25 18:03:10.454060,0 days 00:00:19.631297,AdamW,0.17582133684802073,,,0.0002247598089807951,,,,0,,,0.00040742224331168325,,PRUNED
1017,1017,33.333333333333336,2025-05-25 18:03:10.510733,2025-05-25 18:03:30.319175,0 days 00:00:19.808442,AdamW,0.21687700146259228,,,0.00015107279909633541,,,,2,,,0.0001681881162413819,,PRUNED
1018,1018,43.75,2025-05-25 18:03:30.376923,2025-05-25 18:03:50.232596,0 days 00:00:19.855673,AdamW,0.3371174021571254,,,8.931722380295429e-05,,,,2,,,0.0018975640272238484,,PRUNED
1019,1019,41.666666666666664,2025-05-25 18:03:50.287846,2025-05-25 18:04:09.071616,0 days 00:00:18.783770,AdamW,0.1882269807723726,,,0.016095211032303443,,,,8,,,0.0024445418920417314,,PRUNED
1020,1020,35.416666666666664,2025-05-25 18:04:09.120658,2025-05-25 18:04:28.810891,0 days 00:00:19.690233,AdamW,0.16793201275817324,,,0.00012235958091003736,,,,3,,,0.00047465037401055497,,PRUNED
1021,1021,33.333333333333336,2025-05-25 18:04:28.866613,2025-05-25 18:04:48.603126,0 days 00:00:19.736513,AdamW,0.20483200996894524,,,0.0001840890859117658,,,,0,,,0.0021880688286690826,,PRUNED
1022,1022,33.333333333333336,2025-05-25 18:04:48.660167,2025-05-25 18:05:08.469363,0 days 00:00:19.809196,AdamW,0.23534421480909784,,,0.00013709194432138096,,,,3,,,0.007738381976028742,,PRUNED
1023,1023,50.0,2025-05-25 18:05:08.529103,2025-05-25 18:05:28.321091,0 days 00:00:19.791988,AdamW,0.21750118111725436,,,0.00010684460338478744,,,,0,,,0.0004506229725637913,,PRUNED
1024,1024,33.333333333333336,2025-05-25 18:05:28.615631,2025-05-25 18:05:48.321696,0 days 00:00:19.706065,AdamW,0.3121433942206781,,,0.0002972450189471164,,,,2,,,0.002055898487421704,,PRUNED
1025,1025,54.166666666666664,2025-05-25 18:05:48.377775,2025-05-25 18:06:08.121716,0 days 00:00:19.743941,AdamW,0.18313153844080507,,,7.44578730241045e-05,,,,4,,,0.002513617332507006,,PRUNED
1026,1026,33.333333333333336,2025-05-25 18:06:08.179542,2025-05-25 18:06:27.720991,0 days 00:00:19.541449,AdamW,0.19719318823102433,,,8.52921304138503e-05,,,,2,,,0.00036628977588878535,,PRUNED
1027,1027,29.166666666666668,2025-05-25 18:06:27.768261,2025-05-25 18:06:46.817174,0 days 00:00:19.048913,AdamW,0.2295640810789864,,,0.00015552351758019913,,,,0,,,0.0022304973042921914,,PRUNED
1028,1028,33.333333333333336,2025-05-25 18:06:46.872900,2025-05-25 18:07:04.316165,0 days 00:00:17.443265,AdamW,0.22226853830138385,,,0.00021769069568552976,,,,2,,,0.0019132507687674885,,PRUNED
1029,1029,,2025-05-25 18:07:04.374803,2025-05-25 18:07:23.888864,0 days 00:00:19.514061,SGD,0.3638863390870595,,,,0.00014261161643142544,7.200070622067152,False,3,,,,43.90603198996964,PRUNED
1030,1030,39.583333333333336,2025-05-25 18:07:23.940810,2025-05-25 18:07:43.480944,0 days 00:00:19.540134,AdamW,0.17324793697754065,,,0.00011078936018953645,,,,3,,,0.005234799849628532,,PRUNED
1031,1031,45.833333333333336,2025-05-25 18:07:43.536965,2025-05-25 18:08:03.143446,0 days 00:00:19.606481,AdamW,0.2096479536781751,,,9.349043086133695e-05,,,,2,,,0.00028705995198506277,,PRUNED
1032,1032,33.333333333333336,2025-05-25 18:08:03.199231,2025-05-25 18:08:22.866022,0 days 00:00:19.666791,Adam,0.18981790455379124,,0.06250712739140243,,,,,0,,7.088705046351478,,,PRUNED
1033,1033,33.333333333333336,2025-05-25 18:08:22.922577,2025-05-25 18:08:42.622951,0 days 00:00:19.700374,AdamW,0.16295989264285418,,,0.029488102241208583,,,,2,,,0.0009780821256508442,,PRUNED
1034,1034,50.0,2025-05-25 18:08:42.681910,2025-05-25 18:09:02.650464,0 days 00:00:19.968554,AdamW,0.2394000665400129,,,0.00014088584346089639,,,,0,,,0.0026564108893844156,,PRUNED
1035,1035,33.333333333333336,2025-05-25 18:09:02.706409,2025-05-25 18:09:22.580061,0 days 00:00:19.873652,AdamW,0.20199783650417458,,,0.00018163381309510508,,,,3,,,0.00040467182812037414,,PRUNED
1036,1036,35.416666666666664,2025-05-25 18:09:22.635897,2025-05-25 18:09:42.423039,0 days 00:00:19.787142,AdamW,0.1836976403396476,,,0.00011805004435601002,,,,2,,,0.0023705386200872027,,PRUNED
1037,1037,39.583333333333336,2025-05-25 18:09:42.479948,2025-05-25 18:10:02.107231,0 days 00:00:19.627283,AdamW,0.21696415940523386,,,6.840577848525459e-05,,,,4,,,0.00048502297158463733,,PRUNED
1038,1038,41.666666666666664,2025-05-25 18:10:02.161823,2025-05-25 18:10:22.046151,0 days 00:00:19.884328,AdamW,0.4303960539389039,,,0.00015875981417591111,,,,0,,,0.001346480777210415,,PRUNED
1039,1039,33.333333333333336,2025-05-25 18:10:22.102745,2025-05-25 18:10:41.731338,0 days 00:00:19.628593,Adadelta,0.19678389277436287,13.517976914019037,,,,,,2,79.4878899739547,,,,PRUNED
1040,1040,45.833333333333336,2025-05-25 18:10:41.788473,2025-05-25 18:11:01.475692,0 days 00:00:19.687219,AdamW,0.05044449873966835,,,0.00024551564134214326,,,,3,,,0.004305536066721554,,PRUNED
1041,1041,45.833333333333336,2025-05-25 18:11:01.532540,2025-05-25 18:11:21.465756,0 days 00:00:19.933216,AdamW,0.022545006025118802,,,9.34539519345233e-05,,,,1,,,0.0003412543783546217,,PRUNED
1042,1042,33.333333333333336,2025-05-25 18:11:21.520975,2025-05-25 18:11:41.631375,0 days 00:00:20.110400,AdamW,0.30389676875516203,,,0.0003506364819540825,,,,1,,,0.0018378316467813705,,PRUNED
1043,1043,29.166666666666668,2025-05-25 18:11:41.697690,2025-05-25 18:12:00.837511,0 days 00:00:19.139821,AdamW,0.23353819347806157,,,0.0001320613983618744,,,,1,,,0.00042801423181541956,,PRUNED
1044,1044,41.666666666666664,2025-05-25 18:12:00.893327,2025-05-25 18:12:20.590652,0 days 00:00:19.697325,AdamW,0.17580922805206745,,,7.846012960878713e-05,,,,3,,,0.002059830815531858,,PRUNED
1045,1045,33.333333333333336,2025-05-25 18:12:20.660655,2025-05-25 18:12:37.519104,0 days 00:00:16.858449,AdamW,0.24613426542692646,,,0.00010178392202076765,,,,2,,,0.0026681666145491915,,PRUNED
1046,1046,33.333333333333336,2025-05-25 18:12:37.574627,2025-05-25 18:12:57.296202,0 days 00:00:19.721575,AdamW,0.41687194353013757,,,0.00020044889062860875,,,,0,,,0.0024630658790862708,,PRUNED
1047,1047,50.0,2025-05-25 18:12:57.352962,2025-05-25 18:13:17.056699,0 days 00:00:19.703737,AdamW,0.20464130500581063,,,0.0001241647494851584,,,,1,,,0.002271869921590271,,PRUNED
1048,1048,33.333333333333336,2025-05-25 18:13:17.115090,2025-05-25 18:13:36.782119,0 days 00:00:19.667029,AdamW,0.28838362038138976,,,0.009992661900167376,,,,2,,,0.00045274886345562893,,PRUNED
1049,1049,50.0,2025-05-25 18:13:36.837898,2025-05-25 18:13:59.200506,0 days 00:00:22.362608,AdamW,0.37654658544222225,,,0.00016293143840604611,,,,3,,,0.00038055189820795595,,PRUNED
1050,1050,41.666666666666664,2025-05-25 18:13:59.255344,2025-05-25 18:14:19.010743,0 days 00:00:19.755399,AdamW,0.16760755323231585,,,6.30081137364289e-05,,,,0,,,0.003095677149478141,,PRUNED
1051,1051,33.333333333333336,2025-05-25 18:14:19.068013,2025-05-25 18:14:38.622273,0 days 00:00:19.554260,AdamW,0.22330084240653375,,,0.0002853140656910472,,,,4,,,0.0005205098591775638,,PRUNED
1052,1052,39.583333333333336,2025-05-25 18:14:38.677498,2025-05-25 18:14:58.405668,0 days 00:00:19.728170,AdamW,0.18991774289488697,,,0.00010892657284820827,,,,2,,,0.0038105394949874524,,PRUNED
1053,1053,,2025-05-25 18:14:58.460412,2025-05-25 18:15:16.910365,0 days 00:00:18.449953,SGD,0.39475496002428306,,,,0.00053378822576223,22.231811340706646,True,1,,,,0.7470222148659706,PRUNED
1054,1054,56.25,2025-05-25 18:15:16.966591,2025-05-25 18:15:39.353589,0 days 00:00:22.386998,AdamW,0.3180294429579145,,,8.45359122090036e-05,,,,1,,,0.002100229248221307,,PRUNED
1055,1055,47.916666666666664,2025-05-25 18:15:39.409748,2025-05-25 18:15:59.027728,0 days 00:00:19.617980,AdamW,0.20950926698106742,,,0.0001354399736781803,,,,3,,,0.0016265047730949502,,PRUNED
1056,1056,33.333333333333336,2025-05-25 18:15:59.083250,2025-05-25 18:16:18.800458,0 days 00:00:19.717208,AdamW,0.18017831415196306,,,0.0001870101640447055,,,,1,,,0.0025771865188576304,,PRUNED
1057,1057,45.833333333333336,2025-05-25 18:16:18.910723,2025-05-25 18:16:38.851262,0 days 00:00:19.940539,AdamW,0.3538742124089863,,,0.00010146127127751133,,,,0,,,0.00031446401541631057,,PRUNED
1058,1058,33.333333333333336,2025-05-25 18:16:38.907738,2025-05-25 18:16:58.728701,0 days 00:00:19.820963,Adam,0.2428723034573122,,0.01195784587740406,,,,,2,,3.084880473274704,,,PRUNED
1059,1059,33.333333333333336,2025-05-25 18:16:58.783565,2025-05-25 18:17:18.422041,0 days 00:00:19.638476,AdamW,0.15920704440617636,,,0.00015730592944746005,,,,1,,,0.002291220023655728,,PRUNED
1060,1060,33.333333333333336,2025-05-25 18:17:18.477757,2025-05-25 18:17:34.952225,0 days 00:00:16.474468,Adadelta,0.2295674019207115,0.015287655214957946,,,,,,2,0.5587573594064668,,,,PRUNED
1061,1061,37.5,2025-05-25 18:17:35.007764,2025-05-25 18:17:54.554042,0 days 00:00:19.546278,AdamW,0.19369818848679124,,,7.808042290992748e-05,,,,3,,,0.002018055650296788,,PRUNED
1062,1062,37.5,2025-05-25 18:17:54.609312,2025-05-25 18:18:11.366355,0 days 00:00:16.757043,AdamW,0.2773232227952048,,,0.00023126992059851226,,,,1,,,0.0005412330301609201,,PRUNED
1063,1063,35.416666666666664,2025-05-25 18:18:11.424995,2025-05-25 18:18:31.311035,0 days 00:00:19.886040,AdamW,0.20027141288560835,,,0.00012028256355055317,,,,0,,,0.0029150812760838675,,PRUNED
1064,1064,39.583333333333336,2025-05-25 18:18:31.368611,2025-05-25 18:18:51.212631,0 days 00:00:19.844020,AdamW,0.21179216003466045,,,9.30753168551847e-05,,,,1,,,0.0018021442635680833,,PRUNED
1065,1065,33.333333333333336,2025-05-25 18:18:51.270201,2025-05-25 18:19:11.313601,0 days 00:00:20.043400,AdamW,0.4484322852511631,,,0.00039915285719946614,,,,2,,,0.00042416227009332803,,PRUNED
1066,1066,47.916666666666664,2025-05-25 18:19:11.369445,2025-05-25 18:19:31.008879,0 days 00:00:19.639434,AdamW,0.17129743924087054,,,0.0001402208397624158,,,,3,,,0.0027717481205365817,,PRUNED
1067,1067,31.25,2025-05-25 18:19:31.069207,2025-05-25 18:19:50.878941,0 days 00:00:19.809734,AdamW,0.22488233728862123,,,6.535102343273763e-05,,,,0,,,0.00047555201152688515,,PRUNED
1068,1068,33.333333333333336,2025-05-25 18:19:50.934444,2025-05-25 18:20:10.640367,0 days 00:00:19.705923,AdamW,0.24723575702717182,,,0.00011089316417817237,,,,2,,,0.003318877541271916,,PRUNED
1069,1069,35.416666666666664,2025-05-25 18:20:10.695129,2025-05-25 18:20:30.583983,0 days 00:00:19.888854,AdamW,0.18387033763025648,,,0.0001735621029606749,,,,1,,,0.0024541829025109983,,PRUNED
1070,1070,33.333333333333336,2025-05-25 18:20:30.642895,2025-05-25 18:20:50.321346,0 days 00:00:19.678451,AdamW,0.23700471501134113,,,0.0002074330281695173,,,,2,,,0.0003697790835355049,,PRUNED
1071,1071,41.666666666666664,2025-05-25 18:20:50.379005,2025-05-25 18:21:09.946753,0 days 00:00:19.567748,AdamW,0.4102972030952691,,,8.416511598367753e-05,,,,3,,,0.0014382312815435113,,PRUNED
1072,1072,33.333333333333336,2025-05-25 18:21:10.006070,2025-05-25 18:21:29.752853,0 days 00:00:19.746783,AdamW,0.2139979055522348,,,0.0001387284975842858,,,,0,,,0.002192407774616314,,PRUNED
1073,1073,33.333333333333336,2025-05-25 18:21:29.809202,2025-05-25 18:21:49.577384,0 days 00:00:19.768182,AdamW,0.1653763156292083,,,0.0002630182338503085,,,,1,,,0.0004031397540137141,,PRUNED
1074,1074,39.583333333333336,2025-05-25 18:21:49.636166,2025-05-25 18:22:09.516038,0 days 00:00:19.879872,AdamW,0.1940882075524272,,,0.0001167120391102241,,,,1,,,0.0019720304896762553,,PRUNED
1075,1075,,2025-05-25 18:22:09.572257,2025-05-25 18:22:27.666768,0 days 00:00:18.094511,SGD,0.17833699093970667,,,,0.05043222504398309,96.73369113244739,False,2,,,,0.3448758330917423,PRUNED
1076,1076,33.333333333333336,2025-05-25 18:22:27.721364,2025-05-25 18:22:47.442544,0 days 00:00:19.721180,AdamW,0.25486816704664195,,,0.00010059927089627472,,,,4,,,0.0005129689781045991,,PRUNED
1077,1077,33.333333333333336,2025-05-25 18:22:47.497216,2025-05-25 18:23:05.337106,0 days 00:00:17.839890,AdamW,0.20171123597203233,,,0.00015486981499978757,,,,1,,,0.0005767131175666323,,PRUNED
1078,1078,41.666666666666664,2025-05-25 18:23:05.393385,2025-05-25 18:23:24.516230,0 days 00:00:19.122845,AdamW,0.3000439121117668,,,7.292413028693937e-05,,,,0,,,0.002569672219729245,,PRUNED
1079,1079,33.333333333333336,2025-05-25 18:23:24.567812,2025-05-25 18:23:42.475818,0 days 00:00:17.908006,AdamW,0.43779048953036803,,,0.0001259057288494448,,,,1,,,0.0004609069237791425,,PRUNED
1080,1080,33.333333333333336,2025-05-25 18:23:42.531464,2025-05-25 18:24:02.319574,0 days 00:00:19.788110,AdamW,0.22032471860075475,,,0.0001879693033651094,,,,3,,,0.0022789865078764945,,PRUNED
1081,1081,33.333333333333336,2025-05-25 18:24:02.376015,2025-05-25 18:24:22.037406,0 days 00:00:19.661391,Adam,0.32764754248273253,,0.0009809160729970978,,,,,2,,1.7642029996714839,,,PRUNED
1082,1082,35.416666666666664,2025-05-25 18:24:22.093060,2025-05-25 18:24:41.735998,0 days 00:00:19.642938,AdamW,0.27043286313157705,,,9.313800865178536e-05,,,,0,,,0.0027300620623844497,,PRUNED
1083,1083,33.333333333333336,2025-05-25 18:24:41.793570,2025-05-25 18:25:01.484481,0 days 00:00:19.690911,AdamW,0.23983080291861178,,,0.0003084510531404445,,,,3,,,0.00034014870783741035,,PRUNED
1084,1084,33.333333333333336,2025-05-25 18:25:01.540435,2025-05-25 18:25:21.301646,0 days 00:00:19.761211,AdamW,0.18874529598374454,,,0.00015737902389626157,,,,1,,,0.0030949699598979163,,PRUNED
1085,1085,45.833333333333336,2025-05-25 18:25:21.365486,2025-05-25 18:25:41.195950,0 days 00:00:19.830464,AdamW,0.2822895538991792,,,0.00011224581565389191,,,,2,,,0.003961548019005705,,PRUNED
1086,1086,33.333333333333336,2025-05-25 18:25:41.253221,2025-05-25 18:26:00.956434,0 days 00:00:19.703213,Adadelta,0.16092826810677727,24.981463528528685,,,,,,0,0.10004792967201856,,,,PRUNED
1087,1087,43.75,2025-05-25 18:26:01.012657,2025-05-25 18:26:20.993334,0 days 00:00:19.980677,AdamW,0.22767172926498974,,,7.687785430731088e-05,,,,1,,,0.0023791343804068278,,PRUNED
1088,1088,33.333333333333336,2025-05-25 18:26:21.050359,2025-05-25 18:26:40.632692,0 days 00:00:19.582333,AdamW,0.20905325964200627,,,0.00047642355356970013,,,,2,,,0.0017905224854484264,,PRUNED
1089,1089,43.75,2025-05-25 18:26:40.688789,2025-05-25 18:27:00.491085,0 days 00:00:19.802296,AdamW,0.34262431352585293,,,0.0002188879700428387,,,,1,,,0.002081927840920383,,PRUNED
1090,1090,52.083333333333336,2025-05-25 18:27:00.550521,2025-05-25 18:27:20.396707,0 days 00:00:19.846186,AdamW,0.24752729671602994,,,0.00013174850752495782,,,,3,,,0.003487747931820633,,PRUNED
1091,1091,39.583333333333336,2025-05-25 18:27:20.453776,2025-05-25 18:27:40.102512,0 days 00:00:19.648736,AdamW,0.1757418400729332,,,6.307050510157877e-05,,,,2,,,0.00038626032365424005,,PRUNED
1092,1092,50.0,2025-05-25 18:27:40.158899,2025-05-25 18:27:59.772287,0 days 00:00:19.613388,AdamW,0.18535528601454482,,,9.025572863528662e-05,,,,4,,,0.0004945877920793152,,PRUNED
1093,1093,33.333333333333336,2025-05-25 18:27:59.828373,2025-05-25 18:28:19.391952,0 days 00:00:19.563579,AdamW,0.21704112119216243,,,0.0001708939847822454,,,,1,,,0.00044945121489829097,,PRUNED
1094,1094,52.083333333333336,2025-05-25 18:28:19.445378,2025-05-25 18:28:37.912662,0 days 00:00:18.467284,AdamW,0.23252573431699913,,,0.00010412649797465057,,,,0,,,0.0025170790362053796,,PRUNED
1095,1095,33.333333333333336,2025-05-25 18:28:37.976468,2025-05-25 18:28:55.843418,0 days 00:00:17.866950,AdamW,0.46167845880251074,,,0.00013696810411260084,,,,1,,,0.0029485694622802113,,PRUNED
1096,1096,39.583333333333336,2025-05-25 18:28:55.900662,2025-05-25 18:29:15.551665,0 days 00:00:19.651003,AdamW,0.20139684897532054,,,0.00011617256484978646,,,,2,,,0.0019644302128697696,,PRUNED
1097,1097,52.083333333333336,2025-05-25 18:29:15.607612,2025-05-25 18:29:35.234559,0 days 00:00:19.626947,AdamW,0.42000245500261285,,,0.00023928827747573257,,,,3,,,0.002233264732774976,,PRUNED
1098,1098,37.5,2025-05-25 18:29:35.292089,2025-05-25 18:29:55.253949,0 days 00:00:19.961860,AdamW,0.2549262316685731,,,8.594760603452405e-05,,,,1,,,0.000565966630153603,,PRUNED
1099,1099,33.333333333333336,2025-05-25 18:29:55.310260,2025-05-25 18:30:15.058751,0 days 00:00:19.748491,AdamW,0.4053018630488116,,,0.00016015468781260372,,,,0,,,0.0016578818381404409,,PRUNED
1100,1100,,2025-05-25 18:30:15.117779,2025-05-25 18:30:33.280657,0 days 00:00:18.162878,SGD,0.170307601307866,,,,0.0036511936622926787,55.33347305646615,True,1,,,,8.263544504728864,PRUNED
1101,1101,33.333333333333336,2025-05-25 18:30:33.344139,2025-05-25 18:30:53.181286,0 days 00:00:19.837147,AdamW,0.19589186861299746,,,0.00019363327458219088,,,,2,,,0.002736547658763266,,PRUNED
1102,1102,33.333333333333336,2025-05-25 18:30:53.236920,2025-05-25 18:31:12.888678,0 days 00:00:19.651758,AdamW,0.2902478775181976,,,7.127233978435929e-05,,,,3,,,0.00042245551732901824,,PRUNED
1103,1103,33.333333333333336,2025-05-25 18:31:12.945162,2025-05-25 18:31:33.316847,0 days 00:00:20.371685,AdamW,0.2625077243170752,,,0.0003556780594917822,,,,2,,,0.003295256938131172,,PRUNED
1104,1104,33.333333333333336,2025-05-25 18:31:33.373117,2025-05-25 18:31:53.399313,0 days 00:00:20.026196,AdamW,0.184103627421912,,,9.835134928024938e-05,,,,1,,,0.000822777386005091,,PRUNED
1105,1105,33.333333333333336,2025-05-25 18:31:53.461562,2025-05-25 18:32:13.480036,0 days 00:00:20.018474,AdamW,0.211454540845921,,,0.00013526378706841215,,,,1,,,0.0010805790684758248,,PRUNED
1106,1106,33.333333333333336,2025-05-25 18:32:13.536172,2025-05-25 18:32:33.311472,0 days 00:00:19.775300,Adam,0.23546916486181457,,0.00740556975059732,,,,,0,,0.014406152320388221,,,PRUNED
1107,1107,35.416666666666664,2025-05-25 18:32:33.370112,2025-05-25 18:32:53.103006,0 days 00:00:19.732894,AdamW,0.15790615862725033,,,0.00010890246298725844,,,,3,,,0.0003052249717705494,,PRUNED
1108,1108,33.333333333333336,2025-05-25 18:32:53.161270,2025-05-25 18:33:13.159414,0 days 00:00:19.998144,Adadelta,0.2434080022860914,3.000752973717105,,,,,,1,1.3927985949350739,,,,PRUNED
1109,1109,33.333333333333336,2025-05-25 18:33:13.215431,2025-05-25 18:33:33.031121,0 days 00:00:19.815690,AdamW,0.2244921159658948,,,8.36468067684511e-05,,,,2,,,0.004734521628957067,,PRUNED
1110,1110,33.333333333333336,2025-05-25 18:33:33.094708,2025-05-25 18:33:50.432379,0 days 00:00:17.337671,AdamW,0.4802006307868627,,,0.00027255006584075124,,,,0,,,0.0023667595775337395,,PRUNED
1111,1111,33.333333333333336,2025-05-25 18:33:50.489676,2025-05-25 18:34:10.193037,0 days 00:00:19.703361,AdamW,0.1760998967232524,,,0.00015243817439984035,,,,1,,,0.0005253337624210451,,PRUNED
1112,1112,33.333333333333336,2025-05-25 18:34:10.252027,2025-05-25 18:34:26.307177,0 days 00:00:16.055150,AdamW,0.19431217965727715,,,0.00012298519067467837,,,,3,,,0.0021175323309234394,,PRUNED
1113,1113,66.66666666666667,2025-05-25 18:34:26.367756,2025-05-25 18:34:57.605776,0 days 00:00:31.238020,AdamW,0.2688101382340203,,,6.161038713914025e-05,,,,4,,,0.0006258914951919423,,COMPLETE
1114,1114,33.333333333333336,2025-05-25 18:34:57.669456,2025-05-25 18:35:17.256234,0 days 00:00:19.586778,AdamW,0.2062260167297179,,,0.00018998197339806098,,,,2,,,0.0025595758075631736,,PRUNED
1115,1115,33.333333333333336,2025-05-25 18:35:17.314191,2025-05-25 18:35:37.015211,0 days 00:00:19.701020,AdamW,0.2504283139724066,,,9.136073584523398e-05,,,,1,,,0.00023268447963208845,,PRUNED
1116,1116,37.5,2025-05-25 18:35:37.073454,2025-05-25 18:35:56.841926,0 days 00:00:19.768472,AdamW,0.3877214868194271,,,0.00014270469004749393,,,,1,,,0.00036205821480351553,,PRUNED
1117,1117,39.583333333333336,2025-05-25 18:35:56.900612,2025-05-25 18:36:16.578908,0 days 00:00:19.678296,AdamW,0.04513420486595819,,,0.00022724534794427322,,,,2,,,0.0018159851710752328,,PRUNED
1118,1118,50.0,2025-05-25 18:36:16.638204,2025-05-25 18:36:36.561614,0 days 00:00:19.923410,AdamW,0.06169785763202669,,,0.00011028612487416046,,,,3,,,0.002947984835981945,,PRUNED
1119,1119,37.5,2025-05-25 18:36:36.617617,2025-05-25 18:36:56.538421,0 days 00:00:19.920804,AdamW,0.16564446555419676,,,7.583259111032962e-05,,,,0,,,0.000450295307299225,,PRUNED
1120,1120,33.333333333333336,2025-05-25 18:36:56.594818,2025-05-25 18:37:16.248760,0 days 00:00:19.653942,AdamW,0.42566427712969435,,,0.00017383787048520834,,,,0,,,0.0036258863961947645,,PRUNED
1121,1121,33.333333333333336,2025-05-25 18:37:16.305178,2025-05-25 18:37:36.132584,0 days 00:00:19.827406,AdamW,0.22174782671874357,,,0.0008150093970350583,,,,2,,,0.002341015872136969,,PRUNED
1122,1122,45.833333333333336,2025-05-25 18:37:36.189115,2025-05-25 18:37:56.046378,0 days 00:00:19.857263,AdamW,0.23547034907653513,,,0.00012736713172720518,,,,1,,,0.00040270739960260874,,PRUNED
1123,1123,,2025-05-25 18:37:56.109624,2025-05-25 18:38:14.046218,0 days 00:00:17.936594,SGD,0.1535129588306237,,,,0.007834598766673983,69.44168397258751,True,7,,,,1.2921479370473092,PRUNED
1124,1124,43.75,2025-05-25 18:38:14.096840,2025-05-25 18:38:33.771448,0 days 00:00:19.674608,AdamW,0.18399594607082123,,,0.00010147410919305648,,,,3,,,0.002014197894546968,,PRUNED
1125,1125,33.333333333333336,2025-05-25 18:38:33.828887,2025-05-25 18:38:53.552200,0 days 00:00:19.723313,AdamW,0.2791399220591708,,,0.00014954226332741804,,,,1,,,0.0027012240729690686,,PRUNED
1126,1126,43.75,2025-05-25 18:38:53.608983,2025-05-25 18:39:13.075029,0 days 00:00:19.466046,AdamW,0.1957933048608393,,,0.00028486074467674513,,,,3,,,0.0005151862822728386,,PRUNED
1127,1127,43.75,2025-05-25 18:39:13.129431,2025-05-25 18:39:34.509386,0 days 00:00:21.379955,AdamW,0.21553222837267588,,,0.0001201478595598899,,,,1,,,0.003169839215381049,,PRUNED
1128,1128,43.75,2025-05-25 18:39:34.565981,2025-05-25 18:39:51.198547,0 days 00:00:16.632566,AdamW,0.49976729756700744,,,0.0002038027389549669,,,,2,,,0.002271821574862877,,PRUNED
1129,1129,43.75,2025-05-25 18:39:51.254684,2025-05-25 18:40:11.201251,0 days 00:00:19.946567,AdamW,0.17359367580133073,,,8.289381249651803e-05,,,,0,,,0.00032349163470728334,,PRUNED
1130,1130,39.583333333333336,2025-05-25 18:40:11.258806,2025-05-25 18:40:30.884739,0 days 00:00:19.625933,AdamW,0.3039366603229746,,,6.595629865826326e-05,,,,2,,,0.0004750390508777754,,PRUNED
1131,1131,45.833333333333336,2025-05-25 18:40:30.942005,2025-05-25 18:40:50.681383,0 days 00:00:19.739378,AdamW,0.37066174605377894,,,9.839010888958672e-05,,,,1,,,0.0025265115317179916,,PRUNED
1132,1132,33.333333333333336,2025-05-25 18:40:50.739510,2025-05-25 18:41:10.644738,0 days 00:00:19.905228,Adam,0.20470993225596856,,0.0031269604727918354,,,,,1,,44.062841644421624,,,PRUNED
1133,1133,33.333333333333336,2025-05-25 18:41:10.702313,2025-05-25 18:41:30.680908,0 days 00:00:19.978595,Adadelta,0.25775409280022393,62.161492160182206,,,,,,2,18.484502307117438,,,,PRUNED
1134,1134,33.333333333333336,2025-05-25 18:41:30.736613,2025-05-25 18:41:50.566162,0 days 00:00:19.829549,AdamW,0.24482220849034703,,,0.00015323024896485155,,,,0,,,0.0019009407123547408,,PRUNED
1135,1135,41.666666666666664,2025-05-25 18:41:50.624118,2025-05-25 18:42:10.373403,0 days 00:00:19.749285,AdamW,0.23103159032007645,,,5.384526722531634e-05,,,,1,,,0.0005778643618052904,,PRUNED
1136,1136,33.333333333333336,2025-05-25 18:42:10.429981,2025-05-25 18:42:30.227189,0 days 00:00:19.797208,AdamW,0.31507240304224804,,,0.0027451452557367027,,,,1,,,0.0021630230543896742,,PRUNED
1137,1137,33.333333333333336,2025-05-25 18:42:30.292877,2025-05-25 18:42:50.174102,0 days 00:00:19.881225,AdamW,0.1864811385819017,,,0.00011899989778146426,,,,2,,,0.0027548116083705837,,PRUNED
1138,1138,33.333333333333336,2025-05-25 18:42:50.230765,2025-05-25 18:43:09.794113,0 days 00:00:19.563348,AdamW,0.16240429191241254,,,0.00017619221066177867,,,,4,,,0.00040393582680992745,,PRUNED
1139,1139,33.333333333333336,2025-05-25 18:43:09.850337,2025-05-25 18:43:29.710647,0 days 00:00:19.860310,AdamW,0.20103769888592063,,,9.251245812995502e-05,,,,3,,,0.0003512843070660876,,PRUNED
1140,1140,33.333333333333336,2025-05-25 18:43:29.771732,2025-05-25 18:43:49.534597,0 days 00:00:19.762865,AdamW,0.22522133181277096,,,0.00023573084800492612,,,,0,,,0.0002581980564957036,,PRUNED
1141,1141,41.666666666666664,2025-05-25 18:43:49.591904,2025-05-25 18:44:09.333716,0 days 00:00:19.741812,AdamW,0.21405749195309604,,,7.360284763383978e-05,,,,2,,,0.0024559169223969074,,PRUNED
1142,1142,33.333333333333336,2025-05-25 18:44:09.395540,2025-05-25 18:44:29.052489,0 days 00:00:19.656949,AdamW,0.399866593684494,,,0.00035610989425818775,,,,3,,,0.00014140401408889135,,PRUNED
1143,1143,33.333333333333336,2025-05-25 18:44:29.109502,2025-05-25 18:44:46.532525,0 days 00:00:17.423023,AdamW,0.26955962518830845,,,0.0005788770832884333,,,,0,,,0.00044018902088461284,,PRUNED
1144,1144,33.333333333333336,2025-05-25 18:44:46.590936,2025-05-25 18:45:06.292369,0 days 00:00:19.701433,AdamW,0.18063805265040972,,,0.00013755383008348505,,,,1,,,0.000749897173040838,,PRUNED
1145,1145,37.5,2025-05-25 18:45:06.349991,2025-05-25 18:45:23.624183,0 days 00:00:17.274192,AdamW,0.1955162716804167,,,0.00010967213223077406,,,,1,,,0.0015452455583546023,,PRUNED
1146,1146,33.333333333333336,2025-05-25 18:45:23.681011,2025-05-25 18:45:43.281569,0 days 00:00:19.600558,AdamW,0.0108027688480965,,,0.00019573389196846045,,,,3,,,0.003054918941395351,,PRUNED
1147,1147,,2025-05-25 18:45:43.338412,2025-05-25 18:46:01.739112,0 days 00:00:18.400700,SGD,0.25199258126929824,,,,0.0003578273476486441,46.685808102158326,False,2,,,,2.7056496434860113,PRUNED
1148,1148,50.0,2025-05-25 18:46:01.794485,2025-05-25 18:46:21.599884,0 days 00:00:19.805399,AdamW,0.234899520596858,,,8.965382283483643e-05,,,,1,,,0.0020550728791431435,,PRUNED
1149,1149,33.333333333333336,2025-05-25 18:46:21.657920,2025-05-25 18:46:41.671364,0 days 00:00:20.013444,AdamW,0.2937697957935972,,,0.00013129110820192286,,,,0,,,0.0006662111297145865,,PRUNED
1150,1150,37.5,2025-05-25 18:46:41.729061,2025-05-25 18:47:01.428964,0 days 00:00:19.699903,AdamW,0.18955184543395695,,,0.0001722089219426743,,,,2,,,0.003969201904740711,,PRUNED
1151,1151,35.416666666666664,2025-05-25 18:47:01.485209,2025-05-25 18:47:21.113233,0 days 00:00:19.628024,AdamW,0.16879513183009573,,,0.00010470540761820394,,,,3,,,0.0004966947333877764,,PRUNED
1152,1152,43.75,2025-05-25 18:47:21.170102,2025-05-25 18:47:40.743939,0 days 00:00:19.573837,AdamW,0.3576761073388,,,8.045111884587247e-05,,,,1,,,0.002272358781063102,,PRUNED
1153,1153,33.333333333333336,2025-05-25 18:47:40.801069,2025-05-25 18:48:00.849158,0 days 00:00:20.048089,AdamW,0.15420901471926993,,,0.00015357624092273485,,,,1,,,0.00027860942422702973,,PRUNED
1154,1154,33.333333333333336,2025-05-25 18:48:00.906982,2025-05-25 18:48:20.659558,0 days 00:00:19.752576,Adam,0.336640730487037,,0.0017107841267440947,,,,,0,,0.0315893322998206,,,PRUNED
1155,1155,66.66666666666667,2025-05-25 18:48:20.716276,2025-05-25 18:48:45.009553,0 days 00:00:24.293277,AdamW,0.21043454034710285,,,0.00012151759412774858,,,,2,,,0.001712783355861544,,PRUNED
1156,1156,33.333333333333336,2025-05-25 18:48:45.070019,2025-05-25 18:49:04.870954,0 days 00:00:19.800935,AdamW,0.43510911104835304,,,0.0020829363618904075,,,,1,,,0.0028092523680528277,,PRUNED
1157,1157,33.333333333333336,2025-05-25 18:49:04.930011,2025-05-25 18:49:24.562816,0 days 00:00:19.632805,Adadelta,0.2400030091739328,1.6483060987040745,,,,,,2,0.06473118115476087,,,,PRUNED
1158,1158,41.666666666666664,2025-05-25 18:49:24.618435,2025-05-25 18:49:44.583861,0 days 00:00:19.965426,AdamW,0.1771463441203971,,,6.206419690476877e-05,,,,3,,,0.0018947011320421337,,PRUNED
1159,1159,33.333333333333336,2025-05-25 18:49:44.639677,2025-05-25 18:50:04.908832,0 days 00:00:20.269155,AdamW,0.22107625568980974,,,0.00030260100354698936,,,,1,,,0.000599679630876916,,PRUNED
1160,1160,33.333333333333336,2025-05-25 18:50:04.966627,2025-05-25 18:50:21.824893,0 days 00:00:16.858266,AdamW,0.2623665181223594,,,0.00022464225234050574,,,,0,,,0.0034143835280723823,,PRUNED
1161,1161,33.333333333333336,2025-05-25 18:50:21.882899,2025-05-25 18:50:41.259269,0 days 00:00:19.376370,AdamW,0.06501650190891292,,,9.972340799912008e-05,,,,2,,,0.002485762132465136,,PRUNED
1162,1162,81.25,2025-05-25 18:50:41.318094,2025-05-25 18:50:57.769514,0 days 00:00:16.451420,AdamW,0.20216465779899345,,,0.00017186090565120434,,,,1,,,0.0003834004250071062,,COMPLETE
1163,1163,33.333333333333336,2025-05-25 18:50:57.814374,2025-05-25 18:51:07.845907,0 days 00:00:10.031533,AdamW,0.20749784424707168,,,0.00024929240221312405,,,,1,,,0.00036999852858559805,,PRUNED
1164,1164,33.333333333333336,2025-05-25 18:51:07.883607,2025-05-25 18:51:15.347667,0 days 00:00:07.464060,AdamW,0.22637374784990974,,,0.0002138036784817079,,,,1,,,0.00036088190530156864,,PRUNED
1165,1165,33.333333333333336,2025-05-25 18:51:15.385404,2025-05-25 18:51:22.607506,0 days 00:00:07.222102,AdamW,0.2118566580065671,,,0.00017273200616666742,,,,1,,,0.0003732572859509992,,PRUNED
1166,1166,33.333333333333336,2025-05-25 18:51:22.648694,2025-05-25 18:51:30.046395,0 days 00:00:07.397701,AdamW,0.22073508161085412,,,0.0001999193532666663,,,,1,,,0.000403155801035487,,PRUNED
1167,1167,33.333333333333336,2025-05-25 18:51:30.091192,2025-05-25 18:51:37.640753,0 days 00:00:07.549561,AdamW,0.2061065361407049,,,0.00024989019387602104,,,,1,,,0.00032057307340012826,,PRUNED
1168,1168,33.333333333333336,2025-05-25 18:51:37.677367,2025-05-25 18:51:45.765009,0 days 00:00:08.087642,AdamW,0.24712921559854795,,,0.0001747850601600592,,,,1,,,0.0003255274612251203,,PRUNED
1169,1169,33.333333333333336,2025-05-25 18:51:45.814593,2025-05-25 18:52:00.511568,0 days 00:00:14.696975,AdamW,0.23251937972074943,,,0.00030225908959370255,,,,1,,,0.00040119762118246257,,PRUNED
1170,1170,43.75,2025-05-25 18:52:00.795493,2025-05-25 18:52:20.545548,0 days 00:00:19.750055,AdamW,0.2007484490836835,,,0.0001951827245382612,,,,1,,,0.00042088085775405436,,PRUNED
1171,1171,33.333333333333336,2025-05-25 18:52:20.603069,2025-05-25 18:52:34.192956,0 days 00:00:13.589887,AdamW,0.2181267363460215,,,0.00015610503376659084,,,,1,,,0.00037944429738699886,,PRUNED
1172,1172,,2025-05-25 18:52:34.227761,2025-05-25 18:52:39.306414,0 days 00:00:05.078653,SGD,0.27724209218426576,,,,0.0009054766608495547,22.448219792183394,True,1,,,,30.756216647903152,PRUNED
1173,1173,37.5,2025-05-25 18:52:39.340575,2025-05-25 18:52:45.173286,0 days 00:00:05.832711,AdamW,0.25317100346057164,,,0.00014601894981865074,,,,1,,,0.000348492146518205,,PRUNED
1174,1174,37.5,2025-05-25 18:52:45.208126,2025-05-25 18:52:51.061471,0 days 00:00:05.853345,AdamW,0.2379552096300656,,,0.0003757404315991159,,,,1,,,0.000441202059302221,,PRUNED
1175,1175,33.333333333333336,2025-05-25 18:52:51.096916,2025-05-25 18:52:56.933285,0 days 00:00:05.836369,AdamW,0.41243566990189967,,,0.00023828314400939644,,,,1,,,0.00029819048780123993,,PRUNED
1176,1176,37.5,2025-05-25 18:52:56.968155,2025-05-25 18:53:02.809904,0 days 00:00:05.841749,AdamW,0.22813561265532978,,,0.00019062934844553064,,,,1,,,0.0004508405409921402,,PRUNED
1177,1177,33.333333333333336,2025-05-25 18:53:02.846106,2025-05-25 18:53:08.648190,0 days 00:00:05.802084,Adam,0.20389054216735136,,0.01753561341384394,,,,,1,,0.11788457231047167,,,PRUNED
1178,1178,35.416666666666664,2025-05-25 18:53:08.683583,2025-05-25 18:53:14.543274,0 days 00:00:05.859691,AdamW,0.21486353228008012,,,0.0001330840460198577,,,,1,,,0.00033430583752563334,,PRUNED
1179,1179,33.333333333333336,2025-05-25 18:53:14.578096,2025-05-25 18:53:20.608845,0 days 00:00:06.030749,AdamW,0.2606088016148244,,,0.00016092065565621758,,,,1,,,0.0004023753701199251,,PRUNED
1180,1180,37.5,2025-05-25 18:53:20.644246,2025-05-25 18:53:26.459598,0 days 00:00:05.815352,AdamW,0.24501421634241113,,,0.00026820253957720967,,,,1,,,0.0004898478889846836,,PRUNED
1181,1181,33.333333333333336,2025-05-25 18:53:26.494644,2025-05-25 18:53:32.321555,0 days 00:00:05.826911,Adadelta,0.4529296113118039,6.3786412252826565,,,,,,0,0.026601272400473868,,,,PRUNED
1182,1182,45.833333333333336,2025-05-25 18:53:32.356738,2025-05-25 18:53:38.219460,0 days 00:00:05.862722,AdamW,0.1445025108583168,,,1.3474582839900119e-05,,,,1,,,0.0003825637291969014,,PRUNED
1183,1183,33.333333333333336,2025-05-25 18:53:38.255932,2025-05-25 18:53:44.089669,0 days 00:00:05.833737,AdamW,0.3199413204635924,,,7.591963244360811e-05,,,,1,,,0.0004370167429362571,,PRUNED
1184,1184,45.833333333333336,2025-05-25 18:53:44.124821,2025-05-25 18:53:50.002686,0 days 00:00:05.877865,AdamW,0.053716458834261765,,,0.00021047577364215696,,,,0,,,0.0005226908175876535,,PRUNED
1185,1185,50.0,2025-05-25 18:53:50.038401,2025-05-25 18:53:55.988217,0 days 00:00:05.949816,AdamW,0.19619686138003142,,,0.00014107186473995926,,,,1,,,0.00034219249704222504,,PRUNED
1186,1186,37.5,2025-05-25 18:53:56.024099,2025-05-25 18:54:01.852783,0 days 00:00:05.828684,AdamW,0.4237399709905244,,,0.00011031712042025249,,,,2,,,0.00046812941466578653,,PRUNED
1187,1187,33.333333333333336,2025-05-25 18:54:01.892154,2025-05-25 18:54:07.349075,0 days 00:00:05.456921,AdamW,0.22370173689589115,,,5.595178457285335e-05,,,,6,,,0.0004086626143355157,,PRUNED
1188,1188,41.666666666666664,2025-05-25 18:54:07.381747,2025-05-25 18:54:13.277882,0 days 00:00:05.896135,AdamW,0.2710056457457152,,,8.801495148673718e-05,,,,0,,,0.0005566633995105032,,PRUNED
1189,1189,33.333333333333336,2025-05-25 18:54:13.313352,2025-05-25 18:54:19.370978,0 days 00:00:06.057626,AdamW,0.2113776370265732,,,0.00018210780034806152,,,,1,,,0.003227741778353692,,PRUNED
1190,1190,35.416666666666664,2025-05-25 18:54:19.406655,2025-05-25 18:54:25.238617,0 days 00:00:05.831962,AdamW,0.23739649677698302,,,6.93463504527035e-05,,,,1,,,0.00046635331393620545,,PRUNED
1191,1191,33.333333333333336,2025-05-25 18:54:25.306780,2025-05-25 18:54:31.102223,0 days 00:00:05.795443,AdamW,0.1517942413441485,,,0.0001350923368042647,,,,2,,,0.000356475814024187,,PRUNED
1192,1192,31.25,2025-05-25 18:54:31.137231,2025-05-25 18:54:36.967736,0 days 00:00:05.830505,AdamW,0.3454013221797334,,,0.00016537773009238783,,,,0,,,0.00300470245008311,,PRUNED
1193,1193,33.333333333333336,2025-05-25 18:54:37.003698,2025-05-25 18:54:42.817963,0 days 00:00:05.814265,AdamW,0.2969755378499979,,,0.0005059346054428502,,,,1,,,0.000385686204991878,,PRUNED
1194,1194,41.666666666666664,2025-05-25 18:54:42.853633,2025-05-25 18:54:48.644963,0 days 00:00:05.791330,AdamW,0.19322690284377556,,,0.00010166321500290923,,,,2,,,0.004271994240599349,,PRUNED
1195,1195,33.333333333333336,2025-05-25 18:54:48.679860,2025-05-25 18:54:54.900196,0 days 00:00:06.220336,AdamW,0.2835471442031628,,,0.00012094635219681233,,,,1,,,0.0005259267982483807,,PRUNED
1196,1196,,2025-05-25 18:54:54.944750,2025-05-25 18:55:03.881187,0 days 00:00:08.936437,SGD,0.25402496229339555,,,,0.008823274599436963,12.784017731573144,False,2,,,,0.026902652139320866,PRUNED
1197,1197,33.333333333333336,2025-05-25 18:55:03.933012,2025-05-25 18:55:11.994046,0 days 00:00:08.061034,AdamW,0.1629370730034317,,,0.0002789127468772689,,,,0,,,0.00028896728524817545,,PRUNED
1198,1198,50.0,2025-05-25 18:55:12.045866,2025-05-25 18:55:20.131447,0 days 00:00:08.085581,AdamW,0.2053764970199637,,,8.485008169054699e-05,,,,1,,,0.003508514885468094,,PRUNED
1199,1199,37.5,2025-05-25 18:55:20.169811,2025-05-25 18:55:27.358218,0 days 00:00:07.188407,AdamW,0.18296752483702983,,,0.0002087923411252403,,,,2,,,0.0027094144859220177,,PRUNED
1200,1200,33.333333333333336,2025-05-25 18:55:27.397163,2025-05-25 18:55:34.594513,0 days 00:00:07.197350,AdamW,0.3851714722054731,,,0.0001503433779620106,,,,0,,,0.0004447725699575964,,PRUNED
1201,1201,33.333333333333336,2025-05-25 18:55:34.632000,2025-05-25 18:55:41.743343,0 days 00:00:07.111343,AdamW,0.22974888544824237,,,0.09839584267823795,,,,1,,,0.0029016354949993727,,PRUNED
1202,1202,33.333333333333336,2025-05-25 18:55:41.790922,2025-05-25 18:55:49.096513,0 days 00:00:07.305591,Adam,0.4438581303615847,,0.05348827070932387,,,,,1,,0.5237271755502353,,,PRUNED
1203,1203,33.333333333333336,2025-05-25 18:55:49.133461,2025-05-25 18:55:59.108099,0 days 00:00:09.974638,AdamW,0.22151939137601676,,,0.00010332491799098953,,,,2,,,0.003657279567936121,,PRUNED
1204,1204,47.916666666666664,2025-05-25 18:55:59.158991,2025-05-25 18:56:12.698598,0 days 00:00:13.539607,AdamW,0.20125829248290295,,,7.192549440257823e-05,,,,2,,,0.00042931601429914244,,PRUNED
1205,1205,31.25,2025-05-25 18:56:12.747255,2025-05-25 18:56:26.268635,0 days 00:00:13.521380,Adadelta,0.24231586210340894,0.010203135079454924,,,,,,0,0.3445103473184528,,,,PRUNED
1206,1206,33.333333333333336,2025-05-25 18:56:26.317774,2025-05-25 18:56:39.702423,0 days 00:00:13.384649,AdamW,0.26432672874849233,,,0.00012400861037325495,,,,1,,,0.0006228953127465684,,PRUNED
1207,1207,33.333333333333336,2025-05-25 18:56:39.751787,2025-05-25 18:56:53.031635,0 days 00:00:13.279848,AdamW,0.19059815218251736,,,0.0003325070314051149,,,,1,,,0.0005057235769756435,,PRUNED
1208,1208,33.333333333333336,2025-05-25 18:56:53.083533,2025-05-25 18:57:06.478564,0 days 00:00:13.395031,AdamW,0.16960630018409045,,,0.0001484730584910867,,,,0,,,0.0025574973756940594,,PRUNED
1209,1209,39.583333333333336,2025-05-25 18:57:06.530388,2025-05-25 18:57:19.851704,0 days 00:00:13.321316,AdamW,0.21657661025527686,,,9.22530999113134e-05,,,,2,,,0.0003564674526337207,,PRUNED
1210,1210,33.333333333333336,2025-05-25 18:57:19.901929,2025-05-25 18:57:33.972706,0 days 00:00:14.070777,AdamW,0.2482627160728639,,,0.00043185589788607704,,,,1,,,0.0005441801568296731,,PRUNED
1211,1211,33.333333333333336,2025-05-25 18:57:34.029497,2025-05-25 18:57:46.633974,0 days 00:00:12.604477,AdamW,0.174317374011306,,,0.00023669809284250588,,,,1,,,0.00031919832569008566,,PRUNED
1212,1212,33.333333333333336,2025-05-25 18:57:46.684211,2025-05-25 18:57:55.935871,0 days 00:00:09.251660,AdamW,0.22828590108575197,,,0.00018660820041492337,,,,4,,,0.0032238545335710684,,PRUNED
1213,1213,35.416666666666664,2025-05-25 18:57:55.970204,2025-05-25 18:58:01.830996,0 days 00:00:05.860792,AdamW,0.15601741609689262,,,0.00011671934655376358,,,,1,,,0.0004796942399452239,,PRUNED
1214,1214,54.166666666666664,2025-05-25 18:58:01.867134,2025-05-25 18:58:08.940197,0 days 00:00:07.073063,AdamW,0.3064093126847524,,,5.1999633647484724e-05,,,,2,,,0.0003923942679890152,,PRUNED
1215,1215,33.333333333333336,2025-05-25 18:58:08.975169,2025-05-25 18:58:14.793511,0 days 00:00:05.818342,AdamW,0.403107607615678,,,8.229575150639852e-05,,,,0,,,0.0009028948491927472,,PRUNED
1216,1216,33.333333333333336,2025-05-25 18:58:14.828427,2025-05-25 18:58:20.693340,0 days 00:00:05.864913,AdamW,0.33176041272106144,,,0.0001676657790674451,,,,2,,,0.0027216728521301517,,PRUNED
1217,1217,33.333333333333336,2025-05-25 18:58:20.728963,2025-05-25 18:58:26.550917,0 days 00:00:05.821954,AdamW,0.19953447165645027,,,0.00013186498806613033,,,,1,,,0.002400875668379709,,PRUNED
1218,1218,33.333333333333336,2025-05-25 18:58:26.586709,2025-05-25 18:58:34.400064,0 days 00:00:07.813355,AdamW,0.2881975604705873,,,0.00010393837000847672,,,,1,,,0.0005748645578209512,,PRUNED
1219,1219,37.5,2025-05-25 18:58:34.440558,2025-05-25 18:58:44.744482,0 days 00:00:10.303924,AdamW,0.2109767711940183,,,6.568844814943988e-05,,,,0,,,0.0006919137132902264,,PRUNED
1220,1220,,2025-05-25 18:58:44.799212,2025-05-25 18:58:55.415757,0 days 00:00:10.616545,SGD,0.18447166101234308,,,,4.957870068450219e-05,61.83555493021935,True,1,,,,0.182704223782991,PRUNED
1221,1221,35.416666666666664,2025-05-25 18:58:55.463782,2025-05-25 18:59:03.561179,0 days 00:00:08.097397,AdamW,0.23527482751970666,,,0.00020401674651188785,,,,2,,,0.0030088693834786563,,PRUNED
1222,1222,33.333333333333336,2025-05-25 18:59:03.596626,2025-05-25 18:59:09.449674,0 days 00:00:05.853048,AdamW,0.2562553775710221,,,0.00014852199363758149,,,,1,,,0.00043442110056818236,,PRUNED
1223,1223,58.333333333333336,2025-05-25 18:59:09.485896,2025-05-25 18:59:17.778799,0 days 00:00:08.292903,AdamW,0.19696209198503994,,,8.663473957543473e-05,,,,2,,,0.0023165957605132607,,PRUNED
1224,1224,39.583333333333336,2025-05-25 18:59:17.814513,2025-05-25 18:59:23.669717,0 days 00:00:05.855204,AdamW,0.21514118695301676,,,0.00011313559914863051,,,,0,,,0.003854917140831433,,PRUNED
1225,1225,33.333333333333336,2025-05-25 18:59:23.705211,2025-05-25 18:59:29.514322,0 days 00:00:05.809111,AdamW,0.3660017150309522,,,0.00027549029874546406,,,,1,,,0.0026870022382111387,,PRUNED
1226,1226,47.916666666666664,2025-05-25 18:59:29.550109,2025-05-25 18:59:35.296984,0 days 00:00:05.746875,AdamW,0.1469748996113265,,,0.00012919195421919283,,,,4,,,0.0004173126891858425,,PRUNED
1227,1227,35.416666666666664,2025-05-25 18:59:35.331999,2025-05-25 18:59:41.112864,0 days 00:00:05.780865,AdamW,0.17781554224506435,,,0.00016710303012819848,,,,2,,,0.0004918480284629404,,PRUNED
1228,1228,33.333333333333336,2025-05-25 18:59:41.147732,2025-05-25 18:59:46.959267,0 days 00:00:05.811535,Adadelta,0.07225294681610336,0.29656888869792664,,,,,,1,0.15040150926175805,,,,PRUNED
1229,1229,33.333333333333336,2025-05-25 18:59:46.993747,2025-05-25 18:59:52.949335,0 days 00:00:05.955588,AdamW,0.1659664241875996,,,9.786262316192064e-05,,,,1,,,0.0011784557676588852,,PRUNED
1230,1230,35.416666666666664,2025-05-25 18:59:52.984878,2025-05-25 18:59:58.789623,0 days 00:00:05.804745,Adam,0.2723234427663336,,0.0008622715227096819,,,,,0,,23.28139546510181,,,PRUNED
1231,1231,50.0,2025-05-25 18:59:58.825577,2025-05-25 19:00:04.761809,0 days 00:00:05.936232,AdamW,0.2387443108271872,,,6.819467106472013e-05,,,,2,,,0.00034797266434388854,,PRUNED
1232,1232,33.333333333333336,2025-05-25 19:00:04.797901,2025-05-25 19:00:10.616552,0 days 00:00:05.818651,AdamW,0.029590910130777984,,,0.00021024809322021931,,,,1,,,0.00038361905601537314,,PRUNED
1233,1233,33.333333333333336,2025-05-25 19:00:10.652600,2025-05-25 19:00:16.486613,0 days 00:00:05.834013,AdamW,0.22525846392568147,,,0.00013988086884760462,,,,0,,,0.002200870919862388,,PRUNED
1234,1234,39.583333333333336,2025-05-25 19:00:16.522285,2025-05-25 19:00:22.372890,0 days 00:00:05.850605,AdamW,0.18898363646213326,,,8.326642820907051e-05,,,,2,,,0.002537796325507543,,PRUNED
1235,1235,33.333333333333336,2025-05-25 19:00:22.408110,2025-05-25 19:00:28.387811,0 days 00:00:05.979701,AdamW,0.2045522408260023,,,0.0001113951893927666,,,,1,,,0.003084936689768564,,PRUNED
1236,1236,33.333333333333336,2025-05-25 19:00:28.424123,2025-05-25 19:00:34.210086,0 days 00:00:05.785963,AdamW,0.2154450774959253,,,0.001273966786701715,,,,2,,,0.002411597265259528,,PRUNED
1237,1237,35.416666666666664,2025-05-25 19:00:34.245082,2025-05-25 19:00:40.345840,0 days 00:00:06.100758,AdamW,0.24920796353760888,,,0.00016777372639721668,,,,1,,,0.000546355000046475,,PRUNED
1238,1238,39.583333333333336,2025-05-25 19:00:40.381963,2025-05-25 19:00:46.295816,0 days 00:00:05.913853,AdamW,0.4192183082614801,,,0.0002401975719278764,,,,0,,,0.0033746000842980253,,PRUNED
1239,1239,39.583333333333336,2025-05-25 19:00:46.333452,2025-05-25 19:00:52.188870,0 days 00:00:05.855418,AdamW,0.18034481618775722,,,9.895926365779748e-05,,,,1,,,0.00031184769841222836,,PRUNED
1240,1240,39.583333333333336,2025-05-25 19:00:52.223758,2025-05-25 19:00:58.021975,0 days 00:00:05.798217,AdamW,0.19287582788015623,,,0.00013197616693939114,,,,2,,,0.0028329660156091565,,PRUNED
1241,1241,33.333333333333336,2025-05-25 19:00:58.057387,2025-05-25 19:01:04.031915,0 days 00:00:05.974528,AdamW,0.15908165047357367,,,0.040129467206024054,,,,1,,,0.0021806461250942523,,PRUNED
1242,1242,47.916666666666664,2025-05-25 19:01:04.067871,2025-05-25 19:01:12.099918,0 days 00:00:08.032047,AdamW,0.26626404638335166,,,7.867527394902654e-05,,,,4,,,0.00045935990036648764,,PRUNED
1243,1243,33.333333333333336,2025-05-25 19:01:12.190062,2025-05-25 19:01:22.475346,0 days 00:00:10.285284,AdamW,0.22573557837986952,,,0.0003119238941288392,,,,0,,,0.0006164363281913777,,PRUNED
1244,1244,35.416666666666664,2025-05-25 19:01:22.510581,2025-05-25 19:01:28.415286,0 days 00:00:05.904705,AdamW,0.24158162180215179,,,0.0001869251065073087,,,,8,,,0.004423293504519684,,PRUNED
1245,1245,,2025-05-25 19:01:28.466413,2025-05-25 19:01:46.524814,0 days 00:00:18.058401,SGD,0.2575259689220304,,,,0.0001147294155341383,73.65646003601228,False,6,,,,0.047315086483895215,PRUNED
1246,1246,37.5,2025-05-25 19:01:46.574685,2025-05-25 19:01:53.484704,0 days 00:00:06.910019,AdamW,0.43387266837351174,,,6.0099631824210865e-05,,,,2,,,0.00040606307032241707,,PRUNED
1247,1247,33.333333333333336,2025-05-25 19:01:53.519186,2025-05-25 19:02:00.344058,0 days 00:00:06.824872,AdamW,0.2047433956287716,,,0.058844030620251266,,,,0,,,0.0024771141388105853,,PRUNED
1248,1248,35.416666666666664,2025-05-25 19:02:00.379504,2025-05-25 19:02:06.159106,0 days 00:00:05.779602,AdamW,0.3762598759238357,,,0.00011615786756282688,,,,2,,,0.00036195571563166446,,PRUNED
1249,1249,41.666666666666664,2025-05-25 19:02:06.194129,2025-05-25 19:02:12.001382,0 days 00:00:05.807253,AdamW,0.2795823739822905,,,0.00014976137795440282,,,,1,,,0.0004988397485210034,,PRUNED
1250,1250,33.333333333333336,2025-05-25 19:02:12.036929,2025-05-25 19:02:17.836091,0 days 00:00:05.799162,Adam,0.23460647971612605,,0.027957379298337724,,,,,1,,0.023111394821204233,,,PRUNED
1251,1251,33.333333333333336,2025-05-25 19:02:17.871139,2025-05-25 19:02:23.744848,0 days 00:00:05.873709,AdamW,0.35107024238402357,,,9.287500386480757e-05,,,,1,,,0.00269790110907859,,PRUNED
1252,1252,33.333333333333336,2025-05-25 19:02:23.779282,2025-05-25 19:02:29.745179,0 days 00:00:05.965897,AdamW,0.3254453818298889,,,0.000118651220436723,,,,1,,,0.0021151814582058078,,PRUNED
1253,1253,29.166666666666668,2025-05-25 19:02:29.780846,2025-05-25 19:02:35.599435,0 days 00:00:05.818589,Adadelta,0.17641102646297996,0.033299379424657535,,,,,,0,33.82285893603293,,,,PRUNED
1254,1254,43.75,2025-05-25 19:02:35.634161,2025-05-25 19:02:41.441223,0 days 00:00:05.807062,AdamW,0.19024922191740715,,,7.530102163571652e-05,,,,1,,,0.002964955597098934,,PRUNED
1255,1255,45.833333333333336,2025-05-25 19:02:41.476388,2025-05-25 19:02:47.282395,0 days 00:00:05.806007,AdamW,0.1658771012083222,,,0.0001743366289317957,,,,1,,,0.003653856776177967,,PRUNED
1256,1256,66.66666666666667,2025-05-25 19:02:47.317385,2025-05-25 19:02:55.592677,0 days 00:00:08.275292,AdamW,0.39244903210170706,,,0.000243842361242536,,,,2,,,0.0023057306239654923,,PRUNED
1257,1257,33.333333333333336,2025-05-25 19:02:55.627413,2025-05-25 19:03:01.406608,0 days 00:00:05.779195,AdamW,0.06144165818374621,,,9.900499427789273e-05,,,,2,,,0.00042945961007635666,,PRUNED
1258,1258,33.333333333333336,2025-05-25 19:03:01.441491,2025-05-25 19:03:07.253584,0 days 00:00:05.812093,AdamW,0.14307210308292845,,,0.00014070985724418242,,,,0,,,0.0005709518463806472,,PRUNED
1259,1259,39.583333333333336,2025-05-25 19:03:07.290071,2025-05-25 19:03:13.110077,0 days 00:00:05.820006,AdamW,0.2087205367830908,,,0.00020926604754568505,,,,1,,,0.00034004348862832763,,PRUNED
1260,1260,33.333333333333336,2025-05-25 19:03:13.146260,2025-05-25 19:03:19.030643,0 days 00:00:05.884383,AdamW,0.2462844765748236,,,0.00035985169723972473,,,,1,,,0.00047147747238919583,,PRUNED
1261,1261,39.583333333333336,2025-05-25 19:03:19.066087,2025-05-25 19:03:24.853525,0 days 00:00:05.787438,AdamW,0.04035620267771154,,,0.00012410506614674748,,,,2,,,0.0026520154233941797,,PRUNED
1262,1262,45.833333333333336,2025-05-25 19:03:24.888778,2025-05-25 19:03:30.863740,0 days 00:00:05.974962,AdamW,0.19906501514563246,,,8.891950645443912e-05,,,,1,,,0.0032100472203535958,,PRUNED
1263,1263,39.583333333333336,2025-05-25 19:03:30.899377,2025-05-25 19:03:38.298075,0 days 00:00:07.398698,AdamW,0.22505027900230495,,,4.691613287283064e-05,,,,4,,,0.002271543983069479,,PRUNED
1264,1264,52.083333333333336,2025-05-25 19:03:38.335450,2025-05-25 19:03:49.163129,0 days 00:00:10.827679,AdamW,0.2175441067210365,,,0.0001663803416606731,,,,0,,,0.0005279196958872553,,PRUNED
1265,1265,43.75,2025-05-25 19:03:49.212196,2025-05-25 19:04:00.170149,0 days 00:00:10.957953,AdamW,0.15574353204835703,,,6.411989549860704e-05,,,,2,,,0.002510940349682543,,PRUNED
1266,1266,35.416666666666664,2025-05-25 19:04:00.217182,2025-05-25 19:04:11.070987,0 days 00:00:10.853805,AdamW,0.29861991295786267,,,0.00010326626691998265,,,,1,,,0.0003974868421962118,,PRUNED
1267,1267,41.666666666666664,2025-05-25 19:04:11.119927,2025-05-25 19:04:22.111355,0 days 00:00:10.991428,AdamW,0.2611013596309494,,,7.543702525563525e-05,,,,0,,,0.0021196479228271113,,PRUNED
1268,1268,33.333333333333336,2025-05-25 19:04:22.160658,2025-05-25 19:04:32.983908,0 days 00:00:10.823250,SGD,0.183843271018846,,,,1.662580638125941e-05,5.951136658570022,True,1,,,,0.01014557123960193,PRUNED
1269,1269,37.5,2025-05-25 19:04:33.031777,2025-05-25 19:04:43.946106,0 days 00:00:10.914329,AdamW,0.16997945838019524,,,0.00013141598922224247,,,,2,,,0.0006712672178605419,,PRUNED
1270,1270,33.333333333333336,2025-05-25 19:04:43.991752,2025-05-25 19:04:54.914174,0 days 00:00:10.922422,AdamW,0.3109359944605743,,,0.00026334807542376023,,,,2,,,0.00028741470878055773,,PRUNED
1271,1271,39.583333333333336,2025-05-25 19:04:54.962910,2025-05-25 19:05:06.106674,0 days 00:00:11.143764,AdamW,0.23097292503324332,,,0.00018657363506170487,,,,1,,,0.00282680207342652,,PRUNED
1272,1272,41.666666666666664,2025-05-25 19:05:06.156904,2025-05-25 19:05:22.630379,0 days 00:00:16.473475,AdamW,0.40918778737985917,,,0.00011016128850711752,,,,0,,,0.0003775382061258577,,PRUNED
1273,1273,33.333333333333336,2025-05-25 19:05:22.685050,2025-05-25 19:05:39.148037,0 days 00:00:16.462987,AdamW,0.28803061723168955,,,0.0001440183066744196,,,,1,,,0.0019224651761430476,,PRUNED
1274,1274,31.25,2025-05-25 19:05:39.201751,2025-05-25 19:05:57.222777,0 days 00:00:18.021026,Adam,0.2469950282878505,,1.4378007066303077e-05,,,,,2,,4.59034626879338,,,PRUNED
1275,1275,41.666666666666664,2025-05-25 19:05:57.280977,2025-05-25 19:06:16.513863,0 days 00:00:19.232886,AdamW,0.19689015986275818,,,8.693969990630231e-05,,,,0,,,0.0004846895650115686,,PRUNED
1276,1276,33.333333333333336,2025-05-25 19:06:16.571860,2025-05-25 19:06:35.934135,0 days 00:00:19.362275,AdamW,0.20752285152817998,,,0.000209713689101845,,,,1,,,0.00043511570158094603,,PRUNED
1277,1277,33.333333333333336,2025-05-25 19:06:35.992100,2025-05-25 19:06:55.062272,0 days 00:00:19.070172,Adadelta,0.21614195633344566,0.12921740531004047,,,,,,1,51.70638114066609,,,,PRUNED
1278,1278,47.916666666666664,2025-05-25 19:06:55.119777,2025-05-25 19:07:14.241857,0 days 00:00:19.122080,AdamW,0.27369677249586133,,,0.00015677856862234785,,,,2,,,0.003368748459141668,,PRUNED
1279,1279,39.583333333333336,2025-05-25 19:07:14.299557,2025-05-25 19:07:33.589069,0 days 00:00:19.289512,AdamW,0.17681085112270536,,,0.00011663387404124672,,,,4,,,0.00246414758106325,,PRUNED
1280,1280,33.333333333333336,2025-05-25 19:07:33.691388,2025-05-25 19:07:53.083369,0 days 00:00:19.391981,AdamW,0.23767740549529603,,,0.00041290460768040645,,,,2,,,0.0029027089931134417,,PRUNED
1281,1281,31.25,2025-05-25 19:07:53.142210,2025-05-25 19:08:11.714375,0 days 00:00:18.572165,AdamW,0.18774900001257747,,,5.846327694243453e-05,,,,7,,,0.00012008393761141956,,PRUNED
1282,1282,33.333333333333336,2025-05-25 19:08:11.766404,2025-05-25 19:08:24.245102,0 days 00:00:12.478698,AdamW,0.15050608240211052,,,9.168891245134482e-05,,,,1,,,0.003942906207684703,,PRUNED
1283,1283,33.333333333333336,2025-05-25 19:08:24.295108,2025-05-25 19:08:35.467478,0 days 00:00:11.172370,AdamW,0.07492188216439247,,,0.00030122332402349015,,,,0,,,0.0022358800019763383,,PRUNED
1284,1284,25.0,2025-05-25 19:08:35.520588,2025-05-25 19:08:46.486246,0 days 00:00:10.965658,AdamW,0.2548836538646141,,,7.329212637580769e-05,,,,1,,,0.0005430181255322491,,PRUNED
1285,1285,33.333333333333336,2025-05-25 19:08:46.532821,2025-05-25 19:08:57.384195,0 days 00:00:10.851374,AdamW,0.2014668357555643,,,0.0001348890624808532,,,,1,,,0.002068617347332496,,PRUNED
1286,1286,33.333333333333336,2025-05-25 19:08:57.433772,2025-05-25 19:09:09.178046,0 days 00:00:11.744274,AdamW,0.1624396136642751,,,0.0001709740570840422,,,,2,,,0.0006186982775403002,,PRUNED
1287,1287,54.166666666666664,2025-05-25 19:09:09.226475,2025-05-25 19:09:20.930157,0 days 00:00:11.703682,AdamW,0.22354524073269483,,,0.00010374439320404922,,,,0,,,0.005979581357532817,,PRUNED
1288,1288,33.333333333333336,2025-05-25 19:09:20.979669,2025-05-25 19:09:32.575804,0 days 00:00:11.596135,AdamW,0.19089627261154182,,,0.0002290180679816293,,,,1,,,0.00026049567254512784,,PRUNED
1289,1289,31.25,2025-05-25 19:09:32.624555,2025-05-25 19:09:44.216421,0 days 00:00:11.591866,AdamW,0.47325486108815557,,,0.00011874408230457619,,,,2,,,0.00031193047703578943,,PRUNED
1290,1290,33.333333333333336,2025-05-25 19:09:44.265118,2025-05-25 19:10:01.386637,0 days 00:00:17.121519,AdamW,0.4291205917146501,,,0.004522872630399551,,,,1,,,0.00260447962736557,,PRUNED
1291,1291,41.666666666666664,2025-05-25 19:10:01.443872,2025-05-25 19:10:20.371129,0 days 00:00:18.927257,AdamW,0.26265558447711673,,,0.00014996974575220848,,,,1,,,0.0003362979177024386,,PRUNED
1292,1292,,2025-05-25 19:10:20.429138,2025-05-25 19:10:38.731869,0 days 00:00:18.302731,SGD,0.21176395506090237,,,,0.015930744630387766,28.086858071193003,False,2,,,,14.421110805801288,PRUNED
1293,1293,31.25,2025-05-25 19:10:38.788067,2025-05-25 19:10:58.261200,0 days 00:00:19.473133,AdamW,0.23939750613027522,,,8.113944477904549e-05,,,,0,,,0.0003973859377013163,,PRUNED
1294,1294,45.833333333333336,2025-05-25 19:10:58.318868,2025-05-25 19:11:17.619759,0 days 00:00:19.300891,AdamW,0.17436971510455912,,,0.0001004764385329731,,,,0,,,0.0004487544565187856,,PRUNED
1295,1295,37.5,2025-05-25 19:11:17.678036,2025-05-25 19:11:37.109542,0 days 00:00:19.431506,AdamW,0.18225620861836467,,,0.00017565364273247727,,,,1,,,0.0023161470927510227,,PRUNED
1296,1296,41.666666666666664,2025-05-25 19:11:37.167333,2025-05-25 19:11:56.455562,0 days 00:00:19.288229,AdamW,0.1375884724780633,,,0.0001342236100546655,,,,2,,,0.0030779988468263813,,PRUNED
1297,1297,45.833333333333336,2025-05-25 19:11:56.513780,2025-05-25 19:12:15.760489,0 days 00:00:19.246709,AdamW,0.2503504407594054,,,7.004729240398819e-05,,,,3,,,0.000506171171402184,,PRUNED
1298,1298,35.416666666666664,2025-05-25 19:12:15.817125,2025-05-25 19:12:35.132247,0 days 00:00:19.315122,Adam,0.23408968173052278,,0.00020805418094820455,,,,,1,,0.7374780421084421,,,PRUNED
1299,1299,33.333333333333336,2025-05-25 19:12:35.190167,2025-05-25 19:12:51.591032,0 days 00:00:16.400865,AdamW,0.21845475686280866,,,0.000696986589241497,,,,4,,,0.0003599246871503718,,PRUNED
1300,1300,33.333333333333336,2025-05-25 19:12:51.639693,2025-05-25 19:13:02.566180,0 days 00:00:10.926487,AdamW,0.20076080460257326,,,0.00020538592975672494,,,,3,,,0.0017853457616666163,,PRUNED
1301,1301,33.333333333333336,2025-05-25 19:13:02.611951,2025-05-25 19:13:13.561750,0 days 00:00:10.949799,Adadelta,0.4151970498520458,0.6478723795992651,,,,,,2,0.014967037274004504,,,,PRUNED
1302,1302,33.333333333333336,2025-05-25 19:13:13.610523,2025-05-25 19:13:25.045142,0 days 00:00:11.434619,AdamW,0.16904595542505568,,,0.00011298283867666335,,,,0,,,0.0026693488847137734,,PRUNED
1303,1303,39.583333333333336,2025-05-25 19:13:25.094907,2025-05-25 19:13:36.158388,0 days 00:00:11.063481,AdamW,0.27933673832108985,,,0.00025570264074144234,,,,1,,,0.003529553796457475,,PRUNED
1304,1304,37.5,2025-05-25 19:13:36.210952,2025-05-25 19:13:47.341057,0 days 00:00:11.130105,AdamW,0.23113578666907594,,,9.114956926588847e-05,,,,1,,,0.002000331771538212,,PRUNED
1305,1305,33.333333333333336,2025-05-25 19:13:47.390288,2025-05-25 19:13:58.307501,0 days 00:00:10.917213,AdamW,0.2066699955884255,,,0.006729836877015924,,,,3,,,0.0004165516796738351,,PRUNED
1306,1306,33.333333333333336,2025-05-25 19:13:58.357526,2025-05-25 19:14:09.343987,0 days 00:00:10.986461,AdamW,0.19299643046493714,,,0.00014035548407149341,,,,2,,,0.002362574977891518,,PRUNED
1307,1307,33.333333333333336,2025-05-25 19:14:09.393015,2025-05-25 19:14:20.401165,0 days 00:00:11.008150,AdamW,0.2465861360234654,,,0.0001642069946311105,,,,1,,,0.000468384295434134,,PRUNED
1308,1308,37.5,2025-05-25 19:14:20.450225,2025-05-25 19:14:33.123081,0 days 00:00:12.672856,AdamW,0.44148801360274986,,,5.610227634944448e-05,,,,0,,,0.0005665645062464636,,PRUNED
1309,1309,33.333333333333336,2025-05-25 19:14:33.180895,2025-05-25 19:14:52.010206,0 days 00:00:18.829311,AdamW,0.15187177650302613,,,0.0010026750014901094,,,,2,,,0.0028969618967163726,,PRUNED
1310,1310,45.833333333333336,2025-05-25 19:14:52.067687,2025-05-25 19:15:08.011792,0 days 00:00:15.944105,AdamW,0.1834567892962606,,,0.00011939427491405586,,,,4,,,0.0025312425493533167,,PRUNED
1311,1311,33.333333333333336,2025-05-25 19:15:08.067906,2025-05-25 19:15:27.520705,0 days 00:00:19.452799,AdamW,0.26495604302221637,,,0.0003305112501321958,,,,1,,,0.0007426500278027205,,PRUNED
1312,1312,43.75,2025-05-25 19:15:27.579105,2025-05-25 19:15:47.480439,0 days 00:00:19.901334,AdamW,0.22064799861586853,,,8.097414628011933e-05,,,,0,,,0.0003763381524351333,,PRUNED
1313,1313,33.333333333333336,2025-05-25 19:15:47.538358,2025-05-25 19:16:07.062638,0 days 00:00:19.524280,AdamW,0.16131177360926952,,,0.00019249841743769982,,,,3,,,0.0021842738862023047,,PRUNED
1314,1314,33.333333333333336,2025-05-25 19:16:07.119964,2025-05-25 19:16:26.818511,0 days 00:00:19.698547,AdamW,0.049290576045523525,,,0.00010599386384353711,,,,1,,,0.0018571286497746033,,PRUNED
1315,1315,45.833333333333336,2025-05-25 19:16:26.876780,2025-05-25 19:16:46.372829,0 days 00:00:19.496049,AdamW,0.4012644753424211,,,0.00014531574607014428,,,,2,,,0.0032596372436270848,,PRUNED
1316,1316,33.333333333333336,2025-05-25 19:16:46.430494,2025-05-25 19:17:05.961165,0 days 00:00:19.530671,AdamW,0.4566518530249235,,,8.892223908181065e-05,,,,1,,,0.004982612484568824,,PRUNED
1317,1317,33.333333333333336,2025-05-25 19:17:06.019000,2025-05-25 19:17:25.559248,0 days 00:00:19.540248,AdamW,0.06471333178520809,,,6.611969843765356e-05,,,,3,,,0.0005042620397300183,,PRUNED
1318,1318,33.333333333333336,2025-05-25 19:17:25.616688,2025-05-25 19:17:45.236509,0 days 00:00:19.619821,AdamW,0.3175361090039553,,,0.000221795979590524,,,,1,,,0.0010320661032790662,,PRUNED
1319,1319,33.333333333333336,2025-05-25 19:17:45.296207,2025-05-25 19:18:04.931317,0 days 00:00:19.635110,AdamW,0.21161673971482203,,,0.00012129980531334499,,,,0,,,0.0027633229511425973,,PRUNED
1320,1320,,2025-05-25 19:18:04.989264,2025-05-25 19:18:23.161132,0 days 00:00:18.171868,SGD,0.19515748091786186,,,,0.00021752134829473955,78.02117890908045,True,2,,,,0.07910067050707692,PRUNED
1321,1321,45.833333333333336,2025-05-25 19:18:23.219772,2025-05-25 19:18:42.701222,0 days 00:00:19.481450,AdamW,0.22983442882253446,,,0.00016962253988095876,,,,2,,,0.00045185248143199316,,PRUNED
1322,1322,39.583333333333336,2025-05-25 19:18:42.758781,2025-05-25 19:19:01.784577,0 days 00:00:19.025796,AdamW,0.2528892888650684,,,0.00010226969139582489,,,,6,,,0.0024619695151364496,,PRUNED
1323,1323,50.0,2025-05-25 19:19:01.838942,2025-05-25 19:19:21.436932,0 days 00:00:19.597990,Adam,0.3387096434787323,,0.00013380527682142822,,,,,1,,0.07268551155638624,,,PRUNED
1324,1324,33.333333333333336,2025-05-25 19:19:21.495383,2025-05-25 19:19:41.038542,0 days 00:00:19.543159,AdamW,0.08288138755537025,,,0.00013602730727223672,,,,1,,,0.0005923386870141988,,PRUNED
1325,1325,35.416666666666664,2025-05-25 19:19:41.096795,2025-05-25 19:20:00.915755,0 days 00:00:19.818960,Adadelta,0.1740660463494963,0.06477480187201883,,,,,,0,11.188898409865194,,,,PRUNED
1326,1326,33.333333333333336,2025-05-25 19:20:00.973117,2025-05-25 19:20:21.100442,0 days 00:00:20.127325,AdamW,0.30160524178469034,,,7.626400376047322e-05,,,,2,,,0.002025684866306933,,PRUNED
1327,1327,31.25,2025-05-25 19:20:21.158722,2025-05-25 19:20:40.761044,0 days 00:00:19.602322,AdamW,0.24092847605202639,,,0.0002870357078208301,,,,1,,,0.00042787614651537085,,PRUNED
1328,1328,37.5,2025-05-25 19:20:40.819448,2025-05-25 19:21:00.596999,0 days 00:00:19.777551,AdamW,0.20501174606930103,,,9.767675024601544e-05,,,,1,,,0.00227310870773341,,PRUNED
1329,1329,33.333333333333336,2025-05-25 19:21:00.655474,2025-05-25 19:21:20.193683,0 days 00:00:19.538209,AdamW,0.2186784309204793,,,0.0001878449213636587,,,,3,,,0.0036767380197538202,,PRUNED
1330,1330,33.333333333333336,2025-05-25 19:21:20.251791,2025-05-25 19:21:39.824950,0 days 00:00:19.573159,AdamW,0.27225477015626787,,,0.00012485372442045683,,,,1,,,0.0003283708479233686,,PRUNED
1331,1331,39.583333333333336,2025-05-25 19:21:39.884038,2025-05-25 19:21:59.567987,0 days 00:00:19.683949,AdamW,0.18685584231161012,,,0.0002493037874938842,,,,0,,,0.00038359832497415335,,PRUNED
1332,1332,33.333333333333336,2025-05-25 19:21:59.628082,2025-05-25 19:22:19.420354,0 days 00:00:19.792272,AdamW,0.14486081300409867,,,0.00015954456631427238,,,,3,,,0.0030232469268346818,,PRUNED
1333,1333,27.083333333333332,2025-05-25 19:22:19.478636,2025-05-25 19:22:38.987074,0 days 00:00:19.508438,AdamW,0.0014717275030401988,,,4.933876103992886e-05,,,,2,,,0.0013848981354319804,,PRUNED
1334,1334,52.083333333333336,2025-05-25 19:22:39.052450,2025-05-25 19:22:58.711719,0 days 00:00:19.659269,AdamW,0.28898214129606287,,,0.00010828179875433512,,,,0,,,0.0005300695610343349,,PRUNED
1335,1335,35.416666666666664,2025-05-25 19:22:58.771206,2025-05-25 19:23:18.273966,0 days 00:00:19.502760,AdamW,0.16678265241001775,,,8.395073543357292e-05,,,,2,,,0.004121560736079337,,PRUNED
1336,1336,33.333333333333336,2025-05-25 19:23:18.333144,2025-05-25 19:23:37.940790,0 days 00:00:19.607646,AdamW,0.199044110558992,,,0.00014651642467273103,,,,1,,,0.0004704197829813952,,PRUNED
1337,1337,33.333333333333336,2025-05-25 19:23:37.999236,2025-05-25 19:23:57.612435,0 days 00:00:19.613199,AdamW,0.3615419586704763,,,0.0005043771851222867,,,,1,,,0.001642522745000518,,PRUNED
1338,1338,52.083333333333336,2025-05-25 19:23:57.671388,2025-05-25 19:24:19.526074,0 days 00:00:21.854686,AdamW,0.2563194996852309,,,0.00019272442580059145,,,,2,,,0.0026388056212802817,,PRUNED
1339,1339,35.416666666666664,2025-05-25 19:24:19.585086,2025-05-25 19:24:39.179195,0 days 00:00:19.594109,AdamW,0.23833185848050736,,,6.498595327567255e-05,,,,0,,,0.0008194168256207946,,PRUNED
1340,1340,,2025-05-25 19:24:39.237903,2025-05-25 19:24:58.198478,0 days 00:00:18.960575,SGD,0.22479228950274005,,,,2.6194672391251395e-05,36.093262717226224,False,3,,,,0.01594937252935151,PRUNED
1341,1341,39.583333333333336,2025-05-25 19:24:58.255190,2025-05-25 19:25:17.833883,0 days 00:00:19.578693,AdamW,0.17710014946963343,,,0.00012234736385466756,,,,1,,,0.0021067360248617495,,PRUNED
1342,1342,41.666666666666664,2025-05-25 19:25:17.892702,2025-05-25 19:25:37.569089,0 days 00:00:19.676387,AdamW,0.19158727441981557,,,9.592862973620075e-05,,,,4,,,0.0023436702959823913,,PRUNED
1343,1343,33.333333333333336,2025-05-25 19:25:37.626768,2025-05-25 19:25:57.268442,0 days 00:00:19.641674,AdamW,0.1585567183415933,,,0.00021494551390475105,,,,1,,,0.00041984506405049913,,PRUNED
1344,1344,43.75,2025-05-25 19:25:57.327356,2025-05-25 19:26:16.861846,0 days 00:00:19.534490,AdamW,0.4248913951168958,,,0.00015490756192844407,,,,2,,,0.0006552000009870133,,PRUNED
1345,1345,37.5,2025-05-25 19:26:16.920081,2025-05-25 19:26:36.561327,0 days 00:00:19.641246,AdamW,0.21634950983161136,,,7.564408909000002e-05,,,,1,,,0.003280121585296549,,PRUNED
1346,1346,33.333333333333336,2025-05-25 19:26:36.620706,2025-05-25 19:26:56.845008,0 days 00:00:20.224302,AdamW,0.24543349851650684,,,0.00011252955146538522,,,,2,,,0.0002976448410150806,,PRUNED
1347,1347,33.333333333333336,2025-05-25 19:26:56.903050,2025-05-25 19:27:16.466802,0 days 00:00:19.563752,Adam,0.20862140645334684,,0.005785005488213521,,,,,0,,1.0970942217418473,,,PRUNED
1348,1348,50.0,2025-05-25 19:27:16.525447,2025-05-25 19:27:36.228653,0 days 00:00:19.703206,AdamW,0.38006313537930636,,,9.258882506724575e-05,,,,3,,,0.00035230462514660517,,PRUNED
1349,1349,33.333333333333336,2025-05-25 19:27:36.287328,2025-05-25 19:27:55.992180,0 days 00:00:19.704852,Adadelta,0.13085899053061364,16.03206525161732,,,,,,1,4.693671742648835,,,,PRUNED
1350,1350,33.333333333333336,2025-05-25 19:27:56.050261,2025-05-25 19:28:15.723690,0 days 00:00:19.673429,AdamW,0.23120011086083161,,,0.00037494066023349476,,,,0,,,0.009779473788125234,,PRUNED
1351,1351,35.416666666666664,2025-05-25 19:28:15.794330,2025-05-25 19:28:35.385257,0 days 00:00:19.590927,AdamW,0.26392654129915016,,,0.00013749837011168937,,,,2,,,0.00250920647058694,,PRUNED
1352,1352,33.333333333333336,2025-05-25 19:28:35.443583,2025-05-25 19:28:55.341484,0 days 00:00:19.897901,AdamW,0.1830565965024295,,,0.00016212411222698506,,,,1,,,0.0021482729293691716,,PRUNED
1353,1353,33.333333333333336,2025-05-25 19:28:55.401267,2025-05-25 19:29:15.050031,0 days 00:00:19.648764,AdamW,0.2018385636150343,,,5.941131707672123e-05,,,,1,,,0.0018699260793630056,,PRUNED
1354,1354,72.91666666666667,2025-05-25 19:29:15.109522,2025-05-25 19:29:46.315489,0 days 00:00:31.205967,AdamW,0.48433075410885673,,,0.0002578990601754676,,,,2,,,0.0029274545543919715,,COMPLETE
1355,1355,33.333333333333336,2025-05-25 19:29:46.383441,2025-05-25 19:30:06.069368,0 days 00:00:19.685927,AdamW,0.4785034159909017,,,0.0003246167053270202,,,,2,,,0.003064267691171807,,PRUNED
1356,1356,33.333333333333336,2025-05-25 19:30:06.127742,2025-05-25 19:30:25.989512,0 days 00:00:19.861770,AdamW,0.49139064221620066,,,0.0004333807664568294,,,,2,,,0.003390976548303293,,PRUNED
1357,1357,33.333333333333336,2025-05-25 19:30:26.049280,2025-05-25 19:30:45.644446,0 days 00:00:19.595166,AdamW,0.4834732256306335,,,0.00028777520535016324,,,,2,,,0.003098222813148141,,PRUNED
1358,1358,33.333333333333336,2025-05-25 19:30:45.704756,2025-05-25 19:31:05.275136,0 days 00:00:19.570380,AdamW,0.47197666820438744,,,0.00033242653884246157,,,,2,,,0.002952832985622771,,PRUNED
1359,1359,33.333333333333336,2025-05-25 19:31:05.333453,2025-05-25 19:31:24.992279,0 days 00:00:19.658826,AdamW,0.4660991767558328,,,0.0002446512746775561,,,,2,,,0.003625141423896282,,PRUNED
1360,1360,50.0,2025-05-25 19:31:25.051290,2025-05-25 19:31:44.633249,0 days 00:00:19.581959,AdamW,0.4980166007621402,,,0.0002658195819352109,,,,2,,,0.002942191670084893,,PRUNED
1361,1361,43.75,2025-05-25 19:31:44.691263,2025-05-25 19:32:04.365010,0 days 00:00:19.673747,AdamW,0.47301274986801095,,,0.000304952462341961,,,,2,,,0.0027473157930350545,,PRUNED
1362,1362,33.333333333333336,2025-05-25 19:32:04.438113,2025-05-25 19:32:24.007749,0 days 00:00:19.569636,AdamW,0.44879401163360777,,,0.00037141695042350916,,,,2,,,0.0032202685170863114,,PRUNED
1363,1363,33.333333333333336,2025-05-25 19:32:24.264797,2025-05-25 19:32:43.828289,0 days 00:00:19.563492,AdamW,0.4626695378285201,,,0.0002645611504536669,,,,2,,,0.003686770953316375,,PRUNED
1364,1364,33.333333333333336,2025-05-25 19:32:43.886982,2025-05-25 19:33:03.546868,0 days 00:00:19.659886,AdamW,0.3728626245585414,,,0.00022768406858379234,,,,2,,,0.002891465992767144,,PRUNED
1365,1365,,2025-05-25 19:33:03.611964,2025-05-25 19:33:21.713281,0 days 00:00:18.101317,SGD,0.4631228463993163,,,,0.0038273198564297024,84.67544172242141,True,2,,,,3.7029237868030322,PRUNED
1366,1366,33.333333333333336,2025-05-25 19:33:21.769084,2025-05-25 19:33:41.398417,0 days 00:00:19.629333,AdamW,0.35414019500051486,,,0.0003078153035263388,,,,2,,,0.0033249839507564654,,PRUNED
1367,1367,33.333333333333336,2025-05-25 19:33:41.457454,2025-05-25 19:34:01.055757,0 days 00:00:19.598303,AdamW,0.4913711563382879,,,0.00023434419035897619,,,,2,,,0.002762932220940162,,PRUNED
1368,1368,33.333333333333336,2025-05-25 19:34:01.114863,2025-05-25 19:34:20.767412,0 days 00:00:19.652549,AdamW,0.36773973449191,,,0.00039589706928452834,,,,2,,,0.003416078874889611,,PRUNED
1369,1369,35.416666666666664,2025-05-25 19:34:20.825561,2025-05-25 19:34:40.381600,0 days 00:00:19.556039,AdamW,0.4593186568104814,,,0.00021289225055481383,,,,2,,,0.002762004857769679,,PRUNED
1370,1370,45.833333333333336,2025-05-25 19:34:40.440288,2025-05-25 19:35:00.117725,0 days 00:00:19.677437,AdamW,0.3457071409226563,,,7.36199870254268e-05,,,,2,,,0.0005032328007249491,,PRUNED
1371,1371,33.333333333333336,2025-05-25 19:35:00.181047,2025-05-25 19:35:19.912598,0 days 00:00:19.731551,AdamW,0.4923321826421427,,,0.0002731982526589626,,,,2,,,0.0003893615915769746,,PRUNED
1372,1372,33.333333333333336,2025-05-25 19:35:19.971730,2025-05-25 19:35:39.976635,0 days 00:00:20.004905,AdamW,0.31453367025208123,,,8.264748681845218e-05,,,,2,,,0.0004727605291331539,,PRUNED
1373,1373,33.333333333333336,2025-05-25 19:35:40.037467,2025-05-25 19:35:59.618337,0 days 00:00:19.580870,Adadelta,0.4693483326230746,9.560700150390863,,,,,,3,0.20114766955435462,,,,PRUNED
1374,1374,35.416666666666664,2025-05-25 19:35:59.676903,2025-05-25 19:36:19.414046,0 days 00:00:19.737143,AdamW,0.4509944510603419,,,0.00019513612090270172,,,,2,,,0.003090487624555927,,PRUNED
1375,1375,33.333333333333336,2025-05-25 19:36:19.472796,2025-05-25 19:36:39.086493,0 days 00:00:19.613697,AdamW,0.390538141786273,,,0.00046857880940484955,,,,3,,,0.0006000856631251232,,PRUNED
1376,1376,33.333333333333336,2025-05-25 19:36:39.145567,2025-05-25 19:36:58.806415,0 days 00:00:19.660848,Adam,0.48547318340626194,,0.009574950431833795,,,,,2,,44.71577877527247,,,PRUNED
1377,1377,33.333333333333336,2025-05-25 19:36:58.863662,2025-05-25 19:37:18.472676,0 days 00:00:19.609014,AdamW,0.4831281087895681,,,9.109889962968935e-05,,,,2,,,0.004250662623511161,,PRUNED
1378,1378,33.333333333333336,2025-05-25 19:37:18.531780,2025-05-25 19:37:38.183723,0 days 00:00:19.651943,AdamW,0.27446261395114113,,,6.734863021942541e-05,,,,2,,,0.002577640024820624,,PRUNED
1379,1379,33.333333333333336,2025-05-25 19:37:38.243230,2025-05-25 19:37:57.942197,0 days 00:00:19.698967,AdamW,0.38785925692922485,,,0.013288102011521486,,,,3,,,0.0004205951159592611,,PRUNED
1380,1380,41.666666666666664,2025-05-25 19:37:58.001625,2025-05-25 19:38:17.636726,0 days 00:00:19.635101,AdamW,0.4538903388923931,,,0.00010203869056036916,,,,2,,,0.0005583311900913409,,PRUNED
1381,1381,39.583333333333336,2025-05-25 19:38:17.696503,2025-05-25 19:38:37.183091,0 days 00:00:19.486588,AdamW,0.37763448655974186,,,0.00025754538580524845,,,,3,,,0.00034836981163083953,,PRUNED
1382,1382,45.833333333333336,2025-05-25 19:38:37.242747,2025-05-25 19:38:57.216493,0 days 00:00:19.973746,AdamW,0.49703717916056106,,,0.000340325458509027,,,,0,,,0.002759109917281192,,PRUNED
1383,1383,37.5,2025-05-25 19:38:57.276604,2025-05-25 19:39:16.993189,0 days 00:00:19.716585,AdamW,0.32876508326168113,,,0.00019461296952517706,,,,2,,,0.003125375169677646,,PRUNED
1384,1384,33.333333333333336,2025-05-25 19:39:17.052124,2025-05-25 19:39:36.749141,0 days 00:00:19.697017,AdamW,0.4423281575245102,,,0.00011492919433826997,,,,2,,,0.0004633107247972243,,PRUNED
1385,1385,37.5,2025-05-25 19:39:36.808742,2025-05-25 19:39:56.455026,0 days 00:00:19.646284,AdamW,0.28507782157256,,,5.2471651700987086e-05,,,,4,,,0.00037179078171121967,,PRUNED
1386,1386,35.416666666666664,2025-05-25 19:39:56.513981,2025-05-25 19:40:16.206025,0 days 00:00:19.692044,AdamW,0.25445644299161174,,,7.651370072957594e-05,,,,0,,,0.0037252206865481616,,PRUNED
1387,1387,33.333333333333336,2025-05-25 19:40:16.266129,2025-05-25 19:40:35.991424,0 days 00:00:19.725295,AdamW,0.3622339412625616,,,0.00022271988565114654,,,,3,,,0.0005410135712294722,,PRUNED
1388,1388,41.666666666666664,2025-05-25 19:40:36.050490,2025-05-25 19:40:55.704672,0 days 00:00:19.654182,AdamW,0.17102129991940132,,,9.426170451073043e-05,,,,2,,,0.002600060735898681,,PRUNED
1389,1389,45.833333333333336,2025-05-25 19:40:55.763593,2025-05-25 19:41:14.706893,0 days 00:00:18.943300,AdamW,0.35219789163535076,,,0.00017357504700273976,,,,6,,,0.003924925886318069,,PRUNED
1390,1390,,2025-05-25 19:41:14.760840,2025-05-25 19:41:32.717166,0 days 00:00:17.956326,SGD,0.19111605948424495,,,,0.030552255319497578,92.74541944181846,False,0,,,,66.49923705976852,PRUNED
1391,1391,35.416666666666664,2025-05-25 19:41:32.774733,2025-05-25 19:41:52.463470,0 days 00:00:19.688737,AdamW,0.33641284619271206,,,0.00012307655218934754,,,,2,,,0.00042858662615412275,,PRUNED
1392,1392,41.666666666666664,2025-05-25 19:41:52.522562,2025-05-25 19:42:12.041567,0 days 00:00:19.519005,AdamW,0.22706102859255317,,,0.00011097022698829118,,,,3,,,0.0029907093989626717,,PRUNED
1393,1393,33.333333333333336,2025-05-25 19:42:12.099567,2025-05-25 19:42:32.093175,0 days 00:00:19.993608,AdamW,0.3053515755602165,,,0.0005769167199635431,,,,2,,,0.007104056500588919,,PRUNED
1394,1394,43.75,2025-05-25 19:42:32.153246,2025-05-25 19:42:51.804507,0 days 00:00:19.651261,AdamW,0.15781627799236717,,,8.485107836748318e-05,,,,0,,,0.0004968986083200815,,PRUNED
1395,1395,33.333333333333336,2025-05-25 19:42:51.863865,2025-05-25 19:43:11.439747,0 days 00:00:19.575882,AdamW,0.47590074698859397,,,0.00013686587552882396,,,,3,,,0.0024204622707722167,,PRUNED
1396,1396,35.416666666666664,2025-05-25 19:43:11.498379,2025-05-25 19:43:31.137146,0 days 00:00:19.638767,Adam,0.2108700013874345,,0.0012706314248368575,,,,,2,,9.502965148334754,,,PRUNED
1397,1397,39.583333333333336,2025-05-25 19:43:31.196573,2025-05-25 19:43:50.846967,0 days 00:00:19.650394,AdamW,0.24524466341510157,,,6.453218187721518e-05,,,,0,,,0.003369835239223321,,PRUNED
1398,1398,33.333333333333336,2025-05-25 19:43:50.907775,2025-05-25 19:44:10.569577,0 days 00:00:19.661802,Adadelta,0.19788062436397438,31.97079385910149,,,,,,2,0.7217539473024351,,,,PRUNED
1399,1399,33.333333333333336,2025-05-25 19:44:10.627490,2025-05-25 19:44:30.296421,0 days 00:00:19.668931,AdamW,0.18204680688805255,,,0.00027886335169592506,,,,2,,,0.0003266556264348151,,PRUNED
1400,1400,45.833333333333336,2025-05-25 19:44:30.356071,2025-05-25 19:44:50.124093,0 days 00:00:19.768022,AdamW,0.23511441089833862,,,0.0001906345185743407,,,,4,,,0.00040035313485369987,,PRUNED
1401,1401,37.5,2025-05-25 19:44:50.184058,2025-05-25 19:45:09.796061,0 days 00:00:19.612003,AdamW,0.293225225803212,,,9.376129580724139e-05,,,,3,,,0.0026618427664392725,,PRUNED
1402,1402,37.5,2025-05-25 19:45:09.856216,2025-05-25 19:45:29.076001,0 days 00:00:19.219785,AdamW,0.14870829936075464,,,0.00013145441962349283,,,,8,,,0.0006182978372465237,,PRUNED
1403,1403,35.416666666666664,2025-05-25 19:45:29.130464,2025-05-25 19:45:48.788207,0 days 00:00:19.657743,AdamW,0.2207394262964769,,,0.00010405095029422774,,,,2,,,0.0007218994107348757,,PRUNED
1404,1404,47.916666666666664,2025-05-25 19:45:48.899043,2025-05-25 19:46:07.839752,0 days 00:00:18.940709,AdamW,0.2668895604211521,,,0.00023226491858512714,,,,7,,,0.0028720189892113383,,PRUNED
1405,1405,52.083333333333336,2025-05-25 19:46:07.894833,2025-05-25 19:46:27.599445,0 days 00:00:19.704612,AdamW,0.20774742131457669,,,0.00016494434982789033,,,,0,,,0.0004534527162526423,,PRUNED
1406,1406,33.333333333333336,2025-05-25 19:46:27.659186,2025-05-25 19:46:47.334846,0 days 00:00:19.675660,AdamW,0.1651735171765949,,,8.328154873761693e-05,,,,0,,,0.0005317982166974605,,PRUNED
1407,1407,33.333333333333336,2025-05-25 19:46:47.396738,2025-05-25 19:47:07.055181,0 days 00:00:19.658443,AdamW,0.24930615317455243,,,0.000348872293157868,,,,2,,,0.0002683995925171031,,PRUNED
1408,1408,37.5,2025-05-25 19:47:07.114496,2025-05-25 19:47:26.754486,0 days 00:00:19.639990,AdamW,0.18830726426315333,,,0.00012349207595382396,,,,2,,,0.002455248054468523,,PRUNED
1409,1409,33.333333333333336,2025-05-25 19:47:26.814133,2025-05-25 19:47:46.515356,0 days 00:00:19.701223,AdamW,0.17515116945221762,,,0.02972120547245141,,,,0,,,0.0003575939524333469,,PRUNED
1410,1410,43.75,2025-05-25 19:47:46.575214,2025-05-25 19:48:06.258016,0 days 00:00:19.682802,AdamW,0.2276444147422381,,,7.20243373539616e-05,,,,3,,,0.00040308751593008484,,PRUNED
1411,1411,33.333333333333336,2025-05-25 19:48:06.316977,2025-05-25 19:48:25.920339,0 days 00:00:19.603362,AdamW,0.2569338722275961,,,0.003215479069984302,,,,2,,,0.0033701234501176593,,PRUNED
1412,1412,31.25,2025-05-25 19:48:25.980585,2025-05-25 19:48:45.801756,0 days 00:00:19.821171,AdamW,0.1960958783910627,,,0.0001458801907230784,,,,3,,,0.002882558245488808,,PRUNED
1413,1413,35.416666666666664,2025-05-25 19:48:45.861757,2025-05-25 19:49:05.464194,0 days 00:00:19.602437,AdamW,0.23949007376887532,,,0.00010901399688102286,,,,2,,,0.0003082713606945107,,PRUNED
1414,1414,33.333333333333336,2025-05-25 19:49:05.523516,2025-05-25 19:49:25.067704,0 days 00:00:19.544188,AdamW,0.2183290716755924,,,0.00017448968609225216,,,,4,,,0.004667926538092421,,PRUNED
1415,1415,,2025-05-25 19:49:25.126721,2025-05-25 19:49:43.162526,0 days 00:00:18.035805,SGD,0.1791842919401427,,,,0.0006614198069526165,99.87686937309951,True,0,,,,6.636015660744708,PRUNED
1416,1416,33.333333333333336,2025-05-25 19:49:43.220279,2025-05-25 19:50:02.889874,0 days 00:00:19.669595,AdamW,0.14198818651792083,,,0.00021997290817244185,,,,2,,,0.0004890765007717995,,PRUNED
1417,1417,33.333333333333336,2025-05-25 19:50:02.949231,2025-05-25 19:50:22.479233,0 days 00:00:19.530002,AdamW,0.21066021861017806,,,0.0003059697365817989,,,,0,,,0.0024032795057373547,,PRUNED
1418,1418,50.0,2025-05-25 19:50:22.539506,2025-05-25 19:50:42.222857,0 days 00:00:19.683351,AdamW,0.38238500295610145,,,5.730308076162094e-05,,,,1,,,0.0031571417208253343,,PRUNED
1419,1419,43.75,2025-05-25 19:50:42.283674,2025-05-25 19:51:01.997139,0 days 00:00:19.713465,AdamW,0.3209896086938504,,,9.582187175978334e-05,,,,3,,,0.0005607562941563779,,PRUNED
1420,1420,33.333333333333336,2025-05-25 19:51:02.056448,2025-05-25 19:51:21.753313,0 days 00:00:19.696865,Adam,0.23425241756168472,,0.00040552854012731223,,,,,1,,76.83091562428439,,,PRUNED
1421,1421,66.66666666666667,2025-05-25 19:51:21.812943,2025-05-25 19:51:53.187988,0 days 00:00:31.375045,AdamW,0.19772845258367325,,,0.00013004843220978225,,,,2,,,0.00044620661859753836,,COMPLETE
1422,1422,33.333333333333336,2025-05-25 19:51:53.256910,2025-05-25 19:52:12.929052,0 days 00:00:19.672142,AdamW,0.27990217668231626,,,0.00018581191055462945,,,,3,,,0.0003751195532611169,,PRUNED
1423,1423,33.333333333333336,2025-05-25 19:52:12.988385,2025-05-25 19:52:32.684412,0 days 00:00:19.696027,AdamW,0.1706844466841271,,,0.00010592115538829241,,,,0,,,0.0025991559495038624,,PRUNED
1424,1424,33.333333333333336,2025-05-25 19:52:32.745429,2025-05-25 19:52:52.459942,0 days 00:00:19.714513,AdamW,0.26309143148497943,,,7.802331921689568e-05,,,,2,,,0.0035987939461656683,,PRUNED
1425,1425,39.583333333333336,2025-05-25 19:52:52.519023,2025-05-25 19:53:12.124098,0 days 00:00:19.605075,Adadelta,0.18932124139881737,0.21001339735708507,,,,,,1,2.9191420139549535,,,,PRUNED
1426,1426,41.666666666666664,2025-05-25 19:53:12.182890,2025-05-25 19:53:31.882692,0 days 00:00:19.699802,AdamW,0.15580334022417203,,,0.00015230421030183283,,,,1,,,0.0027164800646055053,,PRUNED
1427,1427,39.583333333333336,2025-05-25 19:53:31.943187,2025-05-25 19:53:51.619809,0 days 00:00:19.676622,AdamW,0.20414368517007367,,,0.00023804935737047165,,,,2,,,0.002343623958365535,,PRUNED
1428,1428,33.333333333333336,2025-05-25 19:53:51.679488,2025-05-25 19:54:11.366541,0 days 00:00:19.687053,AdamW,0.39762064781094775,,,0.07815432536419994,,,,0,,,0.0004898034780841892,,PRUNED
1429,1429,37.5,2025-05-25 19:54:11.427382,2025-05-25 19:54:31.379626,0 days 00:00:19.952244,AdamW,0.24835127498317533,,,0.00011958230032666655,,,,3,,,0.0004258438758102271,,PRUNED
1430,1430,33.333333333333336,2025-05-25 19:54:31.439648,2025-05-25 19:54:51.134931,0 days 00:00:19.695283,AdamW,0.22676649124332102,,,8.445188719727766e-05,,,,1,,,0.0006751680328311073,,PRUNED
1431,1431,33.333333333333336,2025-05-25 19:54:51.195905,2025-05-25 19:55:10.809767,0 days 00:00:19.613862,AdamW,0.21678207826661977,,,0.0008857117269266953,,,,2,,,0.0005969183691744112,,PRUNED
1432,1432,33.333333333333336,2025-05-25 19:55:10.869120,2025-05-25 19:55:30.767667,0 days 00:00:19.898547,AdamW,0.2391043884825219,,,0.00014979531702071958,,,,1,,,0.003935759727893285,,PRUNED
1433,1433,33.333333333333336,2025-05-25 19:55:30.828118,2025-05-25 19:55:50.493388,0 days 00:00:19.665270,AdamW,0.1812101977117444,,,0.000397766603997279,,,,1,,,0.003142335117865198,,PRUNED
1434,1434,35.416666666666664,2025-05-25 19:55:50.553114,2025-05-25 19:56:10.022784,0 days 00:00:19.469670,AdamW,0.2098733071123154,,,4.364046382570598e-05,,,,4,,,0.0025838674256786374,,PRUNED
1435,1435,33.333333333333336,2025-05-25 19:56:10.082395,2025-05-25 19:56:29.880669,0 days 00:00:19.798274,AdamW,0.46375299036708867,,,6.871915241198645e-05,,,,0,,,0.00038291356855010296,,PRUNED
1436,1436,33.333333333333336,2025-05-25 19:56:29.946999,2025-05-25 19:56:49.661216,0 days 00:00:19.714217,AdamW,0.29752104098347787,,,0.00019164559309376483,,,,2,,,0.00034146788971026106,,PRUNED
1437,1437,,2025-05-25 19:56:49.720253,2025-05-25 19:57:08.282586,0 days 00:00:18.562333,SGD,0.27413042968340584,,,,0.0012924282700626328,40.187215067042615,False,0,,,,0.7415053325187011,PRUNED
1438,1438,33.333333333333336,2025-05-25 19:57:08.341546,2025-05-25 19:57:27.973812,0 days 00:00:19.632266,AdamW,0.1646950909876976,,,0.00010040670517830434,,,,3,,,0.0005220766141833384,,PRUNED
1439,1439,47.916666666666664,2025-05-25 19:57:28.033393,2025-05-25 19:57:47.892385,0 days 00:00:19.858992,AdamW,0.18966215097635197,,,0.0002602202024943797,,,,2,,,0.0022886131573748233,,PRUNED
1440,1440,47.916666666666664,2025-05-25 19:57:47.952975,2025-05-25 19:58:07.643173,0 days 00:00:19.690198,AdamW,0.25360451290335145,,,0.00013012743977602537,,,,1,,,0.0028534151451232582,,PRUNED
1441,1441,35.416666666666664,2025-05-25 19:58:07.703987,2025-05-25 19:58:27.405925,0 days 00:00:19.701938,AdamW,0.20008464281969043,,,9.113982404190682e-05,,,,1,,,0.000430212773934862,,PRUNED
1442,1442,33.333333333333336,2025-05-25 19:58:27.466158,2025-05-25 19:58:47.037622,0 days 00:00:19.571464,AdamW,0.4995318260362528,,,0.00016988697110441583,,,,3,,,0.0001525326521867745,,PRUNED
1443,1443,39.583333333333336,2025-05-25 19:58:47.097066,2025-05-25 19:59:06.785196,0 days 00:00:19.688130,AdamW,0.2239367339108215,,,0.00011461570478215416,,,,2,,,0.0002909966039859452,,PRUNED
1444,1444,35.416666666666664,2025-05-25 19:59:06.847719,2025-05-25 19:59:26.525235,0 days 00:00:19.677516,Adam,0.34672922785994886,,7.593363610865735e-05,,,,,2,,0.3086229615759568,,,PRUNED
1445,1445,33.333333333333336,2025-05-25 19:59:26.585018,2025-05-25 19:59:46.250248,0 days 00:00:19.665230,AdamW,0.12510263521337744,,,0.00021197115591373627,,,,1,,,0.0012367309921094533,,PRUNED
1446,1446,35.416666666666664,2025-05-25 19:59:46.310854,2025-05-25 20:00:05.359948,0 days 00:00:19.049094,AdamW,0.2443092024417033,,,5.677283469210562e-05,,,,6,,,0.0015224184115178786,,PRUNED
1447,1447,85.41666666666667,2025-05-25 20:00:05.415982,2025-05-25 20:00:37.023986,0 days 00:00:31.608004,AdamW,0.13489675270223705,,,0.0001426812358237795,,,,0,,,0.0020032019942583966,,COMPLETE
1448,1448,33.333333333333336,2025-05-25 20:00:37.092363,2025-05-25 20:00:56.967434,0 days 00:00:19.875071,Adadelta,0.15295231284936855,0.04122253807692656,,,,,,0,0.032675173625317626,,,,PRUNED
1449,1449,60.416666666666664,2025-05-25 20:00:57.028134,2025-05-25 20:01:21.468819,0 days 00:00:24.440685,AdamW,0.1368038398310014,,,7.610780565480908e-05,,,,0,,,0.003020284931915783,,PRUNED
1450,1450,37.5,2025-05-25 20:01:21.529450,2025-05-25 20:01:41.217530,0 days 00:00:19.688080,AdamW,0.13031366265523064,,,0.00011119009187149443,,,,0,,,0.00040456456119608114,,PRUNED
1451,1451,50.0,2025-05-25 20:01:41.279035,2025-05-25 20:02:01.101413,0 days 00:00:19.822378,AdamW,0.13585824892893614,,,0.00013610375702183982,,,,0,,,0.0004663503211084651,,PRUNED
1452,1452,31.25,2025-05-25 20:02:01.161957,2025-05-25 20:02:20.875746,0 days 00:00:19.713789,AdamW,0.14255997947340124,,,9.293786752067859e-05,,,,0,,,0.0022275365319716052,,PRUNED
1453,1453,33.333333333333336,2025-05-25 20:02:20.936269,2025-05-25 20:02:40.565166,0 days 00:00:19.628897,AdamW,0.1269545709482367,,,0.0003072868703445553,,,,0,,,0.003411683296205162,,PRUNED
1454,1454,35.416666666666664,2025-05-25 20:02:40.626003,2025-05-25 20:03:00.305810,0 days 00:00:19.679807,AdamW,0.14614763996061428,,,6.509435796550375e-05,,,,0,,,0.002516591291499812,,PRUNED
1455,1455,33.333333333333336,2025-05-25 20:03:00.366599,2025-05-25 20:03:20.112492,0 days 00:00:19.745893,AdamW,0.12126397433387438,,,0.00015594332690263947,,,,0,,,0.0005561087438474613,,PRUNED
1456,1456,37.5,2025-05-25 20:03:20.173475,2025-05-25 20:03:39.859254,0 days 00:00:19.685779,AdamW,0.13293122980735925,,,0.0001081603281071556,,,,0,,,0.002765601616905028,,PRUNED
1457,1457,35.416666666666664,2025-05-25 20:03:39.920228,2025-05-25 20:03:59.643744,0 days 00:00:19.723516,AdamW,0.13865273786058244,,,8.15286278197305e-05,,,,0,,,0.0003267144823303485,,PRUNED
1458,1458,33.333333333333336,2025-05-25 20:03:59.907765,2025-05-25 20:04:19.615789,0 days 00:00:19.708024,AdamW,0.16097602449713383,,,0.00012151094158184935,,,,0,,,0.001963255355482958,,PRUNED
1459,1459,62.5,2025-05-25 20:04:19.677521,2025-05-25 20:04:51.434886,0 days 00:00:31.757365,AdamW,0.1342764317854292,,,0.00018744290592784518,,,,0,,,0.0003726512119166608,,COMPLETE
1460,1460,33.333333333333336,2025-05-25 20:04:51.502647,2025-05-25 20:05:11.312323,0 days 00:00:19.809676,AdamW,0.15334266565979293,,,0.000254418890956185,,,,0,,,0.0017042513475496262,,PRUNED
1461,1461,33.333333333333336,2025-05-25 20:05:11.373508,2025-05-25 20:05:31.049890,0 days 00:00:19.676382,AdamW,0.13414662479087097,,,0.0016734719422441704,,,,0,,,0.0005054158450677402,,PRUNED
1462,1462,,2025-05-25 20:05:31.109991,2025-05-25 20:05:49.605581,0 days 00:00:18.495590,SGD,0.13098345602797454,,,,0.00038613063046770283,44.0835163948756,True,0,,,,0.060349947875215894,PRUNED
1463,1463,33.333333333333336,2025-05-25 20:05:49.664554,2025-05-25 20:06:09.329390,0 days 00:00:19.664836,AdamW,0.12364289068010761,,,0.000134402870812726,,,,0,,,0.00238791131856512,,PRUNED
1464,1464,33.333333333333336,2025-05-25 20:06:09.390691,2025-05-25 20:06:29.127168,0 days 00:00:19.736477,AdamW,0.15852904307047627,,,0.00010247432940280921,,,,0,,,0.00043709991787914155,,PRUNED
1465,1465,50.0,2025-05-25 20:06:29.191833,2025-05-25 20:06:48.973868,0 days 00:00:19.782035,AdamW,0.12385999423189524,,,8.263729905019539e-05,,,,0,,,0.00310671663198281,,PRUNED
1466,1466,33.333333333333336,2025-05-25 20:06:49.232750,2025-05-25 20:07:08.882067,0 days 00:00:19.649317,AdamW,0.14136851235354345,,,0.00015724578500073434,,,,0,,,0.000623197965687314,,PRUNED
1467,1467,33.333333333333336,2025-05-25 20:07:08.943657,2025-05-25 20:07:28.690082,0 days 00:00:19.746425,AdamW,0.14729113704793628,,,0.00021667751291955278,,,,0,,,0.002107544337284272,,PRUNED
1468,1468,35.416666666666664,2025-05-25 20:07:28.750159,2025-05-25 20:07:48.554032,0 days 00:00:19.803873,Adam,0.14714408541343169,,4.480012554788226e-05,,,,,0,,0.16699554176346457,,,PRUNED
1469,1469,47.916666666666664,2025-05-25 20:07:48.614646,2025-05-25 20:08:08.336983,0 days 00:00:19.722337,AdamW,0.1423850361093144,,,0.00012272845645769373,,,,0,,,0.0026066480536742096,,PRUNED
1470,1470,33.333333333333336,2025-05-25 20:08:08.399261,2025-05-25 20:08:25.426391,0 days 00:00:17.027130,AdamW,0.15068429948530085,,,9.565873580730443e-05,,,,0,,,0.0036232524950605325,,PRUNED
1471,1471,33.333333333333336,2025-05-25 20:08:25.473701,2025-05-25 20:08:37.269682,0 days 00:00:11.795981,AdamW,0.15411788585235223,,,0.0001747492979206577,,,,0,,,0.002307925339764858,,PRUNED
1472,1472,33.333333333333336,2025-05-25 20:08:37.317522,2025-05-25 20:08:49.202651,0 days 00:00:11.885129,Adadelta,0.15584517893754918,0.8996945737938464,,,,,,0,99.10974406898315,,,,PRUNED
1473,1473,41.666666666666664,2025-05-25 20:08:49.249011,2025-05-25 20:09:01.052425,0 days 00:00:11.803414,AdamW,0.11904656685290016,,,7.376939455111044e-05,,,,3,,,0.00046294973868506856,,PRUNED
1474,1474,37.5,2025-05-25 20:09:01.102707,2025-05-25 20:09:13.150057,0 days 00:00:12.047350,AdamW,0.14691942390959792,,,5.0364497758799945e-05,,,,0,,,0.0028719337255089113,,PRUNED
1475,1475,33.333333333333336,2025-05-25 20:09:13.399863,2025-05-25 20:09:25.418407,0 days 00:00:12.018544,AdamW,0.1389032632531992,,,0.0004530991712916784,,,,4,,,0.00036312476555201836,,PRUNED
1476,1476,60.416666666666664,2025-05-25 20:09:25.469312,2025-05-25 20:09:41.177346,0 days 00:00:15.708034,AdamW,0.1350166563807744,,,0.0001334546680749279,,,,2,,,0.000556730101817006,,PRUNED
1477,1477,33.333333333333336,2025-05-25 20:09:41.230184,2025-05-25 20:09:52.799641,0 days 00:00:11.569457,AdamW,0.16706600895096946,,,0.00010444299531291855,,,,3,,,0.0009188119309556403,,PRUNED
1478,1478,33.333333333333336,2025-05-25 20:09:52.851082,2025-05-25 20:10:04.336669,0 days 00:00:11.485587,AdamW,0.17126384295243743,,,0.0002894430536780183,,,,0,,,0.0002177762146046964,,PRUNED
1479,1479,35.416666666666664,2025-05-25 20:10:04.390114,2025-05-25 20:10:15.818706,0 days 00:00:11.428592,AdamW,0.32787560866643223,,,6.311519153071783e-05,,,,2,,,0.0004195920877143348,,PRUNED
1480,1480,33.333333333333336,2025-05-25 20:10:15.873270,2025-05-25 20:10:27.389006,0 days 00:00:11.515736,AdamW,0.2661125836703282,,,0.00015086119647484013,,,,3,,,0.0019433833281752345,,PRUNED
1481,1481,60.416666666666664,2025-05-25 20:10:27.441757,2025-05-25 20:10:43.081513,0 days 00:00:15.639756,AdamW,0.4457998283477817,,,0.0001938928679537146,,,,0,,,0.0055699593297596686,,PRUNED
1482,1482,43.75,2025-05-25 20:10:43.134968,2025-05-25 20:10:54.432746,0 days 00:00:11.297778,AdamW,0.1477074300688576,,,9.106501400735694e-05,,,,2,,,0.0033285717347845342,,PRUNED
1483,1483,54.166666666666664,2025-05-25 20:10:54.485686,2025-05-25 20:11:05.935827,0 days 00:00:11.450141,AdamW,0.2564765357152839,,,0.0001245325331709327,,,,2,,,0.0005182947411987073,,PRUNED
1484,1484,47.916666666666664,2025-05-25 20:11:05.988957,2025-05-25 20:11:17.287561,0 days 00:00:11.298604,AdamW,0.2373188264849701,,,0.00024230358005366962,,,,0,,,0.004122749968763207,,PRUNED
1485,1485,50.0,2025-05-25 20:11:17.342108,2025-05-25 20:11:28.645966,0 days 00:00:11.303858,AdamW,0.28417718877604486,,,0.00010852389172697726,,,,2,,,0.0025365616536316554,,PRUNED
1486,1486,41.666666666666664,2025-05-25 20:11:28.699018,2025-05-25 20:11:40.254272,0 days 00:00:11.555254,AdamW,0.30813222490524816,,,0.00016388174217503882,,,,0,,,0.0021573163968029224,,PRUNED
1487,1487,,2025-05-25 20:11:40.307744,2025-05-25 20:11:50.329174,0 days 00:00:10.021430,SGD,0.36960938191192105,,,,0.04945080870738197,87.67245547910505,False,3,,,,1.9033756864160198,PRUNED
1488,1488,50.0,2025-05-25 20:11:50.380242,2025-05-25 20:12:01.979105,0 days 00:00:11.598863,AdamW,0.16529607153848597,,,0.00034888569615932724,,,,2,,,0.000395437033754266,,PRUNED
1489,1489,33.333333333333336,2025-05-25 20:12:02.033226,2025-05-25 20:12:13.261272,0 days 00:00:11.228046,AdamW,0.3572758121276559,,,8.195991191308306e-05,,,,3,,,0.00048056601701094125,,PRUNED
1490,1490,50.0,2025-05-25 20:12:13.313644,2025-05-25 20:12:24.520946,0 days 00:00:11.207302,AdamW,0.21326661256244372,,,0.00013880027556282412,,,,4,,,0.0027803611830955447,,PRUNED
1491,1491,33.333333333333336,2025-05-25 20:12:24.574271,2025-05-25 20:12:35.914202,0 days 00:00:11.339931,AdamW,0.23334101559994622,,,0.000209503447966517,,,,0,,,0.0007832089898649689,,PRUNED
1492,1492,31.25,2025-05-25 20:12:35.967573,2025-05-25 20:12:47.497458,0 days 00:00:11.529885,AdamW,0.18103337621017673,,,7.222865242649442e-05,,,,2,,,0.00023941100779582947,,PRUNED
1493,1493,33.333333333333336,2025-05-25 20:12:47.552551,2025-05-25 20:12:59.147591,0 days 00:00:11.595040,Adam,0.22260352334353034,,1.9298178637387462e-05,,,,,2,,0.04235381699326099,,,PRUNED
1494,1494,33.333333333333336,2025-05-25 20:12:59.200348,2025-05-25 20:13:10.647643,0 days 00:00:11.447295,AdamW,0.1272440061757995,,,0.0006591420563703338,,,,0,,,0.0003165741720115578,,PRUNED
1495,1495,33.333333333333336,2025-05-25 20:13:10.700175,2025-05-25 20:13:22.144762,0 days 00:00:11.444587,AdamW,0.20359127535000696,,,0.00010039194693435947,,,,2,,,0.001772737659670875,,PRUNED
1496,1496,33.333333333333336,2025-05-25 20:13:22.207151,2025-05-25 20:13:33.529807,0 days 00:00:11.322656,Adadelta,0.24753844750236212,1.1893058750774361,,,,,,3,0.05623686995653247,,,,PRUNED
1497,1497,33.333333333333336,2025-05-25 20:13:33.575903,2025-05-25 20:13:44.900571,0 days 00:00:11.324668,AdamW,0.4863702827466213,,,0.00017012519630828072,,,,0,,,0.002418237133308436,,PRUNED
1498,1498,39.583333333333336,2025-05-25 20:13:44.947768,2025-05-25 20:13:56.487623,0 days 00:00:11.539855,AdamW,0.1428638235805583,,,0.00011852190334601274,,,,2,,,0.003056395596330964,,PRUNED
1499,1499,41.666666666666664,2025-05-25 20:13:56.542845,2025-05-25 20:14:08.291348,0 days 00:00:11.748503,AdamW,0.15771401357026402,,,9.228847474560483e-05,,,,0,,,0.00815881441989462,,PRUNED
1500,1500,50.0,2025-05-25 20:14:08.341732,2025-05-25 20:14:20.013202,0 days 00:00:11.671470,AdamW,0.19657854806258937,,,0.0002753133394943242,,,,2,,,0.000652436248807845,,PRUNED
1501,1501,33.333333333333336,2025-05-25 20:14:20.069890,2025-05-25 20:14:31.747182,0 days 00:00:11.677292,AdamW,0.26735545785845083,,,0.00014130678205596448,,,,3,,,0.0003363076432500896,,PRUNED
1502,1502,41.666666666666664,2025-05-25 20:14:31.800772,2025-05-25 20:14:43.574647,0 days 00:00:11.773875,AdamW,0.17525293698093328,,,5.976860050128781e-05,,,,2,,,0.0022055264684946287,,PRUNED
1503,1503,33.333333333333336,2025-05-25 20:14:43.628658,2025-05-25 20:14:55.162111,0 days 00:00:11.533453,AdamW,0.21760250412886528,,,0.00018393702369931295,,,,0,,,0.0005909733866744376,,PRUNED
1504,1504,35.416666666666664,2025-05-25 20:14:55.215680,2025-05-25 20:15:06.595598,0 days 00:00:11.379918,AdamW,0.18648372663405133,,,0.00011245474049166146,,,,2,,,0.002698534493187878,,PRUNED
1505,1505,35.416666666666664,2025-05-25 20:15:06.647323,2025-05-25 20:15:17.900988,0 days 00:00:11.253665,AdamW,0.23099911486272381,,,8.728647614922586e-05,,,,3,,,0.0003975419909186353,,PRUNED
1506,1506,33.333333333333336,2025-05-25 20:15:17.953695,2025-05-25 20:15:29.273360,0 days 00:00:11.319665,AdamW,0.25175405515935045,,,0.0003880902756396096,,,,0,,,0.0004541746381461435,,PRUNED
1507,1507,33.333333333333336,2025-05-25 20:15:29.325993,2025-05-25 20:15:40.579735,0 days 00:00:11.253742,AdamW,0.2047929083303246,,,0.0013887342890335512,,,,3,,,0.003617203273684416,,PRUNED
1508,1508,33.333333333333336,2025-05-25 20:15:40.632180,2025-05-25 20:15:51.971520,0 days 00:00:11.339340,AdamW,0.43629326800965973,,,0.00021712655358155732,,,,2,,,0.002030959541955384,,PRUNED
1509,1509,33.333333333333336,2025-05-25 20:15:52.025085,2025-05-25 20:16:03.401167,0 days 00:00:11.376082,AdamW,0.24114414538165105,,,0.00014589636266855666,,,,0,,,0.0032619394216152424,,PRUNED
1510,1510,,2025-05-25 20:16:03.455025,2025-05-25 20:16:13.723258,0 days 00:00:10.268233,SGD,0.4746963543482715,,,,1.340995018199525e-05,57.44994933685505,True,2,,,,16.504615869566088,PRUNED
1511,1511,52.083333333333336,2025-05-25 20:16:13.773618,2025-05-25 20:16:24.735279,0 days 00:00:10.961661,AdamW,0.4544238967318953,,,7.086418598186412e-05,,,,4,,,0.0005174108418694863,,PRUNED
1512,1512,35.416666666666664,2025-05-25 20:16:24.783095,2025-05-25 20:16:35.522597,0 days 00:00:10.739502,AdamW,0.29652419310778194,,,0.0001209248488701364,,,,3,,,0.0023225834433974134,,PRUNED
1513,1513,64.58333333333333,2025-05-25 20:16:35.571132,2025-05-25 20:16:54.772608,0 days 00:00:19.201476,AdamW,0.16366473760811917,,,9.812209320944924e-05,,,,0,,,0.0003612516731908041,,PRUNED
1514,1514,37.5,2025-05-25 20:16:54.824093,2025-05-25 20:17:05.738516,0 days 00:00:10.914423,AdamW,0.2138312195946223,,,0.0003136651876611107,,,,2,,,0.0025587930205198035,,PRUNED
1515,1515,33.333333333333336,2025-05-25 20:17:05.785891,2025-05-25 20:17:16.593786,0 days 00:00:10.807895,AdamW,0.19191076870990956,,,0.00016733130653300113,,,,2,,,0.002884834152395658,,PRUNED
1516,1516,39.583333333333336,2025-05-25 20:17:16.649709,2025-05-25 20:17:27.777747,0 days 00:00:11.128038,AdamW,0.3350900756023999,,,8.038291711320129e-05,,,,1,,,0.0004225618882743719,,PRUNED
1517,1517,33.333333333333336,2025-05-25 20:17:27.828753,2025-05-25 20:17:38.870688,0 days 00:00:11.041935,AdamW,0.13694231987668845,,,0.00024235956453270844,,,,0,,,0.000482629401876385,,PRUNED
1518,1518,41.666666666666664,2025-05-25 20:17:38.922320,2025-05-25 20:17:50.174637,0 days 00:00:11.252317,AdamW,0.26034561758958086,,,0.00013821773252049648,,,,2,,,0.00245096841709955,,PRUNED
1519,1519,33.333333333333336,2025-05-25 20:17:50.231794,2025-05-25 20:18:01.026824,0 days 00:00:10.795030,Adadelta,0.22675128875518533,1.849053040744414,,,,,,3,0.09012417289604634,,,,PRUNED
1520,1520,35.416666666666664,2025-05-25 20:18:01.063261,2025-05-25 20:18:11.958005,0 days 00:00:10.894744,Adam,0.2766184725653331,,0.0003172726110600463,,,,,1,,14.555203309632848,,,PRUNED
1521,1521,39.583333333333336,2025-05-25 20:18:12.008495,2025-05-25 20:18:23.043553,0 days 00:00:11.035058,AdamW,0.3965845410757085,,,0.00011141091986516167,,,,0,,,0.0029773415622252777,,PRUNED
1522,1522,41.666666666666664,2025-05-25 20:18:23.095130,2025-05-25 20:18:33.255342,0 days 00:00:10.160212,AdamW,0.15401013042542316,,,0.00019797229883034896,,,,6,,,0.0018544058257656806,,PRUNED
1523,1523,29.166666666666668,2025-05-25 20:18:33.304021,2025-05-25 20:18:44.365687,0 days 00:00:11.061666,AdamW,0.18150685195634222,,,6.503952160792093e-05,,,,1,,,0.0005508823096407827,,PRUNED
1524,1524,43.75,2025-05-25 20:18:44.414006,2025-05-25 20:18:55.329961,0 days 00:00:10.915955,AdamW,0.20167444496009415,,,9.305619319004657e-05,,,,2,,,0.00017733136192031034,,PRUNED
1525,1525,35.416666666666664,2025-05-25 20:18:55.378000,2025-05-25 20:19:06.532107,0 days 00:00:11.154107,AdamW,0.381596718710798,,,0.0001529603580546391,,,,2,,,0.00038664290152895005,,PRUNED
1526,1526,33.333333333333336,2025-05-25 20:19:06.594103,2025-05-25 20:19:17.539692,0 days 00:00:10.945589,AdamW,0.2411087925665024,,,0.00013092289041852974,,,,4,,,0.0014737862185707459,,PRUNED
1527,1527,35.416666666666664,2025-05-25 20:19:17.590212,2025-05-25 20:19:28.921692,0 days 00:00:11.331480,AdamW,0.11591961901851186,,,0.00011126305462254583,,,,0,,,0.0002954553371148116,,PRUNED
1528,1528,33.333333333333336,2025-05-25 20:19:28.977328,2025-05-25 20:19:39.897026,0 days 00:00:10.919698,AdamW,0.1727799573121033,,,0.0001780980003683755,,,,3,,,0.00448826746064038,,PRUNED
1529,1529,33.333333333333336,2025-05-25 20:19:39.948049,2025-05-25 20:19:50.882449,0 days 00:00:10.934400,AdamW,0.31758099368848186,,,0.00970169638463349,,,,1,,,0.00394413642493416,,PRUNED
1530,1530,37.5,2025-05-25 20:19:50.934873,2025-05-25 20:20:02.010048,0 days 00:00:11.075175,AdamW,0.21971871575079122,,,5.363069037583378e-05,,,,2,,,0.002104289515628135,,PRUNED
1531,1531,33.333333333333336,2025-05-25 20:20:02.062268,2025-05-25 20:20:13.242148,0 days 00:00:11.179880,AdamW,0.1957663570720264,,,0.0002441238685867135,,,,1,,,0.002694868758140937,,PRUNED
1532,1532,37.5,2025-05-25 20:20:13.293258,2025-05-25 20:20:24.329661,0 days 00:00:11.036403,AdamW,0.21022125789725302,,,8.169681861246853e-05,,,,1,,,0.0004394840821619615,,PRUNED
1533,1533,37.5,2025-05-25 20:20:24.378387,2025-05-25 20:20:35.284496,0 days 00:00:10.906109,AdamW,0.14473668669514433,,,0.00012579362839120097,,,,0,,,0.002289734784799545,,PRUNED
1534,1534,33.333333333333336,2025-05-25 20:20:35.336779,2025-05-25 20:20:46.427987,0 days 00:00:11.091208,SGD,0.256155019260507,,,,0.0748498821221425,4.275634178407557,False,2,,,,0.10395190949131257,PRUNED
1535,1535,33.333333333333336,2025-05-25 20:20:46.485859,2025-05-25 20:20:57.608710,0 days 00:00:11.122851,AdamW,0.16838220661239073,,,9.646731553818739e-05,,,,3,,,0.0033253321344343203,,PRUNED
1536,1536,33.333333333333336,2025-05-25 20:20:57.658863,2025-05-25 20:21:09.768015,0 days 00:00:12.109152,AdamW,0.1842441493071004,,,0.00028938054470536826,,,,0,,,0.0003427585410315645,,PRUNED
1537,1537,35.416666666666664,2025-05-25 20:21:09.817826,2025-05-25 20:21:21.567278,0 days 00:00:11.749452,AdamW,0.28489981206966675,,,0.00015548521570825396,,,,1,,,0.0004924161061276473,,PRUNED
1538,1538,33.333333333333336,2025-05-25 20:21:21.622242,2025-05-25 20:21:33.367822,0 days 00:00:11.745580,AdamW,0.22890328490900078,,,0.0002085744067806843,,,,2,,,0.0016343779428085676,,PRUNED
1539,1539,33.333333333333336,2025-05-25 20:21:33.407213,2025-05-25 20:21:45.006042,0 days 00:00:11.598829,AdamW,0.24204267297900767,,,7.415578140262248e-05,,,,1,,,0.0007036305320569319,,PRUNED
1540,1540,33.333333333333336,2025-05-25 20:21:45.042750,2025-05-25 20:21:56.627549,0 days 00:00:11.584799,Adam,0.267285523314331,,0.003405279879379463,,,,,2,,2.2940627088278327,,,PRUNED
1541,1541,33.333333333333336,2025-05-25 20:21:56.682717,2025-05-25 20:22:08.322268,0 days 00:00:11.639551,AdamW,0.2100078287078469,,,0.00010871105397449886,,,,0,,,0.0025777991886329122,,PRUNED
1542,1542,41.666666666666664,2025-05-25 20:22:08.375343,2025-05-25 20:22:20.160109,0 days 00:00:11.784766,AdamW,0.1936124106600819,,,0.00013756475468859077,,,,1,,,0.003105015309246035,,PRUNED
1543,1543,33.333333333333336,2025-05-25 20:22:20.215330,2025-05-25 20:22:31.858841,0 days 00:00:11.643511,Adadelta,0.16123893117515192,75.08003348052755,,,,,,3,2.0735915165677863,,,,PRUNED
1544,1544,39.583333333333336,2025-05-25 20:22:31.912900,2025-05-25 20:22:43.748152,0 days 00:00:11.835252,AdamW,0.23120034985144766,,,8.781539821724222e-05,,,,2,,,0.0020145993572984523,,PRUNED
1545,1545,33.333333333333336,2025-05-25 20:22:43.801330,2025-05-25 20:22:55.658281,0 days 00:00:11.856951,AdamW,0.30798100183608396,,,0.0001798942940367234,,,,0,,,0.00040523176626802677,,PRUNED
1546,1546,43.75,2025-05-25 20:22:55.712524,2025-05-25 20:23:07.188353,0 days 00:00:11.475829,AdamW,0.1801917371881199,,,0.00012388631333590515,,,,3,,,0.0023037524645128345,,PRUNED
1547,1547,35.416666666666664,2025-05-25 20:23:07.240289,2025-05-25 20:23:18.769958,0 days 00:00:11.529669,AdamW,0.22100033179805603,,,6.460168530218952e-05,,,,1,,,0.0006187559605738376,,PRUNED
1548,1548,41.666666666666664,2025-05-25 20:23:18.849360,2025-05-25 20:23:29.730363,0 days 00:00:10.881003,AdamW,0.25105348494404706,,,0.0005523984112674722,,,,7,,,0.0004578357451902992,,PRUNED
1549,1549,33.333333333333336,2025-05-25 20:23:29.778804,2025-05-25 20:23:41.039896,0 days 00:00:11.261092,AdamW,0.1530594990479483,,,0.0010233070162265106,,,,2,,,0.0005300241755982393,,PRUNED
1550,1550,33.333333333333336,2025-05-25 20:23:41.092533,2025-05-25 20:23:52.398139,0 days 00:00:11.305606,AdamW,0.36553435416088365,,,0.00034503122165238594,,,,0,,,0.0028173475372861093,,PRUNED
1551,1551,66.66666666666667,2025-05-25 20:23:52.450771,2025-05-25 20:24:07.231602,0 days 00:00:14.780831,AdamW,0.2014090675141537,,,0.00010134230979099457,,,,4,,,0.003455869070489006,,PRUNED
1552,1552,39.583333333333336,2025-05-25 20:24:07.278399,2025-05-25 20:24:18.896724,0 days 00:00:11.618325,AdamW,0.17473097171160418,,,0.00017891954591750937,,,,1,,,0.0005805949145862066,,PRUNED
1553,1553,45.833333333333336,2025-05-25 20:24:18.948562,2025-05-25 20:24:30.519446,0 days 00:00:11.570884,AdamW,0.1328131590485107,,,4.7641891746012224e-05,,,,2,,,0.00037189971680599306,,PRUNED
1554,1554,33.333333333333336,2025-05-25 20:24:30.758708,2025-05-25 20:24:42.411712,0 days 00:00:11.653004,AdamW,0.23812725746236174,,,0.00025418499632131594,,,,1,,,0.00260947073526224,,PRUNED
1555,1555,45.833333333333336,2025-05-25 20:24:42.462955,2025-05-25 20:24:53.970476,0 days 00:00:11.507521,AdamW,0.18683895619730817,,,0.0001482123530996573,,,,0,,,0.001859095231284377,,PRUNED
1556,1556,33.333333333333336,2025-05-25 20:24:54.019939,2025-05-25 20:25:05.486284,0 days 00:00:11.466345,AdamW,0.2739458743327275,,,7.3979219564947e-05,,,,2,,,0.002180770755989263,,PRUNED
1557,1557,33.333333333333336,2025-05-25 20:25:05.541140,2025-05-25 20:25:17.041938,0 days 00:00:11.500798,AdamW,0.20911256138472264,,,0.00011030885536761127,,,,3,,,0.0004247323542780552,,PRUNED
1558,1558,43.75,2025-05-25 20:25:17.097868,2025-05-25 20:25:28.668731,0 days 00:00:11.570863,AdamW,0.46256256714372956,,,8.723983222738935e-05,,,,1,,,0.0024439471368902788,,PRUNED
1559,1559,45.833333333333336,2025-05-25 20:25:28.721634,2025-05-25 20:25:40.072537,0 days 00:00:11.350903,AdamW,0.34564159968744035,,,0.000128156435272408,,,,2,,,0.00290518012491061,,PRUNED
1560,1560,,2025-05-25 20:25:40.126045,2025-05-25 20:25:50.638885,0 days 00:00:10.512840,SGD,0.2599622148218245,,,,6.803688376781552e-05,49.3629275508826,True,0,,,,0.18043161156412435,PRUNED
1561,1561,37.5,2025-05-25 20:25:50.692751,2025-05-25 20:26:01.606817,0 days 00:00:10.914066,AdamW,0.22030630520093972,,,0.00021906101663515622,,,,6,,,0.00026536963673146844,,PRUNED
1562,1562,33.333333333333336,2025-05-25 20:26:01.656528,2025-05-25 20:26:13.403590,0 days 00:00:11.747062,AdamW,0.2480918239538571,,,0.00014519863642596556,,,,2,,,0.0003407199555884366,,PRUNED
1563,1563,39.583333333333336,2025-05-25 20:26:13.456529,2025-05-25 20:26:25.116315,0 days 00:00:11.659786,AdamW,0.48222862772367237,,,0.00010507563672767253,,,,0,,,0.0038511288262346815,,PRUNED
1564,1564,33.333333333333336,2025-05-25 20:26:25.170457,2025-05-25 20:26:36.734801,0 days 00:00:11.564344,Adam,0.28884685096494767,,0.0021845726867257115,,,,,1,,0.05567893405434778,,,PRUNED
1565,1565,33.333333333333336,2025-05-25 20:26:36.789521,2025-05-25 20:26:48.307731,0 days 00:00:11.518210,AdamW,0.14622426023739957,,,0.0004193524398898691,,,,3,,,0.0004881417717178974,,PRUNED
1566,1566,33.333333333333336,2025-05-25 20:26:48.361194,2025-05-25 20:27:00.053429,0 days 00:00:11.692235,AdamW,0.19533440779521893,,,0.00016460985526059612,,,,1,,,0.0020572749625332562,,PRUNED
1567,1567,31.25,2025-05-25 20:27:00.108061,2025-05-25 20:27:11.705092,0 days 00:00:11.597031,Adadelta,0.23207402353870138,0.021349078905010796,,,,,,1,8.105839457017403,,,,PRUNED
1568,1568,33.333333333333336,2025-05-25 20:27:11.758448,2025-05-25 20:27:23.280477,0 days 00:00:11.522029,AdamW,0.3896265845322908,,,0.00020611463918330654,,,,2,,,0.0023002562343926655,,PRUNED
1569,1569,33.333333333333336,2025-05-25 20:27:23.334197,2025-05-25 20:27:34.870956,0 days 00:00:11.536759,AdamW,0.16469394086346367,,,8.446585772492433e-05,,,,0,,,0.003244670895761931,,PRUNED
1570,1570,33.333333333333336,2025-05-25 20:27:34.924978,2025-05-25 20:27:46.658528,0 days 00:00:11.733550,AdamW,0.20364833792444187,,,0.0002857796278375347,,,,1,,,0.00039112857499425097,,PRUNED
1571,1571,33.333333333333336,2025-05-25 20:27:46.712914,2025-05-25 20:27:58.586511,0 days 00:00:11.873597,AdamW,0.40783081994979503,,,0.00012166087098340534,,,,3,,,0.0027858408446404456,,PRUNED
1572,1572,37.5,2025-05-25 20:27:58.639345,2025-05-25 20:28:10.159541,0 days 00:00:11.520196,AdamW,0.17371997304304396,,,6.109413000006911e-05,,,,2,,,0.0009972650131496554,,PRUNED
1573,1573,33.333333333333336,2025-05-25 20:28:10.213061,2025-05-25 20:28:21.773531,0 days 00:00:11.560470,AdamW,0.18833972382867803,,,9.720084569901722e-05,,,,1,,,0.00044678609605073194,,PRUNED
1574,1574,43.75,2025-05-25 20:28:21.827548,2025-05-25 20:28:33.363509,0 days 00:00:11.535961,AdamW,0.3256930829492421,,,0.00015709221491488258,,,,0,,,0.0005341390108226146,,PRUNED
1575,1575,45.833333333333336,2025-05-25 20:28:33.418111,2025-05-25 20:28:44.873361,0 days 00:00:11.455250,AdamW,0.13868600162779188,,,7.222757364472947e-05,,,,2,,,0.0025097034220817427,,PRUNED
1576,1576,33.333333333333336,2025-05-25 20:28:44.927384,2025-05-25 20:28:56.450238,0 days 00:00:11.522854,AdamW,0.21357796095247542,,,0.00019123414789225934,,,,3,,,0.00108544107813098,,PRUNED
1577,1577,43.75,2025-05-25 20:28:56.503587,2025-05-25 20:29:07.940438,0 days 00:00:11.436851,AdamW,0.22604267570969164,,,0.00012198091376131156,,,,1,,,0.0030661055113143116,,PRUNED
1578,1578,33.333333333333336,2025-05-25 20:29:07.993487,2025-05-25 20:29:19.568436,0 days 00:00:11.574949,AdamW,0.1260693567643855,,,9.618438846798769e-05,,,,2,,,0.00031216403092962684,,PRUNED
1579,1579,83.33333333333333,2025-05-25 20:29:19.622238,2025-05-25 20:29:40.648401,0 days 00:00:21.026163,AdamW,0.24451104139712576,,,0.00024053763635479723,,,,4,,,0.0018812441332372641,,COMPLETE
1580,1580,33.333333333333336,2025-05-25 20:29:40.710489,2025-05-25 20:29:52.114223,0 days 00:00:11.403734,AdamW,0.2520809262795339,,,0.000327652048894615,,,,4,,,0.001366834101079813,,PRUNED
1581,1581,33.333333333333336,2025-05-25 20:29:52.167452,2025-05-25 20:30:03.627347,0 days 00:00:11.459895,AdamW,0.24583532488242846,,,0.00027368794868038105,,,,3,,,0.0018840299237310658,,PRUNED
1582,1582,33.333333333333336,2025-05-25 20:30:03.679985,2025-05-25 20:30:15.132506,0 days 00:00:11.452521,AdamW,0.26049171820433753,,,0.00025068007290560953,,,,3,,,0.0017174486228043523,,PRUNED
1583,1583,,2025-05-25 20:30:15.184734,2025-05-25 20:30:25.972850,0 days 00:00:10.788116,SGD,0.24272304353471386,,,,2.667707476551737e-05,15.100526253367136,False,3,,,,8.126779839314437,PRUNED
1584,1584,33.333333333333336,2025-05-25 20:30:26.024220,2025-05-25 20:30:37.438735,0 days 00:00:11.414515,AdamW,0.23748556089647072,,,0.000293565325252269,,,,3,,,0.00036021453258826757,,PRUNED
1585,1585,33.333333333333336,2025-05-25 20:30:37.491176,2025-05-25 20:30:48.756757,0 days 00:00:11.265581,AdamW,0.25496267227300756,,,0.0003141607514130418,,,,4,,,0.0023792781780457442,,PRUNED
1586,1586,33.333333333333336,2025-05-25 20:30:48.823883,2025-05-25 20:31:00.058285,0 days 00:00:11.234402,AdamW,0.24561542454409424,,,0.00037359189095057725,,,,4,,,0.002124308656011338,,PRUNED
1587,1587,33.333333333333336,2025-05-25 20:31:00.109000,2025-05-25 20:31:11.086515,0 days 00:00:10.977515,AdamW,0.23427022405729225,,,0.0002346254862758365,,,,4,,,0.0004775588960731335,,PRUNED
1588,1588,33.333333333333336,2025-05-25 20:31:11.137003,2025-05-25 20:31:22.347120,0 days 00:00:11.210117,AdamW,0.26803453814979294,,,0.0002609235271178755,,,,4,,,0.0005969262924867883,,PRUNED
1589,1589,33.333333333333336,2025-05-25 20:31:22.396015,2025-05-25 20:31:33.432573,0 days 00:00:11.036558,Adam,0.25904054352226347,,0.017294914385762854,,,,,4,,2.965603646681218,,,PRUNED
1590,1590,33.333333333333336,2025-05-25 20:31:33.482969,2025-05-25 20:31:44.635225,0 days 00:00:11.152256,AdamW,0.23994686867886833,,,0.00034459110633988297,,,,4,,,0.0004224437199884556,,PRUNED
1591,1591,33.333333333333336,2025-05-25 20:31:44.686569,2025-05-25 20:31:55.853456,0 days 00:00:11.166887,AdamW,0.24642420169142318,,,0.00021666026560590657,,,,4,,,0.0026550178461418102,,PRUNED
1592,1592,33.333333333333336,2025-05-25 20:31:55.904612,2025-05-25 20:32:06.874113,0 days 00:00:10.969501,Adadelta,0.2293234543654464,2.6900732773886924,,,,,,4,0.2635680468204153,,,,PRUNED
1593,1593,64.58333333333333,2025-05-25 20:32:06.927376,2025-05-25 20:32:25.508037,0 days 00:00:18.580661,AdamW,0.2527035032611776,,,0.00025709225699483773,,,,4,,,0.002886616967520075,,PRUNED
1594,1594,33.333333333333336,2025-05-25 20:32:25.559566,2025-05-25 20:32:36.795922,0 days 00:00:11.236356,AdamW,0.23185555202379654,,,0.00047049553599910136,,,,4,,,0.0006604190446306788,,PRUNED
1595,1595,37.5,2025-05-25 20:32:36.847467,2025-05-25 20:32:47.002358,0 days 00:00:10.154891,AdamW,0.27174799281254514,,,1.0124328579597382e-05,,,,6,,,0.0005214466397875724,,PRUNED
1596,1596,37.5,2025-05-25 20:32:47.049430,2025-05-25 20:32:58.373748,0 days 00:00:11.324318,AdamW,0.26144492753840753,,,0.00022286371068362017,,,,3,,,0.003337524478338989,,PRUNED
1597,1597,47.916666666666664,2025-05-25 20:32:58.613641,2025-05-25 20:33:09.778362,0 days 00:00:11.164721,AdamW,0.24232998880100526,,,0.00026021399024910426,,,,4,,,0.0037664622099721225,,PRUNED
1598,1598,62.5,2025-05-25 20:33:09.832252,2025-05-25 20:33:24.916778,0 days 00:00:15.084526,AdamW,0.2340605139549525,,,0.00020394034353431973,,,,3,,,0.0019590611474702016,,PRUNED
1599,1599,33.333333333333336,2025-05-25 20:33:24.968321,2025-05-25 20:33:36.176492,0 days 00:00:11.208171,AdamW,0.25641003961989367,,,0.005395132428804024,,,,3,,,0.002208977904910516,,PRUNED
1600,1600,35.416666666666664,2025-05-25 20:33:36.228798,2025-05-25 20:33:47.229080,0 days 00:00:11.000282,AdamW,0.22397113480255762,,,0.0002770150915280705,,,,3,,,0.00040104425273556444,,PRUNED
1601,1601,33.333333333333336,2025-05-25 20:33:47.276844,2025-05-25 20:33:58.348000,0 days 00:00:11.071156,AdamW,0.21739457038822055,,,0.00020984231314046157,,,,4,,,0.0024688464395084863,,PRUNED
1602,1602,52.083333333333336,2025-05-25 20:33:58.398557,2025-05-25 20:34:09.727991,0 days 00:00:11.329434,AdamW,0.24722619537615553,,,0.0003437425482331197,,,,2,,,0.00044767784446834676,,PRUNED
1603,1603,33.333333333333336,2025-05-25 20:34:09.778394,2025-05-25 20:34:20.912570,0 days 00:00:11.134176,AdamW,0.2729795372752742,,,0.0004112881875895817,,,,5,,,0.003067847914194534,,PRUNED
1604,1604,75.0,2025-05-25 20:34:20.963791,2025-05-25 20:34:42.057876,0 days 00:00:21.094085,AdamW,0.21878425435867507,,,0.0001802268835899481,,,,2,,,0.0005704887936143181,,COMPLETE
1605,1605,33.333333333333336,2025-05-25 20:34:42.114907,2025-05-25 20:34:54.150995,0 days 00:00:12.036088,AdamW,0.21311429596834733,,,0.00023853253784950832,,,,2,,,0.0006480048306775807,,PRUNED
1606,1606,47.916666666666664,2025-05-25 20:34:54.202669,2025-05-25 20:35:06.272541,0 days 00:00:12.069872,AdamW,0.21903784099622534,,,0.00019912608231239886,,,,2,,,0.0006003926786517399,,PRUNED
1607,1607,33.333333333333336,2025-05-25 20:35:06.324279,2025-05-25 20:35:18.289152,0 days 00:00:11.964873,AdamW,0.20728768426587924,,,0.00030271895104498414,,,,2,,,0.0005825917975599317,,PRUNED
1608,1608,,2025-05-25 20:35:18.340741,2025-05-25 20:35:29.058798,0 days 00:00:10.718057,SGD,0.21548266114760486,,,,9.741802102900819e-05,22.018482549077714,True,2,,,,34.99492061363685,PRUNED
1609,1609,35.416666666666664,2025-05-25 20:35:29.108731,2025-05-25 20:35:41.105043,0 days 00:00:11.996312,AdamW,0.20751701741772163,,,0.00024055723825387412,,,,2,,,0.0005717075341726943,,PRUNED
1610,1610,33.333333333333336,2025-05-25 20:35:41.157131,2025-05-25 20:35:53.188474,0 days 00:00:12.031343,AdamW,0.22278677165298827,,,0.00018576940014154204,,,,2,,,0.0006614160567781504,,PRUNED
1611,1611,50.0,2025-05-25 20:35:53.238625,2025-05-25 20:36:05.089925,0 days 00:00:11.851300,AdamW,0.19926682881217744,,,0.0002201281656088582,,,,2,,,0.0005221655358317519,,PRUNED
1612,1612,43.75,2025-05-25 20:36:05.140872,2025-05-25 20:36:17.021358,0 days 00:00:11.880486,AdamW,0.20251472780141835,,,0.00019113514661233736,,,,2,,,0.0005585715654503122,,PRUNED
1613,1613,33.333333333333336,2025-05-25 20:36:17.073152,2025-05-25 20:36:29.146318,0 days 00:00:12.073166,AdamW,0.22864918975361187,,,0.00030440238681819613,,,,2,,,0.0005304029508338096,,PRUNED
1614,1614,31.25,2025-05-25 20:36:29.198603,2025-05-25 20:36:41.001227,0 days 00:00:11.802624,Adam,0.21233050139705242,,0.0001117827076413338,,,,,2,,0.0973021813856242,,,PRUNED
1615,1615,33.333333333333336,2025-05-25 20:36:41.053094,2025-05-25 20:36:52.700730,0 days 00:00:11.647636,AdamW,0.21958559256333232,,,0.00024028655520859466,,,,2,,,0.0008229777103193293,,PRUNED
1616,1616,41.666666666666664,2025-05-25 20:36:52.751983,2025-05-25 20:37:04.325662,0 days 00:00:11.573679,AdamW,0.20212012138175656,,,0.00017026828794065136,,,,2,,,0.0006862357230348566,,PRUNED
1617,1617,37.5,2025-05-25 20:37:04.376753,2025-05-25 20:37:15.950051,0 days 00:00:11.573298,AdamW,0.18984184408819393,,,0.00018268185461668162,,,,2,,,0.000621871962011431,,PRUNED
1618,1618,33.333333333333336,2025-05-25 20:37:16.002646,2025-05-25 20:37:27.611027,0 days 00:00:11.608381,AdamW,0.22621172272025714,,,0.0003015153012768978,,,,2,,,0.0004919972544001679,,PRUNED
1619,1619,33.333333333333336,2025-05-25 20:37:27.661970,2025-05-25 20:37:39.210523,0 days 00:00:11.548553,Adadelta,0.19495007988823523,0.09562231858771529,,,,,,2,0.4582027321863173,,,,PRUNED
1620,1620,33.333333333333336,2025-05-25 20:37:39.261772,2025-05-25 20:37:50.998652,0 days 00:00:11.736880,AdamW,0.2170009172900613,,,0.00020828560833632365,,,,2,,,0.0007352283797077937,,PRUNED
1621,1621,33.333333333333336,2025-05-25 20:37:51.049860,2025-05-25 20:38:02.938544,0 days 00:00:11.888684,AdamW,0.20955018478346601,,,0.00039479542617919,,,,2,,,0.0005639979170655365,,PRUNED
1622,1622,33.333333333333336,2025-05-25 20:38:02.993725,2025-05-25 20:38:14.840330,0 days 00:00:11.846605,AdamW,0.43799504271524586,,,3.9265528526421255e-05,,,,2,,,0.0005066996904123924,,PRUNED
1623,1623,33.333333333333336,2025-05-25 20:38:14.897014,2025-05-25 20:38:26.653147,0 days 00:00:11.756133,AdamW,0.18464706620291282,,,0.0002639172010328413,,,,2,,,0.00046486078236998655,,PRUNED
1624,1624,52.083333333333336,2025-05-25 20:38:26.708167,2025-05-25 20:38:38.153088,0 days 00:00:11.444921,AdamW,0.3745081341577261,,,1.9798748748827512e-05,,,,2,,,0.0005742520155534807,,PRUNED
1625,1625,43.75,2025-05-25 20:38:38.207902,2025-05-25 20:38:49.749223,0 days 00:00:11.541321,AdamW,0.22549500669422898,,,0.00016980197597306996,,,,2,,,0.0004950500933677289,,PRUNED
1626,1626,33.333333333333336,2025-05-25 20:38:49.805032,2025-05-25 20:39:01.665776,0 days 00:00:11.860744,AdamW,0.19623057660424498,,,0.00021362739778664518,,,,2,,,0.0005499963953034043,,PRUNED
1627,1627,45.833333333333336,2025-05-25 20:39:01.721007,2025-05-25 20:39:13.546531,0 days 00:00:11.825524,AdamW,0.20871590468820145,,,0.0001676563545891437,,,,2,,,0.0006416846429776449,,PRUNED
1628,1628,33.333333333333336,2025-05-25 20:39:13.600697,2025-05-25 20:39:25.424856,0 days 00:00:11.824159,AdamW,0.2208725658707217,,,0.0003566793022330345,,,,3,,,0.0004760664016733474,,PRUNED
1629,1629,50.0,2025-05-25 20:39:25.480625,2025-05-25 20:39:37.370979,0 days 00:00:11.890354,AdamW,0.2005828730572811,,,5.926085242788923e-05,,,,2,,,0.0004249957572176068,,PRUNED
1630,1630,33.333333333333336,2025-05-25 20:39:37.425158,2025-05-25 20:39:49.301251,0 days 00:00:11.876093,AdamW,0.29460195994048877,,,0.000265630830423183,,,,3,,,0.0005275504140565448,,PRUNED
1631,1631,29.166666666666668,2025-05-25 20:39:49.342887,2025-05-25 20:40:01.248312,0 days 00:00:11.905425,AdamW,0.18281160585411335,,,0.00022777667045777153,,,,2,,,0.00036052736175068016,,PRUNED
1632,1632,45.833333333333336,2025-05-25 20:40:01.303843,2025-05-25 20:40:13.286431,0 days 00:00:11.982588,AdamW,0.22931190283435746,,,0.0001734215521791538,,,,2,,,0.0006013149244359019,,PRUNED
1633,1633,43.75,2025-05-25 20:40:13.341197,2025-05-25 20:40:25.101371,0 days 00:00:11.760174,AdamW,0.21055996923439335,,,7.451248174394642e-05,,,,3,,,0.0007530428283620466,,PRUNED
1634,1634,39.583333333333336,2025-05-25 20:40:25.155955,2025-05-25 20:40:36.846377,0 days 00:00:11.690422,AdamW,0.1902659312770583,,,0.00014751901365920079,,,,2,,,0.00046326481602903895,,PRUNED
1635,1635,33.333333333333336,2025-05-25 20:40:36.900722,2025-05-25 20:40:48.574342,0 days 00:00:11.673620,AdamW,0.3574139244840715,,,0.0007433460587477756,,,,3,,,0.0003923912621779034,,PRUNED
1636,1636,,2025-05-25 20:40:48.629039,2025-05-25 20:40:59.269396,0 days 00:00:10.640357,SGD,0.3396471250111957,,,,0.0022908632739509723,69.62541539017326,False,2,,,,1.4695770022590358,PRUNED
1637,1637,45.833333333333336,2025-05-25 20:40:59.322269,2025-05-25 20:41:10.594119,0 days 00:00:11.271850,AdamW,0.17594506416519645,,,0.0002182041985967222,,,,6,,,0.0005158384333102132,,PRUNED
1638,1638,33.333333333333336,2025-05-25 20:41:10.644694,2025-05-25 20:41:22.621264,0 days 00:00:11.976570,AdamW,0.2327703578702965,,,0.047811373718663785,,,,0,,,0.0004192236458421023,,PRUNED
1639,1639,33.333333333333336,2025-05-25 20:41:22.675761,2025-05-25 20:41:34.521383,0 days 00:00:11.845622,Adam,0.310271885170987,,0.0002497426761769613,,,,,3,,6.529202891337881,,,PRUNED
1640,1640,39.583333333333336,2025-05-25 20:41:34.761823,2025-05-25 20:41:46.542961,0 days 00:00:11.781138,AdamW,0.44667828717679503,,,5.4398499602870206e-05,,,,4,,,0.003633688302680273,,PRUNED
1641,1641,33.333333333333336,2025-05-25 20:41:46.597194,2025-05-25 20:41:58.553240,0 days 00:00:11.956046,AdamW,0.20237271826441922,,,0.0001881292067444139,,,,0,,,0.00028336541470231074,,PRUNED
1642,1642,43.75,2025-05-25 20:41:58.607286,2025-05-25 20:42:10.722499,0 days 00:00:12.115213,AdamW,0.2192204006249611,,,0.0003022278861697592,,,,2,,,0.00046020167503367743,,PRUNED
1643,1643,33.333333333333336,2025-05-25 20:42:10.777082,2025-05-25 20:42:22.517019,0 days 00:00:11.739937,Adadelta,0.19082973210329846,4.358627060989723,,,,,,2,0.01567440534283155,,,,PRUNED
1644,1644,33.333333333333336,2025-05-25 20:42:22.572180,2025-05-25 20:42:34.451436,0 days 00:00:11.879256,AdamW,0.2358845423050647,,,0.0004899753778268524,,,,0,,,0.0003404753431480971,,PRUNED
1645,1645,37.5,2025-05-25 20:42:34.505546,2025-05-25 20:42:46.060786,0 days 00:00:11.555240,AdamW,0.2155665974461832,,,0.0001557424663300804,,,,2,,,0.001159020134405508,,PRUNED
1646,1646,33.333333333333336,2025-05-25 20:42:46.115742,2025-05-25 20:42:57.719496,0 days 00:00:11.603754,AdamW,0.17877703300677067,,,6.530449735843628e-05,,,,3,,,0.0005965980527759124,,PRUNED
1647,1647,33.333333333333336,2025-05-25 20:42:57.775966,2025-05-25 20:43:09.222772,0 days 00:00:11.446806,AdamW,0.2056859693368401,,,0.0001456787140739898,,,,0,,,0.00037783985277795837,,PRUNED
1648,1648,33.333333333333336,2025-05-25 20:43:09.276912,2025-05-25 20:43:21.037255,0 days 00:00:11.760343,AdamW,0.4199325855157598,,,0.0022940974627944054,,,,2,,,0.0005480549727433684,,PRUNED
1649,1649,39.583333333333336,2025-05-25 20:43:21.091600,2025-05-25 20:43:32.740562,0 days 00:00:11.648962,AdamW,0.47066151262609185,,,8.269012796876159e-05,,,,2,,,0.00048991950219663,,PRUNED
1650,1650,33.333333333333336,2025-05-25 20:43:32.794536,2025-05-25 20:43:44.456610,0 days 00:00:11.662074,AdamW,0.19644108713394814,,,0.00023341120198593204,,,,3,,,0.0035232488007250888,,PRUNED
1651,1651,41.666666666666664,2025-05-25 20:43:44.519026,2025-05-25 20:43:56.064160,0 days 00:00:11.545134,AdamW,0.23315597472401586,,,0.00017152624833934442,,,,0,,,0.0004303446747447229,,PRUNED
1652,1652,33.333333333333336,2025-05-25 20:43:56.113220,2025-05-25 20:44:07.493126,0 days 00:00:11.379906,AdamW,0.3020904128465914,,,0.00012751231135593765,,,,2,,,0.0006927255131396527,,PRUNED
1653,1653,52.083333333333336,2025-05-25 20:44:07.540143,2025-05-25 20:44:19.162185,0 days 00:00:11.622042,AdamW,0.21387676884751006,,,0.00019516805239109042,,,,0,,,0.003178270110559648,,PRUNED
1654,1654,45.833333333333336,2025-05-25 20:44:19.214094,2025-05-25 20:44:31.052321,0 days 00:00:11.838227,AdamW,0.2820161693643364,,,0.00026352397170726125,,,,5,,,0.0003118675796241152,,PRUNED
1655,1655,37.5,2025-05-25 20:44:31.103245,2025-05-25 20:44:42.966411,0 days 00:00:11.863166,AdamW,0.1854526353948206,,,8.174507193276986e-05,,,,3,,,0.00045210352383936883,,PRUNED
1656,1656,,2025-05-25 20:44:43.017570,2025-05-25 20:44:53.823149,0 days 00:00:10.805579,SGD,0.4038287739036401,,,,0.0002740660322167067,26.703332546637597,True,2,,,,22.065962603294576,PRUNED
1657,1657,43.75,2025-05-25 20:44:53.873503,2025-05-25 20:45:05.622334,0 days 00:00:11.748831,AdamW,0.193069874463182,,,0.00010629781888073564,,,,4,,,0.0003995741426503396,,PRUNED
1658,1658,43.75,2025-05-25 20:45:05.674255,2025-05-25 20:45:17.471884,0 days 00:00:11.797629,AdamW,0.22402749069875197,,,4.668950899199359e-05,,,,0,,,0.000510894856125992,,PRUNED
1659,1659,33.333333333333336,2025-05-25 20:45:17.523341,2025-05-25 20:45:29.322027,0 days 00:00:11.798686,AdamW,0.20420101198278243,,,0.00014572595573006332,,,,2,,,0.004078549364031236,,PRUNED
1660,1660,33.333333333333336,2025-05-25 20:45:29.374426,2025-05-25 20:45:41.041675,0 days 00:00:11.667249,AdamW,0.16911500946675284,,,0.00036011286053634937,,,,2,,,0.00286399852754304,,PRUNED
1661,1661,22.916666666666668,2025-05-25 20:45:41.093105,2025-05-25 20:45:52.198676,0 days 00:00:11.105571,AdamW,0.23838713444892703,,,6.762824390307768e-05,,,,8,,,0.0006191304687526634,,PRUNED
1662,1662,33.333333333333336,2025-05-25 20:45:52.245886,2025-05-25 20:46:04.069671,0 days 00:00:11.823785,Adam,0.22135201341209504,,3.580122424557042e-05,,,,,3,,0.010023509565651375,,,PRUNED
1663,1663,33.333333333333336,2025-05-25 20:46:04.121367,2025-05-25 20:46:15.807987,0 days 00:00:11.686620,AdamW,0.32335547048650115,,,0.00019436447798202937,,,,0,,,0.0005421022155431099,,PRUNED
1664,1664,50.0,2025-05-25 20:46:15.860404,2025-05-25 20:46:27.654061,0 days 00:00:11.793657,AdamW,0.18253568737082423,,,9.076428157967749e-05,,,,2,,,0.0031595337166351275,,PRUNED
1665,1665,33.333333333333336,2025-05-25 20:46:27.708700,2025-05-25 20:46:39.606956,0 days 00:00:11.898256,AdamW,0.3841031222420808,,,0.00012217264473956497,,,,0,,,0.0003485787675534137,,PRUNED
1666,1666,33.333333333333336,2025-05-25 20:46:39.662772,2025-05-25 20:46:51.265089,0 days 00:00:11.602317,Adadelta,0.2132743940273342,5.607010365663885,,,,,,2,1.4971249512287017,,,,PRUNED
1667,1667,33.333333333333336,2025-05-25 20:46:51.318254,2025-05-25 20:47:02.785078,0 days 00:00:11.466824,AdamW,0.22845302261616393,,,0.00016122654586640114,,,,4,,,0.0027114556399354946,,PRUNED
1668,1668,33.333333333333336,2025-05-25 20:47:02.838370,2025-05-25 20:47:14.257949,0 days 00:00:11.419579,AdamW,0.45696505208574123,,,0.0002605475753271421,,,,3,,,0.00048030113157150394,,PRUNED
1669,1669,43.75,2025-05-25 20:47:14.312016,2025-05-25 20:47:25.822225,0 days 00:00:11.510209,AdamW,0.19716122020861543,,,7.99972337065597e-05,,,,0,,,0.0008648946620836761,,PRUNED
1670,1670,52.083333333333336,2025-05-25 20:47:25.876640,2025-05-25 20:47:37.247769,0 days 00:00:11.371129,AdamW,0.4842845448943059,,,9.584042413886387e-05,,,,2,,,0.0003785555977004341,,PRUNED
1671,1671,45.833333333333336,2025-05-25 20:47:37.301334,2025-05-25 20:47:48.715073,0 days 00:00:11.413739,AdamW,0.17347140391447977,,,0.0001370304243477819,,,,2,,,0.0034618526492106107,,PRUNED
1672,1672,35.416666666666664,2025-05-25 20:47:48.770397,2025-05-25 20:47:59.541460,0 days 00:00:10.771063,AdamW,0.2429309583688968,,,0.00021829513664530718,,,,0,,,0.00041511051072880127,,PRUNED
1673,1673,33.333333333333336,2025-05-25 20:47:59.595479,2025-05-25 20:48:11.162108,0 days 00:00:11.566629,AdamW,0.20619682709095735,,,0.00032494902616862244,,,,3,,,0.00291764371297711,,PRUNED
1674,1674,41.666666666666664,2025-05-25 20:48:11.216118,2025-05-25 20:48:22.533622,0 days 00:00:11.317504,AdamW,0.22385814020993366,,,0.00011110487883528784,,,,2,,,0.0005693036373088261,,PRUNED
1675,1675,52.083333333333336,2025-05-25 20:48:22.586416,2025-05-25 20:48:33.803502,0 days 00:00:11.217086,AdamW,0.289228545108516,,,0.0001850444009398848,,,,3,,,0.0003170934306184229,,PRUNED
1676,1676,35.416666666666664,2025-05-25 20:48:33.855340,2025-05-25 20:48:45.137939,0 days 00:00:11.282599,AdamW,0.18806706385572133,,,7.290217154835061e-05,,,,5,,,0.00043201176923329435,,PRUNED
1677,1677,33.333333333333336,2025-05-25 20:48:45.189934,2025-05-25 20:48:56.658259,0 days 00:00:11.468325,AdamW,0.240350797841779,,,0.00014002366551745633,,,,0,,,0.00019651801004879046,,PRUNED
1678,1678,31.25,2025-05-25 20:48:56.710347,2025-05-25 20:49:07.755223,0 days 00:00:11.044876,AdamW,0.43263712727884224,,,0.00010755167448725952,,,,2,,,0.0026345960850129983,,PRUNED
1679,1679,33.333333333333336,2025-05-25 20:49:07.802087,2025-05-25 20:49:19.006653,0 days 00:00:11.204566,AdamW,0.19808026359867237,,,0.0002891885340490392,,,,3,,,0.0005222518743819154,,PRUNED
1680,1680,,2025-05-25 20:49:19.054126,2025-05-25 20:49:29.444805,0 days 00:00:10.390679,SGD,0.3497292361168929,,,,0.005001739384278546,61.938273146291266,False,2,,,,0.9814589303520115,PRUNED
1681,1681,33.333333333333336,2025-05-25 20:49:29.494150,2025-05-25 20:49:41.067443,0 days 00:00:11.573293,AdamW,0.17764971476699423,,,8.522126216799704e-05,,,,0,,,0.000446862559870649,,PRUNED
1682,1682,39.583333333333336,2025-05-25 20:49:41.120321,2025-05-25 20:49:52.704343,0 days 00:00:11.584022,AdamW,0.21383475393849882,,,0.00016413908757352652,,,,4,,,0.004409584200697773,,PRUNED
1683,1683,37.5,2025-05-25 20:49:52.754815,2025-05-25 20:50:04.171029,0 days 00:00:11.416214,AdamW,0.23206624260458933,,,5.622193131028137e-05,,,,2,,,0.0031428104623906954,,PRUNED
1684,1684,41.666666666666664,2025-05-25 20:50:04.221624,2025-05-25 20:50:15.537267,0 days 00:00:11.315643,AdamW,0.33408269229290133,,,0.00021521842524197362,,,,2,,,0.0003543017890758718,,PRUNED
1685,1685,54.166666666666664,2025-05-25 20:50:15.591395,2025-05-25 20:50:26.424196,0 days 00:00:10.832801,AdamW,0.16777763081268188,,,0.00013388406754811954,,,,6,,,0.0006433762166982032,,PRUNED
1686,1686,35.416666666666664,2025-05-25 20:50:26.474011,2025-05-25 20:50:37.590443,0 days 00:00:11.116432,AdamW,0.205402426855372,,,9.530583323755275e-05,,,,0,,,0.0028418688025048247,,PRUNED
1687,1687,33.333333333333336,2025-05-25 20:50:37.646759,2025-05-25 20:50:48.937610,0 days 00:00:11.290851,AdamW,0.3979107461288039,,,0.019166769613276607,,,,3,,,0.0004812580087985953,,PRUNED
1688,1688,33.333333333333336,2025-05-25 20:50:48.988973,2025-05-25 20:51:00.163399,0 days 00:00:11.174426,Adam,0.3714631823987129,,0.09939044585478217,,,,,2,,1.4816680783624019,,,PRUNED
1689,1689,33.333333333333336,2025-05-25 20:51:00.214451,2025-05-25 20:51:11.238168,0 days 00:00:11.023717,AdamW,0.25037141132281193,,,0.00012059124514179197,,,,0,,,0.0012674257278337082,,PRUNED
1690,1690,41.666666666666664,2025-05-25 20:51:11.289629,2025-05-25 20:51:22.205424,0 days 00:00:10.915795,Adadelta,0.21861759727930852,0.4501774161810997,,,,,,3,29.689121955822692,,,,PRUNED
1691,1691,37.5,2025-05-25 20:51:22.252715,2025-05-25 20:51:32.788521,0 days 00:00:10.535806,AdamW,0.19014707833681813,,,0.00024257136663512836,,,,7,,,0.00038165622539014884,,PRUNED
1692,1692,33.333333333333336,2025-05-25 20:51:32.832123,2025-05-25 20:51:44.036796,0 days 00:00:11.204673,AdamW,0.23600882546736088,,,6.668042727905744e-05,,,,2,,,0.00011575155448847167,,PRUNED
1693,1693,33.333333333333336,2025-05-25 20:51:44.087152,2025-05-25 20:51:55.356086,0 days 00:00:11.268934,AdamW,0.2822627675569989,,,0.0004011644678997053,,,,0,,,0.0034992474132403916,,PRUNED
1694,1694,33.333333333333336,2025-05-25 20:51:55.408551,2025-05-25 20:52:06.535198,0 days 00:00:11.126647,AdamW,0.2662400930880535,,,0.00017182126159878856,,,,2,,,0.002539018083943924,,PRUNED
1695,1695,33.333333333333336,2025-05-25 20:52:06.591017,2025-05-25 20:52:17.617054,0 days 00:00:11.026037,AdamW,0.22566970263290806,,,0.00011249272062719662,,,,4,,,0.0005952827408204124,,PRUNED
1696,1696,33.333333333333336,2025-05-25 20:52:17.671514,2025-05-25 20:52:28.748313,0 days 00:00:11.076799,AdamW,0.18076975994249928,,,0.00014686796156843123,,,,2,,,0.0004081702256633558,,PRUNED
1697,1697,37.5,2025-05-25 20:52:28.800410,2025-05-25 20:52:39.821399,0 days 00:00:11.020989,AdamW,0.19895289493841287,,,8.328963887745685e-05,,,,0,,,0.0005533178874190749,,PRUNED
1698,1698,66.66666666666667,2025-05-25 20:52:39.873595,2025-05-25 20:52:54.717319,0 days 00:00:14.843724,AdamW,0.315458738987403,,,0.00020272828027255308,,,,3,,,0.0004925627158760506,,PRUNED
1699,1699,33.333333333333336,2025-05-25 20:52:54.770052,2025-05-25 20:53:06.131132,0 days 00:00:11.361080,AdamW,0.412439537733953,,,9.361004626056154e-05,,,,2,,,0.0028494490421262777,,PRUNED
1700,1700,33.333333333333336,2025-05-25 20:53:06.181823,2025-05-25 20:53:17.340865,0 days 00:00:11.159042,AdamW,0.20935560701032704,,,0.00026444896678198127,,,,0,,,0.00382998490705358,,PRUNED
1701,1701,39.583333333333336,2025-05-25 20:53:17.392590,2025-05-25 20:53:28.613930,0 days 00:00:11.221340,AdamW,0.3020593133853616,,,0.00012693893321089254,,,,2,,,0.0025024131179222546,,PRUNED
1702,1702,47.916666666666664,2025-05-25 20:53:28.668812,2025-05-25 20:53:39.787506,0 days 00:00:11.118694,AdamW,0.42728269841797,,,0.0001544206121065616,,,,3,,,0.00045348050777111593,,PRUNED
1703,1703,50.0,2025-05-25 20:53:39.839702,2025-05-25 20:53:50.891173,0 days 00:00:11.051471,AdamW,0.1628005454330912,,,7.132533835661638e-05,,,,0,,,0.0027302935297818373,,PRUNED
1704,1704,33.333333333333336,2025-05-25 20:53:50.943806,2025-05-25 20:54:01.941505,0 days 00:00:10.997699,SGD,0.24716022975253535,,,,0.009102849525658811,9.532496782972139,True,5,,,,0.033640901272419595,PRUNED
1705,1705,50.0,2025-05-25 20:54:01.992061,2025-05-25 20:54:13.080003,0 days 00:00:11.087942,AdamW,0.19108842370867662,,,0.0001870681277300921,,,,2,,,0.0003274815182622472,,PRUNED
1706,1706,37.5,2025-05-25 20:54:13.132933,2025-05-25 20:54:24.283579,0 days 00:00:11.150646,AdamW,0.2350666451353066,,,0.00010525703247832221,,,,2,,,0.0007207875332381298,,PRUNED
1707,1707,33.333333333333336,2025-05-25 20:54:24.330459,2025-05-25 20:54:35.446905,0 days 00:00:11.116446,AdamW,0.22132354566209436,,,0.0003227945518097175,,,,3,,,0.0032490081414055815,,PRUNED
1708,1708,35.416666666666664,2025-05-25 20:54:35.508257,2025-05-25 20:54:46.922194,0 days 00:00:11.413937,AdamW,0.4463193173088509,,,0.00013570881034501714,,,,0,,,0.00039183097792443053,,PRUNED
1709,1709,33.333333333333336,2025-05-25 20:54:46.975350,2025-05-25 20:54:58.163893,0 days 00:00:11.188543,AdamW,0.17133664221988523,,,0.00022402945758462548,,,,2,,,0.0002871637348367543,,PRUNED
1710,1710,33.333333333333336,2025-05-25 20:54:58.214370,2025-05-25 20:55:09.550022,0 days 00:00:11.335652,AdamW,0.20404199387538008,,,0.0005750913489240856,,,,0,,,0.0023805874649881903,,PRUNED
1711,1711,33.333333333333336,2025-05-25 20:55:09.604971,2025-05-25 20:55:20.813401,0 days 00:00:11.208430,AdamW,0.3610080706065197,,,9.944655854598431e-05,,,,2,,,0.0005056447144726956,,PRUNED
1712,1712,33.333333333333336,2025-05-25 20:55:20.866211,2025-05-25 20:55:31.875656,0 days 00:00:11.009445,Adam,0.498595432199428,,0.034722605162528085,,,,,3,,4.219734011663597,,,PRUNED
1713,1713,47.916666666666664,2025-05-25 20:55:31.928008,2025-05-25 20:55:43.203749,0 days 00:00:11.275741,AdamW,0.18218053455799305,,,0.0001718016000659087,,,,0,,,0.002957781240171575,,PRUNED
1714,1714,33.333333333333336,2025-05-25 20:55:43.256657,2025-05-25 20:55:54.273458,0 days 00:00:11.016801,AdamW,0.26111493142007586,,,8.315305754663538e-05,,,,4,,,0.00036209907551403893,,PRUNED
1715,1715,35.416666666666664,2025-05-25 20:55:54.325820,2025-05-25 20:56:05.340453,0 days 00:00:11.014633,Adadelta,0.2413407897406215,0.05046164762103194,,,,,,2,71.56304584717915,,,,PRUNED
1716,1716,33.333333333333336,2025-05-25 20:56:05.387292,2025-05-25 20:56:16.307578,0 days 00:00:10.920286,AdamW,0.21036709737024345,,,0.00011719441139742973,,,,2,,,0.0004508863444084543,,PRUNED
1717,1717,45.833333333333336,2025-05-25 20:56:16.359840,2025-05-25 20:56:27.445877,0 days 00:00:11.086037,AdamW,0.22580532071836906,,,6.300345437177479e-05,,,,2,,,0.0005532754691056158,,PRUNED
1718,1718,52.083333333333336,2025-05-25 20:56:27.497853,2025-05-25 20:56:38.284492,0 days 00:00:10.786639,AdamW,0.2753417151597199,,,0.00024902440376313976,,,,3,,,0.0026346663280232096,,PRUNED
1719,1719,33.333333333333336,2025-05-25 20:56:38.324006,2025-05-25 20:56:49.316530,0 days 00:00:10.992524,AdamW,0.19356328480142934,,,0.000149373705178092,,,,0,,,0.002360917300466931,,PRUNED
1720,1720,39.583333333333336,2025-05-25 20:56:49.368420,2025-05-25 20:57:00.217428,0 days 00:00:10.849008,AdamW,0.24954193751730874,,,0.00018198851863966532,,,,3,,,0.0031561144846288885,,PRUNED
1721,1721,45.833333333333336,2025-05-25 20:57:00.268144,2025-05-25 20:57:10.986939,0 days 00:00:10.718795,AdamW,0.17993464780165963,,,0.0002953972843630312,,,,4,,,0.00041311905458157986,,PRUNED
1722,1722,33.333333333333336,2025-05-25 20:57:11.036855,2025-05-25 20:57:21.705265,0 days 00:00:10.668410,AdamW,0.21373466845582242,,,7.660038489366748e-05,,,,5,,,0.0022218042734013024,,PRUNED
1723,1723,35.416666666666664,2025-05-25 20:57:21.753083,2025-05-25 20:57:32.205717,0 days 00:00:10.452634,AdamW,0.23169872783605436,,,0.00011342859979148004,,,,6,,,0.0006508598266266847,,PRUNED
1724,1724,33.333333333333336,2025-05-25 20:57:32.255254,2025-05-25 20:57:43.167652,0 days 00:00:10.912398,AdamW,0.15926789843371575,,,0.0004685054991877982,,,,2,,,0.0015439456804274775,,PRUNED
1725,1725,33.333333333333336,2025-05-25 20:57:43.219757,2025-05-25 20:57:54.426066,0 days 00:00:11.206309,AdamW,0.2012304345068515,,,5.2509987369446974e-05,,,,0,,,0.0004994213876477067,,PRUNED
1726,1726,39.583333333333336,2025-05-25 20:57:54.464745,2025-05-25 20:58:05.275606,0 days 00:00:10.810861,AdamW,0.17097736863505797,,,0.000100784087472177,,,,2,,,0.0004369660174647019,,PRUNED
1727,1727,41.666666666666664,2025-05-25 20:58:05.331193,2025-05-25 20:58:16.958711,0 days 00:00:11.627518,AdamW,0.18714447131604636,,,0.00013525103353255477,,,,0,,,0.0026315475163961525,,PRUNED
1728,1728,33.333333333333336,2025-05-25 20:58:17.012747,2025-05-25 20:58:28.535982,0 days 00:00:11.523235,AdamW,0.4661059722026931,,,0.00021304304883175735,,,,2,,,0.0036095216581133655,,PRUNED
1729,1729,43.75,2025-05-25 20:58:28.589941,2025-05-25 20:58:40.142884,0 days 00:00:11.552943,AdamW,0.3887367235227943,,,0.00017594316016872826,,,,2,,,0.00037340912386785933,,PRUNED
1730,1730,,2025-05-25 20:58:40.197936,2025-05-25 20:58:50.551000,0 days 00:00:10.353064,SGD,0.2966353777964454,,,,0.02413717217601804,34.33300498631841,False,3,,,,0.4745930687693959,PRUNED
1731,1731,33.333333333333336,2025-05-25 20:58:50.602902,2025-05-25 20:59:02.328419,0 days 00:00:11.725517,AdamW,0.25750059793363894,,,0.00036221965010307553,,,,0,,,0.0006134276150399791,,PRUNED
1732,1732,33.333333333333336,2025-05-25 20:59:02.383534,2025-05-25 20:59:14.090899,0 days 00:00:11.707365,AdamW,0.237041981186186,,,8.952463601922053e-05,,,,2,,,0.00034054636681950636,,PRUNED
1733,1733,39.583333333333336,2025-05-25 20:59:14.139193,2025-05-25 20:59:25.809015,0 days 00:00:11.669822,AdamW,0.22246675281418926,,,0.0001226614272325888,,,,3,,,0.0029224965553423564,,PRUNED
1734,1734,41.666666666666664,2025-05-25 20:59:25.864462,2025-05-25 20:59:37.744721,0 days 00:00:11.880259,AdamW,0.2074018024520252,,,7.443466697628793e-05,,,,0,,,0.002391704080538031,,PRUNED
1735,1735,33.333333333333336,2025-05-25 20:59:37.799478,2025-05-25 20:59:49.560843,0 days 00:00:11.761365,Adam,0.19478943490077139,,0.000514206094244662,,,,,2,,0.028290722222798957,,,PRUNED
1736,1736,33.333333333333336,2025-05-25 20:59:49.615566,2025-05-25 21:00:01.323914,0 days 00:00:11.708348,AdamW,0.21936180493644933,,,0.0001526448525811097,,,,2,,,0.0005369581916806871,,PRUNED
1737,1737,39.583333333333336,2025-05-25 21:00:01.378988,2025-05-25 21:00:13.032460,0 days 00:00:11.653472,AdamW,0.24786118924303582,,,0.00023917245624714627,,,,4,,,0.0004157001371029671,,PRUNED
1738,1738,41.666666666666664,2025-05-25 21:00:13.085788,2025-05-25 21:00:24.770059,0 days 00:00:11.684271,Adadelta,0.2703765093066348,0.029523937084544212,,,,,,0,4.00285426977656,,,,PRUNED
1739,1739,29.166666666666668,2025-05-25 21:00:24.824029,2025-05-25 21:00:36.313991,0 days 00:00:11.489962,AdamW,0.17844495613849967,,,9.659585668781316e-05,,,,2,,,0.004149548396976353,,PRUNED
1740,1740,31.25,2025-05-25 21:00:36.370321,2025-05-25 21:00:47.824421,0 days 00:00:11.454100,AdamW,0.22837580450034003,,,0.00019689613038142338,,,,3,,,0.0004726430100816847,,PRUNED
1741,1741,33.333333333333336,2025-05-25 21:00:47.878360,2025-05-25 21:00:59.679994,0 days 00:00:11.801634,AdamW,0.4762893232610457,,,0.00029021414114110234,,,,0,,,0.0021205636351507317,,PRUNED
1742,1742,35.416666666666664,2025-05-25 21:00:59.734463,2025-05-25 21:01:11.339257,0 days 00:00:11.604794,AdamW,0.21334190400504108,,,0.00011951348188717397,,,,2,,,0.004993686127568,,PRUNED
1743,1743,52.083333333333336,2025-05-25 21:01:11.597011,2025-05-25 21:01:23.180693,0 days 00:00:11.583682,AdamW,0.34408586300884597,,,6.265123573371612e-05,,,,2,,,0.0033976956423575244,,PRUNED
1744,1744,54.166666666666664,2025-05-25 21:01:23.234401,2025-05-25 21:01:34.682445,0 days 00:00:11.448044,AdamW,0.16533907667131645,,,0.00015241534831173764,,,,3,,,0.0003131455095193683,,PRUNED
1745,1745,39.583333333333336,2025-05-25 21:01:34.736138,2025-05-25 21:01:46.338015,0 days 00:00:11.601877,AdamW,0.19871389431811803,,,8.78185206079875e-05,,,,0,,,0.0031147339636466032,,PRUNED
1746,1746,54.166666666666664,2025-05-25 21:01:46.394259,2025-05-25 21:01:59.659443,0 days 00:00:13.265184,AdamW,0.2410661683738983,,,0.00010801590224943933,,,,5,,,0.00058607730528016,,PRUNED
1747,1747,43.75,2025-05-25 21:01:59.707328,2025-05-25 21:02:11.164854,0 days 00:00:11.457526,AdamW,0.2573334569897659,,,0.0001310791395667338,,,,3,,,0.002559675243693084,,PRUNED
1748,1748,33.333333333333336,2025-05-25 21:02:11.213486,2025-05-25 21:02:22.896576,0 days 00:00:11.683090,AdamW,0.2827502159911014,,,0.00020142133601637856,,,,3,,,0.002780371581999727,,PRUNED
1749,1749,41.666666666666664,2025-05-25 21:02:22.959152,2025-05-25 21:02:34.860414,0 days 00:00:11.901262,AdamW,0.45349397919388756,,,0.00016426379393298277,,,,0,,,0.0005122045274686543,,PRUNED
1750,1750,41.666666666666664,2025-05-25 21:02:34.912708,2025-05-25 21:02:47.069161,0 days 00:00:12.156453,AdamW,0.32732067695860306,,,7.792214471483806e-05,,,,2,,,0.0019684257063808824,,PRUNED
1751,1751,43.75,2025-05-25 21:02:47.127668,2025-05-25 21:02:59.145210,0 days 00:00:12.017542,AdamW,0.18987523211323207,,,4.689721422789941e-05,,,,2,,,0.0004565094487884062,,PRUNED
1752,1752,33.333333333333336,2025-05-25 21:02:59.196509,2025-05-25 21:03:11.134314,0 days 00:00:11.937805,AdamW,0.17392149786461594,,,0.00024566258366136073,,,,4,,,0.00039482343828006164,,PRUNED
1753,1753,,2025-05-25 21:03:11.214671,2025-05-25 21:03:22.173510,0 days 00:00:10.958839,SGD,0.20226230661591157,,,,0.0016951475093255149,52.331207296148946,True,0,,,,0.32928323664619696,PRUNED
1754,1754,37.5,2025-05-25 21:03:22.234154,2025-05-25 21:03:34.320682,0 days 00:00:12.086528,AdamW,0.2299833843829955,,,9.778045898933286e-05,,,,2,,,0.002328845111171733,,PRUNED
1755,1755,33.333333333333336,2025-05-25 21:03:34.374061,2025-05-25 21:03:45.837110,0 days 00:00:11.463049,AdamW,0.31149384744105374,,,0.00013463856025257648,,,,6,,,0.003002010339362673,,PRUNED
1756,1756,37.5,2025-05-25 21:03:45.885415,2025-05-25 21:03:57.994921,0 days 00:00:12.109506,AdamW,0.21809714314748022,,,0.00030622720251233986,,,,2,,,0.0009328326029476607,,PRUNED
1757,1757,43.75,2025-05-25 21:03:58.047540,2025-05-25 21:04:10.028444,0 days 00:00:11.980904,AdamW,0.16262677124392635,,,0.00011310967757417428,,,,3,,,0.00024312237988282202,,PRUNED
1758,1758,33.333333333333336,2025-05-25 21:04:10.080936,2025-05-25 21:04:22.444582,0 days 00:00:12.363646,AdamW,0.18741685081591047,,,0.0001738307478070376,,,,0,,,0.0034603980689593404,,PRUNED
1759,1759,33.333333333333336,2025-05-25 21:04:22.497659,2025-05-25 21:04:34.426347,0 days 00:00:11.928688,Adam,0.4370690563902346,,0.0006612013358351355,,,,,2,,0.015911470740666536,,,PRUNED
1760,1760,33.333333333333336,2025-05-25 21:04:34.479960,2025-05-25 21:04:46.477610,0 days 00:00:11.997650,AdamW,0.2441487174897999,,,7.384269438524538e-05,,,,4,,,0.0026226498345610703,,PRUNED
1761,1761,33.333333333333336,2025-05-25 21:04:46.536086,2025-05-25 21:04:58.546233,0 days 00:00:12.010147,AdamW,0.37898934456755484,,,0.00021433807135926966,,,,0,,,0.0017979962930413432,,PRUNED
1762,1762,35.416666666666664,2025-05-25 21:04:58.599413,2025-05-25 21:05:10.353906,0 days 00:00:11.754493,Adadelta,0.2652246189919744,0.014879880308869154,,,,,,3,0.12277583379642446,,,,PRUNED
1763,1763,37.5,2025-05-25 21:05:10.406218,2025-05-25 21:05:22.199812,0 days 00:00:11.793594,AdamW,0.21351795676406723,,,5.783614727433887e-05,,,,2,,,0.0003624246677072252,,PRUNED
1764,1764,33.333333333333336,2025-05-25 21:05:22.241685,2025-05-25 21:05:34.003110,0 days 00:00:11.761425,AdamW,0.2536495038073469,,,0.0003883517007844793,,,,2,,,0.002182248874181963,,PRUNED
1765,1765,41.666666666666664,2025-05-25 21:05:34.059690,2025-05-25 21:05:45.983917,0 days 00:00:11.924227,AdamW,0.19868552025361408,,,0.0001362813820664462,,,,0,,,0.000698880995918836,,PRUNED
1766,1766,29.166666666666668,2025-05-25 21:05:46.041755,2025-05-25 21:05:57.700737,0 days 00:00:11.658982,AdamW,0.29088538438257167,,,8.470820872174993e-05,,,,2,,,0.0005541489675718547,,PRUNED
1767,1767,33.333333333333336,2025-05-25 21:05:57.757546,2025-05-25 21:06:09.670347,0 days 00:00:11.912801,AdamW,0.23546111441229192,,,0.00010788117308380481,,,,0,,,0.003833725903219509,,PRUNED
1768,1768,33.333333333333336,2025-05-25 21:06:09.726150,2025-05-25 21:06:21.322790,0 days 00:00:11.596640,AdamW,0.15658899514767594,,,0.0001601715640369995,,,,5,,,0.0004780663348356046,,PRUNED
1769,1769,33.333333333333336,2025-05-25 21:06:21.378316,2025-05-25 21:06:33.073068,0 days 00:00:11.694752,AdamW,0.20863643621045574,,,0.00023975967788718712,,,,3,,,0.0004276167190644693,,PRUNED
1770,1770,33.333333333333336,2025-05-25 21:06:33.127044,2025-05-25 21:06:44.620240,0 days 00:00:11.493196,AdamW,0.41227445224463494,,,0.00019333012644955435,,,,2,,,0.0007883344564173286,,PRUNED
1771,1771,35.416666666666664,2025-05-25 21:06:44.675820,2025-05-25 21:06:56.251910,0 days 00:00:11.576090,AdamW,0.18282874952602396,,,9.328180512051028e-05,,,,3,,,0.0024554690979765354,,PRUNED
1772,1772,37.5,2025-05-25 21:06:56.306324,2025-05-25 21:07:07.828359,0 days 00:00:11.522035,AdamW,0.22588841022716713,,,0.00012761825447483776,,,,2,,,0.0003349531696937498,,PRUNED
1773,1773,35.416666666666664,2025-05-25 21:07:07.882924,2025-05-25 21:07:19.538841,0 days 00:00:11.655917,AdamW,0.4243501987532744,,,6.69385472041781e-05,,,,0,,,0.002738735998286103,,PRUNED
1774,1774,33.333333333333336,2025-05-25 21:07:19.593931,2025-05-25 21:07:30.994965,0 days 00:00:11.401034,AdamW,0.17247701483039485,,,0.00028070214900249196,,,,2,,,0.0032907492855817864,,PRUNED
1775,1775,33.333333333333336,2025-05-25 21:07:31.050447,2025-05-25 21:07:42.806466,0 days 00:00:11.756019,AdamW,0.48885007209517795,,,0.00010859844234945267,,,,3,,,0.0005215935073102247,,PRUNED
1776,1776,33.333333333333336,2025-05-25 21:07:42.860739,2025-05-25 21:07:54.495435,0 days 00:00:11.634696,AdamW,0.39738395143113037,,,0.0001592916640752976,,,,0,,,0.0003855264235591173,,PRUNED
1777,1777,,2025-05-25 21:07:54.549957,2025-05-25 21:08:04.819547,0 days 00:00:10.269590,SGD,0.36738238189292804,,,,3.986194186576453e-05,74.35905200695551,False,2,,,,95.50540458923145,PRUNED
1778,1778,31.25,2025-05-25 21:08:04.872812,2025-05-25 21:08:16.498942,0 days 00:00:11.626130,AdamW,0.278388521394946,,,8.732670754759774e-05,,,,1,,,0.0006284544163456782,,PRUNED
1779,1779,33.333333333333336,2025-05-25 21:08:16.556133,2025-05-25 21:08:28.244659,0 days 00:00:11.688526,AdamW,0.19611330205503283,,,0.0003481433311757257,,,,1,,,0.0021960124808974055,,PRUNED
1780,1780,54.166666666666664,2025-05-25 21:08:28.300091,2025-05-25 21:08:39.679017,0 days 00:00:11.378926,AdamW,0.24379044082892135,,,0.00013851002398712698,,,,2,,,0.00026794082901339015,,PRUNED
1781,1781,33.333333333333336,2025-05-25 21:08:39.734565,2025-05-25 21:08:51.498038,0 days 00:00:11.763473,AdamW,0.21758342646788328,,,0.0002052143513291547,,,,0,,,0.0016828849464284785,,PRUNED
1782,1782,43.75,2025-05-25 21:08:51.554988,2025-05-25 21:09:03.479213,0 days 00:00:11.924225,AdamW,0.18348512481494472,,,0.00010277572830561742,,,,1,,,0.002903735024634857,,PRUNED
1783,1783,33.333333333333336,2025-05-25 21:09:03.535582,2025-05-25 21:09:15.106749,0 days 00:00:11.571167,Adam,0.22735112068795083,,3.069522351181756e-05,,,,,3,,0.444127192726355,,,PRUNED
1784,1784,33.333333333333336,2025-05-25 21:09:15.160967,2025-05-25 21:09:26.757835,0 days 00:00:11.596868,AdamW,0.2532536337906726,,,0.00012109885358556288,,,,4,,,0.0024163301496903686,,PRUNED
1785,1785,37.5,2025-05-25 21:09:26.813619,2025-05-25 21:09:38.325805,0 days 00:00:11.512186,AdamW,0.3537240335914609,,,7.39544042240405e-05,,,,1,,,0.00045928035639920817,,PRUNED
1786,1786,37.5,2025-05-25 21:09:38.380612,2025-05-25 21:09:49.795389,0 days 00:00:11.414777,Adadelta,0.26603287345939697,0.2394842043535146,,,,,,2,13.574048880350558,,,,PRUNED
1787,1787,33.333333333333336,2025-05-25 21:09:49.849498,2025-05-25 21:10:01.576279,0 days 00:00:11.726781,AdamW,0.20171039927186174,,,0.00017501975038931777,,,,0,,,0.002000581143137855,,PRUNED
1788,1788,41.666666666666664,2025-05-25 21:10:01.633433,2025-05-25 21:10:13.011947,0 days 00:00:11.378514,AdamW,0.23912063274116913,,,0.00025739617513413583,,,,2,,,0.0005901545041799796,,PRUNED
1789,1789,33.333333333333336,2025-05-25 21:10:13.066318,2025-05-25 21:10:24.524327,0 days 00:00:11.458009,AdamW,0.2110976698834145,,,0.00014201804035503734,,,,3,,,0.00042282724859883875,,PRUNED
1790,1790,33.333333333333336,2025-05-25 21:10:24.577809,2025-05-25 21:10:35.986250,0 days 00:00:11.408441,AdamW,0.1739608608215922,,,0.00044718578063869855,,,,0,,,0.003178953005348127,,PRUNED
1791,1791,47.916666666666664,2025-05-25 21:10:36.043865,2025-05-25 21:10:47.756518,0 days 00:00:11.712653,AdamW,0.19145204148886527,,,9.20830454682406e-05,,,,2,,,0.0005027654519417287,,PRUNED
1792,1792,33.333333333333336,2025-05-25 21:10:47.811921,2025-05-25 21:10:59.676397,0 days 00:00:11.864476,AdamW,0.15844596918197973,,,0.00022770689241577828,,,,5,,,0.0026673762028264895,,PRUNED
1793,1793,33.333333333333336,2025-05-25 21:10:59.731259,2025-05-25 21:11:11.394624,0 days 00:00:11.663365,AdamW,0.23163308962530071,,,0.00015846000423393576,,,,1,,,0.00029273266411180274,,PRUNED
1794,1794,52.083333333333336,2025-05-25 21:11:11.450254,2025-05-25 21:11:23.190281,0 days 00:00:11.740027,AdamW,0.33219084072501875,,,5.772234509037194e-05,,,,1,,,0.006395233042932346,,PRUNED
1795,1795,37.5,2025-05-25 21:11:23.246159,2025-05-25 21:11:34.859599,0 days 00:00:11.613440,AdamW,0.2202718472377964,,,0.00010423191024203715,,,,2,,,0.00037475450869053055,,PRUNED
1796,1796,33.333333333333336,2025-05-25 21:11:34.913866,2025-05-25 21:11:46.566217,0 days 00:00:11.652351,AdamW,0.2051626933945303,,,0.00018685662228292162,,,,0,,,0.003688976151131453,,PRUNED
1797,1797,35.416666666666664,2025-05-25 21:11:46.620635,2025-05-25 21:11:58.187112,0 days 00:00:11.566477,AdamW,0.24968871114578625,,,0.00012191546429172746,,,,4,,,0.0022792040135941093,,PRUNED
1798,1798,39.583333333333336,2025-05-25 21:11:58.245860,2025-05-25 21:12:09.869247,0 days 00:00:11.623387,AdamW,0.16820620768834213,,,7.960141598034092e-05,,,,2,,,0.0005471210900969849,,PRUNED
1799,1799,33.333333333333336,2025-05-25 21:12:09.924176,2025-05-25 21:12:21.573788,0 days 00:00:11.649612,AdamW,0.18641942292031488,,,0.0003022978983757911,,,,1,,,0.0030532331589783294,,PRUNED
1800,1800,33.333333333333336,2025-05-25 21:12:21.628654,2025-05-25 21:12:33.543709,0 days 00:00:11.915055,AdamW,0.3196517800000747,,,0.0001464263762475452,,,,0,,,0.00045601241757865297,,PRUNED
1801,1801,,2025-05-25 21:12:33.600211,2025-05-25 21:12:43.891039,0 days 00:00:10.290828,SGD,0.3042451177881499,,,,0.03401877386860382,19.653381600975006,True,2,,,,4.212612459277283,PRUNED
1802,1802,33.333333333333336,2025-05-25 21:12:43.945281,2025-05-25 21:12:55.590447,0 days 00:00:11.645166,AdamW,0.23737722698796127,,,0.00018892338903375225,,,,3,,,0.0003388895621889486,,PRUNED
1803,1803,41.666666666666664,2025-05-25 21:12:55.644818,2025-05-25 21:13:07.191651,0 days 00:00:11.546833,AdamW,0.21081531780304186,,,6.68230430281544e-05,,,,3,,,0.002483882183098821,,PRUNED
1804,1804,37.5,2025-05-25 21:13:07.248960,2025-05-25 21:13:18.733767,0 days 00:00:11.484807,AdamW,0.27612245164562105,,,0.00011794575589279494,,,,2,,,0.0027610508280517736,,PRUNED
1805,1805,47.916666666666664,2025-05-25 21:13:18.789785,2025-05-25 21:13:30.301773,0 days 00:00:11.511988,AdamW,0.19209536731593757,,,8.7627259962971e-05,,,,1,,,0.00040206729167814495,,PRUNED
1806,1806,29.166666666666668,2025-05-25 21:13:30.356438,2025-05-25 21:13:40.666504,0 days 00:00:10.310066,AdamW,0.2647081656609912,,,4.122331265829481e-05,,,,7,,,0.0020614683838746694,,PRUNED
1807,1807,33.333333333333336,2025-05-25 21:13:40.715921,2025-05-25 21:13:52.177695,0 days 00:00:11.461774,Adam,0.17843440946487887,,0.015009104503848568,,,,,0,,0.2159659439855574,,,PRUNED
1808,1808,37.5,2025-05-25 21:13:52.238347,2025-05-25 21:14:03.603878,0 days 00:00:11.365531,AdamW,0.4581912355943382,,,0.0002450096510714243,,,,2,,,0.0005029227184586491,,PRUNED
1809,1809,33.333333333333336,2025-05-25 21:14:03.853936,2025-05-25 21:14:15.389339,0 days 00:00:11.535403,AdamW,0.2242026333169709,,,0.00010615283679774658,,,,1,,,0.0018649095982925165,,PRUNED
1810,1810,33.333333333333336,2025-05-25 21:14:15.450723,2025-05-25 21:14:26.822450,0 days 00:00:11.371727,AdamW,0.15174780536726193,,,0.00015146151432116268,,,,4,,,0.0034309064239586816,,PRUNED
1811,1811,33.333333333333336,2025-05-25 21:14:26.876591,2025-05-25 21:14:38.362599,0 days 00:00:11.486008,AdamW,0.20451562229910997,,,0.00021937297741292242,,,,0,,,0.0005900308853818791,,PRUNED
1812,1812,35.416666666666664,2025-05-25 21:14:38.418416,2025-05-25 21:14:49.738264,0 days 00:00:11.319848,Adadelta,0.25792649174861626,3.2727160456530644,,,,,,5,22.293618312723044,,,,PRUNED
1813,1813,33.333333333333336,2025-05-25 21:14:49.792112,2025-05-25 21:15:01.214109,0 days 00:00:11.421997,AdamW,0.24449584013134257,,,0.00012819160365565397,,,,2,,,0.002265305183247435,,PRUNED
1814,1814,33.333333333333336,2025-05-25 21:15:01.268864,2025-05-25 21:15:12.686394,0 days 00:00:11.417530,AdamW,0.21612769081393746,,,8.576727271481401e-05,,,,3,,,0.004416526692916431,,PRUNED
1815,1815,47.916666666666664,2025-05-25 21:15:12.741203,2025-05-25 21:15:24.236553,0 days 00:00:11.495350,AdamW,0.19511484543734942,,,0.00034971639774719366,,,,2,,,0.0004332300449036415,,PRUNED
1816,1816,33.333333333333336,2025-05-25 21:15:24.291154,2025-05-25 21:15:35.955670,0 days 00:00:11.664516,AdamW,0.16669689354122147,,,0.00018575371799713712,,,,1,,,0.0025768612148964827,,PRUNED
1817,1817,33.333333333333336,2025-05-25 21:15:36.012162,2025-05-25 21:15:47.088309,0 days 00:00:11.076147,AdamW,0.2936109290627566,,,6.933070933926478e-05,,,,0,,,0.0029486460033815803,,PRUNED
1818,1818,39.583333333333336,2025-05-25 21:15:47.139011,2025-05-25 21:15:58.338596,0 days 00:00:11.199585,AdamW,0.22929300171117695,,,0.00010045611600634128,,,,2,,,0.0004703371206680733,,PRUNED
1819,1819,33.333333333333336,2025-05-25 21:15:58.391149,2025-05-25 21:16:09.585800,0 days 00:00:11.194651,AdamW,0.17972415750290852,,,0.00016404180190577675,,,,3,,,0.0003735689247555656,,PRUNED
