,number,value,datetime_start,datetime_complete,duration,params_algorithm,params_dropout_rate,params_lr_Adadelta,params_lr_Adam,params_lr_AdamW,params_lr_SGD,params_momentum_SGD,params_nesterov_SGD,params_suggested_freeze,params_weight_decay_Adadelta,params_weight_decay_Adam,params_weight_decay_AdamW,params_weight_decay_SGD,state
0,0,31.25,2025-05-25 01:32:34.063148,2025-05-25 01:33:05.487250,0 days 00:00:31.424102,Adadelta,0.4753571532049581,0.017073967431528128,,,,,,3,29.154431891537552,,,,COMPLETE
1,1,43.75,2025-05-25 01:33:05.545872,2025-05-25 01:33:34.749689,0 days 00:00:29.203817,Adam,0.35403628889802274,,5.3370327626039544e-05,,,,,6,,0.05415244119402541,,,COMPLETE
2,2,43.75,2025-05-25 01:33:34.799110,2025-05-25 01:34:07.787909,0 days 00:00:32.988799,AdamW,0.2623782158161189,,,0.00014742753159914678,,,,3,,,0.0005404103854647331,,COMPLETE
3,3,33.333333333333336,2025-05-25 01:34:07.838561,2025-05-25 01:34:36.676482,0 days 00:00:28.837921,AdamW,0.3925879806965068,,,0.0026926469100861782,,,,4,,,0.00021930485556643703,,COMPLETE
4,4,33.333333333333336,2025-05-25 01:34:36.726028,2025-05-25 01:35:06.516229,0 days 00:00:29.790201,Adadelta,0.4744427686266666,5.456725485601478,,,,,,0,0.5762487216478605,,,,COMPLETE
5,5,41.666666666666664,2025-05-25 01:35:06.567385,2025-05-25 01:35:35.264783,0 days 00:00:28.697398,Adam,0.2475884550556351,,0.00017654048052495074,,,,,1,,1.2030178871154673,,,COMPLETE
6,6,33.333333333333336,2025-05-25 01:35:35.314821,2025-05-25 01:35:49.093762,0 days 00:00:13.778941,Adadelta,0.09242722776276352,2.463768595899747,,,,,,5,48.696409415209004,,,,PRUNED
7,7,33.333333333333336,2025-05-25 01:35:49.119962,2025-05-25 01:36:00.612656,0 days 00:00:11.492694,AdamW,0.0979914312095726,,,0.02065142557895925,,,,0,,,0.0005170191786366995,,PRUNED
8,8,27.083333333333332,2025-05-25 01:36:00.670074,2025-05-25 01:36:12.789181,0 days 00:00:12.119107,SGD,0.27134804157912423,,,,0.012273800987852962,0.5621564911890039,True,2,,,,0.06235377135673159,PRUNED
9,9,,2025-05-25 01:36:12.825616,2025-05-25 01:36:18.876617,0 days 00:00:06.051001,SGD,0.38563517334297287,,,,0.0031130959561221226,6.365199445099503,False,7,,,,0.2106648601704221,PRUNED
10,10,27.083333333333332,2025-05-25 01:36:18.910421,2025-05-25 01:36:30.737040,0 days 00:00:11.826619,Adam,0.0029985914779085965,,1.1799062523159256e-05,,,,,9,,0.011627478296224469,,,PRUNED
11,11,33.333333333333336,2025-05-25 01:36:30.784158,2025-05-25 01:36:40.377164,0 days 00:00:09.593006,Adam,0.2687772072034616,,0.06135465318705142,,,,,6,,0.020123694972889298,,,PRUNED
12,12,31.25,2025-05-25 01:36:40.404355,2025-05-25 01:37:03.809760,0 days 00:00:23.405405,AdamW,0.33917540003066937,,,2.031973943675742e-05,,,,8,,,0.008383621437420495,,COMPLETE
13,13,31.25,2025-05-25 01:37:03.860502,2025-05-25 01:37:36.004041,0 days 00:00:32.143539,Adam,0.21355615281666585,,0.00026931176066398395,,,,,5,,37.639965874722925,,,COMPLETE
14,14,50.0,2025-05-25 01:37:36.053862,2025-05-25 01:38:09.455345,0 days 00:00:33.401483,AdamW,0.17284687262413326,,,5.107684925222934e-05,,,,3,,,0.0025253710106474536,,COMPLETE
15,15,31.25,2025-05-25 01:38:09.504343,2025-05-25 01:38:21.835578,0 days 00:00:12.331235,Adam,0.17063866647878068,,2.0599161373346178e-05,,,,,6,,0.17249016594984704,,,PRUNED
16,16,27.083333333333332,2025-05-25 01:38:21.869506,2025-05-25 01:38:34.527974,0 days 00:00:12.658468,AdamW,0.1425088832102691,,,1.4334964182147694e-05,,,,4,,,0.004160617933755995,,PRUNED
17,17,,2025-05-25 01:38:34.568517,2025-05-25 01:38:40.864767,0 days 00:00:06.296250,SGD,0.328611178889576,,,,1.533653919754068e-05,99.82036515505162,False,7,,,,96.3979853269096,PRUNED
18,18,33.333333333333336,2025-05-25 01:38:40.890856,2025-05-25 01:38:46.334242,0 days 00:00:05.443386,Adam,0.4131716726663137,,0.0056524001870437044,,,,,2,,0.4768669286986543,,,PRUNED
19,19,50.0,2025-05-25 01:38:46.373631,2025-05-25 01:39:04.912157,0 days 00:00:18.538526,AdamW,0.005494594621885562,,,0.00029761496078765904,,,,6,,,0.0020263445300494625,,COMPLETE
20,20,54.166666666666664,2025-05-25 01:39:04.963126,2025-05-25 01:39:31.017835,0 days 00:00:26.054709,AdamW,0.026432108424850703,,,0.0003570618178271882,,,,3,,,0.002002695421017901,,COMPLETE
21,21,43.75,2025-05-25 01:39:31.060429,2025-05-25 01:39:58.127319,0 days 00:00:27.066890,AdamW,0.0011838698041700775,,,0.0003543373724332759,,,,3,,,0.0021947986413837564,,COMPLETE
22,22,31.25,2025-05-25 01:39:58.177390,2025-05-25 01:40:11.629252,0 days 00:00:13.451862,AdamW,0.05663207576530692,,,0.00015007087917377423,,,,2,,,0.0018437181180018408,,PRUNED
23,23,33.333333333333336,2025-05-25 01:40:11.686982,2025-05-25 01:40:25.293197,0 days 00:00:13.606215,AdamW,0.049755245288971434,,,0.001523820517595914,,,,4,,,0.0017293242888142125,,PRUNED
24,24,47.916666666666664,2025-05-25 01:40:25.328521,2025-05-25 01:40:56.844023,0 days 00:00:31.515502,AdamW,0.14281820714462504,,,7.504642116813735e-05,,,,5,,,0.003639324958787431,,COMPLETE
25,25,29.166666666666668,2025-05-25 01:40:56.895877,2025-05-25 01:41:10.342773,0 days 00:00:13.446896,AdamW,0.046088232499824605,,,0.0005958053804449612,,,,1,,,0.0009760269856156882,,PRUNED
26,26,33.333333333333336,2025-05-25 01:41:10.400470,2025-05-25 01:41:20.458744,0 days 00:00:10.058274,AdamW,0.10029368280809103,,,5.1777354675925276e-05,,,,3,,,0.004602273066689471,,PRUNED
27,27,33.333333333333336,2025-05-25 01:41:20.517014,2025-05-25 01:41:31.648799,0 days 00:00:11.131785,AdamW,0.19429588925935704,,,0.003206785905409232,,,,4,,,0.0010855123662302558,,PRUNED
28,28,52.083333333333336,2025-05-25 01:41:31.706337,2025-05-25 01:41:55.273020,0 days 00:00:23.566683,AdamW,0.037929074471544866,,,0.0003895852682376518,,,,7,,,0.0024899652149944543,,COMPLETE
29,29,31.25,2025-05-25 01:41:55.324653,2025-05-25 01:42:05.531112,0 days 00:00:10.206459,Adadelta,0.1276540657650679,64.45644666931992,,,,,,9,0.01286892803974938,,,,PRUNED
30,30,33.333333333333336,2025-05-25 01:42:05.575477,2025-05-25 01:42:16.886734,0 days 00:00:11.311257,AdamW,0.07612539035883709,,,0.008288075176264155,,,,8,,,0.008351302863963867,,PRUNED
31,31,35.416666666666664,2025-05-25 01:42:16.934512,2025-05-25 01:42:27.658553,0 days 00:00:10.724041,AdamW,0.025289820886582756,,,0.0003748197271882666,,,,7,,,0.00242229207155408,,PRUNED
32,32,33.333333333333336,2025-05-25 01:42:27.705171,2025-05-25 01:42:40.262075,0 days 00:00:12.556904,AdamW,0.02647018781809024,,,0.09769656942728046,,,,6,,,0.0014340077228554215,,PRUNED
33,33,29.166666666666668,2025-05-25 01:42:40.297328,2025-05-25 01:42:51.128589,0 days 00:00:10.831261,AdamW,0.1222166254387317,,,0.00019658307266057166,,,,3,,,0.0031107173952576355,,PRUNED
34,34,35.416666666666664,2025-05-25 01:42:51.163223,2025-05-25 01:43:02.999736,0 days 00:00:11.836513,AdamW,0.06907755829431447,,,4.4792132635954846e-05,,,,8,,,0.0008403991127384979,,PRUNED
35,35,37.5,2025-05-25 01:43:03.048278,2025-05-25 01:43:14.269617,0 days 00:00:11.221339,Adadelta,0.033178648478509744,0.019088210580947403,,,,,,6,0.013380939940168727,,,,PRUNED
36,36,35.416666666666664,2025-05-25 01:43:14.304612,2025-05-25 01:43:26.350516,0 days 00:00:12.045904,AdamW,0.16527512402557187,,,0.0008963844736755385,,,,5,,,0.004675329111589604,,PRUNED
37,37,,2025-05-25 01:43:26.377285,2025-05-25 01:43:34.881407,0 days 00:00:08.504122,SGD,0.2250672399871337,,,,2.3338934350649964e-05,77.338643178308,True,1,,,,14.688686511696513,PRUNED
38,38,35.416666666666664,2025-05-25 01:43:34.914802,2025-05-25 01:43:46.195914,0 days 00:00:11.281112,AdamW,0.00013105615235636803,,,0.00023237835620144433,,,,7,,,0.002731203355965227,,PRUNED
39,39,33.333333333333336,2025-05-25 01:43:46.229366,2025-05-25 01:43:58.414718,0 days 00:00:12.185352,Adadelta,0.09146490511452943,0.2697998746826366,,,,,,2,1.2731205051110535,,,,PRUNED
40,40,29.166666666666668,2025-05-25 01:43:58.470820,2025-05-25 01:44:10.365822,0 days 00:00:11.895002,AdamW,0.31070675839922435,,,8.598151750442189e-05,,,,4,,,0.001361491677919836,,PRUNED
41,41,52.083333333333336,2025-05-25 01:44:10.424278,2025-05-25 01:44:41.294784,0 days 00:00:30.870506,AdamW,0.1673961578856933,,,4.296820711291829e-05,,,,5,,,0.0028304939385853673,,COMPLETE
42,42,37.5,2025-05-25 01:44:41.344968,2025-05-25 01:44:51.462720,0 days 00:00:10.117752,AdamW,0.1912836053054484,,,2.849791199773055e-05,,,,5,,,0.002466951547232025,,PRUNED
43,43,35.416666666666664,2025-05-25 01:44:51.571189,2025-05-25 01:45:03.978853,0 days 00:00:12.407664,AdamW,0.2913530412993829,,,1.1025569398052585e-05,,,,5,,,0.0064750774319615595,,PRUNED
44,44,45.833333333333336,2025-05-25 01:45:04.017067,2025-05-25 01:45:19.939164,0 days 00:00:15.922097,AdamW,0.11407501300159556,,,0.0006505889108961461,,,,6,,,0.001814658704564396,,COMPLETE
45,45,,2025-05-25 01:45:19.977103,2025-05-25 01:45:24.374925,0 days 00:00:04.397822,SGD,0.07787081843952093,,,,0.07697336416909212,42.12679479091756,True,4,,,,0.014941059416646479,PRUNED
46,46,58.333333333333336,2025-05-25 01:45:24.401889,2025-05-25 01:45:47.391664,0 days 00:00:22.989775,AdamW,0.024301855879648917,,,8.747289227219845e-05,,,,2,,,0.0032799345155396877,,COMPLETE
47,47,25.0,2025-05-25 01:45:47.442326,2025-05-25 01:45:59.024045,0 days 00:00:11.581719,AdamW,0.15715806514818823,,,3.399211687187677e-05,,,,2,,,0.005715574971435298,,PRUNED
48,48,35.416666666666664,2025-05-25 01:45:59.063529,2025-05-25 01:46:04.470462,0 days 00:00:05.406933,AdamW,0.2477528131142287,,,0.00011725769036003972,,,,3,,,0.0033126856282810224,,PRUNED
49,49,33.333333333333336,2025-05-25 01:46:04.514349,2025-05-25 01:46:11.240758,0 days 00:00:06.726409,Adadelta,0.03769385316269885,95.61311598960178,,,,,,0,0.5053832131184154,,,,PRUNED
50,50,,2025-05-25 01:46:11.279261,2025-05-25 01:46:19.751243,0 days 00:00:08.471982,SGD,0.21760061337028574,,,,0.00019617051137421125,42.03591090791143,False,3,,,,2.7110278397957037,PRUNED
51,51,54.166666666666664,2025-05-25 01:46:19.784908,2025-05-25 01:46:48.545907,0 days 00:00:28.760999,AdamW,0.013991983471051225,,,0.00038089523017488796,,,,6,,,0.0030106892761195283,,COMPLETE
52,52,37.5,2025-05-25 01:46:48.595913,2025-05-25 01:47:02.428206,0 days 00:00:13.832293,AdamW,0.05983399850197091,,,7.41761119111983e-05,,,,1,,,0.0029692629447345947,,PRUNED
53,53,31.25,2025-05-25 01:47:02.462436,2025-05-25 01:47:14.266452,0 days 00:00:11.804016,AdamW,0.02125634490545661,,,0.00014272409591552175,,,,7,,,0.003587364418819281,,PRUNED
54,54,33.333333333333336,2025-05-25 01:47:14.301082,2025-05-25 01:47:24.060707,0 days 00:00:09.759625,Adam,0.459534053117081,,0.003286921444548942,,,,,2,,79.51003155964935,,,PRUNED
55,55,60.416666666666664,2025-05-25 01:47:24.099190,2025-05-25 01:47:49.364424,0 days 00:00:25.265234,AdamW,0.08330998314709871,,,0.0005531834246987923,,,,3,,,0.00014301571442349302,,COMPLETE
56,56,33.333333333333336,2025-05-25 01:47:49.415198,2025-05-25 01:48:02.777200,0 days 00:00:13.362002,AdamW,0.07932784003227297,,,0.0014925059828925227,,,,4,,,0.0002693837986560611,,PRUNED
57,57,39.583333333333336,2025-05-25 01:48:02.834400,2025-05-25 01:48:22.995666,0 days 00:00:20.161266,AdamW,0.1027253955957508,,,0.0005047502831505297,,,,5,,,0.00010004368951167413,,PRUNED
58,58,33.333333333333336,2025-05-25 01:48:23.056208,2025-05-25 01:48:34.079529,0 days 00:00:11.023321,AdamW,0.016911464020833513,,,0.0027003696156245034,,,,7,,,0.0006002116442824279,,PRUNED
59,59,33.333333333333336,2025-05-25 01:48:34.113425,2025-05-25 01:48:46.739220,0 days 00:00:12.625795,Adam,0.04623517709623626,,0.0866438695660128,,,,,6,,6.763840093094753,,,PRUNED
60,60,35.416666666666664,2025-05-25 01:48:46.773959,2025-05-25 01:48:58.641840,0 days 00:00:11.867881,AdamW,0.059596743709088684,,,0.0010534791020581481,,,,2,,,0.00011012742632583101,,PRUNED
61,61,35.416666666666664,2025-05-25 01:48:58.701252,2025-05-25 01:49:11.857509,0 days 00:00:13.156257,AdamW,0.014756965231060829,,,2.259817125392968e-05,,,,3,,,0.00018505991224164567,,PRUNED
62,62,33.333333333333336,2025-05-25 01:49:11.896929,2025-05-25 01:49:24.617674,0 days 00:00:12.720745,AdamW,0.1409346233758523,,,0.0002598183359496321,,,,3,,,0.0014392447355863446,,PRUNED
63,63,45.833333333333336,2025-05-25 01:49:24.675280,2025-05-25 01:49:57.830939,0 days 00:00:33.155659,AdamW,0.035604206408168276,,,0.0004312967905437668,,,,4,,,0.002355207212170709,,COMPLETE
64,64,58.333333333333336,2025-05-25 01:49:57.881225,2025-05-25 01:50:31.213661,0 days 00:00:33.332436,AdamW,0.0837200657671373,,,0.0001090692311756341,,,,3,,,0.0052475135263636416,,COMPLETE
65,65,35.416666666666664,2025-05-25 01:50:31.263628,2025-05-25 01:50:43.364505,0 days 00:00:12.100877,AdamW,0.09095263216171211,,,0.00010684399350853723,,,,8,,,0.0060073734604508934,,PRUNED
66,66,31.25,2025-05-25 01:50:43.411211,2025-05-25 01:50:56.845774,0 days 00:00:13.434563,AdamW,0.06479399686056769,,,0.00017918710700512956,,,,3,,,0.004098104033856728,,PRUNED
67,67,52.083333333333336,2025-05-25 01:50:56.907777,2025-05-25 01:51:30.301078,0 days 00:00:33.393301,AdamW,0.1097189645123414,,,0.0003142520301211927,,,,2,,,0.00526073265542585,,COMPLETE
68,68,33.333333333333336,2025-05-25 01:51:30.353689,2025-05-25 01:51:40.758411,0 days 00:00:10.404722,AdamW,0.04651865777200481,,,5.779134862220899e-05,,,,4,,,0.007767612051602567,,PRUNED
69,69,33.333333333333336,2025-05-25 01:51:40.798017,2025-05-25 01:51:46.739327,0 days 00:00:05.941310,Adadelta,0.08217305060064782,0.24925247345003218,,,,,,1,8.396148259479292,,,,PRUNED
70,70,,2025-05-25 01:51:46.778746,2025-05-25 01:51:51.058162,0 days 00:00:04.279416,SGD,0.015035435743385901,,,,0.00036058949372141876,66.46390702129571,True,5,,,,1.1072077330342096,PRUNED
71,71,50.0,2025-05-25 01:51:51.096268,2025-05-25 01:52:20.291442,0 days 00:00:29.195174,AdamW,0.10508184674125792,,,0.0002960236166015448,,,,2,,,0.00564702733703509,,COMPLETE
72,72,33.333333333333336,2025-05-25 01:52:20.341560,2025-05-25 01:52:26.849199,0 days 00:00:06.507639,AdamW,0.11208357092677647,,,0.0008707254487408019,,,,1,,,0.004772579492906935,,PRUNED
73,73,45.833333333333336,2025-05-25 01:52:26.900619,2025-05-25 01:52:58.821545,0 days 00:00:31.920926,AdamW,0.1322319422889527,,,0.0005040919531156404,,,,2,,,0.0036780158159685056,,COMPLETE
74,74,33.333333333333336,2025-05-25 01:52:58.871895,2025-05-25 01:53:12.510609,0 days 00:00:13.638714,AdamW,0.03537610289318981,,,0.00017001550862565535,,,,3,,,0.001958625434028588,,PRUNED
75,75,35.416666666666664,2025-05-25 01:53:12.546778,2025-05-25 01:53:25.903799,0 days 00:00:13.357021,AdamW,0.05943693291455827,,,0.0003101457439357481,,,,3,,,0.0028383635727915663,,PRUNED
76,76,37.5,2025-05-25 01:53:25.961792,2025-05-25 01:53:39.254160,0 days 00:00:13.292368,AdamW,0.07159530317014293,,,0.00011468234947911403,,,,2,,,0.009781983493461658,,PRUNED
77,77,33.333333333333336,2025-05-25 01:53:39.315976,2025-05-25 01:53:52.710290,0 days 00:00:13.394314,Adam,0.08816115383830826,,0.013358063538315845,,,,,1,,3.7206057312420078,,,PRUNED
78,78,35.416666666666664,2025-05-25 01:53:52.769095,2025-05-25 01:54:01.431263,0 days 00:00:08.662168,AdamW,0.1882633751273323,,,0.0007124678822574464,,,,6,,,0.004203891712126864,,PRUNED
79,79,33.333333333333336,2025-05-25 01:54:01.457913,2025-05-25 01:54:14.242680,0 days 00:00:12.784767,AdamW,0.12225566047011874,,,0.0013292246415098324,,,,2,,,0.00032575681646200983,,PRUNED
80,80,39.583333333333336,2025-05-25 01:54:14.305870,2025-05-25 01:54:24.434504,0 days 00:00:10.128634,AdamW,0.00323166599931575,,,0.00035108350127814174,,,,6,,,0.002130677548366645,,PRUNED
81,81,35.416666666666664,2025-05-25 01:54:24.468090,2025-05-25 01:54:37.896474,0 days 00:00:13.428384,AdamW,0.1561574061124813,,,5.867354725777095e-05,,,,3,,,0.0025743356037418656,,PRUNED
82,82,35.416666666666664,2025-05-25 01:54:37.955896,2025-05-25 01:54:46.730238,0 days 00:00:08.774342,AdamW,0.18414345116744668,,,3.879845426208635e-05,,,,4,,,0.0032521335809932443,,PRUNED
83,83,31.25,2025-05-25 01:54:46.787900,2025-05-25 01:54:59.971598,0 days 00:00:13.183698,AdamW,0.0267291756133146,,,1.9932240494939814e-05,,,,2,,,0.0015785386164767355,,PRUNED
84,84,29.166666666666668,2025-05-25 01:55:00.032092,2025-05-25 01:55:07.177858,0 days 00:00:07.145766,AdamW,0.05168613836362802,,,7.822350429270548e-05,,,,3,,,0.004823795427371311,,PRUNED
85,85,33.333333333333336,2025-05-25 01:55:07.234665,2025-05-25 01:55:13.845116,0 days 00:00:06.610451,AdamW,0.039814930855279304,,,0.00022772036214247174,,,,3,,,0.0012319127006560982,,PRUNED
86,86,47.916666666666664,2025-05-25 01:55:13.903050,2025-05-25 01:55:43.991499,0 days 00:00:30.088449,AdamW,0.2335612802753742,,,0.000571355363881283,,,,5,,,0.007151948619557859,,COMPLETE
87,87,33.333333333333336,2025-05-25 01:55:44.042388,2025-05-25 01:55:54.295394,0 days 00:00:10.253006,Adadelta,0.20586867424354088,6.8772042266264055,,,,,,7,0.13032471921302038,,,,PRUNED
88,88,,2025-05-25 01:55:54.321686,2025-05-25 01:56:00.333894,0 days 00:00:06.012208,SGD,0.14678481897974216,,,,0.03822927253823338,24.025286178740576,False,4,,,,11.685504752514538,PRUNED
89,89,27.083333333333332,2025-05-25 01:56:00.387193,2025-05-25 01:56:13.374027,0 days 00:00:12.986834,AdamW,0.07119410586900868,,,0.00014299524444119687,,,,0,,,0.002055834039760318,,PRUNED
90,90,33.333333333333336,2025-05-25 01:56:13.433346,2025-05-25 01:56:22.573542,0 days 00:00:09.140196,AdamW,0.26508319076117637,,,0.00039133173035551665,,,,2,,,0.003968322688446919,,PRUNED
91,91,33.333333333333336,2025-05-25 01:56:22.613043,2025-05-25 01:56:29.983910,0 days 00:00:07.370867,AdamW,0.01095532445925158,,,0.00028496410505631994,,,,7,,,0.0027867391281901806,,PRUNED
92,92,50.0,2025-05-25 01:56:30.019258,2025-05-25 01:56:52.747242,0 days 00:00:22.727984,AdamW,0.02632021297844439,,,0.00020196867239849576,,,,6,,,0.0017318764005697814,,COMPLETE
93,93,35.416666666666664,2025-05-25 01:56:52.799145,2025-05-25 01:57:06.637017,0 days 00:00:13.837872,AdamW,0.009550661032278876,,,9.163854005563818e-05,,,,5,,,0.0022072319573482194,,PRUNED
94,94,35.416666666666664,2025-05-25 01:57:06.693422,2025-05-25 01:57:15.302335,0 days 00:00:08.608913,AdamW,0.0002584741973099096,,,6.16054636671158e-05,,,,8,,,0.0030680300723049457,,PRUNED
95,95,31.25,2025-05-25 01:57:15.336207,2025-05-25 01:57:22.157957,0 days 00:00:06.821750,AdamW,0.17301027727828347,,,4.764330069154491e-05,,,,6,,,0.0009743129589971761,,PRUNED
96,96,33.333333333333336,2025-05-25 01:57:22.192279,2025-05-25 01:57:35.459942,0 days 00:00:13.267663,AdamW,0.04987288215978258,,,0.0007528500949033196,,,,4,,,0.0052367656698758345,,PRUNED
97,97,33.333333333333336,2025-05-25 01:57:35.495033,2025-05-25 01:57:42.816172,0 days 00:00:07.321139,Adam,0.09685802878952797,,0.0009749536913735565,,,,,3,,11.766630382687485,,,PRUNED
98,98,25.0,2025-05-25 01:57:42.855728,2025-05-25 01:57:49.603894,0 days 00:00:06.748166,AdamW,0.3610097304899344,,,3.268663034892938e-05,,,,5,,,0.0006688142230560195,,PRUNED
99,99,33.333333333333336,2025-05-25 01:57:49.659372,2025-05-25 01:58:01.689004,0 days 00:00:12.029632,AdamW,0.11435535976392858,,,0.002019961575716164,,,,7,,,0.002458063706350803,,PRUNED
100,100,33.333333333333336,2025-05-25 01:58:01.723698,2025-05-25 01:58:09.383530,0 days 00:00:07.659832,AdamW,0.045352024589014966,,,0.08844241319717973,,,,6,,,0.0017016905831808973,,PRUNED
101,101,33.333333333333336,2025-05-25 01:58:09.409926,2025-05-25 01:58:22.153702,0 days 00:00:12.743776,AdamW,0.1359720918558173,,,0.0002922647620517536,,,,2,,,0.006466693748276032,,PRUNED
102,102,33.333333333333336,2025-05-25 01:58:22.212685,2025-05-25 01:58:34.010063,0 days 00:00:11.797378,AdamW,0.10481786066027533,,,0.00041912318512727503,,,,1,,,0.003496744335759516,,PRUNED
103,103,37.5,2025-05-25 01:58:34.068221,2025-05-25 01:58:47.339903,0 days 00:00:13.271682,AdamW,0.030735206430889214,,,0.00023823405844260116,,,,2,,,0.004261482375788233,,PRUNED
104,104,35.416666666666664,2025-05-25 01:58:47.398765,2025-05-25 01:58:56.716519,0 days 00:00:09.317754,AdamW,0.08440197983114012,,,0.0004976556913461123,,,,3,,,0.0059079823863732155,,PRUNED
105,105,33.333333333333336,2025-05-25 01:58:56.757412,2025-05-25 01:59:07.116901,0 days 00:00:10.359489,AdamW,0.01892333028768512,,,0.001100291689454669,,,,2,,,0.0025825159269930193,,PRUNED
106,106,33.333333333333336,2025-05-25 01:59:07.174678,2025-05-25 01:59:16.457276,0 days 00:00:09.282598,Adadelta,0.11062488204654529,0.17781381448921865,,,,,,1,5.195242491255168,,,,PRUNED
107,107,,2025-05-25 01:59:16.513241,2025-05-25 01:59:21.667846,0 days 00:00:05.154605,SGD,0.06474249615120986,,,,0.0013553554091796818,98.83607832678976,False,2,,,,0.18830460191938755,PRUNED
108,108,33.333333333333336,2025-05-25 01:59:21.693290,2025-05-25 01:59:27.728156,0 days 00:00:06.034866,AdamW,0.07494669325232273,,,0.0001349202402541968,,,,3,,,0.00042134394390144536,,PRUNED
109,109,33.333333333333336,2025-05-25 01:59:27.778714,2025-05-25 01:59:34.198726,0 days 00:00:06.420012,AdamW,0.12455422961177433,,,0.00036970744739744357,,,,2,,,0.002995401186529894,,PRUNED
110,110,50.0,2025-05-25 01:59:34.238320,2025-05-25 01:59:59.848922,0 days 00:00:25.610602,AdamW,0.053013412856929884,,,0.00019410604999302525,,,,3,,,0.005209544371440121,,COMPLETE
111,111,39.583333333333336,2025-05-25 01:59:59.896399,2025-05-25 02:00:05.719058,0 days 00:00:05.822659,AdamW,0.023258850844712665,,,0.0002091384857152189,,,,6,,,0.001815181642171356,,PRUNED
112,112,33.333333333333336,2025-05-25 02:00:05.745970,2025-05-25 02:00:12.157488,0 days 00:00:06.411518,AdamW,0.03820513073217905,,,0.00010448652870387139,,,,6,,,0.0016270619162654834,,PRUNED
113,113,31.25,2025-05-25 02:00:12.189341,2025-05-25 02:00:23.599668,0 days 00:00:11.410327,AdamW,0.007784765494475019,,,0.0002859201660886925,,,,9,,,0.00014933839832519303,,PRUNED
114,114,37.5,2025-05-25 02:00:23.646704,2025-05-25 02:00:36.091466,0 days 00:00:12.444762,AdamW,0.027601640266102997,,,0.0006539729974476365,,,,6,,,0.0021479844252304432,,PRUNED
115,115,37.5,2025-05-25 02:00:36.125986,2025-05-25 02:00:48.314046,0 days 00:00:12.188060,AdamW,0.017479961007496568,,,0.0001446554029609735,,,,7,,,0.0012582687758453056,,PRUNED
116,116,35.416666666666664,2025-05-25 02:00:48.349072,2025-05-25 02:00:58.815804,0 days 00:00:10.466732,AdamW,0.09627257564838215,,,0.0004608032874946923,,,,3,,,0.001964197349646391,,PRUNED
117,117,35.416666666666664,2025-05-25 02:00:58.874711,2025-05-25 02:01:11.405956,0 days 00:00:12.531245,Adam,0.0585265692362273,,0.0007620880692713252,,,,,6,,0.12814363150304847,,,PRUNED
118,118,37.5,2025-05-25 02:01:11.440413,2025-05-25 02:01:24.421838,0 days 00:00:12.981425,AdamW,0.15249062607549296,,,6.569351022394396e-05,,,,5,,,0.002314207152842682,,PRUNED
119,119,39.583333333333336,2025-05-25 02:01:24.477050,2025-05-25 02:01:37.663985,0 days 00:00:13.186935,AdamW,0.04167630545744447,,,0.00016994093588798193,,,,5,,,0.0033449107304044214,,PRUNED
120,120,35.416666666666664,2025-05-25 02:01:37.698187,2025-05-25 02:01:49.510814,0 days 00:00:11.812627,AdamW,0.03381187797383011,,,2.695318284146514e-05,,,,7,,,0.0038373677675773037,,PRUNED
121,121,33.333333333333336,2025-05-25 02:01:49.545271,2025-05-25 02:01:59.151750,0 days 00:00:09.606479,AdamW,0.059645025890837144,,,0.00020186687126458246,,,,3,,,0.005461516362391295,,PRUNED
122,122,29.166666666666668,2025-05-25 02:01:59.211586,2025-05-25 02:02:12.266166,0 days 00:00:13.054580,AdamW,0.053318823209098976,,,0.0003023308789641381,,,,3,,,0.006826523142733362,,PRUNED
123,123,54.166666666666664,2025-05-25 02:02:12.328690,2025-05-25 02:02:42.979012,0 days 00:00:30.650322,AdamW,0.08214701225496158,,,0.00023914462924965724,,,,4,,,0.004567433958694677,,COMPLETE
124,124,47.916666666666664,2025-05-25 02:02:43.029558,2025-05-25 02:03:15.690736,0 days 00:00:32.661178,AdamW,0.08886888978398103,,,0.00033534472938037365,,,,4,,,0.004720276350620543,,COMPLETE
125,125,33.333333333333336,2025-05-25 02:03:15.742263,2025-05-25 02:03:29.245196,0 days 00:00:13.502933,AdamW,0.17225740588895988,,,0.0005532460705638267,,,,4,,,0.0027599573363627,,PRUNED
126,126,39.583333333333336,2025-05-25 02:03:29.302164,2025-05-25 02:03:42.344207,0 days 00:00:13.042043,AdamW,0.06942376161736794,,,9.000832384548906e-05,,,,6,,,0.004391688572912615,,PRUNED
127,127,37.5,2025-05-25 02:03:42.381651,2025-05-25 02:03:54.262423,0 days 00:00:11.880772,AdamW,0.08082603903977248,,,4.3706901890622024e-05,,,,8,,,0.00149991424781178,,PRUNED
128,128,33.333333333333336,2025-05-25 02:03:54.310373,2025-05-25 02:04:07.555145,0 days 00:00:13.244772,Adadelta,0.024406508812493004,14.984475752066976,,,,,,4,0.07370191143872243,,,,PRUNED
129,129,45.833333333333336,2025-05-25 02:04:07.612111,2025-05-25 02:04:37.070433,0 days 00:00:29.458322,AdamW,0.20188471319743348,,,0.0002333572589579549,,,,2,,,0.0037129649509318485,,COMPLETE
130,130,,2025-05-25 02:04:37.121888,2025-05-25 02:04:47.494322,0 days 00:00:10.372434,SGD,0.10540026581621377,,,,0.00010659299180899664,66.10944491632486,True,3,,,,97.76712730758254,PRUNED
131,131,50.0,2025-05-25 02:04:47.520233,2025-05-25 02:05:10.411659,0 days 00:00:22.891426,AdamW,0.04445034044003062,,,0.00016720359135368465,,,,3,,,0.005282038580245638,,COMPLETE
132,132,37.5,2025-05-25 02:05:10.463558,2025-05-25 02:05:20.136760,0 days 00:00:09.673202,AdamW,0.28055139909049376,,,0.0002056774296916535,,,,3,,,0.007516256741443652,,PRUNED
133,133,37.5,2025-05-25 02:05:20.171524,2025-05-25 02:05:33.157425,0 days 00:00:12.985901,AdamW,0.0073895380095868116,,,0.00012554022928806842,,,,2,,,0.0031054576186319237,,PRUNED
134,134,33.333333333333336,2025-05-25 02:05:33.215758,2025-05-25 02:05:41.298006,0 days 00:00:08.082248,AdamW,0.23634830648661714,,,0.0003888795278383814,,,,4,,,0.008692866081873552,,PRUNED
135,135,33.333333333333336,2025-05-25 02:05:41.324351,2025-05-25 02:05:46.549859,0 days 00:00:05.225508,AdamW,3.6706336554725993e-05,,,0.0002488571672736524,,,,3,,,0.00615645521951748,,PRUNED
136,136,31.25,2025-05-25 02:05:46.589341,2025-05-25 02:05:52.220806,0 days 00:00:05.631465,AdamW,0.07143228372201084,,,7.228049078528185e-05,,,,2,,,0.004926158684186241,,PRUNED
137,137,37.5,2025-05-25 02:05:52.301864,2025-05-25 02:05:57.803540,0 days 00:00:05.501676,AdamW,0.11798846410272014,,,0.0001709432044944701,,,,2,,,0.0025934677682399893,,PRUNED
138,138,31.25,2025-05-25 02:05:57.843012,2025-05-25 02:06:02.927170,0 days 00:00:05.084158,AdamW,0.03052691918017588,,,0.0008448653317331875,,,,5,,,0.002323421937579019,,PRUNED
139,139,33.333333333333336,2025-05-25 02:06:02.964909,2025-05-25 02:06:08.695098,0 days 00:00:05.730189,AdamW,0.05415312296091729,,,0.00033053076340377996,,,,3,,,0.0018348419435662532,,PRUNED
140,140,33.333333333333336,2025-05-25 02:06:08.721148,2025-05-25 02:06:13.836891,0 days 00:00:05.115743,Adam,0.014494190773097562,,0.019895775371555402,,,,,6,,0.7218745909134574,,,PRUNED
141,141,33.333333333333336,2025-05-25 02:06:13.871391,2025-05-25 02:06:22.748598,0 days 00:00:08.877207,AdamW,0.044161563215753694,,,0.00017151215174808165,,,,3,,,0.005688243759908345,,PRUNED
142,142,35.416666666666664,2025-05-25 02:06:22.807381,2025-05-25 02:06:35.725070,0 days 00:00:12.917689,AdamW,0.03942816050130025,,,0.00010327154752921613,,,,3,,,0.005017552891550971,,PRUNED
143,143,39.583333333333336,2025-05-25 02:06:35.777227,2025-05-25 02:06:45.737107,0 days 00:00:09.959880,AdamW,0.08831359159186919,,,0.0002669467005194168,,,,4,,,0.005244406534782406,,PRUNED
144,144,33.333333333333336,2025-05-25 02:06:45.776312,2025-05-25 02:06:52.984615,0 days 00:00:07.208303,AdamW,0.021739301192434616,,,0.0004185963324707262,,,,3,,,0.004117683968045783,,PRUNED
145,145,35.416666666666664,2025-05-25 02:06:53.043255,2025-05-25 02:07:06.323399,0 days 00:00:13.280144,AdamW,0.06422314152691361,,,0.00019553071661927607,,,,3,,,0.003502507770382677,,PRUNED
146,146,37.5,2025-05-25 02:07:06.381636,2025-05-25 02:07:27.878221,0 days 00:00:21.496585,AdamW,0.07914873074749915,,,5.13958361776263e-05,,,,2,,,0.0028227120794060054,,PRUNED
147,147,39.583333333333336,2025-05-25 02:07:27.914381,2025-05-25 02:07:41.456416,0 days 00:00:13.542035,AdamW,0.049599419281774165,,,0.0001259507675964888,,,,3,,,0.004625448967789081,,PRUNED
148,148,37.5,2025-05-25 02:07:41.491291,2025-05-25 02:07:54.900846,0 days 00:00:13.409555,AdamW,0.032404921006630436,,,0.000585414199167156,,,,4,,,0.005607761563970384,,PRUNED
149,149,27.083333333333332,2025-05-25 02:07:54.935737,2025-05-25 02:08:05.772104,0 days 00:00:10.836367,AdamW,0.09994004425065484,,,0.00015947720901309903,,,,6,,,0.0066054067694772175,,PRUNED
150,150,33.333333333333336,2025-05-25 02:08:05.807995,2025-05-25 02:08:17.722794,0 days 00:00:11.914799,AdamW,0.016625996971108954,,,0.0004676400957148946,,,,7,,,0.0020879347422756113,,PRUNED
151,151,35.416666666666664,2025-05-25 02:08:17.758219,2025-05-25 02:08:30.032626,0 days 00:00:12.274407,AdamW,0.13320567167123465,,,8.119071254683874e-05,,,,5,,,0.0031638396465515288,,PRUNED
152,152,22.916666666666668,2025-05-25 02:08:30.067751,2025-05-25 02:08:42.763623,0 days 00:00:12.695872,AdamW,0.17981617436157693,,,0.00026040549298134174,,,,5,,,0.003854263958048208,,PRUNED
153,153,35.416666666666664,2025-05-25 02:08:42.819790,2025-05-25 02:08:55.900822,0 days 00:00:13.081032,AdamW,0.14727759319728642,,,3.772425131515955e-05,,,,5,,,0.004327537411011922,,PRUNED
154,154,33.333333333333336,2025-05-25 02:08:55.935692,2025-05-25 02:09:08.084900,0 days 00:00:12.149208,AdamW,0.1416710688187975,,,0.0003334269235031432,,,,5,,,0.0026292659751142376,,PRUNED
155,155,33.333333333333336,2025-05-25 02:09:08.142419,2025-05-25 02:09:20.982795,0 days 00:00:12.840376,AdamW,0.12390613094961862,,,6.031703189669502e-05,,,,4,,,0.0007415256682306375,,PRUNED
156,156,33.333333333333336,2025-05-25 02:09:21.021990,2025-05-25 02:09:30.724554,0 days 00:00:09.702564,Adadelta,0.10922311197079723,0.8758690119022798,,,,,,2,93.7489443875824,,,,PRUNED
157,157,27.083333333333332,2025-05-25 02:09:30.781641,2025-05-25 02:09:43.317132,0 days 00:00:12.535491,AdamW,0.16141703951817207,,,9.991332888799807e-05,,,,3,,,0.003443713944366706,,PRUNED
158,158,,2025-05-25 02:09:43.360067,2025-05-25 02:09:54.487268,0 days 00:00:11.127201,SGD,0.09515878532592809,,,,0.006698475300231705,23.35478447790204,False,3,,,,0.013755207008283865,PRUNED
159,159,56.25,2025-05-25 02:09:54.521805,2025-05-25 02:10:25.004432,0 days 00:00:30.482627,AdamW,0.0437357958548195,,,0.00020892265525738143,,,,2,,,0.0019338431087851738,,COMPLETE
160,160,52.083333333333336,2025-05-25 02:10:25.056379,2025-05-25 02:10:56.993903,0 days 00:00:31.937524,AdamW,0.055776228891946555,,,0.00019191366019782348,,,,2,,,0.0019330029860252793,,COMPLETE
161,161,35.416666666666664,2025-05-25 02:10:57.045529,2025-05-25 02:11:07.361644,0 days 00:00:10.316115,AdamW,0.049714628828848896,,,0.0002162825074354694,,,,2,,,0.0020043131524837376,,PRUNED
162,162,33.333333333333336,2025-05-25 02:11:07.420341,2025-05-25 02:11:28.308783,0 days 00:00:20.888442,AdamW,0.04041629394071247,,,0.009001514772310879,,,,2,,,0.0022597060635018255,,PRUNED
163,163,39.583333333333336,2025-05-25 02:11:28.367815,2025-05-25 02:11:35.725391,0 days 00:00:07.357576,AdamW,0.06096549912917767,,,0.0001462774152041126,,,,2,,,0.0018474963111065619,,PRUNED
164,164,58.333333333333336,2025-05-25 02:11:35.765630,2025-05-25 02:12:07.239075,0 days 00:00:31.473445,AdamW,0.029451011450932284,,,0.00028589197109134886,,,,1,,,0.0016447825357940157,,COMPLETE
165,165,39.583333333333336,2025-05-25 02:12:07.289674,2025-05-25 02:12:17.627540,0 days 00:00:10.337866,AdamW,0.024493176226198468,,,0.00029223761625585764,,,,1,,,0.0013505558560575376,,PRUNED
166,166,50.0,2025-05-25 02:12:17.686006,2025-05-25 02:12:55.115368,0 days 00:00:37.429362,AdamW,0.010085678301276269,,,0.00041722275258899923,,,,1,,,0.0017457990974011246,,COMPLETE
167,167,50.0,2025-05-25 02:12:55.153446,2025-05-25 02:13:22.727963,0 days 00:00:27.574517,AdamW,0.03301514451777343,,,0.00024197389013028449,,,,1,,,0.0010413090904717913,,COMPLETE
168,168,37.5,2025-05-25 02:13:22.774895,2025-05-25 02:13:29.411967,0 days 00:00:06.637072,AdamW,0.06665712426721532,,,0.00020704307604527098,,,,2,,,0.002412929507676483,,PRUNED
169,169,33.333333333333336,2025-05-25 02:13:29.465731,2025-05-25 02:13:47.447864,0 days 00:00:17.982133,AdamW,0.07531354384230364,,,0.00034331821487813726,,,,0,,,0.001563060087777759,,PRUNED
170,170,56.25,2025-05-25 02:13:47.507388,2025-05-25 02:14:21.382008,0 days 00:00:33.874620,AdamW,0.42040855603147836,,,0.0004911508486289185,,,,1,,,0.0011657576998143214,,COMPLETE
171,171,35.416666666666664,2025-05-25 02:14:21.433475,2025-05-25 02:14:34.324330,0 days 00:00:12.890855,AdamW,0.4431026581232666,,,0.0005204312752309996,,,,1,,,0.0012412919452060155,,PRUNED
172,172,33.333333333333336,2025-05-25 02:14:34.383677,2025-05-25 02:14:57.652936,0 days 00:00:23.269259,AdamW,0.021810965689995254,,,0.0006977403694463895,,,,0,,,0.0014148738131204812,,PRUNED
173,173,33.333333333333336,2025-05-25 02:14:57.713125,2025-05-25 02:15:11.210206,0 days 00:00:13.497081,AdamW,0.4836727597800369,,,0.0003916443722598533,,,,1,,,0.0016780087134199639,,PRUNED
174,174,33.333333333333336,2025-05-25 02:15:11.270058,2025-05-25 02:15:24.942289,0 days 00:00:13.672231,AdamW,0.38599305409868245,,,0.00028691264448083963,,,,1,,,0.0011301816724548555,,PRUNED
175,175,37.5,2025-05-25 02:15:25.001050,2025-05-25 02:15:53.291469,0 days 00:00:28.290419,Adam,0.32233703829984783,,0.00010183223106916515,,,,,2,,2.4478422442167695,,,PRUNED
176,176,35.416666666666664,2025-05-25 02:15:53.318500,2025-05-25 02:16:12.708245,0 days 00:00:19.389745,AdamW,0.03227161411487621,,,0.0003505946881577126,,,,2,,,0.0019415297270923065,,PRUNED
177,177,50.0,2025-05-25 02:16:12.767425,2025-05-25 02:16:46.766256,0 days 00:00:33.998831,AdamW,0.05406064269946298,,,0.00024102202650867177,,,,1,,,0.00245887737624688,,COMPLETE
178,178,33.333333333333336,2025-05-25 02:16:46.831000,2025-05-25 02:17:00.134715,0 days 00:00:13.303715,AdamW,0.009459607940776483,,,0.00047020264766511443,,,,1,,,0.002042793712363198,,PRUNED
179,179,29.166666666666668,2025-05-25 02:17:00.193729,2025-05-25 02:17:19.018358,0 days 00:00:18.824629,AdamW,0.4064786458845791,,,0.0003014745826661874,,,,2,,,0.002203273616511898,,PRUNED
180,180,41.666666666666664,2025-05-25 02:17:19.078089,2025-05-25 02:17:31.709592,0 days 00:00:12.631503,AdamW,0.08499163694649352,,,0.00019583757117919406,,,,6,,,0.00285742839338592,,PRUNED
181,181,35.416666666666664,2025-05-25 02:17:31.746669,2025-05-25 02:17:44.327875,0 days 00:00:12.581206,AdamW,0.35482041386241514,,,0.00016365366033055075,,,,3,,,0.0005091859255140545,,PRUNED
182,182,35.416666666666664,2025-05-25 02:17:44.396815,2025-05-25 02:17:57.744631,0 days 00:00:13.347816,AdamW,0.048878056875839404,,,0.00012659261603506486,,,,3,,,0.005863963111256853,,PRUNED
183,183,35.416666666666664,2025-05-25 02:17:57.804642,2025-05-25 02:18:11.161082,0 days 00:00:13.356440,AdamW,0.04307693766539321,,,0.0001776304903827403,,,,2,,,0.0008632123901203663,,PRUNED
184,184,56.25,2025-05-25 02:18:11.221033,2025-05-25 02:18:44.772283,0 days 00:00:33.551250,AdamW,0.026744680676487633,,,0.0002511424899517039,,,,3,,,0.005274773840577037,,COMPLETE
185,185,33.333333333333336,2025-05-25 02:18:44.823664,2025-05-25 02:18:58.165257,0 days 00:00:13.341593,AdamW,0.025949859404469894,,,0.0006098998895730815,,,,3,,,0.001598480114681589,,PRUNED
186,186,33.333333333333336,2025-05-25 02:18:58.200270,2025-05-25 02:19:07.557248,0 days 00:00:09.356978,AdamW,0.010335901824627333,,,0.00026464393235069026,,,,6,,,0.00012560963322875025,,PRUNED
187,187,37.5,2025-05-25 02:19:07.593313,2025-05-25 02:19:21.046546,0 days 00:00:13.453233,AdamW,0.01774124198906521,,,0.0003694798987339999,,,,2,,,0.001881367030322398,,PRUNED
188,188,33.333333333333336,2025-05-25 02:19:21.082947,2025-05-25 02:19:28.600880,0 days 00:00:07.517933,AdamW,0.0012855490392853879,,,2.710004767306158e-05,,,,3,,,0.004857711107149363,,PRUNED
189,189,33.333333333333336,2025-05-25 02:19:28.640556,2025-05-25 02:19:33.123929,0 days 00:00:04.483373,AdamW,0.033877381668313694,,,0.0002259740132460046,,,,7,,,0.000225330182853224,,PRUNED
190,190,27.083333333333332,2025-05-25 02:19:33.159484,2025-05-25 02:19:40.439536,0 days 00:00:07.280052,Adadelta,0.2928875365482607,0.054611641321592685,,,,,,2,4.9402525160230475,,,,PRUNED
191,191,43.75,2025-05-25 02:19:40.498043,2025-05-25 02:20:06.306927,0 days 00:00:25.808884,AdamW,0.04084564087231686,,,0.0001513967013687474,,,,3,,,0.005067771668829337,,COMPLETE
192,192,39.583333333333336,2025-05-25 02:20:06.357865,2025-05-25 02:20:12.719000,0 days 00:00:06.361135,AdamW,0.05975974563076353,,,0.00030527111796588193,,,,3,,,0.005376099665978483,,PRUNED
193,193,39.583333333333336,2025-05-25 02:20:12.759185,2025-05-25 02:20:21.823075,0 days 00:00:09.063890,AdamW,0.02711119982718219,,,0.0001863909083545471,,,,4,,,0.006233585077673324,,PRUNED
194,194,47.916666666666664,2025-05-25 02:20:21.882733,2025-05-25 02:20:47.676793,0 days 00:00:25.794060,AdamW,0.07134623792133692,,,0.00023381978386359103,,,,3,,,0.007201850255892214,,COMPLETE
195,195,33.333333333333336,2025-05-25 02:20:47.727959,2025-05-25 02:20:58.118972,0 days 00:00:10.391013,AdamW,0.04823506133638801,,,0.00046646570506093005,,,,3,,,0.0022512161598713387,,PRUNED
196,196,,2025-05-25 02:20:58.177422,2025-05-25 02:21:09.620329,0 days 00:00:11.442907,SGD,0.25320300258676426,,,,3.715741459426118e-05,84.12067741712127,True,3,,,,11.525157377996141,PRUNED
197,197,33.333333333333336,2025-05-25 02:21:09.654182,2025-05-25 02:21:21.864436,0 days 00:00:12.210254,AdamW,0.01732539887571321,,,0.00011201858688239501,,,,6,,,0.004442653416364771,,PRUNED
198,198,35.416666666666664,2025-05-25 02:21:21.898976,2025-05-25 02:21:33.638384,0 days 00:00:11.739408,AdamW,0.49659183939898033,,,0.0003899046149904438,,,,8,,,0.0025917160387326126,,PRUNED
199,199,35.416666666666664,2025-05-25 02:21:33.685901,2025-05-25 02:21:42.807244,0 days 00:00:09.121343,AdamW,0.09235060538412374,,,0.00025996534774474703,,,,3,,,0.001730568959708582,,PRUNED
200,200,37.5,2025-05-25 02:21:42.846980,2025-05-25 02:21:49.313480,0 days 00:00:06.466500,AdamW,0.21684817050837168,,,0.00032504726865398883,,,,2,,,0.005725584766099091,,PRUNED
201,201,39.583333333333336,2025-05-25 02:21:49.348867,2025-05-25 02:21:57.600494,0 days 00:00:08.251627,AdamW,0.008677649674419485,,,0.0004172773166985671,,,,1,,,0.0016961704335397372,,PRUNED
202,202,45.833333333333336,2025-05-25 02:21:57.659890,2025-05-25 02:22:22.799136,0 days 00:00:25.139246,AdamW,0.03702637473044309,,,0.00018773348039216484,,,,1,,,0.0018240978445356261,,COMPLETE
203,203,35.416666666666664,2025-05-25 02:22:22.837704,2025-05-25 02:22:33.326398,0 days 00:00:10.488694,AdamW,0.014472075289986168,,,4.4425950632016955e-05,,,,1,,,0.0020719518216448353,,PRUNED
204,204,33.333333333333336,2025-05-25 02:22:33.385924,2025-05-25 02:22:46.195879,0 days 00:00:12.809955,AdamW,0.02975979607811706,,,0.0005429376870843845,,,,1,,,0.0030160485333064796,,PRUNED
205,205,37.5,2025-05-25 02:22:46.238099,2025-05-25 02:22:51.957980,0 days 00:00:05.719881,AdamW,0.021087218857464514,,,0.0004230625811978523,,,,0,,,0.001449119380078868,,PRUNED
206,206,33.333333333333336,2025-05-25 02:22:51.998235,2025-05-25 02:22:57.519617,0 days 00:00:05.521382,AdamW,0.04361647031756858,,,0.0002880114843381708,,,,2,,,0.005267453197394205,,PRUNED
207,207,27.083333333333332,2025-05-25 02:22:57.579221,2025-05-25 02:23:03.260313,0 days 00:00:05.681092,AdamW,0.4378966512522459,,,0.0001513939155389735,,,,1,,,0.0023679383962633502,,PRUNED
208,208,47.916666666666664,2025-05-25 02:23:03.300631,2025-05-25 02:23:30.205149,0 days 00:00:26.904518,AdamW,0.0033122015007674734,,,0.0003468727678979057,,,,3,,,0.006464279697623091,,COMPLETE
209,209,33.333333333333336,2025-05-25 02:23:30.243488,2025-05-25 02:23:35.592002,0 days 00:00:05.348514,Adam,0.05636039720480278,,0.002430217630153017,,,,,1,,33.19471855406151,,,PRUNED
210,210,37.5,2025-05-25 02:23:35.632739,2025-05-25 02:23:41.883210,0 days 00:00:06.250471,AdamW,0.3676585073818981,,,0.00022389878377759986,,,,3,,,0.0045728238193749726,,PRUNED
211,211,33.333333333333336,2025-05-25 02:23:41.923617,2025-05-25 02:23:52.129626,0 days 00:00:10.206009,AdamW,0.03354763147625146,,,0.00025127109657079125,,,,1,,,0.001074615265040368,,PRUNED
212,212,31.25,2025-05-25 02:23:52.189532,2025-05-25 02:24:05.448347,0 days 00:00:13.258815,AdamW,0.027050624990341582,,,0.0002039578746056352,,,,1,,,0.0009421392177681177,,PRUNED
213,213,31.25,2025-05-25 02:24:05.481803,2025-05-25 02:24:12.165362,0 days 00:00:06.683559,AdamW,0.03820574602404932,,,0.0002523181088671157,,,,1,,,0.00152494624664533,,PRUNED
214,214,33.333333333333336,2025-05-25 02:24:12.205666,2025-05-25 02:24:17.464159,0 days 00:00:05.258493,AdamW,0.017745572204294187,,,0.0003072686996889317,,,,1,,,0.0011432064064761914,,PRUNED
215,215,41.666666666666664,2025-05-25 02:24:17.507443,2025-05-25 02:24:23.322921,0 days 00:00:05.815478,AdamW,0.07793222874150643,,,7.320824126004582e-05,,,,2,,,0.0013472280200645668,,PRUNED
216,216,29.166666666666668,2025-05-25 02:24:23.353968,2025-05-25 02:24:29.913029,0 days 00:00:06.559061,AdamW,0.10166013709066463,,,0.000484055590451163,,,,4,,,0.0019523652464425584,,PRUNED
217,217,37.5,2025-05-25 02:24:29.973276,2025-05-25 02:24:42.104424,0 days 00:00:12.131148,AdamW,0.05215153540003817,,,0.00038189899482477663,,,,7,,,0.0021530049498246083,,PRUNED
218,218,60.416666666666664,2025-05-25 02:24:42.153634,2025-05-25 02:24:59.848974,0 days 00:00:17.695340,AdamW,0.011249795336170099,,,0.0001369339534637311,,,,6,,,0.0017445772827931224,,COMPLETE
219,219,56.25,2025-05-25 02:24:59.886972,2025-05-25 02:25:18.322291,0 days 00:00:18.435319,AdamW,0.011638829379173363,,,0.00012453870391586412,,,,6,,,0.0017580513128913232,,COMPLETE
220,220,33.333333333333336,2025-05-25 02:25:18.374986,2025-05-25 02:25:31.097413,0 days 00:00:12.722427,AdamW,0.0012178898675400326,,,0.00013888806473710488,,,,6,,,0.002683331579707125,,PRUNED
221,221,27.083333333333332,2025-05-25 02:25:31.133636,2025-05-25 02:25:42.297387,0 days 00:00:11.163751,AdamW,0.026241531238192384,,,9.61490157933058e-05,,,,6,,,0.0017314610211063585,,PRUNED
222,222,37.5,2025-05-25 02:25:42.332762,2025-05-25 02:25:54.920619,0 days 00:00:12.587857,AdamW,0.011833977483603292,,,0.00012008799427044812,,,,6,,,0.001605822995920119,,PRUNED
223,223,33.333333333333336,2025-05-25 02:25:54.956477,2025-05-25 02:26:07.443332,0 days 00:00:12.486855,AdamW,0.013476589428802822,,,0.0001636739051936292,,,,6,,,0.0018463659639243858,,PRUNED
224,224,35.416666666666664,2025-05-25 02:26:07.479035,2025-05-25 02:26:19.230262,0 days 00:00:11.751227,AdamW,0.008092788364067526,,,9.03108003253474e-05,,,,6,,,0.002023567775741522,,PRUNED
225,225,35.416666666666664,2025-05-25 02:26:19.264325,2025-05-25 02:26:31.553117,0 days 00:00:12.288792,AdamW,3.0159114938888357e-05,,,0.00012256694717448723,,,,6,,,0.0017070567315782706,,PRUNED
226,226,39.583333333333336,2025-05-25 02:26:31.588366,2025-05-25 02:26:44.121571,0 days 00:00:12.533205,AdamW,0.022234269927297424,,,0.0001844257813979184,,,,6,,,0.005421279526525787,,PRUNED
227,227,37.5,2025-05-25 02:26:44.156643,2025-05-25 02:26:53.073331,0 days 00:00:08.916688,AdamW,0.038495117379396086,,,0.00020960501374346199,,,,6,,,0.00030931487481104255,,PRUNED
228,228,41.666666666666664,2025-05-25 02:26:53.109378,2025-05-25 02:27:05.076399,0 days 00:00:11.967021,AdamW,0.06622955405993122,,,1.7872813132765884e-05,,,,3,,,0.00399542843005082,,PRUNED
229,229,33.333333333333336,2025-05-25 02:27:05.135949,2025-05-25 02:27:17.636912,0 days 00:00:12.500963,Adadelta,0.019174698324532797,29.24803875686054,,,,,,6,0.063108493506933,,,,PRUNED
230,230,39.583333333333336,2025-05-25 02:27:17.672804,2025-05-25 02:27:29.770861,0 days 00:00:12.098057,AdamW,0.03357414169316553,,,0.0007438779571179743,,,,3,,,0.0032454606622101903,,PRUNED
231,231,33.333333333333336,2025-05-25 02:27:29.806530,2025-05-25 02:27:42.307979,0 days 00:00:12.501449,AdamW,0.02989614925285418,,,3.1661478272685494e-05,,,,2,,,0.0010400819013935757,,PRUNED
232,232,33.333333333333336,2025-05-25 02:27:42.349219,2025-05-25 02:27:49.023954,0 days 00:00:06.674735,AdamW,0.043964354868446145,,,0.000266361232118652,,,,1,,,0.0008404698315127985,,PRUNED
233,233,45.833333333333336,2025-05-25 02:27:49.064218,2025-05-25 02:28:15.384896,0 days 00:00:26.320678,AdamW,0.015628821149629022,,,0.0001445375970412841,,,,2,,,0.0019168789902195321,,COMPLETE
234,234,35.416666666666664,2025-05-25 02:28:15.434864,2025-05-25 02:28:26.376754,0 days 00:00:10.941890,AdamW,0.0264776782723967,,,0.00033957308868767273,,,,7,,,0.002382924647317817,,PRUNED
235,235,41.666666666666664,2025-05-25 02:28:26.413761,2025-05-25 02:28:39.892957,0 days 00:00:13.479196,AdamW,0.009611774124624876,,,0.00022914214846699125,,,,3,,,0.006080091234354262,,PRUNED
236,236,35.416666666666664,2025-05-25 02:28:39.952454,2025-05-25 02:28:52.562262,0 days 00:00:12.609808,AdamW,0.11375982003063242,,,5.063316959220479e-05,,,,2,,,0.0012975785911546393,,PRUNED
237,237,,2025-05-25 02:28:52.602578,2025-05-25 02:28:57.203934,0 days 00:00:04.601356,SGD,0.08432942296985342,,,,0.0007303882344743592,55.80879420041094,True,5,,,,0.25108731112490346,PRUNED
238,238,39.583333333333336,2025-05-25 02:28:57.258454,2025-05-25 02:29:09.892852,0 days 00:00:12.634398,AdamW,0.04750363547002791,,,0.00017360847959715234,,,,3,,,0.0016179137044140296,,PRUNED
239,239,35.416666666666664,2025-05-25 02:29:09.932654,2025-05-25 02:29:15.368988,0 days 00:00:05.436334,AdamW,0.034183997793843804,,,0.0002915078566775197,,,,6,,,0.0028890892714277905,,PRUNED
240,240,33.333333333333336,2025-05-25 02:29:15.395452,2025-05-25 02:29:20.935219,0 days 00:00:05.539767,AdamW,0.05806094734469567,,,0.00040328460610949935,,,,1,,,0.002126993503041258,,PRUNED
241,241,35.416666666666664,2025-05-25 02:29:20.975261,2025-05-25 02:29:26.710798,0 days 00:00:05.735537,AdamW,0.20219550989459353,,,0.0002334100470489626,,,,1,,,0.005158750239934811,,PRUNED
242,242,56.25,2025-05-25 02:29:26.752841,2025-05-25 02:29:45.502660,0 days 00:00:18.749819,AdamW,0.057202660228546726,,,0.00023094142830827388,,,,1,,,0.0026204560833453083,,COMPLETE
243,243,37.5,2025-05-25 02:29:45.550705,2025-05-25 02:29:54.286199,0 days 00:00:08.735494,AdamW,0.06756036237216759,,,0.00019201896253745975,,,,1,,,0.0025403956875800866,,PRUNED
244,244,35.416666666666664,2025-05-25 02:29:54.346457,2025-05-25 02:30:08.188783,0 days 00:00:13.842326,AdamW,0.043551632828206455,,,0.00032419474301087167,,,,1,,,0.0017947909163002075,,PRUNED
245,245,62.5,2025-05-25 02:30:08.248342,2025-05-25 02:30:34.951591,0 days 00:00:26.703249,AdamW,0.022720368417259898,,,0.00027019343020403457,,,,1,,,0.001515950741951454,,COMPLETE
246,246,35.416666666666664,2025-05-25 02:30:35.004237,2025-05-25 02:30:47.588264,0 days 00:00:12.584027,AdamW,0.02375185952553148,,,0.00010803518038498613,,,,0,,,0.0014766646625275464,,PRUNED
247,247,35.416666666666664,2025-05-25 02:30:47.648055,2025-05-25 02:31:01.210151,0 days 00:00:13.562096,AdamW,0.01848531137608164,,,0.00027422414062112363,,,,3,,,0.001537692148248262,,PRUNED
248,248,35.416666666666664,2025-05-25 02:31:01.269499,2025-05-25 02:31:14.676998,0 days 00:00:13.407499,AdamW,0.05472595955269211,,,0.00014140617315097095,,,,1,,,0.004829318604039238,,PRUNED
249,249,31.25,2025-05-25 02:31:14.738768,2025-05-25 02:31:28.180194,0 days 00:00:13.441426,AdamW,0.008913876975016609,,,0.0004690867249343736,,,,2,,,0.0017626013782048931,,PRUNED
250,250,33.333333333333336,2025-05-25 02:31:28.242890,2025-05-25 02:31:40.703498,0 days 00:00:12.460608,AdamW,0.08761144420035606,,,0.000585166672861863,,,,6,,,0.0021949592572843876,,PRUNED
251,251,47.916666666666664,2025-05-25 02:31:40.740686,2025-05-25 02:32:08.541134,0 days 00:00:27.800448,Adam,0.07547168482441696,,0.0004125064701779906,,,,,4,,0.04025916304311829,,,COMPLETE
252,252,35.416666666666664,2025-05-25 02:32:08.594131,2025-05-25 02:32:18.302363,0 days 00:00:09.708232,AdamW,0.028168018955049633,,,0.0003601499439456944,,,,3,,,0.002780903079853596,,PRUNED
253,253,37.5,2025-05-25 02:32:18.365119,2025-05-25 02:32:31.889033,0 days 00:00:13.523914,AdamW,0.04006398339767955,,,0.0002002490215049521,,,,1,,,0.0019460911145622929,,PRUNED
254,254,33.333333333333336,2025-05-25 02:32:31.948494,2025-05-25 02:32:45.670905,0 days 00:00:13.722411,AdamW,0.01054156019613745,,,0.03251378534156187,,,,3,,,0.005721780133719853,,PRUNED
255,255,35.416666666666664,2025-05-25 02:32:45.737118,2025-05-25 02:32:57.931713,0 days 00:00:12.194595,AdamW,0.10426807988146433,,,0.00028769758670082926,,,,6,,,0.00303872225203847,,PRUNED
256,256,29.166666666666668,2025-05-25 02:32:57.968102,2025-05-25 02:33:09.789602,0 days 00:00:11.821500,AdamW,0.23266064965104344,,,0.0001622564587230186,,,,9,,,0.0022568385775719917,,PRUNED
257,257,35.416666666666664,2025-05-25 02:33:09.838192,2025-05-25 02:33:23.270849,0 days 00:00:13.432657,AdamW,0.06251483295174111,,,0.0002230253967255435,,,,2,,,0.0024771169626332727,,PRUNED
258,258,35.416666666666664,2025-05-25 02:33:23.330798,2025-05-25 02:33:36.422686,0 days 00:00:13.091888,AdamW,8.931160512291435e-05,,,0.00041651607582555197,,,,5,,,0.003590961698642658,,PRUNED
259,259,31.25,2025-05-25 02:33:36.479560,2025-05-25 02:33:49.854713,0 days 00:00:13.375153,AdamW,0.050132021814211586,,,4.0713802095755105e-05,,,,2,,,0.001396915305945957,,PRUNED
260,260,41.666666666666664,2025-05-25 02:33:49.914448,2025-05-25 02:34:03.361132,0 days 00:00:13.446684,AdamW,0.018198235959145312,,,0.00032235811036423573,,,,2,,,0.0016416834998069754,,PRUNED
261,261,35.416666666666664,2025-05-25 02:34:03.398125,2025-05-25 02:34:16.832769,0 days 00:00:13.434644,AdamW,0.1286701863929118,,,8.027736845802993e-05,,,,0,,,0.004312028934433782,,PRUNED
262,262,35.416666666666664,2025-05-25 02:34:16.892520,2025-05-25 02:34:30.516601,0 days 00:00:13.624081,AdamW,0.09565817419780424,,,0.00012597349008288878,,,,3,,,0.001952970757468951,,PRUNED
263,263,31.25,2025-05-25 02:34:30.577673,2025-05-25 02:34:43.378850,0 days 00:00:12.801177,AdamW,0.03152018562821074,,,6.250746721869626e-05,,,,4,,,0.00492416347138653,,PRUNED
264,264,33.333333333333336,2025-05-25 02:34:43.434093,2025-05-25 02:34:54.990742,0 days 00:00:11.556649,AdamW,0.02304068595016235,,,0.0002506239247667266,,,,7,,,0.001825063917955982,,PRUNED
265,265,33.333333333333336,2025-05-25 02:34:55.041641,2025-05-25 02:35:08.691756,0 days 00:00:13.650115,Adadelta,0.036381083229263984,1.1724148698760877,,,,,,1,1.5946052851928458,,,,PRUNED
266,266,,2025-05-25 02:35:08.750117,2025-05-25 02:35:20.931364,0 days 00:00:12.181247,SGD,0.010730996460979168,,,,7.577140665274063e-05,23.036466739021975,False,3,,,,3.0058701377339077,PRUNED
267,267,41.666666666666664,2025-05-25 02:35:20.966911,2025-05-25 02:35:34.183268,0 days 00:00:13.216357,AdamW,0.1918821028044221,,,0.0001967688909447373,,,,2,,,0.006642600306994253,,PRUNED
268,268,33.333333333333336,2025-05-25 02:35:34.223271,2025-05-25 02:35:39.797063,0 days 00:00:05.573792,AdamW,0.07175029379054125,,,0.0003708398753958102,,,,6,,,0.0056384788810632585,,PRUNED
269,269,31.25,2025-05-25 02:35:39.824464,2025-05-25 02:35:48.054977,0 days 00:00:08.230513,AdamW,0.04697531592165782,,,0.0011080122028579095,,,,3,,,0.0026916351588551655,,PRUNED
270,270,37.5,2025-05-25 02:35:48.201580,2025-05-25 02:35:55.305954,0 days 00:00:07.104374,AdamW,0.020144817197741492,,,0.000514537276537015,,,,2,,,0.0033115745213531493,,PRUNED
271,271,43.75,2025-05-25 02:35:55.345489,2025-05-25 02:36:18.410383,0 days 00:00:23.064894,AdamW,0.05705185276922958,,,0.0001712820798847962,,,,3,,,0.0021388421096104914,,COMPLETE
272,272,35.416666666666664,2025-05-25 02:36:18.462929,2025-05-25 02:36:31.903918,0 days 00:00:13.440989,AdamW,0.07936554659779016,,,0.0002784462074508679,,,,1,,,0.0015925220616838758,,PRUNED
273,273,37.5,2025-05-25 02:36:31.938448,2025-05-25 02:36:42.081150,0 days 00:00:10.142702,AdamW,0.03841242991303408,,,0.00010494789683356035,,,,8,,,0.005308968277039817,,PRUNED
274,274,54.166666666666664,2025-05-25 02:36:42.123611,2025-05-25 02:37:14.671947,0 days 00:00:32.548336,AdamW,0.029419206690447175,,,0.00022998350828844712,,,,4,,,0.002336904474274864,,COMPLETE
275,275,52.083333333333336,2025-05-25 02:37:14.725478,2025-05-25 02:37:47.599054,0 days 00:00:32.873576,AdamW,0.028202647272117277,,,0.0002346921102100353,,,,4,,,0.002358535776257326,,COMPLETE
276,276,31.25,2025-05-25 02:37:47.654107,2025-05-25 02:38:01.692759,0 days 00:00:14.038652,Adam,0.025933669218704974,,3.5354770559345065e-05,,,,,4,,0.20842051848467913,,,PRUNED
277,277,41.666666666666664,2025-05-25 02:38:01.751421,2025-05-25 02:38:15.061248,0 days 00:00:13.309827,AdamW,0.026911706611880547,,,0.00022695281025054788,,,,4,,,0.0023938741667482014,,PRUNED
278,278,58.333333333333336,2025-05-25 02:38:15.119712,2025-05-25 02:38:47.015517,0 days 00:00:31.895805,AdamW,0.03367672784350682,,,0.0002551038770026456,,,,4,,,0.0025262133890908045,,COMPLETE
279,279,54.166666666666664,2025-05-25 02:38:47.068497,2025-05-25 02:39:17.261535,0 days 00:00:30.193038,AdamW,0.16350269114045227,,,0.00029613580697088795,,,,4,,,0.00244208102526768,,COMPLETE
280,280,47.916666666666664,2025-05-25 02:39:17.311601,2025-05-25 02:39:40.460948,0 days 00:00:23.149347,AdamW,0.1630578873809003,,,0.00028254424633001565,,,,4,,,0.0025702922014612085,,PRUNED
281,281,33.333333333333336,2025-05-25 02:39:40.520976,2025-05-25 02:39:49.961773,0 days 00:00:09.440797,AdamW,0.1811119809835514,,,0.00033313632113372296,,,,4,,,0.002328593252002289,,PRUNED
282,282,33.333333333333336,2025-05-25 02:39:50.001582,2025-05-25 02:39:55.587771,0 days 00:00:05.586189,AdamW,0.15642306959432378,,,0.00025124885157922183,,,,4,,,0.002813809162628179,,PRUNED
283,283,33.333333333333336,2025-05-25 02:39:55.640349,2025-05-25 02:40:08.246451,0 days 00:00:12.606102,AdamW,0.18033158007733985,,,0.0003379903023136709,,,,4,,,0.0025178955480279147,,PRUNED
284,284,33.333333333333336,2025-05-25 02:40:08.305527,2025-05-25 02:40:17.643540,0 days 00:00:09.338013,AdamW,0.162788286821236,,,0.00029018284042785203,,,,4,,,0.0022815947193284888,,PRUNED
285,285,35.416666666666664,2025-05-25 02:40:17.682491,2025-05-25 02:40:23.426507,0 days 00:00:05.744016,AdamW,0.10958504259922662,,,0.0002418403780772178,,,,4,,,0.0030162511665197934,,PRUNED
286,286,35.416666666666664,2025-05-25 02:40:23.466458,2025-05-25 02:40:35.978023,0 days 00:00:12.511565,AdamW,0.14321220962784986,,,0.0004099261234520094,,,,4,,,0.0026764690025862744,,PRUNED
287,287,33.333333333333336,2025-05-25 02:40:36.014195,2025-05-25 02:40:47.058854,0 days 00:00:11.044659,AdamW,0.12176472201874693,,,0.0041814631080742,,,,4,,,0.0021479233799158223,,PRUNED
288,288,60.416666666666664,2025-05-25 02:40:47.117909,2025-05-25 02:41:18.022492,0 days 00:00:30.904583,AdamW,0.16946507695032642,,,0.00021637241183571404,,,,5,,,0.0024180386352618374,,COMPLETE
289,289,37.5,2025-05-25 02:41:18.076369,2025-05-25 02:41:29.789112,0 days 00:00:11.712743,Adadelta,0.16119205700865444,0.05451086520609048,,,,,,5,0.1649996824098184,,,,PRUNED
290,290,33.333333333333336,2025-05-25 02:41:29.844744,2025-05-25 02:41:42.478510,0 days 00:00:12.633766,AdamW,0.17377676975809409,,,0.00020977143914045412,,,,5,,,0.0023190175563581215,,PRUNED
291,291,31.25,2025-05-25 02:41:42.515049,2025-05-25 02:41:55.826904,0 days 00:00:13.311855,AdamW,0.17616076314539536,,,0.00014774282115647395,,,,4,,,0.002536496323991295,,PRUNED
292,292,33.333333333333336,2025-05-25 02:41:55.887096,2025-05-25 02:42:03.789723,0 days 00:00:07.902627,AdamW,0.1884492945618701,,,0.0002522184802671019,,,,5,,,0.0020231415871207374,,PRUNED
293,293,,2025-05-25 02:42:03.846939,2025-05-25 02:42:16.665083,0 days 00:00:12.818144,SGD,0.03589365801769978,,,,0.02425366568009479,35.64986476583138,False,5,,,,0.0438866315544174,PRUNED
294,294,52.083333333333336,2025-05-25 02:42:16.701494,2025-05-25 02:42:43.279100,0 days 00:00:26.577606,AdamW,0.1543763886165016,,,0.00017844925425190922,,,,4,,,0.0028375723977713554,,COMPLETE
295,295,39.583333333333336,2025-05-25 02:42:43.318515,2025-05-25 02:42:48.744434,0 days 00:00:05.425919,AdamW,0.15713081512267715,,,0.00016507707268291962,,,,4,,,0.002964015822433063,,PRUNED
296,296,35.416666666666664,2025-05-25 02:42:48.784328,2025-05-25 02:42:54.416128,0 days 00:00:05.631800,AdamW,0.1735823445194521,,,0.0001884116268808204,,,,4,,,0.0027328309250737037,,PRUNED
297,297,29.166666666666668,2025-05-25 02:42:54.456661,2025-05-25 02:42:59.870976,0 days 00:00:05.414315,AdamW,0.13894674724767267,,,5.3790436618152364e-05,,,,4,,,0.003185629248650234,,PRUNED
298,298,25.0,2025-05-25 02:42:59.913112,2025-05-25 02:43:07.172591,0 days 00:00:07.259479,AdamW,0.15240857436716676,,,0.00013539154405850181,,,,4,,,0.002488472114217125,,PRUNED
299,299,35.416666666666664,2025-05-25 02:43:07.231728,2025-05-25 02:43:20.425840,0 days 00:00:13.194112,AdamW,0.1654137940619691,,,0.00021393662753698727,,,,4,,,0.002988210780242165,,PRUNED
300,300,37.5,2025-05-25 02:43:20.490202,2025-05-25 02:43:31.833213,0 days 00:00:11.343011,AdamW,0.3395859069585151,,,9.539500277130892e-05,,,,4,,,0.0027722487163779003,,PRUNED
301,301,37.5,2025-05-25 02:43:31.894216,2025-05-25 02:43:41.542918,0 days 00:00:09.648702,AdamW,0.04240773299779309,,,0.0003100186378249921,,,,5,,,0.0023999094456244796,,PRUNED
302,302,33.333333333333336,2025-05-25 02:43:41.602128,2025-05-25 02:43:54.952858,0 days 00:00:13.350730,AdamW,0.031209075114109336,,,0.00011564959863815396,,,,4,,,0.00017623818136559862,,PRUNED
303,303,39.583333333333336,2025-05-25 02:43:55.017257,2025-05-25 02:44:08.093924,0 days 00:00:13.076667,AdamW,0.15304636148131415,,,0.00018086231971159398,,,,5,,,0.0033156388685734272,,PRUNED
304,304,33.333333333333336,2025-05-25 02:44:08.161120,2025-05-25 02:44:21.505758,0 days 00:00:13.344638,Adam,0.1927253564231137,,0.025873620182171365,,,,,4,,15.995635026769337,,,PRUNED
305,305,39.583333333333336,2025-05-25 02:44:21.577926,2025-05-25 02:44:35.252762,0 days 00:00:13.674836,AdamW,0.17069735884638285,,,0.00021949108842717768,,,,4,,,0.002104263394274734,,PRUNED
306,306,39.583333333333336,2025-05-25 02:44:35.312157,2025-05-25 02:44:48.529127,0 days 00:00:13.216970,AdamW,0.019952956166057995,,,7.473912323383551e-05,,,,4,,,0.0026092351228468695,,PRUNED
307,307,33.333333333333336,2025-05-25 02:44:48.588125,2025-05-25 02:45:01.906467,0 days 00:00:13.318342,AdamW,0.04594376647532246,,,0.00026138210928324397,,,,4,,,0.0003928104410210231,,PRUNED
308,308,37.5,2025-05-25 02:45:01.967134,2025-05-25 02:45:14.971255,0 days 00:00:13.004121,AdamW,0.06261739885233579,,,3.848598345725992e-05,,,,5,,,0.002274400542622848,,PRUNED
309,309,33.333333333333336,2025-05-25 02:45:15.015072,2025-05-25 02:45:28.614009,0 days 00:00:13.598937,AdamW,0.017823086377197192,,,0.00065393715822374,,,,4,,,0.001974273582116066,,PRUNED
310,310,33.333333333333336,2025-05-25 02:45:28.673904,2025-05-25 02:45:41.876377,0 days 00:00:13.202473,AdamW,0.14796304558724788,,,0.0003471927331000119,,,,4,,,0.003753143336165682,,PRUNED
311,311,37.5,2025-05-25 02:45:41.935085,2025-05-25 02:45:53.858723,0 days 00:00:11.923638,AdamW,0.20768729395646934,,,0.0001557384190462188,,,,7,,,0.002649018317666034,,PRUNED
312,312,33.333333333333336,2025-05-25 02:45:53.909859,2025-05-25 02:46:07.403288,0 days 00:00:13.493429,AdamW,0.03246164731012635,,,0.0008888406738101294,,,,4,,,0.0028551803148361547,,PRUNED
313,313,33.333333333333336,2025-05-25 02:46:07.439899,2025-05-25 02:46:20.446125,0 days 00:00:13.006226,AdamW,0.4265012418836907,,,0.0005216182701327071,,,,5,,,0.002163002747684889,,PRUNED
314,314,41.666666666666664,2025-05-25 02:46:20.483191,2025-05-25 02:46:33.855480,0 days 00:00:13.372289,AdamW,0.011828747865917923,,,0.00042995660305599555,,,,4,,,0.0024171539420691345,,PRUNED
315,315,37.5,2025-05-25 02:46:33.914244,2025-05-25 02:46:47.307655,0 days 00:00:13.393411,AdamW,0.16718097273999322,,,0.00022254515899244892,,,,1,,,0.0012378904179321576,,PRUNED
316,316,33.333333333333336,2025-05-25 02:46:47.343508,2025-05-25 02:46:59.213194,0 days 00:00:11.869686,Adadelta,0.2989470557990208,0.010311686841312855,,,,,,8,15.496449002367143,,,,PRUNED
317,317,37.5,2025-05-25 02:46:59.262422,2025-05-25 02:47:11.955801,0 days 00:00:12.693379,AdamW,0.053657298455841454,,,0.00028369675477864004,,,,5,,,0.0007394961965799715,,PRUNED
318,318,,2025-05-25 02:47:12.012981,2025-05-25 02:47:24.714140,0 days 00:00:12.701159,SGD,0.03791664301416743,,,,0.002470608568048232,12.188401303469952,True,4,,,,29.944697426382994,PRUNED
319,319,50.0,2025-05-25 02:47:24.741322,2025-05-25 02:47:50.610766,0 days 00:00:25.869444,AdamW,0.027066252464946067,,,0.00013188981223660658,,,,5,,,0.0031199304320411107,,COMPLETE
320,320,31.25,2025-05-25 02:47:50.663362,2025-05-25 02:48:04.712033,0 days 00:00:14.048671,AdamW,0.13366509542325125,,,2.33194193393222e-05,,,,1,,,0.0018980941103357196,,PRUNED
321,321,33.333333333333336,2025-05-25 02:48:04.769535,2025-05-25 02:48:13.410608,0 days 00:00:08.641073,AdamW,0.08213892514896133,,,0.0001897374927740935,,,,4,,,0.0034543298725579342,,PRUNED
322,322,45.833333333333336,2025-05-25 02:48:13.472236,2025-05-25 02:48:45.487953,0 days 00:00:32.015717,AdamW,0.06565807518717018,,,0.0003461818219713623,,,,0,,,0.0021903090167008795,,COMPLETE
323,323,33.333333333333336,2025-05-25 02:48:45.541191,2025-05-25 02:48:52.433988,0 days 00:00:06.892797,AdamW,0.27258395489494475,,,0.0002641683268599165,,,,3,,,0.002455606368866629,,PRUNED
324,324,35.416666666666664,2025-05-25 02:48:52.476162,2025-05-25 02:48:57.957332,0 days 00:00:05.481170,AdamW,0.09495245770474771,,,0.00015859032674070734,,,,1,,,0.0028385214396642942,,PRUNED
325,325,58.333333333333336,2025-05-25 02:48:57.997055,2025-05-25 02:49:18.493264,0 days 00:00:20.496209,AdamW,0.0429633134940505,,,0.00022331552800143446,,,,2,,,0.0020269457965456207,,COMPLETE
326,326,39.583333333333336,2025-05-25 02:49:18.549042,2025-05-25 02:49:31.436663,0 days 00:00:12.887621,AdamW,0.048764122777717495,,,0.0002224565853090992,,,,2,,,0.002004815154701592,,PRUNED
327,327,39.583333333333336,2025-05-25 02:49:31.477791,2025-05-25 02:49:37.521520,0 days 00:00:06.043729,AdamW,0.04152231475998759,,,0.0002986226071156344,,,,2,,,0.0017819167047010327,,PRUNED
328,328,33.333333333333336,2025-05-25 02:49:37.564929,2025-05-25 02:49:42.901577,0 days 00:00:05.336648,AdamW,0.02343089559808171,,,0.00018536624603990342,,,,2,,,0.0014791529569861,,PRUNED
329,329,33.333333333333336,2025-05-25 02:49:42.942067,2025-05-25 02:49:49.177845,0 days 00:00:06.235778,Adam,0.4676262455347203,,0.00914571897946844,,,,,2,,1.591307167858917,,,PRUNED
330,330,45.833333333333336,2025-05-25 02:49:49.211809,2025-05-25 02:50:23.201946,0 days 00:00:33.990137,AdamW,0.0550796917461429,,,0.00024171773468343905,,,,2,,,0.0018629157382740165,,COMPLETE
331,331,31.25,2025-05-25 02:50:23.255983,2025-05-25 02:50:35.321857,0 days 00:00:12.065874,AdamW,0.028357147496425116,,,0.00037550747228130637,,,,7,,,0.0020465829827819386,,PRUNED
332,332,37.5,2025-05-25 02:50:35.359633,2025-05-25 02:50:48.776499,0 days 00:00:13.416866,AdamW,0.03653422170863351,,,0.00021187864689660226,,,,2,,,0.0022691643251417813,,PRUNED
333,333,37.5,2025-05-25 02:50:48.836989,2025-05-25 02:51:02.333108,0 days 00:00:13.496119,AdamW,0.013574674162079716,,,0.0002994222712533411,,,,1,,,0.0016328502103894233,,PRUNED
334,334,33.333333333333336,2025-05-25 02:51:02.369567,2025-05-25 02:51:16.024697,0 days 00:00:13.655130,AdamW,0.04751427739789772,,,0.0004680309648044091,,,,2,,,0.0025284088329337573,,PRUNED
335,335,37.5,2025-05-25 02:51:16.063012,2025-05-25 02:51:29.485891,0 days 00:00:13.422879,AdamW,0.4005753172518413,,,0.00013866670271381554,,,,4,,,0.00011046153535670878,,PRUNED
336,336,37.5,2025-05-25 02:51:29.546868,2025-05-25 02:51:42.595608,0 days 00:00:13.048740,AdamW,0.00040287680966394,,,1.623381115082855e-05,,,,5,,,0.001777898302479898,,PRUNED
337,337,37.5,2025-05-25 02:51:42.653683,2025-05-25 02:51:56.325950,0 days 00:00:13.672267,AdamW,0.01857760914878489,,,0.00017847509171818856,,,,1,,,0.0021397226734615024,,PRUNED
338,338,45.833333333333336,2025-05-25 02:51:56.386759,2025-05-25 02:52:28.603036,0 days 00:00:32.216277,AdamW,0.06732476797605266,,,0.0002487740900848356,,,,4,,,0.0026870827369520406,,COMPLETE
339,339,37.5,2025-05-25 02:52:28.658611,2025-05-25 02:52:41.724966,0 days 00:00:13.066355,AdamW,0.03841809317929763,,,0.0003761961580520868,,,,4,,,0.0019369128180304195,,PRUNED
340,340,35.416666666666664,2025-05-25 02:52:41.761835,2025-05-25 02:52:53.349730,0 days 00:00:11.587895,AdamW,0.03000939905548608,,,0.0003156617665461333,,,,1,,,0.004124337962344906,,PRUNED
341,341,33.333333333333336,2025-05-25 02:52:53.377379,2025-05-25 02:52:58.900779,0 days 00:00:05.523400,Adadelta,0.05473618738501532,0.8124262650750957,,,,,,2,0.03002781861079486,,,,PRUNED
342,342,41.666666666666664,2025-05-25 02:52:58.940334,2025-05-25 02:53:05.602039,0 days 00:00:06.661705,AdamW,0.007662264135639283,,,0.00012447894890140878,,,,5,,,0.002346418472443418,,PRUNED
343,343,31.25,2025-05-25 02:53:05.659421,2025-05-25 02:53:18.892052,0 days 00:00:13.232631,AdamW,0.07347537058226424,,,1.334212261784334e-05,,,,4,,,0.004583031575910916,,PRUNED
344,344,,2025-05-25 02:53:18.952434,2025-05-25 02:53:25.038318,0 days 00:00:06.085884,SGD,0.024134320850751897,,,,0.006476573117546936,55.99871448536107,False,2,,,,0.9117518912820977,PRUNED
345,345,33.333333333333336,2025-05-25 02:53:25.065111,2025-05-25 02:53:30.468466,0 days 00:00:05.403355,AdamW,0.04239885189510349,,,0.00020297255518071604,,,,4,,,0.0030392502800419587,,PRUNED
346,346,31.25,2025-05-25 02:53:30.506955,2025-05-25 02:53:41.713063,0 days 00:00:11.206108,AdamW,0.08750995509129429,,,0.00016044718135670724,,,,1,,,0.0013406239558707415,,PRUNED
347,347,31.25,2025-05-25 02:53:41.774606,2025-05-25 02:53:53.117791,0 days 00:00:11.343185,AdamW,0.01653007355574228,,,0.0002594098652248256,,,,2,,,0.001531995429398594,,PRUNED
348,348,31.25,2025-05-25 02:53:53.157952,2025-05-25 02:53:58.758416,0 days 00:00:05.600464,AdamW,0.031041949749658897,,,0.00010570979118664437,,,,3,,,0.0016956223229302894,,PRUNED
349,349,33.333333333333336,2025-05-25 02:53:58.785644,2025-05-25 02:54:09.222775,0 days 00:00:10.437131,AdamW,0.05630254188979479,,,0.0005817595261123353,,,,4,,,0.0021143619634285808,,PRUNED
350,350,52.083333333333336,2025-05-25 02:54:09.282520,2025-05-25 02:54:34.733574,0 days 00:00:25.451054,AdamW,0.042085511330794606,,,0.00042892385505164917,,,,5,,,0.002484175744456004,,COMPLETE
351,351,50.0,2025-05-25 02:54:34.787411,2025-05-25 02:54:58.095920,0 days 00:00:23.308509,AdamW,0.22366951012657318,,,0.0002307494388078394,,,,7,,,0.0011462103733645957,,COMPLETE
352,352,37.5,2025-05-25 02:54:58.149676,2025-05-25 02:55:10.358161,0 days 00:00:12.208485,AdamW,0.01071053557751462,,,0.0003260850960859648,,,,6,,,0.003255526854704414,,PRUNED
353,353,33.333333333333336,2025-05-25 02:55:10.396672,2025-05-25 02:55:15.873828,0 days 00:00:05.477156,AdamW,0.03278257113797663,,,0.00018621003191809997,,,,2,,,0.0036219201715823107,,PRUNED
354,354,33.333333333333336,2025-05-25 02:55:15.914103,2025-05-25 02:55:21.661486,0 days 00:00:05.747383,Adam,0.02133241241569641,,0.002229781011653465,,,,,1,,0.49760247362867716,,,PRUNED
355,355,37.5,2025-05-25 02:55:21.688509,2025-05-25 02:55:33.972234,0 days 00:00:12.283725,AdamW,0.0602654990329316,,,0.00027878543192993814,,,,4,,,0.0027268139553039816,,PRUNED
356,356,37.5,2025-05-25 02:55:34.032325,2025-05-25 02:55:43.788316,0 days 00:00:09.755991,AdamW,0.04629187044814837,,,0.00015757397278467266,,,,3,,,0.0022722446692228005,,PRUNED
357,357,39.583333333333336,2025-05-25 02:55:43.828797,2025-05-25 02:55:49.783291,0 days 00:00:05.954494,AdamW,0.37514178857647584,,,0.0003650775933569634,,,,2,,,0.0005970710899289663,,PRUNED
358,358,37.5,2025-05-25 02:55:49.823827,2025-05-25 02:55:58.315665,0 days 00:00:08.491838,AdamW,0.07539304065140282,,,8.283926615502869e-05,,,,5,,,0.001935556234629187,,PRUNED
359,359,39.583333333333336,2025-05-25 02:55:58.374356,2025-05-25 02:56:11.491364,0 days 00:00:13.117008,AdamW,0.03379345944382379,,,0.00020492772150795807,,,,1,,,0.0009094736259795548,,PRUNED
360,360,50.0,2025-05-25 02:56:11.533393,2025-05-25 02:56:30.155620,0 days 00:00:18.622227,AdamW,0.020453642944049177,,,0.0002533506045819771,,,,0,,,0.003019261973737865,,COMPLETE
361,361,33.333333333333336,2025-05-25 02:56:30.205452,2025-05-25 02:56:36.193946,0 days 00:00:05.988494,AdamW,0.11781386451608564,,,0.0005111701777905743,,,,6,,,0.0014277307019166228,,PRUNED
362,362,29.166666666666668,2025-05-25 02:56:36.230967,2025-05-25 02:56:41.746357,0 days 00:00:05.515390,AdamW,0.00016766857462756357,,,0.00012442264459441163,,,,8,,,0.0017418672641111865,,PRUNED
363,363,37.5,2025-05-25 02:56:41.779967,2025-05-25 02:56:47.727036,0 days 00:00:05.947069,AdamW,0.09828443049514993,,,0.00028494033380561625,,,,4,,,0.002368257607152318,,PRUNED
364,364,37.5,2025-05-25 02:56:47.767483,2025-05-25 02:56:54.416600,0 days 00:00:06.649117,AdamW,0.25423344067014886,,,0.00020923422294753552,,,,3,,,0.0020638177951569823,,PRUNED
365,365,39.583333333333336,2025-05-25 02:56:54.476378,2025-05-25 02:57:07.860863,0 days 00:00:13.384485,AdamW,0.01187099283698189,,,0.0004014570564948308,,,,2,,,0.0026514501302461572,,PRUNED
366,366,29.166666666666668,2025-05-25 02:57:07.923263,2025-05-25 02:57:19.051498,0 days 00:00:11.128235,Adadelta,0.050715273562572556,0.06721766952430228,,,,,,4,2.6476240363088306,,,,PRUNED
367,367,41.666666666666664,2025-05-25 02:57:19.105541,2025-05-25 02:57:27.663289,0 days 00:00:08.557748,AdamW,0.02655547537013315,,,0.00016369601503492322,,,,1,,,0.00025191326405568247,,PRUNED
368,368,58.333333333333336,2025-05-25 02:57:27.723625,2025-05-25 02:58:01.372744,0 days 00:00:33.649119,AdamW,0.06350878085031703,,,0.0002331861035847504,,,,2,,,0.002866170379143707,,COMPLETE
369,369,,2025-05-25 02:58:01.426133,2025-05-25 02:58:13.021929,0 days 00:00:11.595796,SGD,0.088054431802091,,,,0.0005121985714202492,84.93763844533463,True,2,,,,0.739228594529903,PRUNED
370,370,37.5,2025-05-25 02:58:13.058288,2025-05-25 02:58:26.715910,0 days 00:00:13.657622,AdamW,0.07107477483574201,,,0.00031919739023213134,,,,2,,,0.001883746404747854,,PRUNED
371,371,41.666666666666664,2025-05-25 02:58:26.777058,2025-05-25 02:58:40.139789,0 days 00:00:13.362731,AdamW,0.06091640433401117,,,0.00025663681974987364,,,,2,,,0.002336929874322809,,PRUNED
372,372,37.5,2025-05-25 02:58:40.175935,2025-05-25 02:58:53.564591,0 days 00:00:13.388656,AdamW,0.0798753933013922,,,0.00033282457867038246,,,,2,,,0.00878535610028835,,PRUNED
373,373,35.416666666666664,2025-05-25 02:58:53.629827,2025-05-25 02:59:07.107200,0 days 00:00:13.477373,AdamW,0.0622035568353514,,,0.0002219533309625066,,,,2,,,0.002074013971414816,,PRUNED
374,374,43.75,2025-05-25 02:59:07.168981,2025-05-25 02:59:20.652257,0 days 00:00:13.483276,AdamW,0.24108608990192754,,,0.0004831058545409532,,,,3,,,0.006186598556218525,,PRUNED
375,375,33.333333333333336,2025-05-25 02:59:20.712599,2025-05-25 02:59:33.422263,0 days 00:00:12.709664,AdamW,0.04605325167626158,,,0.0006463791864740347,,,,2,,,0.0016698893300649041,,PRUNED
376,376,33.333333333333336,2025-05-25 02:59:33.463695,2025-05-25 02:59:43.117993,0 days 00:00:09.654298,AdamW,0.06793427067478323,,,0.00027655646029279743,,,,7,,,0.002558646327227193,,PRUNED
377,377,33.333333333333336,2025-05-25 02:59:43.155467,2025-05-25 02:59:56.464334,0 days 00:00:13.308867,AdamW,0.036625858143550565,,,0.000400299424060947,,,,1,,,0.004689955587509195,,PRUNED
378,378,33.333333333333336,2025-05-25 02:59:56.505561,2025-05-25 03:00:07.145695,0 days 00:00:10.640134,Adam,0.04936703949519183,,8.146919343093211e-05,,,,,6,,90.9727394152776,,,PRUNED
379,379,39.583333333333336,2025-05-25 03:00:07.199939,2025-05-25 03:00:20.300325,0 days 00:00:13.100386,AdamW,0.03464403319472013,,,0.00022028159017241548,,,,3,,,0.0015325903640982723,,PRUNED
380,380,33.333333333333336,2025-05-25 03:00:20.341196,2025-05-25 03:00:26.582084,0 days 00:00:06.240888,AdamW,0.08132663329683887,,,9.467702474042516e-05,,,,2,,,0.0031240136097813215,,PRUNED
381,381,33.333333333333336,2025-05-25 03:00:26.631866,2025-05-25 03:00:33.146259,0 days 00:00:06.514393,AdamW,0.021688218087250424,,,0.00030914535648712973,,,,5,,,0.0034320435384261614,,PRUNED
382,382,35.416666666666664,2025-05-25 03:00:33.205322,2025-05-25 03:00:46.695494,0 days 00:00:13.490172,AdamW,0.05638592645210386,,,0.0001434600439862825,,,,3,,,0.0022563646275467484,,PRUNED
383,383,31.25,2025-05-25 03:00:46.757460,2025-05-25 03:00:56.737501,0 days 00:00:09.980041,AdamW,0.31467854775634574,,,0.001524298566200986,,,,2,,,0.002716848875560365,,PRUNED
384,384,43.75,2025-05-25 03:00:56.798549,2025-05-25 03:01:30.227056,0 days 00:00:33.428507,AdamW,0.009358819243823549,,,0.0007792389489095077,,,,1,,,0.0039917655672052745,,COMPLETE
385,385,33.333333333333336,2025-05-25 03:01:30.282560,2025-05-25 03:01:41.819137,0 days 00:00:11.536577,AdamW,0.03975759134155109,,,0.00024007870984713977,,,,2,,,0.001974993311537258,,PRUNED
386,386,33.333333333333336,2025-05-25 03:01:41.879753,2025-05-25 03:01:54.207914,0 days 00:00:12.328161,AdamW,0.06667892926005774,,,0.03481856414170935,,,,6,,,0.002481731326661522,,PRUNED
387,387,33.333333333333336,2025-05-25 03:01:54.262783,2025-05-25 03:02:07.708309,0 days 00:00:13.445526,AdamW,0.02756436472568939,,,0.00035357745150663876,,,,1,,,0.0018415413268663785,,PRUNED
388,388,33.333333333333336,2025-05-25 03:02:07.773351,2025-05-25 03:02:19.542972,0 days 00:00:11.769621,AdamW,0.016214649063538755,,,0.00018420530920110212,,,,1,,,0.0021413709042837673,,PRUNED
389,389,37.5,2025-05-25 03:02:19.603795,2025-05-25 03:02:33.086883,0 days 00:00:13.483088,AdamW,0.05238087669301418,,,0.0002545106026205026,,,,2,,,0.002858977902786956,,PRUNED
390,390,33.333333333333336,2025-05-25 03:02:33.149081,2025-05-25 03:02:46.469703,0 days 00:00:13.320622,Adadelta,0.04206932594688908,15.02477694395679,,,,,,3,0.3116030450542385,,,,PRUNED
391,391,35.416666666666664,2025-05-25 03:02:46.507999,2025-05-25 03:02:58.141492,0 days 00:00:11.633493,AdamW,0.09127449362903148,,,0.00011575172964877878,,,,5,,,0.005110200253844787,,PRUNED
392,392,39.583333333333336,2025-05-25 03:02:58.200503,2025-05-25 03:03:11.431662,0 days 00:00:13.231159,AdamW,0.33385965781736937,,,0.0004559799125566548,,,,2,,,0.0016515514734996226,,PRUNED
393,393,,2025-05-25 03:03:11.459203,2025-05-25 03:03:15.568808,0 days 00:00:04.109605,SGD,0.027391674796520944,,,,0.0758497348119215,71.88110151113189,True,3,,,,0.048051767133223865,PRUNED
394,394,41.666666666666664,2025-05-25 03:03:15.595195,2025-05-25 03:03:20.908523,0 days 00:00:05.313328,AdamW,0.07269120279716901,,,0.0002840436399394271,,,,1,,,0.0011701428286104158,,PRUNED
395,395,37.5,2025-05-25 03:03:20.948707,2025-05-25 03:03:26.137030,0 days 00:00:05.188323,AdamW,0.10454162438518308,,,0.00019129255310941195,,,,6,,,0.0013266503056717875,,PRUNED
396,396,37.5,2025-05-25 03:03:26.173703,2025-05-25 03:03:31.469179,0 days 00:00:05.295476,AdamW,0.010053349250582492,,,0.0003644138388639381,,,,7,,,0.0023925347458930335,,PRUNED
397,397,41.666666666666664,2025-05-25 03:03:31.496274,2025-05-25 03:03:37.276512,0 days 00:00:05.780238,AdamW,0.03389477065520572,,,0.00022171672444002194,,,,5,,,0.0029190911714102323,,PRUNED
398,398,33.333333333333336,2025-05-25 03:03:37.334184,2025-05-25 03:03:43.021925,0 days 00:00:05.687741,AdamW,0.019315292645824655,,,0.00015681769616555257,,,,3,,,0.0022001864695123533,,PRUNED
399,399,47.916666666666664,2025-05-25 03:03:43.062983,2025-05-25 03:04:10.517044,0 days 00:00:27.454061,AdamW,0.05857713870859412,,,0.0003041889285682216,,,,2,,,0.0004722570101075411,,COMPLETE
400,400,35.416666666666664,2025-05-25 03:04:10.556896,2025-05-25 03:04:16.872571,0 days 00:00:06.315675,AdamW,0.04557577355526342,,,6.722372741253142e-05,,,,2,,,0.001845995216204269,,PRUNED
401,401,31.25,2025-05-25 03:04:16.934942,2025-05-25 03:04:30.393453,0 days 00:00:13.458511,AdamW,0.004882417282395798,,,0.00023853107211047747,,,,0,,,0.002619778649722706,,PRUNED
402,402,33.333333333333336,2025-05-25 03:04:30.454754,2025-05-25 03:04:43.603992,0 days 00:00:13.149238,Adam,0.03131249803346461,,0.035198953764716226,,,,,3,,0.06349067768602112,,,PRUNED
403,403,37.5,2025-05-25 03:04:43.666091,2025-05-25 03:04:56.646955,0 days 00:00:12.980864,AdamW,0.08095837720945434,,,0.0005566847969238325,,,,1,,,0.004344294111160402,,PRUNED
404,404,33.333333333333336,2025-05-25 03:04:56.703077,2025-05-25 03:05:09.262066,0 days 00:00:12.558989,AdamW,0.022267859456283564,,,0.0004169082095613876,,,,4,,,0.006859791933894874,,PRUNED
405,405,33.333333333333336,2025-05-25 03:05:09.317540,2025-05-25 03:05:19.968143,0 days 00:00:10.650603,AdamW,0.04309869242575873,,,0.00013797801609322533,,,,4,,,0.006046745929604828,,PRUNED
406,406,37.5,2025-05-25 03:05:20.028571,2025-05-25 03:05:31.384477,0 days 00:00:11.355906,AdamW,0.014665758897663486,,,0.0001902413180346131,,,,6,,,0.0036689047687580886,,PRUNED
407,407,29.166666666666668,2025-05-25 03:05:31.440364,2025-05-25 03:05:38.075077,0 days 00:00:06.634713,AdamW,0.0632767332507958,,,0.0002766705196622522,,,,2,,,0.0020240174264619507,,PRUNED
408,408,37.5,2025-05-25 03:05:38.115662,2025-05-25 03:05:43.351457,0 days 00:00:05.235795,AdamW,0.05276472486726383,,,0.0003340895455109287,,,,5,,,0.0023182010864175955,,PRUNED
409,409,39.583333333333336,2025-05-25 03:05:43.390903,2025-05-25 03:05:47.798174,0 days 00:00:04.407271,AdamW,0.03474484679301109,,,0.00010743440182079749,,,,9,,,0.003282610294742352,,PRUNED
410,410,33.333333333333336,2025-05-25 03:05:47.832768,2025-05-25 03:05:52.960468,0 days 00:00:05.127700,AdamW,0.025626730934329805,,,0.00021834444715666018,,,,8,,,0.0014660150576973584,,PRUNED
411,411,37.5,2025-05-25 03:05:53.009365,2025-05-25 03:06:03.577039,0 days 00:00:10.567674,AdamW,0.1978648118063633,,,0.0002675504894274155,,,,1,,,0.0016261498044651138,,PRUNED
412,412,33.333333333333336,2025-05-25 03:06:03.614646,2025-05-25 03:06:15.014450,0 days 00:00:11.399804,AdamW,0.04280581449517777,,,0.0001799234399361997,,,,3,,,0.005500602321633062,,PRUNED
413,413,33.333333333333336,2025-05-25 03:06:15.056591,2025-05-25 03:06:20.381925,0 days 00:00:05.325334,AdamW,0.419570718797981,,,0.00035103648780654797,,,,2,,,0.00014600286148638622,,PRUNED
414,414,31.25,2025-05-25 03:06:20.423603,2025-05-25 03:06:25.840815,0 days 00:00:05.417212,AdamW,0.0006583665978619098,,,9.080918609266838e-05,,,,6,,,0.0018373955806231632,,PRUNED
415,415,33.333333333333336,2025-05-25 03:06:25.879376,2025-05-25 03:06:32.179951,0 days 00:00:06.300575,Adadelta,0.07589134486296645,3.1368657302793523,,,,,,4,18.28472565092843,,,,PRUNED
416,416,31.25,2025-05-25 03:06:32.219793,2025-05-25 03:06:41.234170,0 days 00:00:09.014377,AdamW,0.015770679125574442,,,0.00042828769605150876,,,,1,,,0.0024722902988827886,,PRUNED
417,417,,2025-05-25 03:06:41.292096,2025-05-25 03:06:52.306146,0 days 00:00:11.014050,SGD,0.09809464144487143,,,,4.948905235523898e-05,32.63803761898246,False,2,,,,3.039053634602889,PRUNED
418,418,37.5,2025-05-25 03:06:52.333066,2025-05-25 03:06:57.715312,0 days 00:00:05.382246,AdamW,0.21521564952754385,,,1.0312753649363122e-05,,,,4,,,0.0021759828562362333,,PRUNED
419,419,27.083333333333332,2025-05-25 03:06:57.776439,2025-05-25 03:07:03.290042,0 days 00:00:05.513603,AdamW,0.04967383021082623,,,0.00015788584087614717,,,,2,,,0.0028666284965015642,,PRUNED
420,420,43.75,2025-05-25 03:07:03.330191,2025-05-25 03:07:09.835803,0 days 00:00:06.505612,AdamW,0.029986264638055062,,,0.00023188345324047488,,,,5,,,0.002574008936051789,,PRUNED
421,421,37.5,2025-05-25 03:07:09.874345,2025-05-25 03:07:21.424937,0 days 00:00:11.550592,AdamW,0.061227287811256956,,,0.00027737808196213434,,,,3,,,0.001974700566145715,,PRUNED
422,422,37.5,2025-05-25 03:07:21.499576,2025-05-25 03:07:30.918876,0 days 00:00:09.419300,AdamW,0.34625646597056037,,,0.00020012703475582043,,,,4,,,0.0047877845315248135,,PRUNED
423,423,58.333333333333336,2025-05-25 03:07:30.947175,2025-05-25 03:07:55.704173,0 days 00:00:24.756998,AdamW,0.08711951287467595,,,0.0001315511181920242,,,,1,,,0.0010308177209426522,,COMPLETE
424,424,39.583333333333336,2025-05-25 03:07:55.756176,2025-05-25 03:08:05.099549,0 days 00:00:09.343373,AdamW,0.08759349943912777,,,0.00013505341599996256,,,,1,,,0.0010252912091439537,,PRUNED
425,425,37.5,2025-05-25 03:08:05.140536,2025-05-25 03:08:12.388131,0 days 00:00:07.247595,AdamW,0.09190752930327087,,,0.00012031864859342682,,,,1,,,0.0008663267371276004,,PRUNED
426,426,31.25,2025-05-25 03:08:12.429037,2025-05-25 03:08:24.224067,0 days 00:00:11.795030,AdamW,0.07601177322037925,,,8.044046826208226e-05,,,,0,,,0.0007444181141821965,,PRUNED
427,427,22.916666666666668,2025-05-25 03:08:24.286396,2025-05-25 03:08:34.716969,0 days 00:00:10.430573,Adam,0.08210383919718268,,1.0440482119465944e-05,,,,,1,,4.360388895075173,,,PRUNED
428,428,35.416666666666664,2025-05-25 03:08:34.757674,2025-05-25 03:08:41.282235,0 days 00:00:06.524561,AdamW,0.10224167127492215,,,9.639992878968916e-05,,,,1,,,0.0014925912658656127,,PRUNED
429,429,35.416666666666664,2025-05-25 03:08:41.325115,2025-05-25 03:08:51.695493,0 days 00:00:10.370378,AdamW,0.11080414913101831,,,0.00014539564391234818,,,,1,,,0.0011066281933850301,,PRUNED
430,430,35.416666666666664,2025-05-25 03:08:51.750996,2025-05-25 03:09:00.709337,0 days 00:00:08.958341,AdamW,0.06769674368573925,,,0.0005043140175968567,,,,1,,,0.0010101631590755233,,PRUNED
431,431,33.333333333333336,2025-05-25 03:09:00.749754,2025-05-25 03:09:06.224397,0 days 00:00:05.474643,AdamW,0.450432924212245,,,0.007945431620862744,,,,1,,,0.0013014266754462775,,PRUNED
432,432,27.083333333333332,2025-05-25 03:09:06.396167,2025-05-25 03:09:12.078976,0 days 00:00:05.682809,AdamW,0.12756746592692014,,,3.038584826391776e-05,,,,7,,,0.0012408541937198323,,PRUNED
433,433,39.583333333333336,2025-05-25 03:09:12.117228,2025-05-25 03:09:25.566540,0 days 00:00:13.449312,AdamW,0.08714437471382389,,,0.00017159378570720356,,,,2,,,0.0017201684572283964,,PRUNED
434,434,33.333333333333336,2025-05-25 03:09:25.628455,2025-05-25 03:09:33.054680,0 days 00:00:07.426225,AdamW,0.07365439272337279,,,0.00012517179472332592,,,,0,,,0.0009491000008826836,,PRUNED
435,435,39.583333333333336,2025-05-25 03:09:33.109237,2025-05-25 03:09:44.864449,0 days 00:00:11.755212,AdamW,0.06521333344192,,,0.0006359048329705495,,,,6,,,0.0029630906178433353,,PRUNED
436,436,41.666666666666664,2025-05-25 03:09:44.919687,2025-05-25 03:10:10.152201,0 days 00:00:25.232514,AdamW,0.05284817601094764,,,0.0003224247258401897,,,,3,,,0.003873191605267662,,PRUNED
437,437,33.333333333333336,2025-05-25 03:10:10.213731,2025-05-25 03:10:23.879503,0 days 00:00:13.665772,AdamW,0.03874222205821821,,,0.0003849497644724882,,,,2,,,0.0003369357930775648,,PRUNED
438,438,33.333333333333336,2025-05-25 03:10:23.952754,2025-05-25 03:10:37.362803,0 days 00:00:13.410049,AdamW,0.008734426663374938,,,0.00011154349091678028,,,,1,,,0.003296340290281196,,PRUNED
439,439,39.583333333333336,2025-05-25 03:10:37.642156,2025-05-25 03:10:51.075985,0 days 00:00:13.433829,AdamW,0.021729083993787635,,,0.00019386839883442714,,,,1,,,0.00566033730353502,,PRUNED
440,440,33.333333333333336,2025-05-25 03:10:51.140596,2025-05-25 03:11:03.635966,0 days 00:00:12.495370,AdamW,0.09710458454853726,,,0.00029978012348082683,,,,6,,,0.0007975106355944051,,PRUNED
441,441,35.416666666666664,2025-05-25 03:11:03.683844,2025-05-25 03:11:16.948509,0 days 00:00:13.264665,Adadelta,0.05569731829236731,0.12910798895450112,,,,,,3,97.40924881669793,,,,PRUNED
442,442,37.5,2025-05-25 03:11:17.018231,2025-05-25 03:11:26.893141,0 days 00:00:09.874910,AdamW,0.08340175807090534,,,0.00016345693360782947,,,,2,,,0.007644329772782585,,PRUNED
443,443,,2025-05-25 03:11:26.954098,2025-05-25 03:11:36.655389,0 days 00:00:09.701291,SGD,0.039676843901986426,,,,0.00019274395496412248,89.68290886636416,True,5,,,,34.78342991647975,PRUNED
444,444,35.416666666666664,2025-05-25 03:11:36.712889,2025-05-25 03:11:45.962495,0 days 00:00:09.249606,AdamW,0.015718260476571662,,,0.000252023173871846,,,,2,,,0.0017079796116072229,,PRUNED
445,445,33.333333333333336,2025-05-25 03:11:46.003324,2025-05-25 03:11:51.547054,0 days 00:00:05.543730,AdamW,0.181113878691618,,,0.0004160562076492341,,,,1,,,0.0019139268010139672,,PRUNED
446,446,33.333333333333336,2025-05-25 03:11:51.607354,2025-05-25 03:11:56.990397,0 days 00:00:05.383043,AdamW,0.06735814121254452,,,0.0003297136062951522,,,,1,,,0.0021367477795120934,,PRUNED
447,447,29.166666666666668,2025-05-25 03:11:57.034277,2025-05-25 03:12:03.203550,0 days 00:00:06.169273,AdamW,0.03298933663386465,,,0.00021412967925238995,,,,3,,,0.0027398812041089836,,PRUNED
448,448,43.75,2025-05-25 03:12:03.255617,2025-05-25 03:12:12.158862,0 days 00:00:08.903245,AdamW,0.11281791891147348,,,0.00014304380815701235,,,,2,,,0.005070662505972206,,PRUNED
449,449,35.416666666666664,2025-05-25 03:12:12.196200,2025-05-25 03:12:23.807410,0 days 00:00:11.611210,AdamW,0.04503971288748536,,,0.0005030050056499409,,,,6,,,0.0014122195521502204,,PRUNED
450,450,39.583333333333336,2025-05-25 03:12:23.844912,2025-05-25 03:12:33.259953,0 days 00:00:09.415041,AdamW,0.007732694393289073,,,6.246974682208707e-05,,,,7,,,0.004422787690269804,,PRUNED
451,451,33.333333333333336,2025-05-25 03:12:33.296601,2025-05-25 03:12:38.677757,0 days 00:00:05.381156,AdamW,0.018043537770065354,,,0.0002464088254890192,,,,3,,,0.0016084349404338204,,PRUNED
452,452,35.416666666666664,2025-05-25 03:12:38.721632,2025-05-25 03:12:46.185691,0 days 00:00:07.464059,Adam,0.059647121888936776,,0.0004929956721948883,,,,,5,,0.3181490037401324,,,PRUNED
453,453,35.416666666666664,2025-05-25 03:12:46.244203,2025-05-25 03:12:59.746690,0 days 00:00:13.502487,AdamW,0.2780408694967834,,,0.00017648827866096036,,,,2,,,0.0011876806247349905,,PRUNED
454,454,33.333333333333336,2025-05-25 03:12:59.809265,2025-05-25 03:13:13.224775,0 days 00:00:13.415510,AdamW,0.025821905323969233,,,0.0002923012710505732,,,,2,,,0.003107779431197512,,PRUNED
455,455,39.583333333333336,2025-05-25 03:13:13.287554,2025-05-25 03:13:26.758274,0 days 00:00:13.470720,AdamW,0.07310441036457607,,,0.0003569223846378484,,,,1,,,0.002550688577015567,,PRUNED
456,456,41.666666666666664,2025-05-25 03:13:26.820772,2025-05-25 03:13:40.465602,0 days 00:00:13.644830,AdamW,0.09564297575833312,,,0.0002083969337868489,,,,2,,,0.0018283856139937429,,PRUNED
457,457,33.333333333333336,2025-05-25 03:13:40.527819,2025-05-25 03:13:53.172978,0 days 00:00:12.645159,AdamW,0.04854256253484901,,,9.910890779006979e-05,,,,6,,,0.0022655539948797394,,PRUNED
458,458,31.25,2025-05-25 03:13:53.228013,2025-05-25 03:14:06.586836,0 days 00:00:13.358823,AdamW,0.4845739686140665,,,0.00025940860841436493,,,,3,,,0.002056094948815448,,PRUNED
459,459,29.166666666666668,2025-05-25 03:14:06.648728,2025-05-25 03:14:20.065838,0 days 00:00:13.417110,AdamW,0.031818905244024684,,,0.0004391174827470665,,,,0,,,0.0010424469372060906,,PRUNED
460,460,39.583333333333336,2025-05-25 03:14:20.128979,2025-05-25 03:14:33.407803,0 days 00:00:13.278824,AdamW,0.04150322882418752,,,0.00014070488203912247,,,,5,,,0.003474442095577493,,PRUNED
461,461,33.333333333333336,2025-05-25 03:14:33.466226,2025-05-25 03:14:46.886517,0 days 00:00:13.420291,AdamW,0.2600249803500694,,,2.1720119753020402e-05,,,,1,,,0.0027309916471215624,,PRUNED
462,462,33.333333333333336,2025-05-25 03:14:46.947814,2025-05-25 03:14:59.531760,0 days 00:00:12.583946,AdamW,0.1432878148080752,,,0.00011525348394567878,,,,3,,,0.00233328167202549,,PRUNED
463,463,33.333333333333336,2025-05-25 03:14:59.586747,2025-05-25 03:15:12.532684,0 days 00:00:12.945937,Adadelta,0.07976443957875554,0.5275938150855026,,,,,,1,0.03290557551099478,,,,PRUNED
464,464,43.75,2025-05-25 03:15:12.570449,2025-05-25 03:15:39.597333,0 days 00:00:27.026884,AdamW,0.002057380246843172,,,0.00018208423732286297,,,,2,,,0.006244399856147314,,COMPLETE
465,465,47.916666666666664,2025-05-25 03:15:39.653590,2025-05-25 03:16:08.045513,0 days 00:00:28.391923,AdamW,0.02202276603456945,,,0.0003199408521941706,,,,3,,,0.0019289018714121428,,COMPLETE
466,466,,2025-05-25 03:16:08.100186,2025-05-25 03:16:12.892002,0 days 00:00:04.791816,SGD,0.059647512254929425,,,,0.001466756971681371,53.61073107344276,False,6,,,,0.46656143030507663,PRUNED
467,467,43.75,2025-05-25 03:16:12.926788,2025-05-25 03:16:19.224535,0 days 00:00:06.297747,AdamW,0.013705943148478353,,,0.0007289683921645407,,,,1,,,0.0009300330445700868,,PRUNED
468,468,33.333333333333336,2025-05-25 03:16:19.265929,2025-05-25 03:16:25.584466,0 days 00:00:06.318537,AdamW,0.08951865554275876,,,0.00022962039382834834,,,,7,,,0.0030434718219348187,,PRUNED
469,469,29.166666666666668,2025-05-25 03:16:25.634751,2025-05-25 03:16:38.755645,0 days 00:00:13.120894,AdamW,0.04026992506903837,,,8.161554707856117e-05,,,,5,,,0.0017116793700502828,,PRUNED
470,470,35.416666666666664,2025-05-25 03:16:38.815932,2025-05-25 03:16:45.282041,0 days 00:00:06.466109,AdamW,0.029255859947841214,,,0.0003855597579145332,,,,2,,,0.0015534882378731598,,PRUNED
471,471,29.166666666666668,2025-05-25 03:16:45.348819,2025-05-25 03:16:51.147075,0 days 00:00:05.798256,AdamW,0.05152632191298481,,,0.00027271926114961814,,,,4,,,0.0024593296256460884,,PRUNED
472,472,31.25,2025-05-25 03:16:51.187823,2025-05-25 03:17:02.242974,0 days 00:00:11.055151,AdamW,0.10630686512967025,,,0.0005749138182761977,,,,3,,,0.0021169386213361983,,PRUNED
473,473,37.5,2025-05-25 03:17:02.304189,2025-05-25 03:17:13.614848,0 days 00:00:11.310659,AdamW,0.18760325620263527,,,0.00015689324942550872,,,,2,,,0.004822953589284823,,PRUNED
474,474,33.333333333333336,2025-05-25 03:17:13.678184,2025-05-25 03:17:26.279390,0 days 00:00:12.601206,AdamW,0.06710777462456036,,,0.00019738724532728785,,,,1,,,0.003983008126544528,,PRUNED
475,475,33.333333333333336,2025-05-25 03:17:26.340677,2025-05-25 03:17:37.573000,0 days 00:00:11.232323,AdamW,0.019552255949008487,,,0.0011229521312833553,,,,4,,,0.002773888215883718,,PRUNED
476,476,29.166666666666668,2025-05-25 03:17:37.612786,2025-05-25 03:17:45.252640,0 days 00:00:07.639854,AdamW,0.03544539659113797,,,5.1593346613747434e-05,,,,1,,,0.0018299703366104357,,PRUNED
477,477,29.166666666666668,2025-05-25 03:17:45.314393,2025-05-25 03:17:57.970456,0 days 00:00:12.656063,AdamW,0.007315272594321944,,,0.0002924269058656688,,,,6,,,0.0022662554152693575,,PRUNED
478,478,31.25,2025-05-25 03:17:58.026973,2025-05-25 03:18:07.285313,0 days 00:00:09.258340,Adam,0.16725023774866876,,0.0015942024833222846,,,,,3,,0.019235548272491666,,,PRUNED
479,479,31.25,2025-05-25 03:18:07.346365,2025-05-25 03:18:20.935735,0 days 00:00:13.589370,AdamW,0.12048648512702242,,,0.00021312337296433553,,,,2,,,0.00020357666695160437,,PRUNED
480,480,33.333333333333336,2025-05-25 03:18:20.997219,2025-05-25 03:18:30.853285,0 days 00:00:09.856066,AdamW,0.05179770751101789,,,0.000372633593658148,,,,5,,,0.002573217670206291,,PRUNED
481,481,41.666666666666664,2025-05-25 03:18:30.915550,2025-05-25 03:18:44.293458,0 days 00:00:13.377908,AdamW,0.07783777087979077,,,0.0002407982669042876,,,,2,,,0.0013695945221123896,,PRUNED
482,482,37.5,2025-05-25 03:18:44.355321,2025-05-25 03:18:51.730496,0 days 00:00:07.375175,AdamW,0.02624075984759958,,,0.00012103263677583939,,,,1,,,0.0020340925814544253,,PRUNED
483,483,35.416666666666664,2025-05-25 03:18:51.771972,2025-05-25 03:18:59.635684,0 days 00:00:07.863712,AdamW,0.03574438902408113,,,0.0004897830032629631,,,,3,,,0.0052249598288891756,,PRUNED
484,484,31.25,2025-05-25 03:18:59.699373,2025-05-25 03:19:07.152847,0 days 00:00:07.453474,AdamW,0.012592843537699733,,,0.0001654332552500634,,,,4,,,0.00283793489117765,,PRUNED
485,485,27.083333333333332,2025-05-25 03:19:07.215546,2025-05-25 03:19:12.726815,0 days 00:00:05.511269,AdamW,0.06088520682697421,,,0.0003244184059114869,,,,0,,,0.0033209115980877097,,PRUNED
486,486,52.083333333333336,2025-05-25 03:19:12.755270,2025-05-25 03:19:33.557666,0 days 00:00:20.802396,AdamW,0.30031460621366823,,,0.0002543507270772541,,,,5,,,0.0015527059511839824,,COMPLETE
487,487,33.333333333333336,2025-05-25 03:19:33.608691,2025-05-25 03:19:46.570902,0 days 00:00:12.962211,Adadelta,0.04513651165624899,36.17678874340175,,,,,,1,0.7345958651148681,,,,PRUNED
488,488,39.583333333333336,2025-05-25 03:19:46.632903,2025-05-25 03:19:57.302952,0 days 00:00:10.670049,AdamW,0.08756042553244198,,,0.00013571323544213186,,,,6,,,0.005542273172633774,,PRUNED
489,489,41.666666666666664,2025-05-25 03:19:57.353264,2025-05-25 03:20:08.118314,0 days 00:00:10.765050,AdamW,0.0708873232832843,,,0.00020106441654549863,,,,2,,,0.0024541120006366414,,PRUNED
490,490,39.583333333333336,2025-05-25 03:20:08.148033,2025-05-25 03:20:16.382198,0 days 00:00:08.234165,AdamW,0.023099867090061673,,,0.00044504494946713465,,,,7,,,0.0011197966137075166,,PRUNED
491,491,,2025-05-25 03:20:16.420414,2025-05-25 03:20:29.769155,0 days 00:00:13.348741,SGD,0.03497092877397843,,,,0.023049151015567756,11.986162441953525,True,2,,,,0.08252544606135943,PRUNED
492,492,31.25,2025-05-25 03:20:29.807036,2025-05-25 03:20:43.172964,0 days 00:00:13.365928,AdamW,0.00048286951784498773,,,0.00010027687122539237,,,,4,,,0.0017372393230028552,,PRUNED
493,493,20.833333333333332,2025-05-25 03:20:43.235149,2025-05-25 03:20:55.147117,0 days 00:00:11.911968,AdamW,0.051881666725205146,,,0.0002891089377806447,,,,8,,,0.002175498404623914,,PRUNED
494,494,33.333333333333336,2025-05-25 03:20:55.202387,2025-05-25 03:21:08.723355,0 days 00:00:13.520968,AdamW,0.01769651154177229,,,0.00016772647300502405,,,,3,,,0.001944488577437658,,PRUNED
495,495,33.333333333333336,2025-05-25 03:21:08.785103,2025-05-25 03:21:22.252258,0 days 00:00:13.467155,AdamW,0.09962973815162576,,,0.00038480726410831235,,,,2,,,0.0035947389875571494,,PRUNED
496,496,35.416666666666664,2025-05-25 03:21:22.313942,2025-05-25 03:21:35.450449,0 days 00:00:13.136507,AdamW,0.030384430725513802,,,7.044737103203273e-05,,,,1,,,0.004431120070600052,,PRUNED
497,497,33.333333333333336,2025-05-25 03:21:35.509904,2025-05-25 03:21:45.451849,0 days 00:00:09.941945,AdamW,0.2327327523874314,,,0.09951281491545229,,,,7,,,0.0006351418466981463,,PRUNED
498,498,43.75,2025-05-25 03:21:45.504272,2025-05-25 03:21:59.031749,0 days 00:00:13.527477,AdamW,0.039541670540436405,,,0.00023041205336568689,,,,4,,,0.003067449772524035,,PRUNED
499,499,41.666666666666664,2025-05-25 03:21:59.092507,2025-05-25 03:22:11.654441,0 days 00:00:12.561934,AdamW,0.13198295281844916,,,0.00030825666353898187,,,,6,,,0.0026468107830402033,,PRUNED
500,500,33.333333333333336,2025-05-25 03:22:11.709741,2025-05-25 03:22:25.167344,0 days 00:00:13.457603,Adam,0.07926607250561345,,0.005450043659524359,,,,,2,,0.09855455102596225,,,PRUNED
501,501,27.083333333333332,2025-05-25 03:22:25.222712,2025-05-25 03:22:38.272655,0 days 00:00:13.049943,AdamW,0.060378710524824325,,,3.4757111914523296e-05,,,,3,,,0.0023161034477814303,,PRUNED
502,502,39.583333333333336,2025-05-25 03:22:38.334999,2025-05-25 03:22:50.718994,0 days 00:00:12.383995,AdamW,0.011191715315462293,,,0.00018815654372943334,,,,1,,,0.001831235050700937,,PRUNED
503,503,37.5,2025-05-25 03:22:50.760099,2025-05-25 03:22:57.681996,0 days 00:00:06.921897,AdamW,0.047832354606108754,,,0.0009178321259711765,,,,5,,,0.002447897386230342,,PRUNED
504,504,35.416666666666664,2025-05-25 03:22:57.742978,2025-05-25 03:23:10.900691,0 days 00:00:13.157713,AdamW,0.025008040338126543,,,0.0002683755620650452,,,,4,,,0.0012252019044227582,,PRUNED
505,505,37.5,2025-05-25 03:23:10.959796,2025-05-25 03:23:22.776240,0 days 00:00:11.816444,AdamW,0.06758157738531465,,,0.00014280327227255286,,,,2,,,0.006877560841433027,,PRUNED
506,506,39.583333333333336,2025-05-25 03:23:22.842791,2025-05-25 03:23:30.472153,0 days 00:00:07.629362,AdamW,0.20487887032139973,,,0.0002210114150217423,,,,6,,,0.005916225376591851,,PRUNED
507,507,37.5,2025-05-25 03:23:30.523208,2025-05-25 03:23:42.392599,0 days 00:00:11.869391,AdamW,0.09269309859233847,,,0.00036044962569705866,,,,3,,,0.002064719868586704,,PRUNED
508,508,41.666666666666664,2025-05-25 03:23:42.448738,2025-05-25 03:23:51.607291,0 days 00:00:09.158553,AdamW,0.019471084541306895,,,0.0004574778919370042,,,,8,,,0.0015957765285576676,,PRUNED
509,509,31.25,2025-05-25 03:23:51.642935,2025-05-25 03:24:02.502558,0 days 00:00:10.859623,AdamW,0.039642417096244414,,,0.0006351236799825182,,,,4,,,0.000158401691690821,,PRUNED
510,510,31.25,2025-05-25 03:24:02.560796,2025-05-25 03:24:09.769005,0 days 00:00:07.208209,AdamW,0.054074487895487806,,,0.00011232565948369902,,,,2,,,0.00010088142372608838,,PRUNED
511,511,45.833333333333336,2025-05-25 03:24:09.810251,2025-05-25 03:24:35.504766,0 days 00:00:25.694515,AdamW,0.028162051353734813,,,0.0002586930008428298,,,,0,,,0.0028540270289573945,,COMPLETE
512,512,33.333333333333336,2025-05-25 03:24:35.555886,2025-05-25 03:24:45.829603,0 days 00:00:10.273717,Adadelta,0.007070471131252757,1.5052811927387884,,,,,,5,2.47596677179637,,,,PRUNED
513,513,35.416666666666664,2025-05-25 03:24:45.868333,2025-05-25 03:24:59.610424,0 days 00:00:13.742091,AdamW,0.15111562074039708,,,0.00032738197491470264,,,,1,,,0.002185633594458194,,PRUNED
514,514,35.416666666666664,2025-05-25 03:24:59.673221,2025-05-25 03:25:13.103266,0 days 00:00:13.430045,AdamW,0.07566691771396097,,,8.40813446098787e-05,,,,1,,,0.0014025507876795455,,PRUNED
515,515,,2025-05-25 03:25:13.166419,2025-05-25 03:25:24.987658,0 days 00:00:11.821239,SGD,0.38812134537897525,,,,0.0002476160257530052,45.43015105046108,False,2,,,,5.273427146616624,PRUNED
516,516,41.666666666666664,2025-05-25 03:25:25.025387,2025-05-25 03:25:38.546933,0 days 00:00:13.521546,AdamW,0.04482143125042609,,,0.00017623991913881843,,,,3,,,0.002569791238316642,,PRUNED
517,517,45.833333333333336,2025-05-25 03:25:38.588169,2025-05-25 03:26:11.734232,0 days 00:00:33.146063,AdamW,0.03424505429114379,,,0.00020833434440407653,,,,4,,,0.00312236267536423,,COMPLETE
518,518,37.5,2025-05-25 03:26:11.789941,2025-05-25 03:26:23.433053,0 days 00:00:11.643112,AdamW,0.021565728766021572,,,0.0001441464459101998,,,,1,,,0.004997788478341573,,PRUNED
519,519,33.333333333333336,2025-05-25 03:26:23.473103,2025-05-25 03:26:29.626067,0 days 00:00:06.152964,AdamW,0.08839353957751722,,,0.0032476847648297493,,,,2,,,0.0018243658378195643,,PRUNED
520,520,35.416666666666664,2025-05-25 03:26:29.666983,2025-05-25 03:26:36.088279,0 days 00:00:06.421296,AdamW,0.012064912345975011,,,0.0002940770019366971,,,,4,,,0.0009722728713453644,,PRUNED
521,521,31.25,2025-05-25 03:26:36.149017,2025-05-25 03:26:49.335718,0 days 00:00:13.186701,AdamW,0.06241055075321958,,,0.0005577298498472689,,,,5,,,0.001956862583973569,,PRUNED
522,522,43.75,2025-05-25 03:26:49.400886,2025-05-25 03:27:00.102411,0 days 00:00:10.701525,AdamW,0.10933905765066773,,,0.0003521398991659978,,,,3,,,0.0023114996304952197,,PRUNED
523,523,43.75,2025-05-25 03:27:00.144190,2025-05-25 03:27:20.355687,0 days 00:00:20.211497,AdamW,0.0003187859127262785,,,0.0002166203932087434,,,,1,,,0.0020745239667360692,,PRUNED
524,524,33.333333333333336,2025-05-25 03:27:20.418678,2025-05-25 03:27:30.316956,0 days 00:00:09.898278,Adam,0.17774182469881605,,3.9221916218050284e-05,,,,,5,,22.29344554030327,,,PRUNED
525,525,33.333333333333336,2025-05-25 03:27:30.376593,2025-05-25 03:27:42.843775,0 days 00:00:12.467182,AdamW,0.04821849147763084,,,0.00025021275850788154,,,,6,,,0.0027173562902313214,,PRUNED
526,526,33.333333333333336,2025-05-25 03:27:42.900128,2025-05-25 03:27:56.412594,0 days 00:00:13.512466,AdamW,0.032534349485855596,,,0.0001664351780146904,,,,2,,,0.004140080517624495,,PRUNED
527,527,33.333333333333336,2025-05-25 03:27:56.451459,2025-05-25 03:28:09.373942,0 days 00:00:12.922483,AdamW,0.0715690932857722,,,2.6399156652028706e-05,,,,2,,,0.0030027274256410217,,PRUNED
528,528,33.333333333333336,2025-05-25 03:28:09.438435,2025-05-25 03:28:23.084270,0 days 00:00:13.645835,AdamW,0.017719525537758005,,,0.0004141230390046958,,,,3,,,0.00027193012595011533,,PRUNED
529,529,50.0,2025-05-25 03:28:23.147577,2025-05-25 03:28:55.798624,0 days 00:00:32.651047,AdamW,0.16363854221865137,,,0.00029523246791847717,,,,4,,,0.001506757596011845,,COMPLETE
530,530,37.5,2025-05-25 03:28:55.854422,2025-05-25 03:29:09.358141,0 days 00:00:13.503719,AdamW,0.05762563040137993,,,0.00018973410791514565,,,,1,,,0.0016444531759996044,,PRUNED
531,531,35.416666666666664,2025-05-25 03:29:09.420530,2025-05-25 03:29:21.986334,0 days 00:00:12.565804,AdamW,0.0244982621852431,,,0.00011941036994616556,,,,1,,,0.002451831349999348,,PRUNED
532,532,52.083333333333336,2025-05-25 03:29:22.050905,2025-05-25 03:29:53.741607,0 days 00:00:31.690702,AdamW,0.4998769962595618,,,0.00024157354711209386,,,,2,,,0.003682607859274671,,COMPLETE
533,533,35.416666666666664,2025-05-25 03:29:53.781568,2025-05-25 03:30:03.091102,0 days 00:00:09.309534,AdamW,0.03739552493022272,,,9.250690084984514e-05,,,,6,,,0.004684520709037776,,PRUNED
534,534,35.416666666666664,2025-05-25 03:30:03.148434,2025-05-25 03:30:16.097726,0 days 00:00:12.949292,AdamW,0.43282458045276534,,,0.0003551712977836448,,,,4,,,0.0017039824710952274,,PRUNED
535,535,43.75,2025-05-25 03:30:16.137482,2025-05-25 03:30:27.664939,0 days 00:00:11.527457,AdamW,0.08433871820565512,,,0.00014573514179515784,,,,3,,,0.00196679676890882,,PRUNED
536,536,29.166666666666668,2025-05-25 03:30:27.726532,2025-05-25 03:30:37.010476,0 days 00:00:09.283944,AdamW,0.19448673801517902,,,0.00048688654477841987,,,,9,,,0.0022272180384175187,,PRUNED
537,537,35.416666666666664,2025-05-25 03:30:37.060432,2025-05-25 03:30:50.524020,0 days 00:00:13.463588,Adadelta,0.04732879467313872,0.026360637171115725,,,,,,1,0.2838786766379649,,,,PRUNED
538,538,37.5,2025-05-25 03:30:50.562870,2025-05-25 03:31:00.976186,0 days 00:00:10.413316,AdamW,0.10320535233375186,,,0.0002739536200904223,,,,3,,,0.005508795985176249,,PRUNED
539,539,,2025-05-25 03:31:01.038159,2025-05-25 03:31:14.276219,0 days 00:00:13.238060,SGD,0.011108758378642086,,,,1.5612377814608147e-05,62.984466556674626,True,2,,,,0.02031789635228989,PRUNED
540,540,41.666666666666664,2025-05-25 03:31:14.333852,2025-05-25 03:31:22.159745,0 days 00:00:07.825893,AdamW,0.13845749419543948,,,0.0002054168219257845,,,,0,,,0.0010767857432115735,,PRUNED
541,541,33.333333333333336,2025-05-25 03:31:22.222391,2025-05-25 03:31:35.046813,0 days 00:00:12.824422,AdamW,0.028855020553410615,,,0.00039647510990100765,,,,4,,,0.0033550700622520004,,PRUNED
542,542,33.333333333333336,2025-05-25 03:31:35.073593,2025-05-25 03:31:44.422271,0 days 00:00:09.348678,AdamW,0.07074416680276749,,,0.06671600214622544,,,,7,,,0.002665465845552708,,PRUNED
543,543,35.416666666666664,2025-05-25 03:31:44.461595,2025-05-25 03:31:56.686810,0 days 00:00:12.225215,AdamW,0.0545831067982345,,,0.00016936410069620257,,,,5,,,0.0012800565407277732,,PRUNED
544,544,35.416666666666664,2025-05-25 03:31:56.751111,2025-05-25 03:32:10.152489,0 days 00:00:13.401378,AdamW,0.04377229723088557,,,4.745623031701976e-05,,,,2,,,0.001761369978806554,,PRUNED
545,545,33.333333333333336,2025-05-25 03:32:10.216476,2025-05-25 03:32:19.024932,0 days 00:00:08.808456,AdamW,0.022297774632273518,,,0.00023442967795413988,,,,3,,,0.0023348511021982986,,PRUNED
546,546,31.25,2025-05-25 03:32:19.087350,2025-05-25 03:32:32.662200,0 days 00:00:13.574850,AdamW,0.09433933893575973,,,0.000306321566002169,,,,1,,,0.0008387928491895872,,PRUNED
547,547,33.333333333333336,2025-05-25 03:32:32.729553,2025-05-25 03:32:38.561760,0 days 00:00:05.832207,AdamW,0.3723682353111062,,,0.00012368256574741968,,,,4,,,0.0029679859546212026,,PRUNED
548,548,52.083333333333336,2025-05-25 03:32:38.602403,2025-05-25 03:32:58.132750,0 days 00:00:19.530347,AdamW,0.03637058893591402,,,0.00018944347763220727,,,,2,,,0.006102296963418957,,COMPLETE
549,549,33.333333333333336,2025-05-25 03:32:58.188275,2025-05-25 03:33:10.871104,0 days 00:00:12.682829,AdamW,0.01281472527417656,,,0.0002520508506415695,,,,6,,,0.0025547482208297073,,PRUNED
550,550,37.5,2025-05-25 03:33:10.936646,2025-05-25 03:33:20.427872,0 days 00:00:09.491226,Adam,0.22409699523628027,,0.00010855164162692908,,,,,8,,0.03932539143393146,,,PRUNED
551,551,33.333333333333336,2025-05-25 03:33:20.473484,2025-05-25 03:33:27.009412,0 days 00:00:06.535928,AdamW,0.0820942739086057,,,0.0003362204397252836,,,,1,,,0.0020782914537655723,,PRUNED
552,552,35.416666666666664,2025-05-25 03:33:27.050112,2025-05-25 03:33:35.111373,0 days 00:00:08.061261,AdamW,0.12210021212887841,,,0.0005372702955266719,,,,3,,,0.0019051321778335156,,PRUNED
553,553,39.583333333333336,2025-05-25 03:33:35.172836,2025-05-25 03:33:48.179772,0 days 00:00:13.006936,AdamW,0.02890202273607235,,,0.00010141346375928209,,,,5,,,0.00038201795715267934,,PRUNED
554,554,41.666666666666664,2025-05-25 03:33:48.235466,2025-05-25 03:34:01.510462,0 days 00:00:13.274996,AdamW,0.06612151449952297,,,0.00015445558616075588,,,,1,,,0.00012597236247593048,,PRUNED
555,555,39.583333333333336,2025-05-25 03:34:01.573895,2025-05-25 03:34:14.255430,0 days 00:00:12.681535,AdamW,0.056386887213746864,,,0.0002286661091976289,,,,4,,,0.0014288686479634282,,PRUNED
556,556,31.25,2025-05-25 03:34:14.317255,2025-05-25 03:34:27.669821,0 days 00:00:13.352566,AdamW,0.03973551612303675,,,0.0014543172418128472,,,,2,,,0.0022861695333796176,,PRUNED
557,557,33.333333333333336,2025-05-25 03:34:27.735656,2025-05-25 03:34:40.285178,0 days 00:00:12.549522,AdamW,0.016677352947715964,,,0.0004288859620293266,,,,6,,,0.0027388869654376446,,PRUNED
558,558,41.666666666666664,2025-05-25 03:34:40.340915,2025-05-25 03:34:53.953607,0 days 00:00:13.612692,AdamW,0.029790476118984346,,,0.00028921933161786686,,,,3,,,0.003303460878260422,,PRUNED
559,559,29.166666666666668,2025-05-25 03:34:54.017976,2025-05-25 03:35:05.265714,0 days 00:00:11.247738,AdamW,0.4562447689558395,,,6.288500478398718e-05,,,,7,,,0.005144189290160291,,PRUNED
560,560,27.083333333333332,2025-05-25 03:35:05.320158,2025-05-25 03:35:18.636631,0 days 00:00:13.316473,AdamW,0.2847209215155726,,,0.00020390040142698862,,,,4,,,0.0020997276903290496,,PRUNED
561,561,43.75,2025-05-25 03:35:18.698602,2025-05-25 03:35:32.404808,0 days 00:00:13.706206,AdamW,0.00656146631150187,,,0.00013391355639964849,,,,3,,,0.004281686693570485,,PRUNED
562,562,29.166666666666668,2025-05-25 03:35:32.468018,2025-05-25 03:35:45.331560,0 days 00:00:12.863542,AdamW,4.6620662307768346e-06,,,0.0003497597659431037,,,,5,,,0.0018016732023578672,,PRUNED
563,563,33.333333333333336,2025-05-25 03:35:45.388759,2025-05-25 03:35:53.436756,0 days 00:00:08.047997,Adadelta,0.045818992717000254,9.560700150390863,,,,,,1,44.95150733957722,,,,PRUNED
564,564,,2025-05-25 03:35:53.497627,2025-05-25 03:36:05.759637,0 days 00:00:12.262010,SGD,0.39912540537402164,,,,0.004517591654115684,30.579452437964967,False,2,,,,0.11379192717819296,PRUNED
565,565,33.333333333333336,2025-05-25 03:36:05.801336,2025-05-25 03:36:16.378797,0 days 00:00:10.577461,AdamW,0.1707965490916012,,,0.000798214738180834,,,,2,,,0.002905777998388855,,PRUNED
566,566,45.833333333333336,2025-05-25 03:36:16.443872,2025-05-25 03:36:48.029563,0 days 00:00:31.585691,AdamW,0.06314209572243668,,,0.0002678244202867091,,,,2,,,0.002486011075487772,,COMPLETE
567,567,33.333333333333336,2025-05-25 03:36:48.086645,2025-05-25 03:37:00.914963,0 days 00:00:12.828318,AdamW,0.020457330383820745,,,0.00018046510294679824,,,,6,,,0.0015976873962815588,,PRUNED
568,568,47.916666666666664,2025-05-25 03:37:00.971047,2025-05-25 03:37:28.252261,0 days 00:00:27.281214,AdamW,0.03624663939772561,,,0.0002251912455411898,,,,1,,,0.009815708960498423,,COMPLETE
569,569,45.833333333333336,2025-05-25 03:37:28.294865,2025-05-25 03:37:56.333995,0 days 00:00:28.039130,AdamW,0.2477036787945635,,,0.0004117340975344599,,,,3,,,0.0038437341894379255,,COMPLETE
570,570,39.583333333333336,2025-05-25 03:37:56.390075,2025-05-25 03:38:09.573069,0 days 00:00:13.182994,AdamW,0.07715334718140412,,,0.0003105488912166239,,,,3,,,0.0022405632563557926,,PRUNED
571,571,39.583333333333336,2025-05-25 03:38:09.631161,2025-05-25 03:38:23.402247,0 days 00:00:13.771086,AdamW,0.05034302616447554,,,0.00014948176178818082,,,,4,,,0.006618890745843969,,PRUNED
572,572,29.166666666666668,2025-05-25 03:38:23.463925,2025-05-25 03:38:31.205837,0 days 00:00:07.741912,AdamW,0.028186403964318027,,,7.839194353989085e-05,,,,5,,,0.008220136400041999,,PRUNED
573,573,35.416666666666664,2025-05-25 03:38:31.245019,2025-05-25 03:38:42.804020,0 days 00:00:11.559001,Adam,0.09990099199775697,,0.00018898726751161017,,,,,4,,8.98487427983182,,,PRUNED
574,574,33.333333333333336,2025-05-25 03:38:42.865839,2025-05-25 03:38:52.977109,0 days 00:00:10.111270,AdamW,0.11415913529363607,,,0.013571972054090232,,,,2,,,0.0019545811345872185,,PRUNED
575,575,41.666666666666664,2025-05-25 03:38:53.017694,2025-05-25 03:39:05.877270,0 days 00:00:12.859576,AdamW,0.18405032757481568,,,0.00011148687154785123,,,,1,,,0.0024672535091572597,,PRUNED
576,576,33.333333333333336,2025-05-25 03:39:05.940654,2025-05-25 03:39:13.026772,0 days 00:00:07.086118,AdamW,0.009390105863759766,,,0.0006356997155498949,,,,6,,,0.004619586038235907,,PRUNED
577,577,29.166666666666668,2025-05-25 03:39:13.064421,2025-05-25 03:39:18.464140,0 days 00:00:05.399719,AdamW,0.018424708289055642,,,0.00024764059219101403,,,,1,,,0.0027216473122294166,,PRUNED
578,578,41.666666666666664,2025-05-25 03:39:18.505676,2025-05-25 03:39:23.909322,0 days 00:00:05.403646,AdamW,0.08477942950005886,,,0.00017577904030454606,,,,2,,,0.0031374970711763816,,PRUNED
579,579,39.583333333333336,2025-05-25 03:39:23.952281,2025-05-25 03:39:29.708405,0 days 00:00:05.756124,AdamW,0.041627429422543945,,,0.0003547384129232789,,,,4,,,0.0016953630042979948,,PRUNED
580,580,39.583333333333336,2025-05-25 03:39:29.749042,2025-05-25 03:39:41.215360,0 days 00:00:11.466318,AdamW,0.15720436704722454,,,0.0002994534907152926,,,,7,,,0.005832877826198167,,PRUNED
581,581,41.666666666666664,2025-05-25 03:39:41.267244,2025-05-25 03:39:52.579398,0 days 00:00:11.312154,AdamW,0.07190521034593628,,,0.0004538708245009186,,,,2,,,0.0011689978871270185,,PRUNED
582,582,39.583333333333336,2025-05-25 03:39:52.619135,2025-05-25 03:39:58.165578,0 days 00:00:05.546443,AdamW,0.32470915734227035,,,0.00020635604892689768,,,,5,,,0.0021012491376624144,,PRUNED
583,583,31.25,2025-05-25 03:39:58.217355,2025-05-25 03:40:05.142803,0 days 00:00:06.925448,AdamW,0.2658719977285559,,,0.0002630324998583825,,,,2,,,0.001354832038244977,,PRUNED
584,584,33.333333333333336,2025-05-25 03:40:05.206879,2025-05-25 03:40:17.874447,0 days 00:00:12.667568,Adadelta,0.02550988397683992,0.3938956960883123,,,,,,6,10.65817607484453,,,,PRUNED
585,585,35.416666666666664,2025-05-25 03:40:17.933315,2025-05-25 03:40:31.453131,0 days 00:00:13.519816,AdamW,0.0360546753731328,,,0.00013887644954678575,,,,1,,,0.001542511438289918,,PRUNED
586,586,41.666666666666664,2025-05-25 03:40:31.517173,2025-05-25 03:40:45.110054,0 days 00:00:13.592881,AdamW,0.055546419378316746,,,0.00019997177031059636,,,,3,,,0.0010189270124648562,,PRUNED
587,587,33.333333333333336,2025-05-25 03:40:45.174897,2025-05-25 03:40:58.564118,0 days 00:00:13.389221,AdamW,0.06472989051462771,,,0.0003735887759507045,,,,1,,,0.0024774435293554485,,PRUNED
588,588,,2025-05-25 03:40:58.626815,2025-05-25 03:41:11.804844,0 days 00:00:13.178029,SGD,0.09377517315832228,,,,0.014052770426000361,16.559387546854133,True,4,,,,0.02966989626864088,PRUNED
589,589,35.416666666666664,2025-05-25 03:41:11.863013,2025-05-25 03:41:24.986916,0 days 00:00:13.123903,AdamW,0.015773796938223297,,,0.0001630366045855374,,,,5,,,0.0018436024742138585,,PRUNED
590,590,33.333333333333336,2025-05-25 03:41:25.046839,2025-05-25 03:41:38.616661,0 days 00:00:13.569822,AdamW,0.0545224741447881,,,0.0005246935133210934,,,,3,,,0.0028275015569702135,,PRUNED
591,591,43.75,2025-05-25 03:41:38.678949,2025-05-25 03:41:52.158540,0 days 00:00:13.479591,AdamW,0.0422094076755338,,,9.386244260836763e-05,,,,2,,,0.005149500606490477,,PRUNED
592,592,35.416666666666664,2025-05-25 03:41:52.221591,2025-05-25 03:42:05.669395,0 days 00:00:13.447804,AdamW,0.3541885216853977,,,0.0002512882945767287,,,,1,,,0.0022465966010693527,,PRUNED
593,593,39.583333333333336,2025-05-25 03:42:05.725838,2025-05-25 03:42:19.115815,0 days 00:00:13.389977,AdamW,0.027471530609285442,,,0.000297294388251319,,,,4,,,0.0019645181049908612,,PRUNED
594,594,33.333333333333336,2025-05-25 03:42:19.178423,2025-05-25 03:42:32.591960,0 days 00:00:13.413537,AdamW,0.21385675766467233,,,0.0001283007238884267,,,,3,,,0.002589973448711684,,PRUNED
595,595,39.583333333333336,2025-05-25 03:42:32.655349,2025-05-25 03:42:46.083922,0 days 00:00:13.428573,AdamW,0.07812452419152156,,,0.00021869725159999405,,,,2,,,0.003282224995885311,,PRUNED
596,596,33.333333333333336,2025-05-25 03:42:46.153541,2025-05-25 03:42:58.294913,0 days 00:00:12.141372,AdamW,0.01240591381605875,,,0.00037748181847580345,,,,3,,,0.0021612290343598103,,PRUNED
597,597,33.333333333333336,2025-05-25 03:42:58.357479,2025-05-25 03:43:11.952904,0 days 00:00:13.595425,Adam,0.03445107820688073,,0.03861300050170774,,,,,0,,1.1340844196001945,,,PRUNED
598,598,33.333333333333336,2025-05-25 03:43:12.024157,2025-05-25 03:43:25.148248,0 days 00:00:13.124091,AdamW,0.05017981185710774,,,0.00017437951066421434,,,,5,,,0.0014757899372313096,,PRUNED
599,599,33.333333333333336,2025-05-25 03:43:25.210019,2025-05-25 03:43:38.477727,0 days 00:00:13.267708,AdamW,0.14494147876613972,,,0.002144533125824699,,,,4,,,0.0016808169342220258,,PRUNED
600,600,35.416666666666664,2025-05-25 03:43:38.539827,2025-05-25 03:43:51.429936,0 days 00:00:12.890109,AdamW,0.022944390052155428,,,0.0003085857695390686,,,,6,,,0.0035741635859924473,,PRUNED
601,601,52.083333333333336,2025-05-25 03:43:51.503135,2025-05-25 03:44:24.852939,0 days 00:00:33.349804,AdamW,0.4742847497051345,,,0.0002306953113420188,,,,1,,,0.0029034586174466457,,COMPLETE
602,602,37.5,2025-05-25 03:44:24.909754,2025-05-25 03:44:38.372489,0 days 00:00:13.462735,AdamW,0.00023041741385678577,,,0.00045743009964488456,,,,2,,,0.002430418819853624,,PRUNED
603,603,35.416666666666664,2025-05-25 03:44:38.435103,2025-05-25 03:44:50.709556,0 days 00:00:12.274453,AdamW,0.06240365171521114,,,0.00010889333723957161,,,,2,,,0.005573508839431877,,PRUNED
604,604,31.25,2025-05-25 03:44:50.748864,2025-05-25 03:45:04.622571,0 days 00:00:13.873707,AdamW,0.04128035497448715,,,3.8194050909635645e-05,,,,4,,,0.0009218476392601028,,PRUNED
605,605,47.916666666666664,2025-05-25 03:45:04.684902,2025-05-25 03:45:34.161382,0 days 00:00:29.476480,AdamW,0.029405543572035113,,,0.0002843540109812825,,,,1,,,0.0018358074061884412,,COMPLETE
606,606,31.25,2025-05-25 03:45:34.201670,2025-05-25 03:45:40.187986,0 days 00:00:05.986316,AdamW,0.08515359677405777,,,0.00019332325235256944,,,,7,,,0.002046865781764769,,PRUNED
607,607,52.083333333333336,2025-05-25 03:45:40.225042,2025-05-25 03:46:04.243512,0 days 00:00:24.018470,AdamW,0.10356406841953744,,,0.00035501412018806,,,,3,,,0.0005217852909433705,,COMPLETE
608,608,29.166666666666668,2025-05-25 03:46:04.302594,2025-05-25 03:46:15.733485,0 days 00:00:11.430891,AdamW,0.013292834550315272,,,1.2880146538629598e-05,,,,1,,,0.001267178603526585,,PRUNED
609,609,31.25,2025-05-25 03:46:15.774175,2025-05-25 03:46:21.417979,0 days 00:00:05.643804,AdamW,0.06770426649627556,,,0.00015629187919238315,,,,5,,,0.0022937900728999903,,PRUNED
610,610,56.25,2025-05-25 03:46:21.471475,2025-05-25 03:46:49.520599,0 days 00:00:28.049124,Adadelta,0.045456434235180185,0.10300129287087002,,,,,,6,0.02713107972923731,,,,COMPLETE
611,611,52.083333333333336,2025-05-25 03:46:49.579040,2025-05-25 03:47:18.915405,0 days 00:00:29.336365,Adadelta,0.022344907529591725,0.10239720283648027,,,,,,6,0.026745115093728254,,,,COMPLETE
612,612,33.333333333333336,2025-05-25 03:47:18.972922,2025-05-25 03:47:31.816457,0 days 00:00:12.843535,Adadelta,0.033926377837824914,0.028258084280899272,,,,,,6,0.06889121125468672,,,,PRUNED
613,613,35.416666666666664,2025-05-25 03:47:31.873408,2025-05-25 03:47:44.597471,0 days 00:00:12.724063,Adam,0.03899884601102854,,1.9649660240872775e-05,,,,,6,,0.010353747743398,,,PRUNED
614,614,33.333333333333336,2025-05-25 03:47:44.653625,2025-05-25 03:47:57.281291,0 days 00:00:12.627666,Adadelta,0.1319682036275835,3.690304090471262,,,,,,6,0.016278705493863226,,,,PRUNED
615,615,39.583333333333336,2025-05-25 03:47:57.337574,2025-05-25 03:48:09.034709,0 days 00:00:11.697135,Adadelta,0.048673234835750555,0.035923737257383535,,,,,,6,0.2344738285008447,,,,PRUNED
616,616,33.333333333333336,2025-05-25 03:48:09.091401,2025-05-25 03:48:20.943924,0 days 00:00:11.852523,Adadelta,0.01747181225867361,1.8606941994259063,,,,,,6,0.010727497382487605,,,,PRUNED
617,617,31.25,2025-05-25 03:48:20.981835,2025-05-25 03:48:25.903988,0 days 00:00:04.922153,Adadelta,0.007794253114537995,0.016248674763226695,,,,,,6,0.5143972522866747,,,,PRUNED
618,618,33.333333333333336,2025-05-25 03:48:25.941831,2025-05-25 03:48:31.611575,0 days 00:00:05.669744,Adadelta,0.028348829172607767,0.4375333429126237,,,,,,6,0.11547728299208733,,,,PRUNED
619,619,33.333333333333336,2025-05-25 03:48:31.669434,2025-05-25 03:48:37.502984,0 days 00:00:05.833550,Adadelta,0.043701562037922866,0.1033649837231776,,,,,,6,0.04964932771944341,,,,PRUNED
620,620,45.833333333333336,2025-05-25 03:48:37.551799,2025-05-25 03:49:01.080442,0 days 00:00:23.528643,Adadelta,0.200432471708911,0.011266505874578567,,,,,,6,0.9143116216635208,,,,PRUNED
621,621,35.416666666666664,2025-05-25 03:49:01.118659,2025-05-25 03:49:06.984936,0 days 00:00:05.866277,Adadelta,0.021178467910138856,0.2703630903164991,,,,,,6,0.018061314187799892,,,,PRUNED
622,622,31.25,2025-05-25 03:49:07.041715,2025-05-25 03:49:18.483556,0 days 00:00:11.441841,Adadelta,0.032232647684364464,0.17086848884281544,,,,,,7,0.11098388736936045,,,,PRUNED
623,623,,2025-05-25 03:49:18.538133,2025-05-25 03:49:26.524387,0 days 00:00:07.986254,SGD,0.047466341686421186,,,,0.011270110926118031,90.9479125606974,False,7,,,,1.6316124565799728,PRUNED
624,624,33.333333333333336,2025-05-25 03:49:26.561934,2025-05-25 03:49:32.990893,0 days 00:00:06.428959,Adadelta,0.08795968065562143,95.94694398459542,,,,,,4,1.8655271637774689,,,,PRUNED
625,625,35.416666666666664,2025-05-25 03:49:33.030682,2025-05-25 03:49:39.422944,0 days 00:00:06.392262,AdamW,0.16727409116457065,,,0.000598278206243724,,,,4,,,0.004189645558799522,,PRUNED
626,626,37.5,2025-05-25 03:49:39.484980,2025-05-25 03:49:52.891524,0 days 00:00:13.406544,AdamW,0.11632463246713771,,,0.0004145634925559366,,,,5,,,0.0030602988204608294,,PRUNED
627,627,37.5,2025-05-25 03:49:52.955814,2025-05-25 03:50:00.293551,0 days 00:00:07.337737,AdamW,0.0071870328043154765,,,0.00048098242475174216,,,,3,,,0.0007993507113790618,,PRUNED
628,628,43.75,2025-05-25 03:50:00.335084,2025-05-25 03:50:09.159633,0 days 00:00:08.824549,AdamW,0.4135442862812826,,,6.332583929777213e-05,,,,0,,,0.002699595108420228,,PRUNED
629,629,39.583333333333336,2025-05-25 03:50:09.222645,2025-05-25 03:50:22.607350,0 days 00:00:13.384705,AdamW,0.057054320687779464,,,7.439504698465898e-05,,,,5,,,0.0035144686106145244,,PRUNED
630,630,39.583333333333336,2025-05-25 03:50:22.667173,2025-05-25 03:50:36.106154,0 days 00:00:13.438981,AdamW,0.07475643171411787,,,0.00031995482212860874,,,,1,,,0.00480005747327462,,PRUNED
631,631,37.5,2025-05-25 03:50:36.169232,2025-05-25 03:50:48.311047,0 days 00:00:12.141815,AdamW,0.03672282621975399,,,0.0007733368115355935,,,,4,,,0.001086251942555908,,PRUNED
632,632,33.333333333333336,2025-05-25 03:50:48.373516,2025-05-25 03:51:00.926327,0 days 00:00:12.552811,AdamW,0.022665074974417686,,,4.3432737363400895e-05,,,,6,,,0.006327828551663583,,PRUNED
633,633,29.166666666666668,2025-05-25 03:51:00.979026,2025-05-25 03:51:13.024621,0 days 00:00:12.045595,AdamW,0.3118170702099996,,,9.29437507365257e-05,,,,6,,,0.004023459357990931,,PRUNED
634,634,43.75,2025-05-25 03:51:13.085596,2025-05-25 03:51:43.587888,0 days 00:00:30.502292,AdamW,0.18396122872191253,,,0.0002547271312513817,,,,4,,,0.002866974502487294,,COMPLETE
635,635,29.166666666666668,2025-05-25 03:51:43.628134,2025-05-25 03:51:48.249791,0 days 00:00:04.621657,AdamW,0.09669697107558739,,,5.5335116079044087e-05,,,,8,,,0.002532203214942034,,PRUNED
636,636,47.916666666666664,2025-05-25 03:51:48.284126,2025-05-25 03:52:19.393282,0 days 00:00:31.109156,AdamW,0.045967799718576646,,,0.0005508376010501394,,,,1,,,0.0023754485232277806,,COMPLETE
637,637,,2025-05-25 03:52:19.452415,2025-05-25 03:52:28.355163,0 days 00:00:08.902748,SGD,0.013895540313372281,,,,1.111739731930823e-05,6.968148827341828,True,7,,,,0.43233368619836066,PRUNED
638,638,33.333333333333336,2025-05-25 03:52:28.389130,2025-05-25 03:52:33.747940,0 days 00:00:05.358810,AdamW,0.03308435192824474,,,0.00038937668129130916,,,,1,,,0.0037707577579357324,,PRUNED
639,639,47.916666666666664,2025-05-25 03:52:33.789973,2025-05-25 03:52:53.083507,0 days 00:00:19.293534,AdamW,0.15269553541616143,,,0.00031805182874121646,,,,3,,,0.0031327555228695867,,COMPLETE
640,640,33.333333333333336,2025-05-25 03:52:53.124629,2025-05-25 03:53:02.452141,0 days 00:00:09.327512,Adadelta,0.05843300079703888,5.528286305894311,,,,,,5,5.341502941034822,,,,PRUNED
641,641,35.416666666666664,2025-05-25 03:53:02.510738,2025-05-25 03:53:15.403087,0 days 00:00:12.892349,AdamW,0.025499920824011174,,,0.0002593070296501082,,,,3,,,0.00518526453141461,,PRUNED
642,642,33.333333333333336,2025-05-25 03:53:15.443099,2025-05-25 03:53:22.029330,0 days 00:00:06.586231,AdamW,0.07255087922958874,,,0.0010934200723446404,,,,1,,,0.002705510028157031,,PRUNED
643,643,35.416666666666664,2025-05-25 03:53:22.073651,2025-05-25 03:53:28.715695,0 days 00:00:06.642044,AdamW,0.17498298293474424,,,0.0006812742130092094,,,,3,,,0.00023924262309081088,,PRUNED
644,644,31.25,2025-05-25 03:53:28.779602,2025-05-25 03:53:42.240756,0 days 00:00:13.461154,AdamW,0.012188290082266387,,,0.0001286860742541591,,,,4,,,0.0002898311296017255,,PRUNED
645,645,35.416666666666664,2025-05-25 03:53:42.302720,2025-05-25 03:53:55.066524,0 days 00:00:12.763804,AdamW,0.048875511899161346,,,1.9622031398635956e-05,,,,6,,,0.007086944447590351,,PRUNED
646,646,33.333333333333336,2025-05-25 03:53:55.123714,2025-05-25 03:54:08.667550,0 days 00:00:13.543836,Adam,0.0003943815976091506,,5.9701409840651105e-05,,,,,1,,2.036357152923625,,,PRUNED
647,647,41.666666666666664,2025-05-25 03:54:08.732647,2025-05-25 03:54:22.126096,0 days 00:00:13.393449,AdamW,0.036609488367436,,,0.0003472190735662279,,,,5,,,0.001559232287107181,,PRUNED
648,648,31.25,2025-05-25 03:54:22.212869,2025-05-25 03:54:35.505821,0 days 00:00:13.292952,AdamW,0.02136313826131092,,,0.00021451899300286786,,,,4,,,0.0013979620565823896,,PRUNED
649,649,33.333333333333336,2025-05-25 03:54:35.567840,2025-05-25 03:54:48.443209,0 days 00:00:12.875369,AdamW,0.08434364650364264,,,0.0002732600565210446,,,,0,,,0.00020643164339941998,,PRUNED
650,650,39.583333333333336,2025-05-25 03:54:48.509918,2025-05-25 03:55:01.893943,0 days 00:00:13.384025,AdamW,0.10501022878341859,,,0.0004804787374624173,,,,4,,,0.0044789097699460345,,PRUNED
651,651,39.583333333333336,2025-05-25 03:55:01.956435,2025-05-25 03:55:15.766074,0 days 00:00:13.809639,AdamW,0.04146371586045898,,,8.527500205176613e-05,,,,1,,,0.002185725992260085,,PRUNED
652,652,50.0,2025-05-25 03:55:15.829844,2025-05-25 03:55:49.138024,0 days 00:00:33.308180,AdamW,0.0597598935786878,,,0.00041533228480800143,,,,3,,,0.001710226772002231,,COMPLETE
653,653,35.416666666666664,2025-05-25 03:55:49.195092,2025-05-25 03:56:01.823445,0 days 00:00:12.628353,AdamW,0.02839803469293581,,,0.00011320106374629996,,,,5,,,0.0011669982838759805,,PRUNED
654,654,33.333333333333336,2025-05-25 03:56:01.883985,2025-05-25 03:56:15.589537,0 days 00:00:13.705552,Adadelta,0.239691169616216,45.03934697392788,,,,,,1,0.438990014686653,,,,PRUNED
655,655,35.416666666666664,2025-05-25 03:56:15.650556,2025-05-25 03:56:28.293571,0 days 00:00:12.643015,AdamW,0.01692442243395465,,,0.00022689960952658944,,,,6,,,0.0057123358379443,,PRUNED
656,656,29.166666666666668,2025-05-25 03:56:28.350442,2025-05-25 03:56:40.973864,0 days 00:00:12.623422,AdamW,0.07117020815639925,,,0.00016719570010912082,,,,3,,,0.0032626090089502785,,PRUNED
657,657,39.583333333333336,2025-05-25 03:56:41.040619,2025-05-25 03:56:53.175857,0 days 00:00:12.135238,AdamW,0.0500442906074484,,,0.0003120276287649111,,,,4,,,0.002569302480586644,,PRUNED
658,658,35.416666666666664,2025-05-25 03:56:53.217037,2025-05-25 03:57:04.570540,0 days 00:00:11.353503,AdamW,0.03346584708813305,,,0.00019117527148532676,,,,1,,,0.002386579705949637,,PRUNED
659,659,37.5,2025-05-25 03:57:04.633611,2025-05-25 03:57:32.826622,0 days 00:00:28.193011,AdamW,0.09017274540011022,,,0.0002693313704225604,,,,6,,,0.0019500871343072004,,COMPLETE
660,660,33.333333333333336,2025-05-25 03:57:32.880399,2025-05-25 03:57:45.427283,0 days 00:00:12.546884,AdamW,0.008821104084166342,,,0.0003594139488527741,,,,5,,,0.0029157875993597905,,PRUNED
661,661,,2025-05-25 03:57:45.488406,2025-05-25 03:57:58.184954,0 days 00:00:12.696548,SGD,0.0655290532063642,,,,0.002050461780296698,4.403484174771755,False,2,,,,47.577556949949916,PRUNED
662,662,33.333333333333336,2025-05-25 03:57:58.242661,2025-05-25 03:58:11.707541,0 days 00:00:13.464880,AdamW,0.16094921797127695,,,0.005084302964770962,,,,4,,,0.002152622403024848,,PRUNED
663,663,31.25,2025-05-25 03:58:11.770453,2025-05-25 03:58:19.285783,0 days 00:00:07.515330,AdamW,0.02710770660621392,,,0.0001276579865219661,,,,7,,,0.0027024247356854264,,PRUNED
664,664,43.75,2025-05-25 03:58:19.338571,2025-05-25 03:58:32.236764,0 days 00:00:12.898193,AdamW,0.040939559743173384,,,0.00022813500575444247,,,,3,,,0.0009638629882356276,,PRUNED
665,665,37.5,2025-05-25 03:58:32.278075,2025-05-25 03:58:40.224228,0 days 00:00:07.946153,AdamW,0.05455118238574201,,,0.0001586322151085314,,,,4,,,0.004875892093814165,,PRUNED
666,666,43.75,2025-05-25 03:58:40.285632,2025-05-25 03:59:01.466671,0 days 00:00:21.181039,AdamW,0.017059913772578778,,,0.00042834708416230694,,,,1,,,0.0006908928536320275,,COMPLETE
667,667,37.5,2025-05-25 03:59:01.506803,2025-05-25 03:59:06.965038,0 days 00:00:05.458235,Adadelta,0.07796130892499505,0.6646089025939272,,,,,,6,0.0443300062853159,,,,PRUNED
668,668,33.333333333333336,2025-05-25 03:59:07.021314,2025-05-25 03:59:20.352922,0 days 00:00:13.331608,AdamW,0.03788985030638944,,,0.00029742923330844503,,,,3,,,0.0034185646095294267,,PRUNED
669,669,33.333333333333336,2025-05-25 03:59:20.416328,2025-05-25 03:59:29.311447,0 days 00:00:08.895119,AdamW,0.023515033991326754,,,0.0005794914015110714,,,,1,,,0.0018225696915011623,,PRUNED
670,670,43.75,2025-05-25 03:59:29.352172,2025-05-25 03:59:34.810529,0 days 00:00:05.458357,Adam,0.12418694376170902,,0.0003252792471220227,,,,,2,,0.017744461807098967,,,PRUNED
671,671,33.333333333333336,2025-05-25 03:59:34.850748,2025-05-25 03:59:40.455607,0 days 00:00:05.604859,AdamW,0.19011295023133756,,,0.00020137225543198224,,,,3,,,0.001485840247755143,,PRUNED
672,672,33.333333333333336,2025-05-25 03:59:40.496290,2025-05-25 03:59:48.410694,0 days 00:00:07.914404,AdamW,0.007342503348295407,,,0.0002538337150156994,,,,8,,,0.0012368587068481718,,PRUNED
673,673,33.333333333333336,2025-05-25 03:59:48.501005,2025-05-25 04:00:01.266533,0 days 00:00:12.765528,AdamW,0.14449781415394464,,,0.00034234338281767805,,,,6,,,0.0023152657762992163,,PRUNED
674,674,33.333333333333336,2025-05-25 04:00:01.325194,2025-05-25 04:00:14.762389,0 days 00:00:13.437195,AdamW,0.048698396941110556,,,9.861834815341644e-05,,,,2,,,0.0030410568981239666,,PRUNED
675,675,33.333333333333336,2025-05-25 04:00:14.826322,2025-05-25 04:00:27.944770,0 days 00:00:13.118448,AdamW,0.06061285117193448,,,7.107156486623884e-05,,,,5,,,0.002022752360417808,,PRUNED
676,676,25.0,2025-05-25 04:00:28.005815,2025-05-25 04:00:41.502355,0 days 00:00:13.496540,AdamW,0.10915882908634947,,,0.00014098486479851728,,,,4,,,0.0013288867926429023,,PRUNED
677,677,31.25,2025-05-25 04:00:41.567270,2025-05-25 04:00:55.111502,0 days 00:00:13.544232,AdamW,0.02905581811665098,,,0.00018027962646594565,,,,1,,,0.0008785211152245073,,PRUNED
678,678,33.333333333333336,2025-05-25 04:00:55.174720,2025-05-25 04:01:08.546219,0 days 00:00:13.371499,AdamW,0.09657141881436708,,,0.00047228232193280623,,,,3,,,0.0016346471369446793,,PRUNED
679,679,41.666666666666664,2025-05-25 04:01:08.609446,2025-05-25 04:01:22.099798,0 days 00:00:13.490352,AdamW,0.07927187385118242,,,0.00023731429660903442,,,,2,,,0.0026203454952807266,,PRUNED
680,680,31.25,2025-05-25 04:01:22.162908,2025-05-25 04:01:35.791592,0 days 00:00:13.628684,AdamW,0.01712645767631194,,,0.0003758727610203182,,,,2,,,0.002352500181865623,,PRUNED
681,681,33.333333333333336,2025-05-25 04:01:35.854801,2025-05-25 04:01:49.458550,0 days 00:00:13.603749,Adadelta,0.04209247799469934,18.47177146719938,,,,,,0,1.1937055884534507,,,,PRUNED
682,682,43.75,2025-05-25 04:01:49.520617,2025-05-25 04:02:03.059411,0 days 00:00:13.538794,AdamW,0.028035345284005385,,,0.00028845000177759065,,,,4,,,0.0028863840837459733,,PRUNED
683,683,29.166666666666668,2025-05-25 04:02:03.121661,2025-05-25 04:02:15.756610,0 days 00:00:12.634949,AdamW,0.06890138562177357,,,0.00020985133891715825,,,,6,,,0.0001759161962843039,,PRUNED
684,684,41.666666666666664,2025-05-25 04:02:15.814158,2025-05-25 04:02:28.709651,0 days 00:00:12.895493,AdamW,0.05425802867801548,,,2.828775423002795e-05,,,,6,,,0.0018397437277303994,,PRUNED
685,685,37.5,2025-05-25 04:02:28.766906,2025-05-25 04:02:40.811870,0 days 00:00:12.044964,SGD,0.00857408758354115,,,,0.00012671371195974355,0.9157240206642143,False,7,,,,6.0734247218302055,PRUNED
686,686,43.75,2025-05-25 04:02:40.865420,2025-05-25 04:02:54.079266,0 days 00:00:13.213846,AdamW,0.04348399079548385,,,0.00011036203748120369,,,,5,,,0.005414748336149397,,PRUNED
687,687,39.583333333333336,2025-05-25 04:02:54.140678,2025-05-25 04:03:07.911250,0 days 00:00:13.770572,AdamW,0.09133674170973677,,,0.00016123197473585075,,,,1,,,0.004538927743111406,,PRUNED
688,688,33.333333333333336,2025-05-25 04:03:07.974927,2025-05-25 04:03:21.274465,0 days 00:00:13.299538,AdamW,0.03303737729075379,,,0.00032271352773063683,,,,4,,,0.0020293167512272377,,PRUNED
689,689,33.333333333333336,2025-05-25 04:03:21.339705,2025-05-25 04:03:34.875001,0 days 00:00:13.535296,AdamW,0.02143958168917954,,,0.0009317627098464563,,,,1,,,0.002473145414169032,,PRUNED
690,690,37.5,2025-05-25 04:03:34.940543,2025-05-25 04:03:48.454259,0 days 00:00:13.513716,AdamW,0.06401249284709606,,,0.0002826820869464632,,,,3,,,0.003794035740909351,,PRUNED
691,691,41.666666666666664,2025-05-25 04:03:48.518962,2025-05-25 04:04:02.219743,0 days 00:00:13.700781,AdamW,0.03446325183885528,,,0.0002427610379008692,,,,3,,,0.0021359371680350035,,PRUNED
692,692,35.416666666666664,2025-05-25 04:04:02.282841,2025-05-25 04:04:15.555817,0 days 00:00:13.272976,AdamW,0.015127982420124206,,,0.00038023260902231493,,,,4,,,0.006350483228328196,,PRUNED
693,693,37.5,2025-05-25 04:04:15.620418,2025-05-25 04:04:28.235046,0 days 00:00:12.614628,AdamW,0.0012654645048102917,,,0.00013994671278171162,,,,5,,,0.002633598940064288,,PRUNED
694,694,33.333333333333336,2025-05-25 04:04:28.295392,2025-05-25 04:04:38.670313,0 days 00:00:10.374921,Adam,0.08113304069383638,,0.05520362309386875,,,,,2,,56.916445238208134,,,PRUNED
695,695,33.333333333333336,2025-05-25 04:04:38.901598,2025-05-25 04:04:44.868228,0 days 00:00:05.966630,Adadelta,0.17347284049567233,8.946190506052924,,,,,,1,0.18360564018989717,,,,PRUNED
696,696,43.75,2025-05-25 04:04:44.929577,2025-05-25 04:04:58.257438,0 days 00:00:13.327861,AdamW,0.0515045207928774,,,0.0005253748324161404,,,,4,,,0.003171650153952864,,PRUNED
697,697,33.333333333333336,2025-05-25 04:04:58.319846,2025-05-25 04:05:08.351468,0 days 00:00:10.031622,AdamW,0.024357955368712936,,,0.0001975431134938341,,,,6,,,0.0016862206703655588,,PRUNED
698,698,35.416666666666664,2025-05-25 04:05:08.389103,2025-05-25 04:05:15.178356,0 days 00:00:06.789253,AdamW,0.03958002458290419,,,0.00044074037687877966,,,,2,,,0.0010935669080529235,,PRUNED
699,699,33.333333333333336,2025-05-25 04:05:15.219373,2025-05-25 04:05:22.689459,0 days 00:00:07.470086,AdamW,0.012371953307601075,,,0.00024418316464961586,,,,1,,,0.0022389424682547053,,PRUNED
700,700,31.25,2025-05-25 04:05:22.753448,2025-05-25 04:05:36.167406,0 days 00:00:13.413958,AdamW,0.05967425608101054,,,0.0003340471153404467,,,,3,,,0.0014932832007313707,,PRUNED
701,701,37.5,2025-05-25 04:05:36.231498,2025-05-25 04:05:49.668899,0 days 00:00:13.437401,AdamW,0.04553734794469472,,,8.206165847701263e-05,,,,2,,,0.0028141979905136607,,PRUNED
702,702,39.583333333333336,2025-05-25 04:05:49.733739,2025-05-25 04:06:03.080935,0 days 00:00:13.347196,AdamW,0.0720066983824365,,,0.00016798783738354773,,,,5,,,0.00012601131196486075,,PRUNED
703,703,33.333333333333336,2025-05-25 04:06:03.141834,2025-05-25 04:06:15.730067,0 days 00:00:12.588233,AdamW,0.20895424642208507,,,0.0001223342488016199,,,,6,,,0.0019054846808771815,,PRUNED
704,704,33.333333333333336,2025-05-25 04:06:15.788585,2025-05-25 04:06:27.753732,0 days 00:00:11.965147,AdamW,0.03138900282944404,,,0.0006655656224218829,,,,9,,,0.00034450458096251305,,PRUNED
705,705,39.583333333333336,2025-05-25 04:06:27.807197,2025-05-25 04:06:41.388546,0 days 00:00:13.581349,AdamW,0.02114717931615322,,,0.00027803802335413453,,,,1,,,0.005906161491726052,,PRUNED
706,706,31.25,2025-05-25 04:06:41.453064,2025-05-25 04:06:53.764672,0 days 00:00:12.311608,AdamW,0.22820324375890175,,,0.00020150471032189367,,,,7,,,0.0034493229223158117,,PRUNED
707,707,33.333333333333336,2025-05-25 04:06:53.818723,2025-05-25 04:07:07.334160,0 days 00:00:13.515437,Adadelta,0.34228387921818604,0.2745115284000014,,,,,,2,43.25347787519101,,,,PRUNED
708,708,39.583333333333336,2025-05-25 04:07:07.396856,2025-05-25 04:07:19.081669,0 days 00:00:11.684813,AdamW,0.13855664595279435,,,0.0003267139936021619,,,,0,,,0.00248252711185412,,PRUNED
709,709,35.416666666666664,2025-05-25 04:07:19.145846,2025-05-25 04:07:32.854878,0 days 00:00:13.709032,AdamW,0.380947460832508,,,0.0004145074240045855,,,,4,,,0.0017579027756393756,,PRUNED
710,710,,2025-05-25 04:07:32.918935,2025-05-25 04:07:44.422674,0 days 00:00:11.503739,SGD,0.1018808590406511,,,,2.504451574184874e-05,77.27272412471976,True,3,,,,57.14620480405895,PRUNED
711,711,41.666666666666664,2025-05-25 04:07:44.488667,2025-05-25 04:07:57.971709,0 days 00:00:13.483042,AdamW,0.08418692919318965,,,0.00023046871871280715,,,,2,,,0.004081286847287042,,PRUNED
712,712,22.916666666666668,2025-05-25 04:07:58.036360,2025-05-25 04:08:11.508964,0 days 00:00:13.472604,AdamW,0.0006822526362371996,,,0.00010703689923422694,,,,1,,,0.0022298972414787565,,PRUNED
713,713,33.333333333333336,2025-05-25 04:08:11.577424,2025-05-25 04:08:25.164199,0 days 00:00:13.586775,AdamW,0.03532294970263606,,,0.0001452622768296718,,,,4,,,0.0030703967433542627,,PRUNED
714,714,41.666666666666664,2025-05-25 04:08:25.228566,2025-05-25 04:08:38.305331,0 days 00:00:13.076765,AdamW,0.154410769094058,,,0.00018545112031848702,,,,5,,,0.004897815263154337,,PRUNED
715,715,41.666666666666664,2025-05-25 04:08:38.366827,2025-05-25 04:09:11.756656,0 days 00:00:33.389829,AdamW,0.051862885396252556,,,0.0002749365963834427,,,,3,,,0.0019635426214080504,,COMPLETE
716,716,33.333333333333336,2025-05-25 04:09:11.816957,2025-05-25 04:09:25.562506,0 days 00:00:13.745549,AdamW,0.015806073917841622,,,0.0003875245896244599,,,,1,,,0.0013978251395117434,,PRUNED
717,717,33.333333333333336,2025-05-25 04:09:25.627373,2025-05-25 04:09:38.784396,0 days 00:00:13.157023,AdamW,0.026426807813039566,,,0.00022449640045946363,,,,6,,,0.0015692380044397423,,PRUNED
718,718,33.333333333333336,2025-05-25 04:09:38.844066,2025-05-25 04:09:52.353942,0 days 00:00:13.509876,AdamW,0.1193309006492741,,,0.0004900736773726334,,,,5,,,0.007480963687167692,,PRUNED
719,719,45.833333333333336,2025-05-25 04:09:52.416561,2025-05-25 04:10:17.507595,0 days 00:00:25.091034,Adam,0.041799108255360255,,0.00018733553754089497,,,,,2,,0.0710466442943176,,,COMPLETE
720,720,41.666666666666664,2025-05-25 04:10:17.548819,2025-05-25 04:10:25.396535,0 days 00:00:07.847716,AdamW,0.06181511816427514,,,5.3211904734014624e-05,,,,4,,,0.0026830676150733216,,PRUNED
721,721,35.416666666666664,2025-05-25 04:10:25.460759,2025-05-25 04:10:38.212033,0 days 00:00:12.751274,AdamW,0.07155820310940386,,,0.00031378854813079624,,,,3,,,0.002390281904048001,,PRUNED
722,722,43.75,2025-05-25 04:10:38.252345,2025-05-25 04:10:43.832581,0 days 00:00:05.580236,Adadelta,0.08951654045866451,0.0767489801120232,,,,,,2,0.019941056474552656,,,,PRUNED
723,723,37.5,2025-05-25 04:10:43.873086,2025-05-25 04:10:49.083624,0 days 00:00:05.210538,AdamW,0.2931244881006019,,,0.00018140048210900047,,,,6,,,0.002864457405140596,,PRUNED
724,724,33.333333333333336,2025-05-25 04:10:49.121738,2025-05-25 04:10:54.915692,0 days 00:00:05.793954,AdamW,0.010259246287270589,,,0.0002635300927702526,,,,8,,,0.0053892799553994074,,PRUNED
725,725,35.416666666666664,2025-05-25 04:10:54.969418,2025-05-25 04:11:08.279118,0 days 00:00:13.309700,AdamW,0.03107169168265288,,,8.654262664238407e-05,,,,4,,,0.002013928499198938,,PRUNED
726,726,54.166666666666664,2025-05-25 04:11:08.343041,2025-05-25 04:11:42.309228,0 days 00:00:33.966187,AdamW,0.0440235247869045,,,0.00013024013413111024,,,,1,,,0.0010094205858242956,,COMPLETE
727,727,33.333333333333336,2025-05-25 04:11:42.367902,2025-05-25 04:11:56.280348,0 days 00:00:13.912446,AdamW,0.04519593983911163,,,0.00011647220544805612,,,,1,,,0.0009657298824868464,,PRUNED
728,728,33.333333333333336,2025-05-25 04:11:56.396992,2025-05-25 04:12:10.021056,0 days 00:00:13.624064,AdamW,0.3623428555700998,,,9.920550363354086e-05,,,,1,,,0.0008124648652600623,,PRUNED
729,729,37.5,2025-05-25 04:12:10.086312,2025-05-25 04:12:23.721382,0 days 00:00:13.635070,AdamW,0.03933029799919856,,,0.00012984631531932057,,,,1,,,0.0010782140607491488,,PRUNED
730,730,25.0,2025-05-25 04:12:23.786221,2025-05-25 04:12:37.405001,0 days 00:00:13.618780,AdamW,0.05377192669008398,,,6.882049746704996e-05,,,,1,,,0.001026677956232999,,PRUNED
731,731,35.416666666666664,2025-05-25 04:12:37.470129,2025-05-25 04:12:51.172607,0 days 00:00:13.702478,AdamW,0.4852909254163276,,,0.0001460097557876811,,,,1,,,0.0011422572959046303,,PRUNED
732,732,33.333333333333336,2025-05-25 04:12:51.241180,2025-05-25 04:13:04.823697,0 days 00:00:13.582517,AdamW,0.025726298021050444,,,0.023333165169462104,,,,1,,,0.0011973526100964615,,PRUNED
733,733,35.416666666666664,2025-05-25 04:13:04.893423,2025-05-25 04:13:18.360875,0 days 00:00:13.467452,AdamW,0.04952832728985661,,,0.00013041061640749974,,,,1,,,0.0008743226455139666,,PRUNED
734,734,,2025-05-25 04:13:18.425505,2025-05-25 04:13:30.305091,0 days 00:00:11.879586,SGD,0.03290570974924948,,,,0.0007035296740355901,48.74379950629677,True,1,,,,21.40017219693311,PRUNED
735,735,41.666666666666664,2025-05-25 04:13:30.345513,2025-05-25 04:13:43.790705,0 days 00:00:13.445192,AdamW,0.042884169849036834,,,0.00016577701511975604,,,,1,,,0.0009397597212158588,,PRUNED
736,736,39.583333333333336,2025-05-25 04:13:43.855172,2025-05-25 04:13:57.577987,0 days 00:00:13.722815,Adadelta,0.01779394162847351,0.03661909078091047,,,,,,1,0.09970051305741513,,,,PRUNED
737,737,33.333333333333336,2025-05-25 04:13:57.640787,2025-05-25 04:14:11.139015,0 days 00:00:13.498228,AdamW,0.03518651533531987,,,0.00010264439169524342,,,,1,,,0.0010108148607141608,,PRUNED
738,738,33.333333333333336,2025-05-25 04:14:11.209410,2025-05-25 04:14:24.976645,0 days 00:00:13.767235,AdamW,0.05841184056719307,,,0.00015648661781597558,,,,0,,,0.0012382554963546847,,PRUNED
739,739,35.416666666666664,2025-05-25 04:14:25.041801,2025-05-25 04:14:36.899621,0 days 00:00:11.857820,AdamW,0.021784569246502537,,,0.00011895063592371336,,,,7,,,0.0007740090019955971,,PRUNED
740,740,39.583333333333336,2025-05-25 04:14:37.000580,2025-05-25 04:14:50.420747,0 days 00:00:13.420167,AdamW,0.009786556434115832,,,0.00018922246474263485,,,,1,,,0.0012928075907412545,,PRUNED
741,741,31.25,2025-05-25 04:14:50.486714,2025-05-25 04:15:04.072803,0 days 00:00:13.586089,AdamW,0.0466451847770966,,,9.642277203703653e-05,,,,4,,,0.0008701926233384724,,PRUNED
742,742,29.166666666666668,2025-05-25 04:15:04.137582,2025-05-25 04:15:16.724177,0 days 00:00:12.586595,AdamW,0.03106835447620249,,,3.4828622700820194e-05,,,,1,,,0.0017979150459612554,,PRUNED
743,743,33.333333333333336,2025-05-25 04:15:16.789192,2025-05-25 04:15:30.046949,0 days 00:00:13.257757,Adam,0.02409841714949268,,0.0999098170890615,,,,,0,,5.598784586502053,,,PRUNED
744,744,33.333333333333336,2025-05-25 04:15:30.113151,2025-05-25 04:15:42.932218,0 days 00:00:12.819067,AdamW,0.0539871144867579,,,0.0583451544564939,,,,6,,,0.0023076449227582745,,PRUNED
745,745,54.166666666666664,2025-05-25 04:15:42.995342,2025-05-25 04:16:01.971144,0 days 00:00:18.975802,AdamW,0.04174709271333513,,,0.00014686291771745974,,,,4,,,0.0010157773415008153,,COMPLETE
746,746,37.5,2025-05-25 04:16:02.012744,2025-05-25 04:16:10.684725,0 days 00:00:08.671981,AdamW,0.04050423045577556,,,0.00013233166513796206,,,,4,,,0.001036729217086623,,PRUNED
747,747,29.166666666666668,2025-05-25 04:16:10.747912,2025-05-25 04:16:24.032063,0 days 00:00:13.284151,AdamW,0.044838765731365214,,,8.444411053010215e-05,,,,4,,,0.0009094244817399753,,PRUNED
748,748,35.416666666666664,2025-05-25 04:16:24.095207,2025-05-25 04:16:32.460100,0 days 00:00:08.364893,AdamW,0.06106372541885678,,,0.000148847730431105,,,,4,,,0.0010904274058187982,,PRUNED
749,749,39.583333333333336,2025-05-25 04:16:32.502106,2025-05-25 04:16:39.873899,0 days 00:00:07.371793,AdamW,0.03631348490292413,,,0.00012676157095799193,,,,4,,,0.000976597449771218,,PRUNED
750,750,33.333333333333336,2025-05-25 04:16:39.937313,2025-05-25 04:16:53.410647,0 days 00:00:13.473334,Adadelta,0.2602561979245426,2.254929159546381,,,,,,4,7.245696553001958,,,,PRUNED
751,751,39.583333333333336,2025-05-25 04:16:53.472669,2025-05-25 04:17:06.734422,0 days 00:00:13.261753,AdamW,0.05118265744672142,,,0.00010759772371304456,,,,4,,,0.0011138026281457332,,PRUNED
752,752,29.166666666666668,2025-05-25 04:17:06.802510,2025-05-25 04:17:20.396212,0 days 00:00:13.593702,AdamW,0.021213373253595208,,,0.00016613419677524062,,,,4,,,0.0008547334731689472,,PRUNED
753,753,39.583333333333336,2025-05-25 04:17:20.461170,2025-05-25 04:17:33.814321,0 days 00:00:13.353151,AdamW,0.03383860344117832,,,0.00018001860835258242,,,,4,,,0.0010021229118950521,,PRUNED
754,754,39.583333333333336,2025-05-25 04:17:33.877909,2025-05-25 04:17:45.920693,0 days 00:00:12.042784,AdamW,0.046108177377558304,,,0.00021015822692993738,,,,3,,,0.001280607625061943,,PRUNED
755,755,37.5,2025-05-25 04:17:45.985355,2025-05-25 04:17:59.570023,0 days 00:00:13.584668,AdamW,0.000350682561172053,,,0.0001562764269330061,,,,4,,,0.0011082706081329884,,PRUNED
756,756,35.416666666666664,2025-05-25 04:17:59.634983,2025-05-25 04:18:11.564114,0 days 00:00:11.929131,AdamW,0.061213057134535134,,,0.00011383330005035378,,,,3,,,0.0009356027648605489,,PRUNED
757,757,39.583333333333336,2025-05-25 04:18:11.628080,2025-05-25 04:18:24.988571,0 days 00:00:13.360491,AdamW,0.029959649678826316,,,8.865469901099403e-05,,,,4,,,0.0011996726490059828,,PRUNED
758,758,33.333333333333336,2025-05-25 04:18:25.052656,2025-05-25 04:18:38.550156,0 days 00:00:13.497500,AdamW,0.014572767582193003,,,0.0002043650673041163,,,,1,,,0.0013694653965047215,,PRUNED
759,759,,2025-05-25 04:18:38.622653,2025-05-25 04:18:48.999877,0 days 00:00:10.377224,SGD,0.040214141745210666,,,,0.06896913756589709,37.28961565964042,False,3,,,,0.11447055197804686,PRUNED
760,760,37.5,2025-05-25 04:18:49.058575,2025-05-25 04:19:02.437208,0 days 00:00:13.378633,AdamW,0.0661936634222643,,,0.0001432141188085024,,,,4,,,0.0015236415602809617,,PRUNED
761,761,37.5,2025-05-25 04:19:02.501153,2025-05-25 04:19:16.002242,0 days 00:00:13.501089,AdamW,0.027179833235308436,,,0.00022676331327155724,,,,1,,,0.0021341874000752638,,PRUNED
762,762,41.666666666666664,2025-05-25 04:19:16.066706,2025-05-25 04:19:29.717423,0 days 00:00:13.650717,AdamW,0.05423004122237407,,,0.00013141600356736638,,,,3,,,0.0016576854646022767,,PRUNED
763,763,52.083333333333336,2025-05-25 04:19:29.782561,2025-05-25 04:20:03.733630,0 days 00:00:33.951069,AdamW,0.015564173183687316,,,0.0001771414682274502,,,,1,,,0.00043686788452908986,,COMPLETE
764,764,33.333333333333336,2025-05-25 04:20:03.793644,2025-05-25 04:20:17.116735,0 days 00:00:13.323091,Adadelta,0.2769557509572448,1.2641290278010227,,,,,,4,3.1699608102901355,,,,PRUNED
765,765,35.416666666666664,2025-05-25 04:20:17.179378,2025-05-25 04:20:30.620781,0 days 00:00:13.441403,AdamW,0.035194749651081006,,,0.00010454433189383869,,,,3,,,0.0010143181350637251,,PRUNED
766,766,35.416666666666664,2025-05-25 04:20:30.686091,2025-05-25 04:20:44.361193,0 days 00:00:13.675102,AdamW,0.043195434551234965,,,0.00025031916035175524,,,,1,,,0.0018619087979894265,,PRUNED
767,767,33.333333333333336,2025-05-25 04:20:44.426450,2025-05-25 04:20:57.699010,0 days 00:00:13.272560,AdamW,0.009657771684148952,,,0.0007696429751246075,,,,4,,,0.0020795445142577557,,PRUNED
768,768,35.416666666666664,2025-05-25 04:20:57.762107,2025-05-25 04:21:11.179064,0 days 00:00:13.416957,AdamW,0.025129456874328368,,,7.46437886158837e-05,,,,1,,,0.0017345340653947877,,PRUNED
769,769,39.583333333333336,2025-05-25 04:21:11.243835,2025-05-25 04:21:31.566660,0 days 00:00:20.322825,AdamW,0.05443433590847895,,,0.0002165649359589721,,,,7,,,0.001171933268454453,,PRUNED
770,770,35.416666666666664,2025-05-25 04:21:31.622463,2025-05-25 04:21:42.478507,0 days 00:00:10.856044,Adam,0.06886397099754746,,1.868047040479272e-05,,,,,3,,43.06095284776378,,,PRUNED
771,771,37.5,2025-05-25 04:21:42.520426,2025-05-25 04:21:47.942405,0 days 00:00:05.421979,AdamW,0.020830791412366566,,,0.00014592881955927486,,,,6,,,0.0024933131775441326,,PRUNED
772,772,35.416666666666664,2025-05-25 04:21:47.981107,2025-05-25 04:21:55.540121,0 days 00:00:07.559014,AdamW,0.03790256423311583,,,0.00018655215590459602,,,,4,,,0.0008942905569771578,,PRUNED
773,773,33.333333333333336,2025-05-25 04:21:55.603666,2025-05-25 04:22:08.392705,0 days 00:00:12.789039,AdamW,0.0492726590844485,,,0.00029787746522149424,,,,6,,,0.0014641408165694467,,PRUNED
774,774,39.583333333333336,2025-05-25 04:22:08.452361,2025-05-25 04:22:18.304845,0 days 00:00:09.852484,AdamW,0.44593171221574657,,,0.0002755475083636119,,,,4,,,0.0020231659394557536,,PRUNED
775,775,37.5,2025-05-25 04:22:18.345862,2025-05-25 04:22:24.534199,0 days 00:00:06.188337,AdamW,0.24535579809285313,,,0.00016212153596250456,,,,1,,,0.0006759365615795302,,PRUNED
776,776,27.083333333333332,2025-05-25 04:22:24.578021,2025-05-25 04:22:37.949712,0 days 00:00:13.371691,Adadelta,0.3031777329198705,0.16285343806764208,,,,,,1,0.3575769607040243,,,,PRUNED
777,777,35.416666666666664,2025-05-25 04:22:38.012882,2025-05-25 04:22:51.328907,0 days 00:00:13.316025,AdamW,0.029780874872784836,,,0.00011733750911951173,,,,4,,,0.002274610557461025,,PRUNED
778,778,41.666666666666664,2025-05-25 04:22:51.393202,2025-05-25 04:23:04.933075,0 days 00:00:13.539873,AdamW,0.009725726462159828,,,0.00023355721126232235,,,,3,,,0.0016714982836805658,,PRUNED
779,779,52.083333333333336,2025-05-25 04:23:04.998553,2025-05-25 04:23:39.011413,0 days 00:00:34.012860,AdamW,0.07594460420753096,,,0.0003568971551066253,,,,0,,,0.0007538835682340178,,COMPLETE
780,780,29.166666666666668,2025-05-25 04:23:39.070610,2025-05-25 04:23:53.009312,0 days 00:00:13.938702,AdamW,0.020887787790154214,,,9.202000313421395e-05,,,,1,,,0.0018308467064805855,,PRUNED
781,781,33.333333333333336,2025-05-25 04:23:53.074344,2025-05-25 04:24:05.912702,0 days 00:00:12.838358,AdamW,0.04391928266136355,,,0.000571619143672423,,,,6,,,0.0025521087755183826,,PRUNED
782,782,33.333333333333336,2025-05-25 04:24:05.971990,2025-05-25 04:24:16.729153,0 days 00:00:10.757163,AdamW,0.059467282412167005,,,0.00019573632653522294,,,,4,,,0.0021276169332163975,,PRUNED
783,783,33.333333333333336,2025-05-25 04:24:16.792967,2025-05-25 04:24:29.140049,0 days 00:00:12.347082,AdamW,0.031571743712336814,,,0.001896796461617837,,,,7,,,0.001039599962534551,,PRUNED
784,784,,2025-05-25 04:24:29.195218,2025-05-25 04:24:40.833163,0 days 00:00:11.637945,SGD,0.04867815292799599,,,,0.04349528297856594,59.97090996072296,True,1,,,,0.01085412906688945,PRUNED
785,785,35.416666666666664,2025-05-25 04:24:40.874793,2025-05-25 04:24:54.344870,0 days 00:00:13.470077,AdamW,0.006040709880687431,,,0.00025716155691497686,,,,3,,,0.001955178128431498,,PRUNED
786,786,29.166666666666668,2025-05-25 04:24:54.447532,2025-05-25 04:25:07.058402,0 days 00:00:12.610870,AdamW,0.03750308801884173,,,0.0004021210694290403,,,,6,,,0.0023349275684115523,,PRUNED
787,787,29.166666666666668,2025-05-25 04:25:07.116978,2025-05-25 04:25:20.697909,0 days 00:00:13.580931,AdamW,0.46315162383573527,,,0.00014050853568012446,,,,3,,,0.0026715492129930733,,PRUNED
788,788,39.583333333333336,2025-05-25 04:25:20.763273,2025-05-25 04:25:34.057328,0 days 00:00:13.294055,AdamW,0.022710664406104256,,,0.0003173026144451899,,,,1,,,0.0012807906856144398,,PRUNED
789,789,31.25,2025-05-25 04:25:34.111368,2025-05-25 04:25:47.302039,0 days 00:00:13.190671,Adadelta,0.06543784209554718,0.0178626867530679,,,,,,4,30.653474762568848,,,,PRUNED
790,790,35.416666666666664,2025-05-25 04:25:47.365056,2025-05-25 04:25:57.733699,0 days 00:00:10.368643,AdamW,0.014424741236661025,,,0.00021278037699498986,,,,0,,,0.001563048597825167,,PRUNED
791,791,37.5,2025-05-25 04:25:57.799276,2025-05-25 04:26:11.372332,0 days 00:00:13.573056,AdamW,0.22134480350726338,,,0.00016367541286642674,,,,3,,,0.001383420291912221,,PRUNED
792,792,35.416666666666664,2025-05-25 04:26:11.436314,2025-05-25 04:26:24.874528,0 days 00:00:13.438214,AdamW,0.05557654262965165,,,0.0004708590030553477,,,,3,,,0.0031843376291483746,,PRUNED
793,793,35.416666666666664,2025-05-25 04:26:24.938561,2025-05-25 04:26:37.985123,0 days 00:00:13.046562,AdamW,0.03734611734111108,,,0.00011926002803685995,,,,1,,,0.0021599972285735757,,PRUNED
794,794,58.333333333333336,2025-05-25 04:26:38.055825,2025-05-25 04:27:07.180890,0 days 00:00:29.125065,AdamW,0.02743861008187528,,,0.0002578288919032312,,,,6,,,0.0008071981162176634,,COMPLETE
795,795,33.333333333333336,2025-05-25 04:27:07.240607,2025-05-25 04:27:20.301495,0 days 00:00:13.060888,Adam,0.007460939160969596,,0.007027806302102513,,,,,6,,0.2990092816853321,,,PRUNED
796,796,33.333333333333336,2025-05-25 04:27:20.360913,2025-05-25 04:27:32.206238,0 days 00:00:11.845325,AdamW,0.020994861820711995,,,0.00024373389538218077,,,,6,,,0.0009434102147038938,,PRUNED
797,797,31.25,2025-05-25 04:27:32.259562,2025-05-25 04:27:41.546103,0 days 00:00:09.286541,AdamW,0.02358271027275472,,,0.0001904902718049562,,,,6,,,0.0006005875123715925,,PRUNED
798,798,33.333333333333336,2025-05-25 04:27:41.584599,2025-05-25 04:27:46.623120,0 days 00:00:05.038521,AdamW,0.03051382909246935,,,0.00022113189759093152,,,,6,,,0.0004667584437135136,,PRUNED
799,799,31.25,2025-05-25 04:27:46.661247,2025-05-25 04:27:53.639249,0 days 00:00:06.978002,AdamW,0.014826889461760327,,,0.0002669318914613125,,,,6,,,0.001083889846426488,,PRUNED
800,800,35.416666666666664,2025-05-25 04:27:53.699223,2025-05-25 04:28:06.345852,0 days 00:00:12.646629,AdamW,0.07741354849719513,,,0.00017405794745110702,,,,6,,,0.00019387513912489548,,PRUNED
801,801,45.833333333333336,2025-05-25 04:28:06.405349,2025-05-25 04:28:22.454845,0 days 00:00:16.049496,AdamW,0.02878410404456144,,,0.00014666611320162854,,,,6,,,0.00023333408078350366,,COMPLETE
802,802,39.583333333333336,2025-05-25 04:28:22.497102,2025-05-25 04:28:33.098668,0 days 00:00:10.601566,AdamW,0.0004616440909754535,,,0.0002116165577808599,,,,6,,,0.0015939483591312573,,PRUNED
803,803,33.333333333333336,2025-05-25 04:28:33.158118,2025-05-25 04:28:45.786734,0 days 00:00:12.628616,AdamW,0.016477776557130085,,,0.0002655739502151915,,,,6,,,0.001190290778588461,,PRUNED
804,804,31.25,2025-05-25 04:28:45.846885,2025-05-25 04:28:58.630631,0 days 00:00:12.783746,AdamW,0.04557993504285502,,,0.00010641286232895467,,,,6,,,0.0007264679083521019,,PRUNED
805,805,50.0,2025-05-25 04:28:58.690768,2025-05-25 04:29:27.913135,0 days 00:00:29.222367,Adadelta,0.03425072397929691,0.050993283725815186,,,,,,6,0.6887391394513762,,,,COMPLETE
806,806,43.75,2025-05-25 04:29:27.974369,2025-05-25 04:29:40.840338,0 days 00:00:12.865969,AdamW,0.4233430091860724,,,0.0001783281233877593,,,,6,,,0.00013437598713921504,,PRUNED
807,807,39.583333333333336,2025-05-25 04:29:40.898932,2025-05-25 04:29:53.576992,0 days 00:00:12.678060,AdamW,0.00801469186252229,,,0.00031045564851911694,,,,6,,,0.0008743455574957954,,PRUNED
808,808,33.333333333333336,2025-05-25 04:29:53.637917,2025-05-25 04:30:06.404536,0 days 00:00:12.766619,AdamW,0.026273124215070397,,,0.00022808504111737613,,,,6,,,0.0001511777245118401,,PRUNED
809,809,,2025-05-25 04:30:06.463514,2025-05-25 04:30:17.872291,0 days 00:00:11.408777,SGD,0.04091001349755527,,,,0.003618519731067937,99.84320243565378,False,6,,,,1.6629120471572094,PRUNED
810,810,35.416666666666664,2025-05-25 04:30:17.930254,2025-05-25 04:30:30.536361,0 days 00:00:12.606107,AdamW,0.0657292053119099,,,0.0001324603641361473,,,,6,,,0.0003732962724398688,,PRUNED
811,811,33.333333333333336,2025-05-25 04:30:30.594584,2025-05-25 04:30:41.770720,0 days 00:00:11.176136,AdamW,0.01648659252834822,,,0.0002883484503650238,,,,1,,,0.0017919269363634068,,PRUNED
812,812,35.416666666666664,2025-05-25 04:30:41.836594,2025-05-25 04:30:54.361180,0 days 00:00:12.524586,AdamW,0.05478335981230001,,,8.080501578916516e-05,,,,6,,,0.0008094400885611691,,PRUNED
813,813,35.416666666666664,2025-05-25 04:30:54.424383,2025-05-25 04:31:07.740800,0 days 00:00:13.316417,AdamW,0.0824868186745117,,,0.0002004673012759792,,,,4,,,0.00031127582692721005,,PRUNED
814,814,56.25,2025-05-25 04:31:07.806003,2025-05-25 04:31:41.071466,0 days 00:00:33.265463,AdamW,0.037079718046260035,,,0.00016044827318291197,,,,1,,,0.0036774537220660825,,COMPLETE
815,815,37.5,2025-05-25 04:31:41.131342,2025-05-25 04:31:53.857982,0 days 00:00:12.726640,AdamW,0.0275887062811496,,,0.00034961160442641956,,,,1,,,0.004435166525453324,,PRUNED
816,816,37.5,2025-05-25 04:31:53.923428,2025-05-25 04:32:06.967596,0 days 00:00:13.044168,AdamW,0.0178040075616362,,,0.00024228504100847652,,,,1,,,0.0036764520927590164,,PRUNED
817,817,50.0,2025-05-25 04:32:07.031961,2025-05-25 04:32:36.040429,0 days 00:00:29.008468,AdamW,0.03305916617836247,,,0.0001755679739704574,,,,1,,,0.004253245548973187,,COMPLETE
818,818,43.75,2025-05-25 04:32:36.100118,2025-05-25 04:33:05.581153,0 days 00:00:29.481035,AdamW,0.009242038713584526,,,0.0002728929919616561,,,,1,,,0.003856149053012046,,PRUNED
819,819,33.333333333333336,2025-05-25 04:33:05.647023,2025-05-25 04:33:19.315053,0 days 00:00:13.668030,Adadelta,0.32087354426594616,4.341784182329174,,,,,,1,69.78889848457281,,,,PRUNED
820,820,37.5,2025-05-25 04:33:19.378936,2025-05-25 04:33:28.429927,0 days 00:00:09.050991,AdamW,0.05043604795463147,,,0.00020709519076435147,,,,1,,,0.0037970238004883905,,PRUNED
821,821,39.583333333333336,2025-05-25 04:33:28.472206,2025-05-25 04:33:33.826086,0 days 00:00:05.353880,AdamW,0.023659111464393968,,,0.00016866712241428707,,,,1,,,0.0036359919026502287,,PRUNED
822,822,60.416666666666664,2025-05-25 04:33:33.867121,2025-05-25 04:33:54.800190,0 days 00:00:20.933069,AdamW,0.036534546987616656,,,0.00033685448180559356,,,,1,,,0.00347408906994057,,COMPLETE
823,823,43.75,2025-05-25 04:33:54.860113,2025-05-25 04:34:24.258007,0 days 00:00:29.397894,AdamW,0.016566601043114526,,,0.00035724124113186567,,,,1,,,0.003462430107750487,,COMPLETE
824,824,33.333333333333336,2025-05-25 04:34:24.317228,2025-05-25 04:34:38.296118,0 days 00:00:13.978890,Adam,0.03010856732249169,,0.0007109225681902829,,,,,0,,0.6881790276945166,,,PRUNED
825,825,33.333333333333336,2025-05-25 04:34:38.362954,2025-05-25 04:34:52.032882,0 days 00:00:13.669928,AdamW,0.00901880368550646,,,0.00033343307790557723,,,,1,,,0.003430620819153247,,PRUNED
826,826,41.666666666666664,2025-05-25 04:34:52.101753,2025-05-25 04:35:05.356131,0 days 00:00:13.254378,AdamW,0.03660176444338805,,,0.0003061077253535445,,,,1,,,0.0034679721202189686,,PRUNED
827,827,37.5,2025-05-25 04:35:05.422012,2025-05-25 04:35:19.097533,0 days 00:00:13.675521,AdamW,0.021571049542366764,,,0.00041851764212665136,,,,2,,,0.004342434832250537,,PRUNED
828,828,35.416666666666664,2025-05-25 04:35:19.163279,2025-05-25 04:35:32.744604,0 days 00:00:13.581325,AdamW,0.0011395828601927054,,,0.0003789743927471359,,,,1,,,0.004048017147540195,,PRUNED
829,829,35.416666666666664,2025-05-25 04:35:32.810053,2025-05-25 04:35:46.411656,0 days 00:00:13.601603,AdamW,0.02824238013973286,,,0.0002623779674195039,,,,2,,,0.0030514676973081196,,PRUNED
830,830,33.333333333333336,2025-05-25 04:35:46.478093,2025-05-25 04:36:00.303624,0 days 00:00:13.825531,Adadelta,0.09236209644007276,0.8732978706027511,,,,,,1,0.1692102235132324,,,,PRUNED
831,831,33.333333333333336,2025-05-25 04:36:00.366980,2025-05-25 04:36:13.853201,0 days 00:00:13.486221,AdamW,0.07612367595610096,,,0.0003088268467781093,,,,1,,,0.0034979561965839388,,PRUNED
832,832,37.5,2025-05-25 04:36:13.930914,2025-05-25 04:36:27.457687,0 days 00:00:13.526773,AdamW,0.03752350205746863,,,0.000523035395474765,,,,2,,,0.003245402012727865,,PRUNED
833,833,,2025-05-25 04:36:27.523776,2025-05-25 04:36:39.121418,0 days 00:00:11.597642,SGD,0.0149747335778606,,,,0.00031659851112465396,73.0227646191907,True,2,,,,8.71604029884028,PRUNED
834,834,43.75,2025-05-25 04:36:39.162809,2025-05-25 04:36:52.977573,0 days 00:00:13.814764,AdamW,0.026657416547794573,,,0.0002367934703425795,,,,1,,,0.003960557400345413,,PRUNED
835,835,50.0,2025-05-25 04:36:53.043186,2025-05-25 04:37:22.014035,0 days 00:00:28.970849,AdamW,0.048214312389382306,,,0.0004241288018858657,,,,6,,,0.0037834586473385503,,COMPLETE
836,836,35.416666666666664,2025-05-25 04:37:22.073722,2025-05-25 04:37:35.598234,0 days 00:00:13.524512,AdamW,0.06969863198249411,,,0.000296911838656597,,,,0,,,0.003084891682082791,,PRUNED
837,837,60.416666666666664,2025-05-25 04:37:35.664778,2025-05-25 04:38:04.803982,0 days 00:00:29.139204,AdamW,0.03659785712333394,,,0.00024376459597771818,,,,6,,,0.004132878015187115,,COMPLETE
838,838,41.666666666666664,2025-05-25 04:38:04.863963,2025-05-25 04:38:17.689628,0 days 00:00:12.825665,AdamW,0.04039978567633254,,,0.00023287157722506088,,,,6,,,0.004146402497034135,,PRUNED
839,839,33.333333333333336,2025-05-25 04:38:17.754225,2025-05-25 04:38:30.570853,0 days 00:00:12.816628,AdamW,0.031806403916201376,,,0.00020573415566303553,,,,6,,,0.00011176784784255451,,PRUNED
840,840,31.25,2025-05-25 04:38:30.634819,2025-05-25 04:38:43.275293,0 days 00:00:12.640474,AdamW,0.05383925900762709,,,0.0002515769413882366,,,,6,,,0.004658572579444297,,PRUNED
841,841,41.666666666666664,2025-05-25 04:38:43.335124,2025-05-25 04:38:56.261374,0 days 00:00:12.926250,AdamW,0.02106025468990634,,,0.00020109700637072723,,,,6,,,0.003871090034564848,,PRUNED
842,842,41.666666666666664,2025-05-25 04:38:56.322001,2025-05-25 04:39:13.262873,0 days 00:00:16.940872,AdamW,0.04119572885963608,,,0.00034173461317544456,,,,6,,,0.003994343653142042,,PRUNED
843,843,31.25,2025-05-25 04:39:13.301264,2025-05-25 04:39:19.710214,0 days 00:00:06.408950,AdamW,0.03311122838991251,,,0.00025434374640520563,,,,6,,,0.004766543413410644,,PRUNED
844,844,33.333333333333336,2025-05-25 04:39:19.769244,2025-05-25 04:39:32.565827,0 days 00:00:12.796583,Adam,0.016009894689112656,,0.0013835042053099713,,,,,6,,0.03743207908783432,,,PRUNED
845,845,43.75,2025-05-25 04:39:32.629438,2025-05-25 04:39:40.754682,0 days 00:00:08.125244,AdamW,0.06159115294294111,,,0.0006238553291663755,,,,6,,,0.004365811701378254,,PRUNED
846,846,33.333333333333336,2025-05-25 04:39:40.793070,2025-05-25 04:39:46.001639,0 days 00:00:05.208569,Adadelta,0.00015249315692780416,0.332514828952362,,,,,,6,0.0396935433336181,,,,PRUNED
847,847,39.583333333333336,2025-05-25 04:39:46.040166,2025-05-25 04:39:51.272937,0 days 00:00:05.232771,AdamW,0.04574965512620191,,,0.0013115693719045582,,,,6,,,0.0035332396509198147,,PRUNED
848,848,27.083333333333332,2025-05-25 04:39:51.311419,2025-05-25 04:39:59.923112,0 days 00:00:08.611693,AdamW,0.02565677304532023,,,0.00018697248684679686,,,,6,,,0.003626764551228479,,PRUNED
849,849,35.416666666666664,2025-05-25 04:39:59.982777,2025-05-25 04:40:12.762108,0 days 00:00:12.779331,AdamW,0.03717284458860221,,,0.000224488827008351,,,,6,,,0.00454763472422904,,PRUNED
850,850,33.333333333333336,2025-05-25 04:40:12.822361,2025-05-25 04:40:25.945115,0 days 00:00:13.122754,AdamW,0.010094760485634229,,,0.00027580534855039564,,,,6,,,0.0034707060087038424,,PRUNED
851,851,33.333333333333336,2025-05-25 04:40:26.007676,2025-05-25 04:40:39.550783,0 days 00:00:13.543107,AdamW,0.056366894999035216,,,0.0003462074796949712,,,,1,,,0.0050962569437486855,,PRUNED
852,852,29.166666666666668,2025-05-25 04:40:39.616087,2025-05-25 04:40:53.257845,0 days 00:00:13.641758,AdamW,0.02451244875768837,,,0.00017032036782774454,,,,1,,,0.0041754545518661,,PRUNED
853,853,41.666666666666664,2025-05-25 04:40:53.324169,2025-05-25 04:41:07.071665,0 days 00:00:13.747496,AdamW,0.04688151361784314,,,0.0003000862628554443,,,,2,,,0.00026252634504147143,,PRUNED
854,854,33.333333333333336,2025-05-25 04:41:07.136935,2025-05-25 04:41:20.618265,0 days 00:00:13.481330,AdamW,0.03340427234691055,,,0.00045098117679027457,,,,2,,,0.004084077962572922,,PRUNED
855,855,33.333333333333336,2025-05-25 04:41:20.683603,2025-05-25 04:41:33.445129,0 days 00:00:12.761526,AdamW,0.017634190314587933,,,0.00023336717672566904,,,,6,,,0.0032262944471164144,,PRUNED
856,856,39.583333333333336,2025-05-25 04:41:33.504719,2025-05-25 04:41:46.139571,0 days 00:00:12.634852,AdamW,0.036217470968619256,,,0.0003728510665270559,,,,6,,,0.004664318507538662,,PRUNED
857,857,,2025-05-25 04:41:46.199079,2025-05-25 04:41:59.312264,0 days 00:00:13.113185,SGD,0.04752525270823808,,,,5.396768021108468e-05,16.60460772636594,False,1,,,,0.2521052892441605,PRUNED
858,858,37.5,2025-05-25 04:41:59.375437,2025-05-25 04:42:12.674333,0 days 00:00:13.298896,AdamW,0.010293168428444542,,,0.00018865489255071824,,,,3,,,0.004243942657615013,,PRUNED
859,859,33.333333333333336,2025-05-25 04:42:12.739070,2025-05-25 04:42:26.323553,0 days 00:00:13.584483,Adadelta,0.025325769244584947,54.71135257824043,,,,,,1,0.08204439213220693,,,,PRUNED
860,860,33.333333333333336,2025-05-25 04:42:26.387186,2025-05-25 04:42:32.856626,0 days 00:00:06.469440,AdamW,0.06692440532462732,,,0.0002833521354002968,,,,6,,,0.0037993570220579845,,PRUNED
861,861,31.25,2025-05-25 04:42:32.914485,2025-05-25 04:42:46.193568,0 days 00:00:13.279083,AdamW,0.05837948200762602,,,0.00016123883147128678,,,,3,,,0.0033028160021980457,,PRUNED
862,862,58.333333333333336,2025-05-25 04:42:46.258697,2025-05-25 04:43:15.466175,0 days 00:00:29.207478,AdamW,0.03139723994407369,,,0.00021731863265374337,,,,1,,,0.0049971292212156555,,COMPLETE
863,863,33.333333333333336,2025-05-25 04:43:15.526963,2025-05-25 04:43:22.725669,0 days 00:00:07.198706,AdamW,0.03807960680205137,,,0.0001879524835847105,,,,1,,,0.004629446051861319,,PRUNED
864,864,35.416666666666664,2025-05-25 04:43:22.798746,2025-05-25 04:43:36.450433,0 days 00:00:13.651687,AdamW,0.4086050327717121,,,0.0002367262457500078,,,,1,,,0.005577438747356839,,PRUNED
865,865,31.25,2025-05-25 04:43:36.516979,2025-05-25 04:43:45.755585,0 days 00:00:09.238606,AdamW,0.3947693312272016,,,0.00014878372868233595,,,,1,,,0.00600285719718976,,PRUNED
866,866,33.333333333333336,2025-05-25 04:43:45.821343,2025-05-25 04:43:59.397156,0 days 00:00:13.575813,AdamW,0.047149808124741004,,,0.0006977102405680226,,,,1,,,0.0049222590426796125,,PRUNED
867,867,43.75,2025-05-25 04:43:59.463163,2025-05-25 04:44:08.170475,0 days 00:00:08.707312,AdamW,0.02029630894978893,,,0.0002694081950141209,,,,1,,,0.0047622673810344815,,PRUNED
868,868,35.416666666666664,2025-05-25 04:44:08.236980,2025-05-25 04:44:21.612616,0 days 00:00:13.375636,AdamW,0.08019524505652839,,,0.0005136163462400667,,,,0,,,0.005186550036824547,,PRUNED
869,869,54.166666666666664,2025-05-25 04:44:21.655708,2025-05-25 04:44:47.911178,0 days 00:00:26.255470,AdamW,0.03191732793997468,,,0.00038369435152529327,,,,1,,,0.005348788177014103,,COMPLETE
870,870,56.25,2025-05-25 04:44:47.954218,2025-05-25 04:45:14.507319,0 days 00:00:26.553101,AdamW,0.054050745560475184,,,0.0002076427758905229,,,,1,,,0.0035562830577346356,,COMPLETE
871,871,33.333333333333336,2025-05-25 04:45:14.548246,2025-05-25 04:45:22.508593,0 days 00:00:07.960347,AdamW,0.05180009648816958,,,0.00012346709392838654,,,,1,,,0.0033263532086158275,,PRUNED
872,872,33.333333333333336,2025-05-25 04:45:22.574967,2025-05-25 04:45:36.319795,0 days 00:00:13.744828,Adam,0.043386974692226354,,0.017707013532406977,,,,,1,,21.225366707172547,,,PRUNED
873,873,31.25,2025-05-25 04:45:36.388440,2025-05-25 04:45:43.192249,0 days 00:00:06.803809,AdamW,0.05325672710725378,,,0.00019123327185155965,,,,1,,,0.0038052782490057124,,PRUNED
874,874,33.333333333333336,2025-05-25 04:45:43.233895,2025-05-25 04:45:50.800505,0 days 00:00:07.566610,Adadelta,0.040145654015917374,23.35319228639672,,,,,,1,18.203069436687283,,,,PRUNED
875,875,33.333333333333336,2025-05-25 04:45:50.845618,2025-05-25 04:45:56.248288,0 days 00:00:05.402670,AdamW,0.05801650127975867,,,0.00015323615462970364,,,,1,,,0.0005533314729758809,,PRUNED
876,876,33.333333333333336,2025-05-25 04:45:56.289203,2025-05-25 04:46:05.328556,0 days 00:00:09.039353,AdamW,0.028349565205253818,,,0.007020013357293128,,,,1,,,0.00359000168399478,,PRUNED
877,877,31.25,2025-05-25 04:46:05.370410,2025-05-25 04:46:16.264943,0 days 00:00:10.894533,AdamW,0.04303575689384273,,,9.380486370108874e-05,,,,1,,,0.003157242611760915,,PRUNED
878,878,47.916666666666664,2025-05-25 04:46:16.330372,2025-05-25 04:46:36.864891,0 days 00:00:20.534519,AdamW,0.00037067199727517167,,,0.00020867010180741747,,,,1,,,0.00016639294264645055,,PRUNED
879,879,52.083333333333336,2025-05-25 04:46:36.930846,2025-05-25 04:47:04.348309,0 days 00:00:27.417463,AdamW,0.033987512036276736,,,0.00016684332218867796,,,,1,,,0.003743523161782768,,COMPLETE
880,880,35.416666666666664,2025-05-25 04:47:04.409675,2025-05-25 04:47:18.294525,0 days 00:00:13.884850,AdamW,0.018245426020102734,,,0.00010906379123881974,,,,1,,,0.003294984767250465,,PRUNED
881,881,33.333333333333336,2025-05-25 04:47:18.359710,2025-05-25 04:47:32.024902,0 days 00:00:13.665192,AdamW,0.05112192371695417,,,0.0002224408602316297,,,,1,,,0.0028776118198200356,,PRUNED
882,882,35.416666666666664,2025-05-25 04:47:32.090451,2025-05-25 04:47:45.541752,0 days 00:00:13.451301,AdamW,0.011173980975351681,,,7.062622620114923e-05,,,,1,,,0.0030619922733117907,,PRUNED
883,883,,2025-05-25 04:47:45.607740,2025-05-25 04:47:57.410421,0 days 00:00:11.802681,SGD,0.025993890145854105,,,,0.001133622078082932,93.77244803309733,False,0,,,,18.534474883102146,PRUNED
884,884,31.25,2025-05-25 04:47:57.452424,2025-05-25 04:48:10.962539,0 days 00:00:13.510115,AdamW,0.06258556470700337,,,0.0009444311351377558,,,,1,,,0.004245965728617977,,PRUNED
885,885,54.166666666666664,2025-05-25 04:48:11.028509,2025-05-25 04:48:43.922992,0 days 00:00:32.894483,AdamW,0.03869552487416831,,,0.00032041062630330086,,,,2,,,0.0037911373840892357,,COMPLETE
886,886,35.416666666666664,2025-05-25 04:48:43.985682,2025-05-25 04:48:57.539857,0 days 00:00:13.554175,AdamW,0.053366169392645935,,,0.00014663197282064778,,,,1,,,0.003368990450364235,,PRUNED
887,887,33.333333333333336,2025-05-25 04:48:57.605597,2025-05-25 04:49:09.994787,0 days 00:00:12.389190,Adadelta,0.028681776720408916,0.682410195007337,,,,,,2,0.022424618072545352,,,,PRUNED
888,888,37.5,2025-05-25 04:49:10.058560,2025-05-25 04:49:23.465658,0 days 00:00:13.407098,AdamW,0.016296749156567925,,,0.0002617931566627546,,,,1,,,0.0029237853133289187,,PRUNED
889,889,50.0,2025-05-25 04:49:23.507526,2025-05-25 04:49:52.896893,0 days 00:00:29.389367,AdamW,0.04442213610507811,,,0.00020212690906019378,,,,1,,,0.0016736522695781596,,COMPLETE
890,890,35.416666666666664,2025-05-25 04:49:52.957791,2025-05-25 04:50:06.049712,0 days 00:00:13.091921,AdamW,0.43513476906682647,,,0.0004231917069093492,,,,1,,,0.0014429678853305672,,PRUNED
891,891,39.583333333333336,2025-05-25 04:50:06.115826,2025-05-25 04:50:19.633053,0 days 00:00:13.517227,AdamW,0.034696866459569146,,,0.00031604012997811265,,,,0,,,0.004008185423204674,,PRUNED
892,892,31.25,2025-05-25 04:50:19.704369,2025-05-25 04:50:31.000842,0 days 00:00:11.296473,AdamW,0.06169499560588207,,,0.00017042182994057715,,,,1,,,0.0034569257035178404,,PRUNED
893,893,39.583333333333336,2025-05-25 04:50:31.066918,2025-05-25 04:50:44.429207,0 days 00:00:13.362289,AdamW,0.009823377965030841,,,0.00012514396539374986,,,,1,,,0.0030690484320568642,,PRUNED
894,894,43.75,2025-05-25 04:50:44.494649,2025-05-25 04:50:58.201327,0 days 00:00:13.706678,AdamW,0.023393870437705286,,,0.00023952934254884415,,,,2,,,0.006801244925163682,,PRUNED
895,895,33.333333333333336,2025-05-25 04:50:58.267908,2025-05-25 04:51:10.669435,0 days 00:00:12.401527,Adam,0.04738994624688151,,0.003306005393939618,,,,,2,,3.1854335270009204,,,PRUNED
896,896,41.666666666666664,2025-05-25 04:51:10.739878,2025-05-25 04:51:23.513816,0 days 00:00:12.773938,AdamW,0.032772686256614565,,,0.0005795613371372582,,,,1,,,0.0017023742722610126,,PRUNED
897,897,27.083333333333332,2025-05-25 04:51:23.573421,2025-05-25 04:51:37.010466,0 days 00:00:13.437045,AdamW,0.0180936360965094,,,0.00028805948057453764,,,,2,,,0.003676935172823766,,PRUNED
898,898,35.416666666666664,2025-05-25 04:51:37.077433,2025-05-25 04:51:47.615664,0 days 00:00:10.538231,AdamW,0.04156492535626262,,,0.00020161201803425973,,,,1,,,0.0042926561551979115,,PRUNED
899,899,41.666666666666664,2025-05-25 04:51:47.682334,2025-05-25 04:52:00.355981,0 days 00:00:12.673647,AdamW,0.0691426536684902,,,0.00014252109342400898,,,,6,,,0.0018144931968502324,,PRUNED
900,900,33.333333333333336,2025-05-25 04:52:00.415900,2025-05-25 04:52:08.872540,0 days 00:00:08.456640,Adadelta,0.025461859068209747,9.998875527973647,,,,,,1,3.9562284896350985,,,,PRUNED
901,901,39.583333333333336,2025-05-25 04:52:08.913552,2025-05-25 04:52:14.545419,0 days 00:00:05.631867,AdamW,0.007298712498756601,,,0.00034836962755191393,,,,2,,,0.0031983421483652527,,PRUNED
902,902,35.416666666666664,2025-05-25 04:52:14.744864,2025-05-25 04:52:20.067349,0 days 00:00:05.322485,AdamW,0.0563104126246163,,,9.062925400027484e-05,,,,0,,,0.0014878811351879784,,PRUNED
903,903,56.25,2025-05-25 04:52:20.110122,2025-05-25 04:52:42.635202,0 days 00:00:22.525080,AdamW,0.03719387271869262,,,0.00023901019028921806,,,,6,,,0.003566331864197229,,COMPLETE
904,904,33.333333333333336,2025-05-25 04:52:42.688002,2025-05-25 04:52:47.698849,0 days 00:00:05.010847,AdamW,0.049618042983752234,,,0.0002284751044167512,,,,6,,,0.0038940099065052037,,PRUNED
905,905,35.416666666666664,2025-05-25 04:52:47.737432,2025-05-25 04:52:53.244698,0 days 00:00:05.507266,AdamW,0.0405843912774019,,,0.000173382701861311,,,,1,,,0.0042855362920203284,,PRUNED
906,906,35.416666666666664,2025-05-25 04:52:53.287727,2025-05-25 04:53:15.912935,0 days 00:00:22.625208,AdamW,0.05926833549264763,,,0.00022289021155854163,,,,6,,,0.004959992368077977,,COMPLETE
907,907,33.333333333333336,2025-05-25 04:53:15.974535,2025-05-25 04:53:29.739431,0 days 00:00:13.764896,AdamW,0.04878756131846063,,,0.00018858611462792217,,,,1,,,0.003640300901417754,,PRUNED
908,908,33.333333333333336,2025-05-25 04:53:29.808882,2025-05-25 04:53:43.409138,0 days 00:00:13.600256,AdamW,0.03754332270826071,,,0.011428270567094879,,,,2,,,0.004160989740181859,,PRUNED
909,909,,2025-05-25 04:53:43.475855,2025-05-25 04:53:55.721751,0 days 00:00:12.245896,SGD,0.06602736039218216,,,,0.09730546990708852,27.778525397408707,True,1,,,,0.030157417738035642,PRUNED
910,910,33.333333333333336,2025-05-25 04:53:55.764869,2025-05-25 04:54:09.276949,0 days 00:00:13.512080,AdamW,0.047264872700102656,,,0.0002555089061456554,,,,1,,,0.003504840708626824,,PRUNED
911,911,31.25,2025-05-25 04:54:09.343820,2025-05-25 04:54:22.082214,0 days 00:00:12.738394,AdamW,0.0327280178262985,,,0.0001962440176823268,,,,6,,,0.0015703588606369397,,PRUNED
912,912,33.333333333333336,2025-05-25 04:54:22.143040,2025-05-25 04:54:35.883708,0 days 00:00:13.740668,AdamW,0.05696116492884924,,,0.00015381435253300854,,,,2,,,0.005802090788426765,,PRUNED
913,913,41.666666666666664,2025-05-25 04:54:35.950581,2025-05-25 04:54:49.458618,0 days 00:00:13.508037,AdamW,0.04001215377881845,,,0.00012158283096343584,,,,1,,,0.004391532942478254,,PRUNED
914,914,39.583333333333336,2025-05-25 04:54:49.526364,2025-05-25 04:55:02.063239,0 days 00:00:12.536875,Adadelta,0.032393208964562575,2.8065029688657117,,,,,,6,0.01118888602217345,,,,PRUNED
915,915,35.416666666666664,2025-05-25 04:55:02.122777,2025-05-25 04:55:15.326010,0 days 00:00:13.203233,AdamW,0.04988135353669746,,,0.0002586963302014491,,,,1,,,0.0036330661612148114,,PRUNED
916,916,31.25,2025-05-25 04:55:15.392790,2025-05-25 04:55:28.914215,0 days 00:00:13.521425,AdamW,0.06783932393493158,,,0.00021475707438246087,,,,2,,,0.001896160964236497,,PRUNED
917,917,37.5,2025-05-25 04:55:28.973496,2025-05-25 04:55:41.026503,0 days 00:00:12.053007,AdamW,0.04019300709906129,,,0.00015698930967779888,,,,6,,,0.005166247877375306,,PRUNED
918,918,33.333333333333336,2025-05-25 04:55:41.087071,2025-05-25 04:55:53.903895,0 days 00:00:12.816824,AdamW,0.027740470709037457,,,0.00010619414345861586,,,,1,,,0.004005689265098724,,PRUNED
919,919,37.5,2025-05-25 04:55:53.973539,2025-05-25 04:56:07.660495,0 days 00:00:13.686956,AdamW,0.05742218543323681,,,0.0002851693025212537,,,,3,,,0.001667665127090716,,PRUNED
920,920,41.666666666666664,2025-05-25 04:56:07.726628,2025-05-25 04:56:15.095420,0 days 00:00:07.368792,AdamW,0.042462539227539266,,,0.0001803389678738827,,,,1,,,0.0033830003896678056,,PRUNED
921,921,33.333333333333336,2025-05-25 04:56:15.168801,2025-05-25 04:56:28.799756,0 days 00:00:13.630955,Adam,0.3348875034652429,,0.009886354162458694,,,,,0,,0.02806957573661796,,,PRUNED
922,922,33.333333333333336,2025-05-25 04:56:28.872720,2025-05-25 04:56:39.039069,0 days 00:00:10.166349,AdamW,0.02617528774027338,,,0.0002243058164723075,,,,2,,,0.004620090043297636,,PRUNED
923,923,31.25,2025-05-25 04:56:39.104637,2025-05-25 04:56:50.552649,0 days 00:00:11.448012,AdamW,0.03281377939283231,,,0.00013522116340485251,,,,6,,,0.0018925445895422459,,PRUNED
924,924,33.333333333333336,2025-05-25 04:56:50.592237,2025-05-25 04:56:59.604206,0 days 00:00:09.011969,AdamW,0.07263859529536265,,,0.0002831551688498988,,,,2,,,0.001352789774359894,,PRUNED
925,925,35.416666666666664,2025-05-25 04:56:59.670561,2025-05-25 04:57:12.578327,0 days 00:00:12.907766,AdamW,0.050765018208823225,,,0.00024351281925004696,,,,3,,,0.0028696474315825092,,PRUNED
926,926,29.166666666666668,2025-05-25 04:57:12.620202,2025-05-25 04:57:22.935897,0 days 00:00:10.315695,AdamW,0.02127538089819152,,,0.00018236005811340933,,,,1,,,0.006242766122713626,,PRUNED
927,927,29.166666666666668,2025-05-25 04:57:23.002111,2025-05-25 04:57:34.292712,0 days 00:00:11.290601,Adadelta,0.040280715099158995,0.07338595347689915,,,,,,6,1.7364689351267373,,,,PRUNED
928,928,39.583333333333336,2025-05-25 04:57:34.353176,2025-05-25 04:57:47.819203,0 days 00:00:13.466027,AdamW,0.06195264649857308,,,0.0003381839518974099,,,,1,,,0.003966095682054036,,PRUNED
929,929,37.5,2025-05-25 04:57:47.879419,2025-05-25 04:57:57.917836,0 days 00:00:10.038417,AdamW,0.03394237856952697,,,0.00016075849904828818,,,,1,,,0.0033286907002866312,,PRUNED
930,930,35.416666666666664,2025-05-25 04:57:57.984186,2025-05-25 04:58:11.213759,0 days 00:00:13.229573,AdamW,0.05004291353139987,,,0.00021199411674059534,,,,3,,,0.001553931945604779,,PRUNED
931,931,29.166666666666668,2025-05-25 04:58:11.255344,2025-05-25 04:58:16.288518,0 days 00:00:05.033174,AdamW,0.024134052775359998,,,6.0419411999152085e-05,,,,6,,,0.0017628624288068336,,PRUNED
932,932,27.083333333333332,2025-05-25 04:58:16.328536,2025-05-25 04:58:21.680195,0 days 00:00:05.351659,AdamW,0.01748732346154864,,,7.662573512751534e-05,,,,2,,,0.0030464711691818055,,PRUNED
933,933,,2025-05-25 04:58:21.723684,2025-05-25 04:58:26.765865,0 days 00:00:05.042181,SGD,0.04433556510834691,,,,2.7519740876195326e-05,42.11971959668325,True,1,,,,65.94266882116719,PRUNED
934,934,33.333333333333336,2025-05-25 04:58:26.794160,2025-05-25 04:58:32.067333,0 days 00:00:05.273173,AdamW,0.03141990682777979,,,0.00010736131686651125,,,,6,,,0.005385355388882872,,PRUNED
935,935,37.5,2025-05-25 04:58:32.105310,2025-05-25 04:58:39.751025,0 days 00:00:07.645715,AdamW,0.059558383322785416,,,0.00026566950241295006,,,,1,,,0.0019148900072224577,,PRUNED
936,936,33.333333333333336,2025-05-25 04:58:39.817165,2025-05-25 04:58:53.379741,0 days 00:00:13.562576,AdamW,0.07531604458681766,,,0.000130451597895463,,,,2,,,0.00388118542572965,,PRUNED
937,937,33.333333333333336,2025-05-25 04:58:53.446124,2025-05-25 04:59:03.447084,0 days 00:00:10.000960,AdamW,0.0403484696385652,,,0.0001948840346937977,,,,1,,,0.0020145723605240863,,PRUNED
938,938,41.666666666666664,2025-05-25 04:59:03.507416,2025-05-25 04:59:09.775047,0 days 00:00:06.267631,AdamW,0.021898158839972807,,,0.00033771795287499795,,,,3,,,0.0014437230286584244,,PRUNED
939,939,35.416666666666664,2025-05-25 04:59:09.840884,2025-05-25 04:59:22.544202,0 days 00:00:12.703318,AdamW,0.05286606897542565,,,0.00025276861635996437,,,,6,,,0.004453420555492598,,PRUNED
940,940,37.5,2025-05-25 04:59:22.646056,2025-05-25 04:59:36.176459,0 days 00:00:13.530403,Adadelta,0.033144800322645114,0.014063259895792653,,,,,,1,10.683553697053025,,,,PRUNED
941,941,33.333333333333336,2025-05-25 04:59:36.240630,2025-05-25 04:59:49.742894,0 days 00:00:13.502264,AdamW,0.019195242737268248,,,0.00015550955838249876,,,,2,,,0.0002185542236732702,,PRUNED
942,942,43.75,2025-05-25 04:59:49.809286,2025-05-25 05:00:03.577253,0 days 00:00:13.767967,AdamW,0.009644466207423461,,,0.0002962787846618292,,,,0,,,0.0036396449113481246,,PRUNED
943,943,33.333333333333336,2025-05-25 05:00:03.647919,2025-05-25 05:00:17.234567,0 days 00:00:13.586648,Adam,0.06593235890572567,,0.00013388468748580195,,,,,1,,0.19143408736528875,,,PRUNED
944,944,33.333333333333336,2025-05-25 05:00:17.303829,2025-05-25 05:00:30.714723,0 days 00:00:13.410894,AdamW,0.044579828232111124,,,0.00021550225637149815,,,,3,,,0.0016391947109332071,,PRUNED
945,945,52.083333333333336,2025-05-25 05:00:30.779714,2025-05-25 05:00:59.933753,0 days 00:00:29.154039,AdamW,0.49071615157030074,,,0.0001747987187231179,,,,6,,,0.002896060092847528,,COMPLETE
946,946,39.583333333333336,2025-05-25 05:00:59.994947,2025-05-25 05:01:13.519430,0 days 00:00:13.524483,AdamW,0.031060302221931343,,,9.493490389950861e-05,,,,1,,,0.003403022860668691,,PRUNED
947,947,35.416666666666664,2025-05-25 05:01:13.585987,2025-05-25 05:01:26.955169,0 days 00:00:13.369182,AdamW,0.052305012081861994,,,0.00012579135006294154,,,,3,,,0.004941919244912833,,PRUNED
948,948,31.25,2025-05-25 05:01:27.013205,2025-05-25 05:01:39.446923,0 days 00:00:12.433718,AdamW,0.037726232500807984,,,0.00039112886047809045,,,,6,,,0.0017819184043420615,,PRUNED
949,949,33.333333333333336,2025-05-25 05:01:39.507404,2025-05-25 05:01:51.123097,0 days 00:00:11.615693,AdamW,0.2848960582292363,,,0.00025646653281304917,,,,1,,,0.0031192016828738177,,PRUNED
950,950,33.333333333333336,2025-05-25 05:01:51.166343,2025-05-25 05:01:56.526789,0 days 00:00:05.360446,AdamW,0.47400427038115367,,,0.00021157389872039018,,,,2,,,0.0027544327541892365,,PRUNED
951,951,41.666666666666664,2025-05-25 05:01:56.569725,2025-05-25 05:02:06.842414,0 days 00:00:10.272689,AdamW,0.026701764875855866,,,0.0003110372198847018,,,,6,,,0.005835072878612999,,PRUNED
952,952,39.583333333333336,2025-05-25 05:02:06.902236,2025-05-25 05:02:20.571505,0 days 00:00:13.669269,AdamW,0.018497083496688705,,,0.00014931859911101976,,,,2,,,0.001337615899816514,,PRUNED
953,953,33.333333333333336,2025-05-25 05:02:20.637742,2025-05-25 05:02:34.175634,0 days 00:00:13.537892,AdamW,0.04677491743131389,,,0.0002311557141803014,,,,3,,,0.0020547400161871994,,PRUNED
954,954,39.583333333333336,2025-05-25 05:02:34.239772,2025-05-25 05:02:45.127814,0 days 00:00:10.888042,AdamW,0.0728134796443151,,,0.00017773331002014436,,,,0,,,0.004198718130765144,,PRUNED
955,955,29.166666666666668,2025-05-25 05:02:45.194866,2025-05-25 05:02:58.625140,0 days 00:00:13.430274,Adadelta,0.007682870422569165,0.1300468478871631,,,,,,1,29.50308466377245,,,,PRUNED
956,956,35.416666666666664,2025-05-25 05:02:58.683877,2025-05-25 05:03:07.247513,0 days 00:00:08.563636,AdamW,0.05940733233590494,,,0.00028837367502034965,,,,1,,,0.0002875341559539584,,PRUNED
957,957,,2025-05-25 05:03:07.314579,2025-05-25 05:03:19.214761,0 days 00:00:11.900182,SGD,0.031356098679544364,,,,0.009983611998706513,70.31363399630779,False,1,,,,0.5811089289160709,PRUNED
958,958,33.333333333333336,2025-05-25 05:03:19.279631,2025-05-25 05:03:31.849231,0 days 00:00:12.569600,AdamW,0.043132285844831454,,,0.00043303040066712767,,,,2,,,0.0003565374718093828,,PRUNED
959,959,41.666666666666664,2025-05-25 05:03:31.914947,2025-05-25 05:03:44.813208,0 days 00:00:12.898261,AdamW,0.08475376350497822,,,0.00011721879086122756,,,,6,,,0.00040835827833967444,,PRUNED
960,960,33.333333333333336,2025-05-25 05:03:44.874333,2025-05-25 05:03:58.452518,0 days 00:00:13.578185,AdamW,0.014741398008693042,,,8.501082233391657e-05,,,,1,,,0.0035383395143434343,,PRUNED
961,961,39.583333333333336,2025-05-25 05:03:58.519548,2025-05-25 05:04:11.915162,0 days 00:00:13.395614,AdamW,0.027685523004321953,,,0.0003575890207180279,,,,3,,,0.0015489428545243504,,PRUNED
962,962,35.416666666666664,2025-05-25 05:04:11.981445,2025-05-25 05:04:25.069953,0 days 00:00:13.088508,AdamW,0.036189736080750726,,,0.00020238421370449646,,,,2,,,0.0047506609872194575,,PRUNED
963,963,33.333333333333336,2025-05-25 05:04:25.135930,2025-05-25 05:04:34.822197,0 days 00:00:09.686267,AdamW,0.06164741639883052,,,0.00024402178985962752,,,,6,,,0.00315282153803368,,PRUNED
964,964,33.333333333333336,2025-05-25 05:04:34.863225,2025-05-25 05:04:40.598077,0 days 00:00:05.734852,AdamW,0.019780292932295735,,,0.00014427087769555718,,,,6,,,0.001764788990468283,,PRUNED
965,965,37.5,2025-05-25 05:04:40.636257,2025-05-25 05:04:47.277415,0 days 00:00:06.641158,AdamW,0.0004120395612471888,,,0.00029942349721365913,,,,3,,,0.0038894802704044014,,PRUNED
966,966,29.166666666666668,2025-05-25 05:04:47.332589,2025-05-25 05:04:57.909822,0 days 00:00:10.577233,Adam,0.05202025908918943,,3.1735809592083796e-05,,,,,1,,0.11761189570322884,,,PRUNED
967,967,39.583333333333336,2025-05-25 05:04:57.977023,2025-05-25 05:05:09.904972,0 days 00:00:11.927949,AdamW,0.03910721235489348,,,0.00017850762731029963,,,,2,,,0.009068970929687451,,PRUNED
968,968,50.0,2025-05-25 05:05:09.947993,2025-05-25 05:05:31.124270,0 days 00:00:21.176277,Adadelta,0.02598451143748645,0.030004296724686973,,,,,,1,0.03295083895352911,,,,COMPLETE
969,969,43.75,2025-05-25 05:05:31.185595,2025-05-25 05:05:44.753619,0 days 00:00:13.568024,AdamW,0.012614566999680655,,,0.00024486241876744806,,,,1,,,0.00048561054314500687,,PRUNED
970,970,41.666666666666664,2025-05-25 05:05:44.820914,2025-05-25 05:05:58.832663,0 days 00:00:14.011749,AdamW,0.07269735011446068,,,9.951085606259793e-05,,,,1,,,0.0019440083551997803,,PRUNED
971,971,56.25,2025-05-25 05:05:58.906635,2025-05-25 05:06:27.940186,0 days 00:00:29.033551,AdamW,0.04817456596566652,,,0.0003658848044707778,,,,6,,,0.0028155613830989985,,COMPLETE
972,972,35.416666666666664,2025-05-25 05:06:28.002107,2025-05-25 05:06:40.739588,0 days 00:00:12.737481,AdamW,0.06248333416982497,,,0.0003799007025301424,,,,6,,,0.0026313474928014047,,PRUNED
973,973,41.666666666666664,2025-05-25 05:06:40.800316,2025-05-25 05:07:09.830640,0 days 00:00:29.030324,AdamW,0.05427279843214115,,,0.00048285339069748635,,,,6,,,0.0027562113180241406,,COMPLETE
974,974,35.416666666666664,2025-05-25 05:07:09.893207,2025-05-25 05:07:33.074334,0 days 00:00:23.181127,AdamW,0.052361678069734414,,,0.0007577157143379648,,,,6,,,0.0029965476949726016,,PRUNED
975,975,39.583333333333336,2025-05-25 05:07:33.130226,2025-05-25 05:07:46.018389,0 days 00:00:12.888163,AdamW,0.07095332490051574,,,0.00020303530139346296,,,,6,,,0.0028772590131765615,,PRUNED
976,976,31.25,2025-05-25 05:07:46.079208,2025-05-25 05:07:58.820909,0 days 00:00:12.741701,AdamW,0.06337524698034012,,,0.0001407307846404498,,,,6,,,0.0033811260531433117,,PRUNED
977,977,33.333333333333336,2025-05-25 05:07:58.881105,2025-05-25 05:08:11.547859,0 days 00:00:12.666754,AdamW,0.04787868509828522,,,0.00032105894090968826,,,,6,,,0.0031503957702739963,,PRUNED
978,978,41.666666666666664,2025-05-25 05:08:11.608547,2025-05-25 05:08:24.536788,0 days 00:00:12.928241,AdamW,0.04705931139716396,,,0.0002763648678298499,,,,6,,,0.0026745366635214135,,PRUNED
979,979,37.5,2025-05-25 05:08:24.598311,2025-05-25 05:08:37.230387,0 days 00:00:12.632076,AdamW,0.08241924108177168,,,0.0001653517338632799,,,,6,,,0.0039300714310868895,,PRUNED
980,980,35.416666666666664,2025-05-25 05:08:37.290986,2025-05-25 05:08:49.141071,0 days 00:00:11.850085,AdamW,0.05903630016232142,,,0.00022387777532537295,,,,6,,,0.0033382946775015183,,PRUNED
981,981,37.5,2025-05-25 05:08:49.180054,2025-05-25 05:08:54.082736,0 days 00:00:04.902682,Adadelta,0.04084448576918419,0.224449801434461,,,,,,6,0.0575721199506501,,,,PRUNED
982,982,27.083333333333332,2025-05-25 05:08:54.122603,2025-05-25 05:08:59.825212,0 days 00:00:05.702609,AdamW,0.06809767876579932,,,0.00011302634360413543,,,,6,,,0.00010394351549502476,,PRUNED
983,983,,2025-05-25 05:08:59.909604,2025-05-25 05:09:10.851760,0 days 00:00:10.942156,SGD,0.09189606602204158,,,,0.00010249254530946812,82.64938913551626,True,6,,,,1.7023335221878955,PRUNED
984,984,52.083333333333336,2025-05-25 05:09:10.911612,2025-05-25 05:09:37.859689,0 days 00:00:26.948077,AdamW,0.05309262538691009,,,0.00019525555126786946,,,,6,,,0.0001416255578029631,,COMPLETE
985,985,35.416666666666664,2025-05-25 05:09:37.920792,2025-05-25 05:09:46.964887,0 days 00:00:09.044095,AdamW,0.2546552096789384,,,0.00028276903530747725,,,,6,,,0.0029648278936032346,,PRUNED
986,986,35.416666666666664,2025-05-25 05:09:47.025917,2025-05-25 05:09:58.977931,0 days 00:00:11.952014,AdamW,0.04013247561782648,,,0.0003381063858343406,,,,7,,,0.003584299215211614,,PRUNED
987,987,37.5,2025-05-25 05:09:59.017910,2025-05-25 05:10:09.488201,0 days 00:00:10.470291,AdamW,0.035896966379446164,,,0.00013109470591754195,,,,6,,,0.006503341612800121,,PRUNED
988,988,45.833333333333336,2025-05-25 05:10:09.551172,2025-05-25 05:10:41.562117,0 days 00:00:32.010945,AdamW,0.04635965481770382,,,0.00023605082044348625,,,,1,,,0.005503609271465013,,COMPLETE
989,989,43.75,2025-05-25 05:10:41.618638,2025-05-25 05:10:50.407701,0 days 00:00:08.789063,AdamW,0.10794576352829409,,,6.967717308745454e-05,,,,5,,,0.0026990696205201406,,PRUNED
990,990,43.75,2025-05-25 05:10:50.450371,2025-05-25 05:10:56.091812,0 days 00:00:05.641441,AdamW,0.06083187995442542,,,0.00016542772960474058,,,,5,,,0.0044577618114507505,,PRUNED
991,991,33.333333333333336,2025-05-25 05:10:56.134289,2025-05-25 05:11:01.008957,0 days 00:00:04.874668,Adam,0.032199756686192856,,0.004462632986392351,,,,,7,,9.601763880670767,,,PRUNED
992,992,35.416666666666664,2025-05-25 05:11:01.045819,2025-05-25 05:11:06.924392,0 days 00:00:05.878573,AdamW,0.053423967138585333,,,0.0004517902452821137,,,,1,,,0.0024887642785451644,,PRUNED
993,993,41.666666666666664,2025-05-25 05:11:06.966378,2025-05-25 05:11:26.683910,0 days 00:00:19.717532,AdamW,0.04431972388040979,,,0.0005806672204222179,,,,6,,,0.0029433642913823197,,PRUNED
994,994,35.416666666666664,2025-05-25 05:11:26.724177,2025-05-25 05:11:32.489676,0 days 00:00:05.765499,AdamW,0.07558666283286372,,,0.00019645624464245654,,,,1,,,0.0032031840211450926,,PRUNED
995,995,31.25,2025-05-25 05:11:32.533909,2025-05-25 05:11:38.687535,0 days 00:00:06.153626,Adadelta,0.026549886670295647,0.023731742001023393,,,,,,0,0.013976129780194168,,,,PRUNED
996,996,33.333333333333336,2025-05-25 05:11:38.751462,2025-05-25 05:11:44.528451,0 days 00:00:05.776989,AdamW,0.03726394621788852,,,0.0003848798676782088,,,,6,,,0.0036999946556972897,,PRUNED
997,997,41.666666666666664,2025-05-25 05:11:44.588975,2025-05-25 05:11:58.120506,0 days 00:00:13.531531,AdamW,0.08042953977704692,,,0.0002591899757274943,,,,2,,,0.005260759572947353,,PRUNED
998,998,35.416666666666664,2025-05-25 05:11:58.187001,2025-05-25 05:12:11.937342,0 days 00:00:13.750341,AdamW,0.06386217909920858,,,0.00014620002414295568,,,,1,,,0.00018304750553389828,,PRUNED
999,999,37.5,2025-05-25 05:12:12.004198,2025-05-25 05:12:24.346498,0 days 00:00:12.342300,AdamW,0.3490739267697408,,,0.0003307122076472947,,,,6,,,0.0006358538364475835,,PRUNED
