,number,value,datetime_start,datetime_complete,duration,params_algorithm,params_dropout_rate,params_lr_Adadelta,params_lr_Adam,params_lr_AdamW,params_lr_SGD,params_momentum_SGD,params_nesterov_SGD,params_suggested_freeze,params_weight_decay_Adadelta,params_weight_decay_Adam,params_weight_decay_AdamW,params_weight_decay_SGD,state
0,0,35.416666666666664,2025-05-26 00:54:02.262515,2025-05-26 00:54:12.730063,0 days 00:00:10.467548,Adadelta,0.4753571532049581,0.017073967431528128,,,,,,11,29.154431891537552,,,,COMPLETE
1,1,25.0,2025-05-26 00:54:12.788106,2025-05-26 00:54:22.013581,0 days 00:00:09.225475,Adam,0.35403628889802274,,5.3370327626039544e-05,,,,,19,,0.05415244119402541,,,COMPLETE
2,2,35.416666666666664,2025-05-26 00:54:22.059794,2025-05-26 00:54:31.673100,0 days 00:00:09.613306,AdamW,0.2623782158161189,,,0.00014742753159914678,,,,9,,,0.0005404103854647331,,COMPLETE
3,3,43.75,2025-05-26 00:54:31.720486,2025-05-26 00:54:41.407756,0 days 00:00:09.687270,AdamW,0.3925879806965068,,,0.0026926469100861782,,,,14,,,0.00021930485556643703,,COMPLETE
4,4,33.333333333333336,2025-05-26 00:54:41.453380,2025-05-26 00:54:53.587062,0 days 00:00:12.133682,Adadelta,0.4744427686266666,5.456725485601478,,,,,,2,0.5762487216478605,,,,COMPLETE
5,5,41.666666666666664,2025-05-26 00:54:53.631349,2025-05-26 00:55:05.057722,0 days 00:00:11.426373,Adam,0.2475884550556351,,0.00017654048052495074,,,,,3,,1.2030178871154673,,,COMPLETE
6,6,33.333333333333336,2025-05-26 00:55:05.101871,2025-05-26 00:55:12.132220,0 days 00:00:07.030349,Adadelta,0.09242722776276352,2.463768595899747,,,,,,17,48.696409415209004,,,,PRUNED
7,7,33.333333333333336,2025-05-26 00:55:12.164119,2025-05-26 00:55:20.895124,0 days 00:00:08.731005,AdamW,0.0979914312095726,,,0.02065142557895925,,,,2,,,0.0005170191786366995,,PRUNED
8,8,33.333333333333336,2025-05-26 00:55:20.932180,2025-05-26 00:55:28.255349,0 days 00:00:07.323169,SGD,0.27134804157912423,,,,0.012273800987852962,0.5621564911890039,True,8,,,,0.06235377135673159,PRUNED
9,9,33.333333333333336,2025-05-26 00:55:28.290888,2025-05-26 00:55:35.870050,0 days 00:00:07.579162,SGD,0.38563517334297287,,,,0.0031130959561221226,6.365199445099503,False,23,,,,0.2106648601704221,PRUNED
10,10,54.166666666666664,2025-05-26 00:55:35.897696,2025-05-26 00:55:45.674395,0 days 00:00:09.776699,AdamW,0.0029985914779085965,,,0.00484256500515941,,,,30,,,0.00010753331646251153,,COMPLETE
11,11,43.75,2025-05-26 00:55:45.720893,2025-05-26 00:55:55.366027,0 days 00:00:09.645134,AdamW,0.007797399829228002,,,0.0032176187174456305,,,,29,,,0.00010173813558692418,,COMPLETE
12,12,45.833333333333336,2025-05-26 00:55:55.413373,2025-05-26 00:56:05.156666,0 days 00:00:09.743293,AdamW,0.1780456116674968,,,0.0017716419278767377,,,,31,,,0.00010817512739388823,,COMPLETE
13,13,50.0,2025-05-26 00:56:05.203276,2025-05-26 00:56:14.906102,0 days 00:00:09.702826,AdamW,0.10536019105413505,,,0.0003555582197048753,,,,31,,,0.006135141878939968,,COMPLETE
14,14,27.083333333333332,2025-05-26 00:56:14.953715,2025-05-26 00:56:19.451254,0 days 00:00:04.497539,AdamW,0.007536595527873308,,,2.215520063345732e-05,,,,26,,,0.009287363566332066,,PRUNED
15,15,37.5,2025-05-26 00:56:19.485988,2025-05-26 00:56:29.154897,0 days 00:00:09.668909,AdamW,0.09767194227160059,,,0.07408766950364654,,,,22,,,0.0037244194805508986,,PRUNED
16,16,29.166666666666668,2025-05-26 00:56:29.189143,2025-05-26 00:56:33.609538,0 days 00:00:04.420395,AdamW,0.15910720289473168,,,0.00022701605786719516,,,,27,,,0.0023793537960598537,,PRUNED
17,17,33.333333333333336,2025-05-26 00:56:33.644225,2025-05-26 00:56:39.263985,0 days 00:00:05.619760,SGD,0.05154906740445499,,,,1.533653919754068e-05,99.82036515505162,False,31,,,,96.3979853269096,PRUNED
18,18,33.333333333333336,2025-05-26 00:56:39.298887,2025-05-26 00:56:46.835347,0 days 00:00:07.536460,Adam,0.170071342737794,,0.07937580731016337,,,,,25,,95.53772735801623,,,PRUNED
19,19,39.583333333333336,2025-05-26 00:56:46.866856,2025-05-26 00:56:56.411256,0 days 00:00:09.544400,AdamW,0.05966378732022452,,,0.00022324006155543144,,,,21,,,0.0017179649282736966,,PRUNED
20,20,33.333333333333336,2025-05-26 00:56:56.446419,2025-05-26 00:57:04.028791,0 days 00:00:07.582372,AdamW,0.13483353959191263,,,0.013328032174910125,,,,28,,,0.009305565097180703,,PRUNED
21,21,39.583333333333336,2025-05-26 00:57:04.063743,2025-05-26 00:57:13.661340,0 days 00:00:09.597597,AdamW,0.1849177748720445,,,0.001132366126135909,,,,31,,,0.00018397722834079074,,PRUNED
22,22,33.333333333333336,2025-05-26 00:57:13.698680,2025-05-26 00:57:20.821098,0 days 00:00:07.122418,AdamW,0.20970939633015903,,,0.0009242990604441937,,,,31,,,0.00011342203836261639,,PRUNED
23,23,37.5,2025-05-26 00:57:20.853559,2025-05-26 00:57:30.514503,0 days 00:00:09.660944,AdamW,0.04737140944586174,,,0.005733664728067877,,,,24,,,0.0003044125687103646,,PRUNED
24,24,43.75,2025-05-26 00:57:30.548759,2025-05-26 00:57:40.164071,0 days 00:00:09.615312,AdamW,0.13203518323118493,,,0.0007012166762919817,,,,28,,,0.001151145709663477,,COMPLETE
25,25,33.333333333333336,2025-05-26 00:57:40.208693,2025-05-26 00:57:47.218728,0 days 00:00:07.010035,AdamW,0.2218907063060444,,,4.4355878616951626e-05,,,,29,,,0.004766474356702155,,PRUNED
26,26,33.333333333333336,2025-05-26 00:57:47.253829,2025-05-26 00:57:53.098726,0 days 00:00:05.844897,SGD,0.0045526417892945885,,,,2.4117831263229108e-05,68.27530940323874,True,26,,,,23.703006937863524,PRUNED
27,27,33.333333333333336,2025-05-26 00:57:53.133166,2025-05-26 00:58:00.212015,0 days 00:00:07.078849,Adadelta,0.3132587457626827,96.58318826868305,,,,,,20,0.010667799013471044,,,,PRUNED
28,28,41.666666666666664,2025-05-26 00:58:00.246963,2025-05-26 00:58:09.879244,0 days 00:00:09.632281,Adam,0.12809303936696573,,0.01176021255248222,,,,,31,,0.014236305881279616,,,PRUNED
29,29,29.166666666666668,2025-05-26 00:58:09.911146,2025-05-26 00:58:14.216976,0 days 00:00:04.305830,Adadelta,0.07760557345916955,0.0163326397242079,,,,,,12,0.010094931633979147,,,,PRUNED
30,30,39.583333333333336,2025-05-26 00:58:14.248527,2025-05-26 00:58:23.921056,0 days 00:00:09.672529,AdamW,0.031425974509242734,,,0.0006426353227014298,,,,18,,,0.0004622033892985007,,COMPLETE
31,31,43.75,2025-05-26 00:58:23.968358,2025-05-26 00:58:33.522729,0 days 00:00:09.554371,AdamW,0.4995585211686969,,,0.0025668830270957842,,,,15,,,0.00018323249985097812,,COMPLETE
32,32,31.25,2025-05-26 00:58:33.569112,2025-05-26 00:58:43.168067,0 days 00:00:09.598955,AdamW,0.41083964159057235,,,0.00907712075277462,,,,14,,,0.00020086214933449077,,COMPLETE
33,33,33.333333333333336,2025-05-26 00:58:43.212429,2025-05-26 00:58:52.850502,0 days 00:00:09.638073,AdamW,0.3173139921664575,,,0.002939158805465926,,,,7,,,0.00010206063958466357,,COMPLETE
34,34,35.416666666666664,2025-05-26 00:58:52.951285,2025-05-26 00:59:04.038200,0 days 00:00:11.086915,AdamW,0.43392474200945563,,,0.0021112988006352306,,,,5,,,0.00027128939961511354,,COMPLETE
35,35,35.416666666666664,2025-05-26 00:59:04.085286,2025-05-26 00:59:13.706735,0 days 00:00:09.621449,Adam,0.3064773045952088,,1.3189728028275134e-05,,,,,11,,89.03542421807131,,,COMPLETE
36,36,37.5,2025-05-26 00:59:13.754678,2025-05-26 00:59:23.449788,0 days 00:00:09.695110,AdamW,0.20283177870205737,,,0.0004174350304573245,,,,17,,,0.00015447902190799745,,COMPLETE
37,37,33.333333333333336,2025-05-26 00:59:23.496461,2025-05-26 00:59:33.016002,0 days 00:00:09.519541,Adadelta,0.3686387619219607,0.21514314769815227,,,,,,14,0.7057070426433971,,,,COMPLETE
38,38,45.833333333333336,2025-05-26 00:59:33.147969,2025-05-26 00:59:42.287098,0 days 00:00:09.139129,AdamW,0.26266732882401733,,,0.023880185319473227,,,,29,,,0.00033200403654094177,,COMPLETE
39,39,45.833333333333336,2025-05-26 00:59:42.334445,2025-05-26 00:59:52.011576,0 days 00:00:09.677131,AdamW,0.24872267436782364,,,0.0320345990465264,,,,30,,,0.0007548438970222365,,COMPLETE
40,40,37.5,2025-05-26 00:59:52.056975,2025-05-26 01:00:01.692068,0 days 00:00:09.635093,Adam,0.2289186897273786,,0.0020441986862453788,,,,,27,,1.790785115912206,,,COMPLETE
41,41,33.333333333333336,2025-05-26 01:00:01.739694,2025-05-26 01:00:08.002842,0 days 00:00:06.263148,AdamW,0.2723630677447243,,,0.07193703988981481,,,,29,,,0.0007853283364027855,,PRUNED
42,42,43.75,2025-05-26 01:00:08.035960,2025-05-26 01:00:17.671096,0 days 00:00:09.635136,AdamW,0.2540651176754697,,,0.03895155035197212,,,,30,,,0.000374243106783033,,COMPLETE
43,43,33.333333333333336,2025-05-26 01:00:17.719962,2025-05-26 01:00:24.333950,0 days 00:00:06.613988,AdamW,0.2765391007125897,,,0.026434290730630236,,,,25,,,0.0008493829969189974,,PRUNED
44,44,33.333333333333336,2025-05-26 01:00:24.365038,2025-05-26 01:00:30.489541,0 days 00:00:06.124503,AdamW,0.15402182144291138,,,0.008161442424911087,,,,29,,,0.0013177402363521778,,PRUNED
45,45,33.333333333333336,2025-05-26 01:00:30.521901,2025-05-26 01:00:36.516901,0 days 00:00:05.995000,SGD,0.24172881986048106,,,,0.07697336416909212,42.12679479091756,True,27,,,,3.7937328454645245,PRUNED
46,46,33.333333333333336,2025-05-26 01:00:36.548753,2025-05-26 01:00:45.740511,0 days 00:00:09.191758,AdamW,0.18597517165631391,,,0.016375326782283525,,,,23,,,0.0006630506658035209,,COMPLETE
47,47,33.333333333333336,2025-05-26 01:00:45.788446,2025-05-26 01:00:53.451639,0 days 00:00:07.663193,AdamW,0.3443772759136307,,,0.03782548179480943,,,,0,,,0.00014904124308609253,,PRUNED
48,48,33.333333333333336,2025-05-26 01:00:53.483784,2025-05-26 01:00:59.994439,0 days 00:00:06.510655,Adadelta,0.2833561248040042,57.40714720233024,,,,,,30,5.681901127173502,,,,PRUNED
49,49,29.166666666666668,2025-05-26 01:01:00.027073,2025-05-26 01:01:04.300533,0 days 00:00:04.273460,AdamW,0.1182399117147504,,,6.689763607050553e-05,,,,28,,,0.00035499352400343283,,PRUNED
50,50,33.333333333333336,2025-05-26 01:01:04.335776,2025-05-26 01:01:10.066679,0 days 00:00:05.730903,SGD,0.08123165487855848,,,,0.00019617051137421125,42.03591090791143,False,25,,,,0.012267280752973314,PRUNED
51,51,45.833333333333336,2025-05-26 01:01:10.101059,2025-05-26 01:01:19.812779,0 days 00:00:09.711720,AdamW,0.44711356089886267,,,0.0017479630069901736,,,,30,,,0.00023178919784525077,,COMPLETE
52,52,35.416666666666664,2025-05-26 01:01:19.860602,2025-05-26 01:01:29.384136,0 days 00:00:09.523534,AdamW,0.43359611272513376,,,0.005680411459322927,,,,30,,,0.00013573921232576164,,COMPLETE
53,53,43.75,2025-05-26 01:01:29.436077,2025-05-26 01:01:38.981749,0 days 00:00:09.545672,AdamW,0.027628218935361673,,,0.0012566977284270153,,,,30,,,0.00025828086707001746,,COMPLETE
54,54,31.25,2025-05-26 01:01:39.026735,2025-05-26 01:01:42.946833,0 days 00:00:03.920098,AdamW,0.18081455741499133,,,0.0003869129292867156,,,,28,,,0.0004591674716218379,,PRUNED
55,55,45.833333333333336,2025-05-26 01:01:42.982583,2025-05-26 01:01:52.730004,0 days 00:00:09.747421,AdamW,0.10787967660005415,,,0.0017598530686402472,,,,31,,,0.0002297816113810795,,COMPLETE
56,56,37.5,2025-05-26 01:01:52.775162,2025-05-26 01:02:02.278267,0 days 00:00:09.503105,AdamW,0.1489155109882067,,,0.004456561149965348,,,,26,,,0.00013293482698961955,,COMPLETE
57,57,35.416666666666664,2025-05-26 01:02:02.325285,2025-05-26 01:02:11.772940,0 days 00:00:09.447655,AdamW,0.3337474870411157,,,0.035164597663148785,,,,29,,,0.00010004789127956346,,COMPLETE
58,58,37.5,2025-05-26 01:02:11.820425,2025-05-26 01:02:21.422737,0 days 00:00:09.602312,AdamW,0.29046299293322,,,0.010137015649673802,,,,27,,,0.004062552752667947,,COMPLETE
59,59,41.666666666666664,2025-05-26 01:02:21.471997,2025-05-26 01:02:31.024930,0 days 00:00:09.552933,Adam,0.1980380634148407,,0.0005465025604147474,,,,,31,,9.395580343696476,,,COMPLETE
60,60,45.833333333333336,2025-05-26 01:02:31.072951,2025-05-26 01:02:40.648575,0 days 00:00:09.575624,AdamW,0.07475459658633962,,,0.08846865507396424,,,,23,,,0.006415669085515474,,COMPLETE
61,61,43.75,2025-05-26 01:02:40.702349,2025-05-26 01:02:49.892604,0 days 00:00:09.190255,AdamW,0.11130575027751848,,,0.0015445901747215957,,,,31,,,0.0022471680747167227,,COMPLETE
62,62,39.583333333333336,2025-05-26 01:02:49.940808,2025-05-26 01:02:59.518589,0 days 00:00:09.577781,AdamW,0.027722608941914972,,,0.0019238149762450321,,,,30,,,0.00022844880663125877,,PRUNED
63,63,31.25,2025-05-26 01:02:59.553849,2025-05-26 01:03:03.921516,0 days 00:00:04.367667,AdamW,0.10722466178625747,,,0.0003940944774866045,,,,28,,,0.0005966709347648439,,PRUNED
64,64,33.333333333333336,2025-05-26 01:03:03.958832,2025-05-26 01:03:10.427962,0 days 00:00:06.469130,AdamW,0.14316774843641253,,,0.0035052872181327677,,,,31,,,0.00017307415764516795,,PRUNED
65,65,33.333333333333336,2025-05-26 01:03:10.463993,2025-05-26 01:03:16.907897,0 days 00:00:06.443904,AdamW,0.1637139486121268,,,0.00014395016191475943,,,,29,,,0.0003670609238879284,,PRUNED
66,66,33.333333333333336,2025-05-26 01:03:16.941245,2025-05-26 01:03:22.494977,0 days 00:00:05.553732,SGD,0.06479399686056769,,,,0.0003720249973089088,97.25718749684798,True,26,,,,2.192479304143811,PRUNED
67,67,43.75,2025-05-26 01:03:22.534528,2025-05-26 01:03:32.146771,0 days 00:00:09.612243,AdamW,0.23209357896338412,,,0.0008613539044471708,,,,30,,,0.00012455977436830464,,COMPLETE
68,68,33.333333333333336,2025-05-26 01:03:32.193499,2025-05-26 01:03:38.401248,0 days 00:00:06.207749,Adadelta,0.09766964695805519,0.23171167184435645,,,,,,28,0.10932296104921217,,,,PRUNED
69,69,50.0,2025-05-26 01:03:38.434981,2025-05-26 01:03:47.979398,0 days 00:00:09.544417,AdamW,0.21513222779149205,,,0.02214045574183044,,,,31,,,0.00022894284181403606,,COMPLETE
70,70,45.833333333333336,2025-05-26 01:03:48.028689,2025-05-26 01:03:57.651703,0 days 00:00:09.623014,AdamW,0.21558222373070654,,,0.01378105090866064,,,,27,,,0.00028822113809011667,,COMPLETE
71,71,33.333333333333336,2025-05-26 01:03:57.700402,2025-05-26 01:04:03.884935,0 days 00:00:06.184533,AdamW,0.2534563716732422,,,0.022446942211334565,,,,31,,,0.0001933186837769167,,PRUNED
72,72,33.333333333333336,2025-05-26 01:04:03.919251,2025-05-26 01:04:10.367873,0 days 00:00:06.448622,AdamW,0.17290253095688685,,,0.06395948478617626,,,,29,,,0.0002294136441575871,,PRUNED
73,73,47.916666666666664,2025-05-26 01:04:10.401768,2025-05-26 01:04:19.946341,0 days 00:00:09.544573,AdamW,0.19063007954317185,,,0.0015068693432158098,,,,30,,,0.0004237641411244138,,COMPLETE
74,74,33.333333333333336,2025-05-26 01:04:19.992421,2025-05-26 01:04:26.237315,0 days 00:00:06.244894,AdamW,0.20498344881023553,,,0.00059419144478383,,,,30,,,0.0004413111537104968,,PRUNED
75,75,37.5,2025-05-26 01:04:26.270575,2025-05-26 01:04:35.827887,0 days 00:00:09.557312,AdamW,0.2387852590434002,,,0.0011661219605693719,,,,29,,,0.00031197751515645613,,PRUNED
76,76,33.333333333333336,2025-05-26 01:04:35.862156,2025-05-26 01:04:42.362054,0 days 00:00:06.499898,Adam,0.19363720027868353,,0.0877217128023127,,,,,26,,0.23342163929061552,,,PRUNED
77,77,33.333333333333336,2025-05-26 01:04:42.395814,2025-05-26 01:04:48.493058,0 days 00:00:06.097244,AdamW,0.2607036880170893,,,0.05398444844756194,,,,24,,,0.0014790748230181464,,PRUNED
78,78,33.333333333333336,2025-05-26 01:04:48.526788,2025-05-26 01:04:55.022917,0 days 00:00:06.496129,AdamW,0.21763762518317276,,,0.0040008389710447755,,,,30,,,0.0005443611841545007,,PRUNED
79,79,33.333333333333336,2025-05-26 01:04:55.056738,2025-05-26 01:05:01.134858,0 days 00:00:06.078120,AdamW,0.4861789377797534,,,0.007335141578635637,,,,28,,,0.0009768745344393309,,PRUNED
80,80,33.333333333333336,2025-05-26 01:05:01.171519,2025-05-26 01:05:07.649596,0 days 00:00:06.478077,Adadelta,0.04667974410126597,12.096072085336496,,,,,,27,5.624805940180709,,,,PRUNED
81,81,41.666666666666664,2025-05-26 01:05:07.684193,2025-05-26 01:05:16.808579,0 days 00:00:09.124386,AdamW,0.29362719963698436,,,0.00236907828161004,,,,31,,,0.00023600530676585275,,PRUNED
82,82,39.583333333333336,2025-05-26 01:05:16.841958,2025-05-26 01:05:26.424740,0 days 00:00:09.582782,AdamW,0.128067463346669,,,0.001767075030027879,,,,31,,,0.00016388165308082209,,PRUNED
83,83,41.666666666666664,2025-05-26 01:05:26.454925,2025-05-26 01:05:36.022484,0 days 00:00:09.567559,AdamW,0.17040923296061497,,,0.018323951687504468,,,,29,,,0.0003458725076994632,,PRUNED
84,84,35.416666666666664,2025-05-26 01:05:36.055776,2025-05-26 01:05:42.313733,0 days 00:00:06.257957,AdamW,0.3884370219527591,,,0.0013958995996111985,,,,30,,,0.0006852495145340374,,PRUNED
85,85,35.416666666666664,2025-05-26 01:05:42.347191,2025-05-26 01:05:48.895788,0 days 00:00:06.548597,AdamW,0.36902628124391135,,,0.00023775538247997977,,,,31,,,0.00019745804269775846,,PRUNED
86,86,33.333333333333336,2025-05-26 01:05:48.929044,2025-05-26 01:05:54.508851,0 days 00:00:05.579807,SGD,0.2243935639368535,,,,0.05559241577020569,67.59032255777169,False,28,,,,0.3735817338624294,PRUNED
87,87,41.666666666666664,2025-05-26 01:05:54.603272,2025-05-26 01:06:03.976775,0 days 00:00:09.373503,AdamW,0.4418513507125934,,,0.011211480045231412,,,,30,,,0.00012424988099271576,,PRUNED
88,88,25.0,2025-05-26 01:06:04.008873,2025-05-26 01:06:08.102792,0 days 00:00:04.093919,AdamW,0.08908363419357647,,,0.0008170222350367907,,,,29,,,0.00026429260808173125,,PRUNED
89,89,33.333333333333336,2025-05-26 01:06:08.132921,2025-05-26 01:06:14.307139,0 days 00:00:06.174218,AdamW,0.18925377847342947,,,0.0005399591369524943,,,,25,,,0.002584637691731158,,PRUNED
90,90,33.333333333333336,2025-05-26 01:06:14.339258,2025-05-26 01:06:20.555698,0 days 00:00:06.216440,Adam,0.010823880861459042,,0.005389932161730133,,,,,31,,8.397028086341924,,,PRUNED
91,91,33.333333333333336,2025-05-26 01:06:20.588334,2025-05-26 01:06:26.802591,0 days 00:00:06.214257,AdamW,0.06874557313303394,,,0.027697754778694548,,,,19,,,0.006341788717342238,,PRUNED
92,92,33.333333333333336,2025-05-26 01:06:26.835429,2025-05-26 01:06:33.060607,0 days 00:00:06.225178,AdamW,0.14013366692692902,,,0.04555752940645067,,,,29,,,0.006612129222215295,,PRUNED
93,93,33.333333333333336,2025-05-26 01:06:33.092546,2025-05-26 01:06:39.344084,0 days 00:00:06.251538,AdamW,0.04516896444317499,,,0.07711621243669099,,,,22,,,0.007890066742758184,,PRUNED
94,94,39.583333333333336,2025-05-26 01:06:39.375936,2025-05-26 01:06:48.544624,0 days 00:00:09.168688,AdamW,0.08322699865649565,,,0.002913966943043272,,,,27,,,0.005955612124357635,,COMPLETE
95,95,31.25,2025-05-26 01:06:48.592391,2025-05-26 01:06:52.716943,0 days 00:00:04.124552,AdamW,0.1116936330333719,,,0.09955434607514596,,,,30,,,0.00041618224708639976,,PRUNED
96,96,33.333333333333336,2025-05-26 01:06:52.750524,2025-05-26 01:06:58.951942,0 days 00:00:06.201418,AdamW,0.4602465648719203,,,0.0010193629706499471,,,,28,,,0.004771559036191913,,PRUNED
97,97,43.75,2025-05-26 01:06:58.984687,2025-05-26 01:07:08.385823,0 days 00:00:09.401136,AdamW,0.12351050602744433,,,0.005053794217671727,,,,31,,,0.0003137561578330679,,COMPLETE
98,98,47.916666666666664,2025-05-26 01:07:08.433320,2025-05-26 01:07:17.635210,0 days 00:00:09.201890,AdamW,0.0011265386931029386,,,0.02839159179157446,,,,16,,,0.00010875735178986944,,COMPLETE
99,99,39.583333333333336,2025-05-26 01:07:17.683794,2025-05-26 01:07:27.014156,0 days 00:00:09.330362,AdamW,0.01272542941940518,,,0.024157923287956264,,,,9,,,0.00011363739047835662,,PRUNED
100,100,,2025-05-26 01:07:27.049814,2025-05-26 01:07:31.345673,0 days 00:00:04.295859,SGD,0.03497011953787263,,,,0.0021280674608232593,23.05609891291297,False,4,,,,0.010968820383936151,PRUNED
101,101,33.333333333333336,2025-05-26 01:07:31.380743,2025-05-26 01:07:37.417857,0 days 00:00:06.037114,AdamW,0.02131097601349713,,,0.034609576875229545,,,,20,,,0.00014622248735107253,,PRUNED
102,102,43.75,2025-05-26 01:07:37.450929,2025-05-26 01:07:46.684187,0 days 00:00:09.233258,AdamW,0.4049499499358994,,,0.0021330053822152173,,,,12,,,0.00021166246763766787,,COMPLETE
103,103,45.833333333333336,2025-05-26 01:07:46.729058,2025-05-26 01:07:56.139035,0 days 00:00:09.409977,AdamW,0.0030503786145191546,,,0.015427990642076304,,,,30,,,0.00011211281150861198,,COMPLETE
104,104,50.0,2025-05-26 01:07:56.185580,2025-05-26 01:08:05.468474,0 days 00:00:09.282894,AdamW,0.0529847181018131,,,0.006744352340879071,,,,17,,,0.00016736994517987602,,COMPLETE
105,105,45.833333333333336,2025-05-26 01:08:05.517411,2025-05-26 01:08:14.826567,0 days 00:00:09.309156,AdamW,0.05589774328114977,,,0.029176350149168844,,,,16,,,0.00017398711508986885,,COMPLETE
106,106,33.333333333333336,2025-05-26 01:08:14.875671,2025-05-26 01:08:21.011420,0 days 00:00:06.135749,Adadelta,0.24330482196353664,0.3332214729792698,,,,,,15,0.13491204053805983,,,,PRUNED
107,107,33.333333333333336,2025-05-26 01:08:21.044618,2025-05-26 01:08:27.226604,0 days 00:00:06.181986,AdamW,0.036837189486065715,,,0.0063860003887119205,,,,17,,,0.00014457250606720047,,PRUNED
108,108,35.416666666666664,2025-05-26 01:08:27.259606,2025-05-26 01:08:33.426128,0 days 00:00:06.166522,AdamW,0.15824503243140087,,,0.001631888596212461,,,,16,,,0.0001135059768400325,,PRUNED
109,109,37.5,2025-05-26 01:08:33.458843,2025-05-26 01:08:39.637348,0 days 00:00:06.178505,AdamW,0.1800639381448968,,,0.002843648457806366,,,,29,,,0.00015439129973775077,,PRUNED
110,110,43.75,2025-05-26 01:08:39.670899,2025-05-26 01:08:49.041518,0 days 00:00:09.370619,AdamW,0.2067387320205911,,,0.0115566081909818,,,,13,,,0.0002645099750088882,,COMPLETE
111,111,33.333333333333336,2025-05-26 01:08:49.088905,2025-05-26 01:08:55.200687,0 days 00:00:06.111782,AdamW,0.06939500178235103,,,0.021969043862464826,,,,18,,,0.00012738339840410193,,PRUNED
112,112,35.416666666666664,2025-05-26 01:08:55.234370,2025-05-26 01:09:01.429251,0 days 00:00:06.194881,AdamW,0.0985384939814779,,,0.053435958194806156,,,,21,,,0.00010156867332680233,,PRUNED
113,113,37.5,2025-05-26 01:09:01.461871,2025-05-26 01:09:10.849557,0 days 00:00:09.387686,AdamW,9.537225593600008e-05,,,0.0037194769423647177,,,,31,,,0.00023407995868163746,,PRUNED
114,114,35.416666666666664,2025-05-26 01:09:10.882927,2025-05-26 01:09:16.999984,0 days 00:00:06.117057,AdamW,0.07342324211696855,,,0.04329124562598827,,,,30,,,0.00039893100772248475,,PRUNED
115,115,39.583333333333336,2025-05-26 01:09:17.033439,2025-05-26 01:09:26.316544,0 days 00:00:09.283105,AdamW,0.04342121415421219,,,0.0012611480066671366,,,,18,,,0.0004960141816771059,,PRUNED
116,116,33.333333333333336,2025-05-26 01:09:26.351372,2025-05-26 01:09:32.563569,0 days 00:00:06.212197,Adam,0.270832015772104,,1.2601668865667343e-05,,,,,31,,0.16132609901209718,,,PRUNED
117,117,27.083333333333332,2025-05-26 01:09:32.596035,2025-05-26 01:09:36.679048,0 days 00:00:04.083013,AdamW,0.060639169841912643,,,1.313614500200884e-05,,,,28,,,0.00018445164373438662,,PRUNED
118,118,33.333333333333336,2025-05-26 01:09:36.714152,2025-05-26 01:09:42.806076,0 days 00:00:06.091924,AdamW,0.016161052516437388,,,0.016567780527803406,,,,30,,,0.007523848061330787,,PRUNED
119,119,37.5,2025-05-26 01:09:42.840092,2025-05-26 01:09:52.224067,0 days 00:00:09.383975,AdamW,0.026650895837415103,,,0.009119552625520602,,,,14,,,0.00021318794340425708,,PRUNED
120,120,41.666666666666664,2025-05-26 01:09:52.253168,2025-05-26 01:10:01.781706,0 days 00:00:09.528538,AdamW,0.10512824424412519,,,0.09964885678137535,,,,29,,,0.0011427114720294407,,PRUNED
121,121,33.333333333333336,2025-05-26 01:10:01.814471,2025-05-26 01:10:08.068106,0 days 00:00:06.253635,AdamW,0.22075376588708795,,,0.014025701347543214,,,,27,,,0.00029399607144768846,,PRUNED
122,122,33.333333333333336,2025-05-26 01:10:08.101172,2025-05-26 01:10:14.332264,0 days 00:00:06.231092,AdamW,0.23430271749534384,,,0.019656269090292725,,,,29,,,0.0002875353045341991,,PRUNED
123,123,33.333333333333336,2025-05-26 01:10:14.365428,2025-05-26 01:10:20.814321,0 days 00:00:06.448893,AdamW,0.2089069786693018,,,0.0072037598550487095,,,,31,,,0.0003488221467977805,,PRUNED
124,124,37.5,2025-05-26 01:10:20.845344,2025-05-26 01:10:26.784783,0 days 00:00:05.939439,AdamW,0.2503292535250151,,,0.012849597399875484,,,,30,,,0.0052078748123125,,PRUNED
125,125,33.333333333333336,2025-05-26 01:10:26.820708,2025-05-26 01:10:33.537556,0 days 00:00:06.716848,AdamW,0.08540177952006447,,,0.027457273691194706,,,,24,,,0.0003201316726871432,,PRUNED
126,126,33.333333333333336,2025-05-26 01:10:33.574627,2025-05-26 01:10:39.661196,0 days 00:00:06.086569,AdamW,0.21275873777249718,,,0.00010879413189354681,,,,27,,,0.000259878277621773,,PRUNED
127,127,33.333333333333336,2025-05-26 01:10:39.695257,2025-05-26 01:10:46.397172,0 days 00:00:06.701915,Adadelta,0.19604837242749448,0.047617818108214104,,,,,,28,97.95904824407508,,,,PRUNED
128,128,33.333333333333336,2025-05-26 01:10:46.430613,2025-05-26 01:10:51.957216,0 days 00:00:05.526603,SGD,0.17604062020406333,,,,7.5233405534812e-05,75.68424324787505,True,31,,,,9.235321370101241,PRUNED
129,129,37.5,2025-05-26 01:10:51.991060,2025-05-26 01:10:58.525922,0 days 00:00:06.534862,AdamW,0.14632175656415106,,,0.004953721038988493,,,,30,,,0.00016101832772021777,,PRUNED
130,130,33.333333333333336,2025-05-26 01:10:58.559450,2025-05-26 01:11:08.282487,0 days 00:00:09.723037,AdamW,0.26255146189140083,,,0.0018775078166148665,,,,29,,,0.0031557960297380855,,PRUNED
131,131,39.583333333333336,2025-05-26 01:11:08.317173,2025-05-26 01:11:18.147322,0 days 00:00:09.830149,AdamW,0.011025130705743326,,,0.034770244033737706,,,,30,,,0.00012294229333433877,,COMPLETE
132,132,35.416666666666664,2025-05-26 01:11:18.195811,2025-05-26 01:11:27.994751,0 days 00:00:09.798940,AdamW,0.0052516455399021136,,,0.015042460625024312,,,,30,,,0.00013717694302417503,,PRUNED
133,133,31.25,2025-05-26 01:11:28.027372,2025-05-26 01:11:32.137796,0 days 00:00:04.110424,AdamW,0.016998421391965113,,,0.020083955364433886,,,,31,,,0.00010968503947756365,,PRUNED
134,134,39.583333333333336,2025-05-26 01:11:32.174944,2025-05-26 01:11:41.949196,0 days 00:00:09.774252,AdamW,0.05381471805612057,,,0.010026594801559001,,,,30,,,0.009675544205218942,,PRUNED
135,135,35.416666666666664,2025-05-26 01:11:41.986230,2025-05-26 01:11:48.314586,0 days 00:00:06.328356,AdamW,3.6706336554725993e-05,,,0.0023592565985746535,,,,28,,,0.00011158393947179945,,PRUNED
136,136,33.333333333333336,2025-05-26 01:11:48.348641,2025-05-26 01:11:58.181035,0 days 00:00:09.832394,AdamW,0.22778136585259987,,,0.01803409273079409,,,,29,,,0.0002477587227833856,,PRUNED
137,137,45.833333333333336,2025-05-26 01:11:58.213483,2025-05-26 01:12:08.032464,0 days 00:00:09.818981,AdamW,0.3297272482028664,,,0.0007969025509157184,,,,26,,,0.00020823322123583602,,COMPLETE
138,138,33.333333333333336,2025-05-26 01:12:08.079919,2025-05-26 01:12:14.486054,0 days 00:00:06.406135,Adam,0.028774117837065634,,0.012161590350945196,,,,,31,,0.012082047761872347,,,PRUNED
139,139,29.166666666666668,2025-05-26 01:12:14.519316,2025-05-26 01:12:21.264609,0 days 00:00:06.745293,AdamW,0.16425232442660215,,,0.000309634998034819,,,,30,,,0.001994455090661914,,PRUNED
140,140,39.583333333333336,2025-05-26 01:12:21.298217,2025-05-26 01:12:31.029141,0 days 00:00:09.730924,AdamW,0.13257268999564367,,,0.03180459135093273,,,,22,,,0.0008934244479929514,,PRUNED
141,141,41.666666666666664,2025-05-26 01:12:31.061606,2025-05-26 01:12:40.993376,0 days 00:00:09.931770,AdamW,0.054909001237334235,,,0.025017993066103285,,,,16,,,0.00019577041852947288,,COMPLETE
142,142,35.416666666666664,2025-05-26 01:12:41.044248,2025-05-26 01:12:49.396206,0 days 00:00:08.351958,AdamW,0.09665296599736153,,,0.03126078256018262,,,,13,,,0.0001723848079335343,,PRUNED
143,143,39.583333333333336,2025-05-26 01:12:49.432540,2025-05-26 01:13:01.546794,0 days 00:00:12.114254,AdamW,0.03923371954328023,,,0.001447784309780002,,,,17,,,0.00017556708733472296,,PRUNED
144,144,35.416666666666664,2025-05-26 01:13:01.584210,2025-05-26 01:13:09.814357,0 days 00:00:08.230147,AdamW,0.062293901050473374,,,0.044862511666417575,,,,16,,,0.0001336561804331976,,PRUNED
145,145,45.833333333333336,2025-05-26 01:13:09.850793,2025-05-26 01:13:21.803273,0 days 00:00:11.952480,AdamW,0.18762447773968882,,,0.0032211882805752855,,,,15,,,0.0006782673827168445,,COMPLETE
146,146,35.416666666666664,2025-05-26 01:13:21.855965,2025-05-26 01:13:34.284958,0 days 00:00:12.428993,AdamW,0.0795798660629281,,,0.014254734605704634,,,,19,,,0.00010261912110293037,,PRUNED
147,147,37.5,2025-05-26 01:13:34.322605,2025-05-26 01:13:42.740024,0 days 00:00:08.417419,AdamW,0.025434306426496453,,,0.06036803519766601,,,,29,,,0.00012301799614885525,,PRUNED
148,148,33.333333333333336,2025-05-26 01:13:42.773928,2025-05-26 01:13:53.949393,0 days 00:00:11.175465,AdamW,0.11700745165466184,,,0.028265922643725065,,,,17,,,0.00024074546528166595,,PRUNED
149,149,35.416666666666664,2025-05-26 01:13:53.985353,2025-05-26 01:14:02.495126,0 days 00:00:08.509773,AdamW,0.052539015743716555,,,0.0010850120358254097,,,,31,,,0.0001484634597439798,,PRUNED
150,150,37.5,2025-05-26 01:14:02.530780,2025-05-26 01:14:11.217013,0 days 00:00:08.686233,SGD,0.20077180469408762,,,,0.00917201047280867,22.40307852661373,True,23,,,,65.72011909033759,PRUNED
151,151,33.333333333333336,2025-05-26 01:14:11.256385,2025-05-26 01:14:20.039156,0 days 00:00:08.782771,AdamW,0.21670760973589712,,,0.0006621544993805518,,,,25,,,0.00020747877845514644,,PRUNED
152,152,37.5,2025-05-26 01:14:20.075029,2025-05-26 01:14:28.669018,0 days 00:00:08.593989,AdamW,0.3243001611989333,,,0.0004825359344084015,,,,28,,,0.0002774663652030956,,PRUNED
153,153,35.416666666666664,2025-05-26 01:14:28.704439,2025-05-26 01:14:37.644013,0 days 00:00:08.939574,AdamW,0.42304891497179875,,,0.000819521044229778,,,,15,,,0.0002174738173769177,,PRUNED
154,154,41.666666666666664,2025-05-26 01:14:37.680057,2025-05-26 01:14:50.283784,0 days 00:00:12.603727,AdamW,0.29243461316868097,,,0.022155367023568507,,,,26,,,0.00018165759764539178,,COMPLETE
155,155,33.333333333333336,2025-05-26 01:14:50.336725,2025-05-26 01:14:59.009627,0 days 00:00:08.672902,AdamW,0.3602687756133661,,,0.0077812585021502165,,,,29,,,0.00032753594497360745,,PRUNED
156,156,33.333333333333336,2025-05-26 01:14:59.048219,2025-05-26 01:15:07.739971,0 days 00:00:08.691752,Adadelta,0.23688682858465152,0.9854838258683865,,,,,,27,5.059671637734942,,,,PRUNED
157,157,47.916666666666664,2025-05-26 01:15:07.775744,2025-05-26 01:15:20.365503,0 days 00:00:12.589759,AdamW,0.3101078231763872,,,0.0017233342431852226,,,,30,,,0.0003863111943259487,,COMPLETE
158,158,37.5,2025-05-26 01:15:20.417412,2025-05-26 01:15:32.944665,0 days 00:00:12.527253,AdamW,0.282233287991686,,,0.0016410341437400387,,,,30,,,0.0003908900172399172,,PRUNED
159,159,31.25,2025-05-26 01:15:32.986830,2025-05-26 01:15:41.686087,0 days 00:00:08.699257,AdamW,0.2603783975548431,,,0.002515393535241744,,,,31,,,0.0005376342335481195,,PRUNED
160,160,35.416666666666664,2025-05-26 01:15:41.722222,2025-05-26 01:15:54.402195,0 days 00:00:12.679973,AdamW,0.24844316247961834,,,0.01213029101378462,,,,30,,,0.00042981340836343814,,PRUNED
161,161,37.5,2025-05-26 01:15:54.438606,2025-05-26 01:16:07.003091,0 days 00:00:12.564485,AdamW,0.30016251841623665,,,0.0009384967474697486,,,,31,,,0.0002932330168837976,,COMPLETE
162,162,33.333333333333336,2025-05-26 01:16:07.055041,2025-05-26 01:16:15.699366,0 days 00:00:08.644325,AdamW,0.3714095768502066,,,0.0018844620713837838,,,,30,,,0.00047751065659270566,,PRUNED
163,163,33.333333333333336,2025-05-26 01:16:15.735256,2025-05-26 01:16:24.521312,0 days 00:00:08.786056,AdamW,0.3276503678342355,,,0.01721622707562822,,,,31,,,0.0003641288673010065,,PRUNED
164,164,37.5,2025-05-26 01:16:24.557390,2025-05-26 01:16:33.210217,0 days 00:00:08.652827,AdamW,0.34410935955458954,,,0.0012848546696822964,,,,29,,,0.008419444620873153,,PRUNED
165,165,33.333333333333336,2025-05-26 01:16:33.245819,2025-05-26 01:16:41.968497,0 days 00:00:08.722678,AdamW,0.30887659654025607,,,0.0002890560123595015,,,,26,,,0.00022570492506089124,,PRUNED
166,166,33.333333333333336,2025-05-26 01:16:42.001557,2025-05-26 01:16:50.748604,0 days 00:00:08.747047,AdamW,0.4640097504869922,,,0.07829646755000079,,,,29,,,0.00011359396210340599,,PRUNED
167,167,47.916666666666664,2025-05-26 01:16:50.783821,2025-05-26 01:17:03.358099,0 days 00:00:12.574278,AdamW,0.07296953596935853,,,0.0020585672149043754,,,,30,,,0.00016246102678343149,,COMPLETE
168,168,37.5,2025-05-26 01:17:03.409170,2025-05-26 01:17:15.989267,0 days 00:00:12.580097,AdamW,0.10499447374723192,,,0.0021705812725294595,,,,30,,,0.00016257105030580187,,COMPLETE
169,169,33.333333333333336,2025-05-26 01:17:16.040673,2025-05-26 01:17:24.796538,0 days 00:00:08.755865,Adam,0.07580830042158605,,0.0002708333496818022,,,,,18,,9.606785122608361,,,PRUNED
170,170,31.25,2025-05-26 01:17:24.832283,2025-05-26 01:17:33.714411,0 days 00:00:08.882128,AdamW,0.08604348560086494,,,0.006119338831041177,,,,7,,,0.00010072252329573188,,PRUNED
171,171,45.833333333333336,2025-05-26 01:17:33.756782,2025-05-26 01:17:46.352602,0 days 00:00:12.595820,AdamW,0.07050258798843183,,,0.004246328716404229,,,,31,,,0.00013559030229481225,,COMPLETE
172,172,33.333333333333336,2025-05-26 01:17:46.403523,2025-05-26 01:17:55.047231,0 days 00:00:08.643708,AdamW,0.49859720954766945,,,0.0014938594976430892,,,,29,,,0.00019415615986566762,,PRUNED
173,173,35.416666666666664,2025-05-26 01:17:55.082565,2025-05-26 01:18:03.773717,0 days 00:00:08.691152,AdamW,0.04585782799298786,,,0.00018183237727849476,,,,30,,,0.00025945754426946423,,PRUNED
174,174,31.25,2025-05-26 01:18:03.809183,2025-05-26 01:18:12.505439,0 days 00:00:08.696256,AdamW,0.018595307173972675,,,0.002716566676259594,,,,28,,,0.00015724245293951072,,PRUNED
175,175,31.25,2025-05-26 01:18:12.544036,2025-05-26 01:18:21.304886,0 days 00:00:08.760850,AdamW,0.2690422632440462,,,0.037502169500643445,,,,10,,,0.00020842491184371902,,PRUNED
176,176,33.333333333333336,2025-05-26 01:18:21.340395,2025-05-26 01:18:30.052525,0 days 00:00:08.712130,AdamW,0.09225952963124746,,,0.0017932682011682188,,,,16,,,0.005609947992785031,,PRUNED
177,177,33.333333333333336,2025-05-26 01:18:30.088799,2025-05-26 01:18:38.780392,0 days 00:00:08.691593,AdamW,0.03617267065672879,,,0.0011840540763371264,,,,30,,,0.0007664637065296318,,PRUNED
178,178,33.333333333333336,2025-05-26 01:18:38.816886,2025-05-26 01:18:47.540792,0 days 00:00:08.723906,AdamW,0.009795368558853608,,,0.0235491329632375,,,,31,,,0.00012292069733493038,,PRUNED
179,179,37.5,2025-05-26 01:18:47.630251,2025-05-26 01:19:00.276362,0 days 00:00:12.646111,AdamW,0.0621238993122253,,,0.0034508327533119792,,,,25,,,0.007015575779855781,,COMPLETE
180,180,33.333333333333336,2025-05-26 01:19:00.328289,2025-05-26 01:19:09.024764,0 days 00:00:08.696475,AdamW,0.2075758288073971,,,0.002166449828957419,,,,28,,,0.001333931271558812,,PRUNED
181,181,37.5,2025-05-26 01:19:09.060392,2025-05-26 01:19:21.707388,0 days 00:00:12.646996,AdamW,0.19320701008488111,,,0.0035549239450217564,,,,15,,,0.0007772018935189895,,PRUNED
182,182,35.416666666666664,2025-05-26 01:19:21.743565,2025-05-26 01:19:34.306965,0 days 00:00:12.563400,AdamW,0.18858312177217443,,,0.004843751500455596,,,,14,,,0.0006559293466901233,,PRUNED
183,183,37.5,2025-05-26 01:19:34.342976,2025-05-26 01:19:43.039149,0 days 00:00:08.696173,AdamW,0.17276803294844004,,,0.0027910778781134447,,,,16,,,0.00024157045242485773,,PRUNED
184,184,33.333333333333336,2025-05-26 01:19:43.075387,2025-05-26 01:19:51.894188,0 days 00:00:08.818801,AdamW,0.2233331743896351,,,0.001516943757510319,,,,14,,,0.0006371313133720347,,PRUNED
185,185,35.416666666666664,2025-05-26 01:19:51.930856,2025-05-26 01:20:00.621455,0 days 00:00:08.690599,AdamW,0.15353009439775597,,,0.0029460153127709335,,,,17,,,0.00017860442246475362,,PRUNED
186,186,33.333333333333336,2025-05-26 01:20:00.657857,2025-05-26 01:20:09.378934,0 days 00:00:08.721077,AdamW,0.18153916697152778,,,0.028579520591399198,,,,13,,,0.0003306055199632656,,PRUNED
187,187,33.333333333333336,2025-05-26 01:20:09.415022,2025-05-26 01:20:18.093390,0 days 00:00:08.678368,Adadelta,0.2000375505953368,24.880574673145126,,,,,,30,0.07402285248390507,,,,PRUNED
188,188,33.333333333333336,2025-05-26 01:20:18.129711,2025-05-26 01:20:26.198112,0 days 00:00:08.068401,SGD,0.0004763067591991391,,,,0.0006225079033989977,54.83885456721347,False,31,,,,0.6524149771453136,PRUNED
189,189,33.333333333333336,2025-05-26 01:20:26.241157,2025-05-26 01:20:34.943953,0 days 00:00:08.702796,AdamW,0.3419545172172808,,,0.0018509330145911294,,,,29,,,0.00014250701432979042,,PRUNED
190,190,35.416666666666664,2025-05-26 01:20:34.980518,2025-05-26 01:20:43.714358,0 days 00:00:08.733840,AdamW,0.39826677248107134,,,0.047836867413280776,,,,24,,,0.0009693114892968578,,PRUNED
191,191,35.416666666666664,2025-05-26 01:20:43.750721,2025-05-26 01:20:52.463319,0 days 00:00:08.712598,AdamW,0.07449543383129838,,,0.00409955552341376,,,,31,,,0.00011755497364977487,,PRUNED
192,192,37.5,2025-05-26 01:20:52.500245,2025-05-26 01:21:05.118067,0 days 00:00:12.617822,AdamW,0.06642788575501715,,,0.0054502206705122685,,,,30,,,0.00012804839266006157,,COMPLETE
193,193,43.75,2025-05-26 01:21:05.170490,2025-05-26 01:21:17.745624,0 days 00:00:12.575134,AdamW,0.05656077377112038,,,0.0022739254208168362,,,,15,,,0.00013631352076165872,,COMPLETE
194,194,33.333333333333336,2025-05-26 01:21:17.798951,2025-05-26 01:21:30.391899,0 days 00:00:12.592948,AdamW,0.08109753749364335,,,0.0033949511253136906,,,,31,,,0.0005615862440328781,,COMPLETE
195,195,35.416666666666664,2025-05-26 01:21:30.445313,2025-05-26 01:21:39.146360,0 days 00:00:08.701047,AdamW,0.3811309631585914,,,0.019621697763191004,,,,31,,,0.00010974576192509134,,PRUNED
196,196,37.5,2025-05-26 01:21:39.183081,2025-05-26 01:21:47.922421,0 days 00:00:08.739340,AdamW,0.2320428634218982,,,0.00441203139951381,,,,30,,,0.00016113351590617977,,PRUNED
197,197,33.333333333333336,2025-05-26 01:21:47.958709,2025-05-26 01:21:56.717070,0 days 00:00:08.758361,AdamW,0.09328813243024449,,,0.006843548491982838,,,,30,,,0.0001923625747938154,,PRUNED
198,198,35.416666666666664,2025-05-26 01:21:56.753663,2025-05-26 01:22:05.508737,0 days 00:00:08.755074,AdamW,0.21301306161092112,,,0.009035952314812556,,,,31,,,0.00014484940171112355,,PRUNED
199,199,33.333333333333336,2025-05-26 01:22:05.545278,2025-05-26 01:22:14.145923,0 days 00:00:08.600645,AdamW,0.046239313120542525,,,0.0012895420582438688,,,,29,,,0.00027837771426027073,,PRUNED
200,200,37.5,2025-05-26 01:22:14.182348,2025-05-26 01:22:22.962689,0 days 00:00:08.780341,AdamW,0.023914568748508527,,,0.0238051556541877,,,,30,,,0.00022791848178305813,,PRUNED
201,201,37.5,2025-05-26 01:22:22.999961,2025-05-26 01:22:35.547868,0 days 00:00:12.547907,AdamW,0.4229234147039818,,,0.002361978289767595,,,,15,,,0.00021511591697686373,,COMPLETE
202,202,37.5,2025-05-26 01:22:35.600920,2025-05-26 01:22:48.192768,0 days 00:00:12.591848,AdamW,0.314558320578042,,,0.0017105755472884426,,,,16,,,0.00030228908827946487,,COMPLETE
203,203,35.416666666666664,2025-05-26 01:22:48.246440,2025-05-26 01:22:57.004936,0 days 00:00:08.758496,AdamW,0.06886007883389204,,,0.003996921529716631,,,,31,,,0.00017368381832744866,,PRUNED
204,204,39.583333333333336,2025-05-26 01:22:57.041477,2025-05-26 01:23:09.668140,0 days 00:00:12.626663,AdamW,0.45231506449567316,,,0.016082430539702874,,,,12,,,0.0001042420506055922,,PRUNED
205,205,54.166666666666664,2025-05-26 01:23:09.705474,2025-05-26 01:23:24.767336,0 days 00:00:15.061862,Adam,0.16303217052522984,,8.055761681779336e-05,,,,,0,,0.2698177503941058,,,COMPLETE
206,206,52.083333333333336,2025-05-26 01:23:24.820421,2025-05-26 01:23:39.160991,0 days 00:00:14.340570,Adam,0.18962678101821862,,5.0188350744087814e-05,,,,,5,,0.19721353495997962,,,COMPLETE
207,207,33.333333333333336,2025-05-26 01:23:39.213997,2025-05-26 01:23:46.942287,0 days 00:00:07.728290,SGD,0.16311679778433422,,,,6.765866040187276e-05,83.51958650790891,True,21,,,,0.080911953809789,PRUNED
208,208,31.25,2025-05-26 01:23:46.983091,2025-05-26 01:23:53.542628,0 days 00:00:06.559537,Adadelta,0.19075876471457834,0.07898568698169721,,,,,,1,2.135284504294009,,,,PRUNED
209,209,33.333333333333336,2025-05-26 01:23:53.584553,2025-05-26 01:24:03.326135,0 days 00:00:09.741582,AdamW,0.17900334242420352,,,0.03292640229417224,,,,3,,,0.0010888312022773702,,PRUNED
210,210,43.75,2025-05-26 01:24:03.368813,2025-05-26 01:24:16.412909,0 days 00:00:13.044096,Adam,0.1663901026719214,,5.8491546323735755e-05,,,,,7,,0.2691324036525129,,,COMPLETE
211,211,33.333333333333336,2025-05-26 01:24:16.466397,2025-05-26 01:24:25.189498,0 days 00:00:08.723101,Adam,0.18367930512810568,,5.816545306426863e-05,,,,,10,,0.06251555932592996,,,PRUNED
212,212,29.166666666666668,2025-05-26 01:24:25.226696,2025-05-26 01:24:31.337290,0 days 00:00:06.110594,Adam,0.12419265744537353,,0.00014939694287245718,,,,,31,,0.5265137404280654,,,PRUNED
213,213,35.416666666666664,2025-05-26 01:24:31.376864,2025-05-26 01:24:40.057753,0 days 00:00:08.680889,Adam,0.1994469800296142,,0.001102916823876487,,,,,30,,0.05934843329251584,,,PRUNED
214,214,27.083333333333332,2025-05-26 01:24:40.094591,2025-05-26 01:24:46.431544,0 days 00:00:06.336953,Adam,0.1368999627772473,,2.9376289348704333e-05,,,,,6,,2.726633565965188,,,PRUNED
215,215,37.5,2025-05-26 01:24:46.473001,2025-05-26 01:25:00.833723,0 days 00:00:14.360722,Adam,0.1861451587353349,,0.0003865178872551316,,,,,5,,0.5640350513233544,,,COMPLETE
216,216,60.416666666666664,2025-05-26 01:25:00.886776,2025-05-26 01:25:15.664854,0 days 00:00:14.778078,Adam,0.17061107146055163,,0.00010856049961304548,,,,,2,,0.09845851728535686,,,COMPLETE
217,217,50.0,2025-05-26 01:25:15.717459,2025-05-26 01:25:30.591508,0 days 00:00:14.874049,Adam,0.175362139893232,,0.00010860717234355592,,,,,0,,0.10885756697532413,,,COMPLETE
218,218,50.0,2025-05-26 01:25:30.644380,2025-05-26 01:25:45.488025,0 days 00:00:14.843645,Adam,0.16748896252118659,,8.256735780620419e-05,,,,,0,,0.10135945713507771,,,COMPLETE
219,219,31.25,2025-05-26 01:25:45.541029,2025-05-26 01:25:52.092453,0 days 00:00:06.551424,Adam,0.1560234379229924,,0.00010522719159580171,,,,,0,,0.09918651304882718,,,PRUNED
220,220,50.0,2025-05-26 01:25:52.129055,2025-05-26 01:26:07.009328,0 days 00:00:14.880273,Adam,0.17453635003048895,,2.7576410027612955e-05,,,,,0,,0.029324802556160864,,,COMPLETE
221,221,29.166666666666668,2025-05-26 01:26:07.062538,2025-05-26 01:26:13.591629,0 days 00:00:06.529091,Adam,0.169841460119053,,2.6077514465266803e-05,,,,,0,,0.029802546174708917,,,PRUNED
222,222,37.5,2025-05-26 01:26:13.628351,2025-05-26 01:26:28.524507,0 days 00:00:14.896156,Adam,0.1739453432865823,,7.480153532955692e-05,,,,,1,,0.14313025345138072,,,COMPLETE
223,223,39.583333333333336,2025-05-26 01:26:28.583814,2025-05-26 01:26:38.398560,0 days 00:00:09.814746,Adam,0.16673632862179238,,3.1417769272759e-05,,,,,1,,0.03314221314803581,,,PRUNED
224,224,43.75,2025-05-26 01:26:38.441520,2025-05-26 01:26:53.298816,0 days 00:00:14.857296,Adam,0.14557823885020132,,0.00013282071222657106,,,,,2,,0.33062180609978054,,,COMPLETE
225,225,43.75,2025-05-26 01:26:53.351522,2025-05-26 01:27:08.223039,0 days 00:00:14.871517,Adam,0.1755436967010746,,2.7683184397186867e-05,,,,,0,,0.0959268894099287,,,COMPLETE
226,226,54.166666666666664,2025-05-26 01:27:08.275814,2025-05-26 01:27:23.122381,0 days 00:00:14.846567,Adam,0.15590795243036712,,8.749859900457167e-05,,,,,2,,0.028329233926644187,,,COMPLETE
227,227,50.0,2025-05-26 01:27:23.175895,2025-05-26 01:27:38.041962,0 days 00:00:14.866067,Adam,0.15322020645205187,,8.863226043388273e-05,,,,,1,,0.02775128998120052,,,COMPLETE
228,228,58.333333333333336,2025-05-26 01:27:38.093530,2025-05-26 01:27:52.934866,0 days 00:00:14.841336,Adam,0.16311843436510878,,8.688826496892634e-05,,,,,1,,0.022875736102408444,,,COMPLETE
229,229,58.333333333333336,2025-05-26 01:27:52.987577,2025-05-26 01:28:07.799514,0 days 00:00:14.811937,Adam,0.15226943547326424,,8.723997992103793e-05,,,,,2,,0.02513246277313279,,,COMPLETE
230,230,52.083333333333336,2025-05-26 01:28:07.851900,2025-05-26 01:28:22.684171,0 days 00:00:14.832271,Adam,0.15238234948086127,,9.319541028960263e-05,,,,,2,,0.023915450551197655,,,COMPLETE
231,231,68.75,2025-05-26 01:28:22.736902,2025-05-26 01:28:37.438005,0 days 00:00:14.701103,Adam,0.153835847880477,,9.290646425502571e-05,,,,,2,,0.02415692685079237,,,COMPLETE
232,232,45.833333333333336,2025-05-26 01:28:37.490468,2025-05-26 01:28:52.278865,0 days 00:00:14.788397,Adam,0.1515858257578374,,8.590291805730729e-05,,,,,2,,0.024098531105514846,,,COMPLETE
233,233,43.75,2025-05-26 01:28:52.331554,2025-05-26 01:29:07.126101,0 days 00:00:14.794547,Adam,0.1574613530457765,,0.00010323710984207821,,,,,1,,0.023793176841091123,,,COMPLETE
234,234,37.5,2025-05-26 01:29:07.178979,2025-05-26 01:29:16.926389,0 days 00:00:09.747410,Adam,0.14858700698135063,,4.8843894395715773e-05,,,,,3,,0.039444464438790156,,,PRUNED
235,235,50.0,2025-05-26 01:29:16.962037,2025-05-26 01:29:31.820275,0 days 00:00:14.858238,Adam,0.16423345223867108,,6.215883196768344e-05,,,,,1,,0.01801295471873477,,,COMPLETE
236,236,54.166666666666664,2025-05-26 01:29:31.871991,2025-05-26 01:29:46.645717,0 days 00:00:14.773726,Adam,0.14096505961054165,,5.750824065009572e-05,,,,,2,,0.019167235881102543,,,COMPLETE
237,237,47.916666666666664,2025-05-26 01:29:46.699068,2025-05-26 01:30:01.518228,0 days 00:00:14.819160,Adam,0.138326280712992,,6.299210871017909e-05,,,,,2,,0.020457146149456026,,,COMPLETE
238,238,62.5,2025-05-26 01:30:01.602244,2025-05-26 01:30:16.386859,0 days 00:00:14.784615,Adam,0.14135591914302026,,6.565141419568193e-05,,,,,2,,0.017763393438293716,,,COMPLETE
239,239,45.833333333333336,2025-05-26 01:30:16.439234,2025-05-26 01:30:31.475223,0 days 00:00:15.035989,Adam,0.14403937074687154,,6.69706122867932e-05,,,,,2,,0.016973547382052007,,,COMPLETE
240,240,56.25,2025-05-26 01:30:31.527382,2025-05-26 01:30:46.317812,0 days 00:00:14.790430,Adam,0.1378525232030892,,8.390729695786532e-05,,,,,2,,0.02030918404502761,,,COMPLETE
241,241,39.583333333333336,2025-05-26 01:30:46.370567,2025-05-26 01:31:01.193845,0 days 00:00:14.823278,Adam,0.138821573281931,,8.082122329160354e-05,,,,,2,,0.017700941641143678,,,COMPLETE
242,242,58.333333333333336,2025-05-26 01:31:01.246907,2025-05-26 01:31:16.056911,0 days 00:00:14.810004,Adam,0.12994904253621384,,5.617952025874875e-05,,,,,1,,0.023109988111125034,,,COMPLETE
243,243,54.166666666666664,2025-05-26 01:31:16.109569,2025-05-26 01:31:30.984664,0 days 00:00:14.875095,Adam,0.15854512007899546,,0.00010717646792382856,,,,,1,,0.02907250148701128,,,COMPLETE
244,244,56.25,2025-05-26 01:31:31.037563,2025-05-26 01:31:45.841759,0 days 00:00:14.804196,Adam,0.16049910168274817,,0.00010968491294421566,,,,,1,,0.027899004394817288,,,COMPLETE
245,245,56.25,2025-05-26 01:31:45.893540,2025-05-26 01:32:00.796288,0 days 00:00:14.902748,Adam,0.15976437129486842,,0.0001117385569009542,,,,,1,,0.028114344521404495,,,COMPLETE
246,246,56.25,2025-05-26 01:32:00.848886,2025-05-26 01:32:15.807670,0 days 00:00:14.958784,Adam,0.15998287338949535,,0.00010673425543221462,,,,,1,,0.0252738352197316,,,COMPLETE
247,247,58.333333333333336,2025-05-26 01:32:15.860642,2025-05-26 01:32:30.877185,0 days 00:00:15.016543,Adam,0.16003458710978974,,0.00010677119777775504,,,,,1,,0.023665193761728542,,,COMPLETE
248,248,56.25,2025-05-26 01:32:30.930023,2025-05-26 01:32:45.800638,0 days 00:00:14.870615,Adam,0.1574322479680025,,0.00012190051476887585,,,,,0,,0.030780950557587644,,,COMPLETE
249,249,62.5,2025-05-26 01:32:45.859829,2025-05-26 01:33:00.801129,0 days 00:00:14.941300,Adam,0.15759709533744476,,0.00013961984177249728,,,,,0,,0.032256103166175706,,,COMPLETE
250,250,50.0,2025-05-26 01:33:00.853046,2025-05-26 01:33:15.633764,0 days 00:00:14.780718,Adam,0.13185500669036965,,0.00013988467570200854,,,,,3,,0.03422903181374074,,,COMPLETE
251,251,58.333333333333336,2025-05-26 01:33:15.685699,2025-05-26 01:33:30.576635,0 days 00:00:14.890936,Adam,0.15838601807150904,,0.00012079149719332385,,,,,1,,0.02122393605598399,,,COMPLETE
252,252,54.166666666666664,2025-05-26 01:33:30.630646,2025-05-26 01:33:45.489346,0 days 00:00:14.858700,Adam,0.15613623194978754,,0.00012145873606116048,,,,,1,,0.021438711456785477,,,COMPLETE
253,253,64.58333333333333,2025-05-26 01:33:45.541914,2025-05-26 01:34:00.373370,0 days 00:00:14.831456,Adam,0.15628069335705175,,0.00018371457107390293,,,,,2,,0.020333674316489234,,,COMPLETE
254,254,54.166666666666664,2025-05-26 01:34:00.425071,2025-05-26 01:34:15.183092,0 days 00:00:14.758021,Adam,0.15726688953379958,,0.00016034515516180078,,,,,3,,0.020100967125748426,,,COMPLETE
255,255,58.333333333333336,2025-05-26 01:34:15.235810,2025-05-26 01:34:30.045473,0 days 00:00:14.809663,Adam,0.15635587148914384,,0.00018946294009964765,,,,,3,,0.022119872345616423,,,COMPLETE
256,256,60.416666666666664,2025-05-26 01:34:30.097770,2025-05-26 01:34:44.846556,0 days 00:00:14.748786,Adam,0.15638729730394751,,0.00015922315484328428,,,,,3,,0.02100636379231955,,,COMPLETE
257,257,50.0,2025-05-26 01:34:44.899093,2025-05-26 01:34:59.759609,0 days 00:00:14.860516,Adam,0.15848714950610265,,0.00019613569840123347,,,,,4,,0.018639283139326283,,,COMPLETE
258,258,70.83333333333333,2025-05-26 01:34:59.812915,2025-05-26 01:35:14.649060,0 days 00:00:14.836145,Adam,0.14391804240600514,,0.00017929461180733047,,,,,1,,0.02216820557756852,,,COMPLETE
259,259,66.66666666666667,2025-05-26 01:35:14.701460,2025-05-26 01:35:29.535648,0 days 00:00:14.834188,Adam,0.14337139764933912,,0.00016879326080030557,,,,,3,,0.021056968155526663,,,COMPLETE
260,260,52.083333333333336,2025-05-26 01:35:29.588991,2025-05-26 01:35:44.406018,0 days 00:00:14.817027,Adam,0.1443434665257563,,0.00020833632566917546,,,,,1,,0.025150208044534203,,,COMPLETE
261,261,56.25,2025-05-26 01:35:44.458820,2025-05-26 01:35:59.339881,0 days 00:00:14.881061,Adam,0.13049742877712273,,0.00013344086399617343,,,,,1,,0.01236391028689996,,,COMPLETE
262,262,54.166666666666664,2025-05-26 01:35:59.392977,2025-05-26 01:36:14.176704,0 days 00:00:14.783727,Adam,0.12219848687640036,,0.00014285894191415384,,,,,3,,0.010709227085237196,,,COMPLETE
263,263,35.416666666666664,2025-05-26 01:36:14.228837,2025-05-26 01:36:24.095361,0 days 00:00:09.866524,Adam,0.1310937856103152,,0.00011681771439341423,,,,,2,,0.040790460216824836,,,PRUNED
264,264,52.083333333333336,2025-05-26 01:36:24.131034,2025-05-26 01:36:38.908350,0 days 00:00:14.777316,Adam,0.14120357604116032,,0.0001906456282654491,,,,,2,,0.014231618797951203,,,COMPLETE
265,265,68.75,2025-05-26 01:36:38.961689,2025-05-26 01:36:53.731695,0 days 00:00:14.770006,Adam,0.14886712031504354,,0.00011777344974097164,,,,,1,,0.01506510164338977,,,COMPLETE
266,266,54.166666666666664,2025-05-26 01:36:53.784257,2025-05-26 01:37:08.635446,0 days 00:00:14.851189,Adam,0.13314657707893743,,0.00015017909612399205,,,,,1,,0.015380042994706265,,,COMPLETE
267,267,60.416666666666664,2025-05-26 01:37:08.688431,2025-05-26 01:37:23.514563,0 days 00:00:14.826132,Adam,0.14605272724268858,,0.00011236291036974798,,,,,4,,0.013351866692721082,,,COMPLETE
268,268,47.916666666666664,2025-05-26 01:37:23.566562,2025-05-26 01:37:38.352714,0 days 00:00:14.786152,Adam,0.15263772200007597,,0.00023124165669394147,,,,,3,,0.011790618205372428,,,COMPLETE
269,269,72.91666666666667,2025-05-26 01:37:38.405908,2025-05-26 01:37:53.264476,0 days 00:00:14.858568,Adam,0.1254225815301659,,0.00011165934998839477,,,,,4,,0.0156528310194628,,,COMPLETE
270,270,56.25,2025-05-26 01:37:53.317510,2025-05-26 01:38:08.321020,0 days 00:00:15.003510,Adam,0.12814682721217702,,0.00013338476673397038,,,,,4,,0.014316903904293096,,,COMPLETE
271,271,54.166666666666664,2025-05-26 01:38:08.373241,2025-05-26 01:38:23.252519,0 days 00:00:14.879278,Adam,0.11876081660606987,,0.00013360771955096603,,,,,4,,0.014784832490220076,,,COMPLETE
272,272,35.416666666666664,2025-05-26 01:38:23.304933,2025-05-26 01:38:31.452682,0 days 00:00:08.147749,Adam,0.12937294227101093,,0.00016738209003326835,,,,,4,,0.013121713163065998,,,PRUNED
273,273,45.833333333333336,2025-05-26 01:38:31.494881,2025-05-26 01:38:46.289056,0 days 00:00:14.794175,Adam,0.1476395007537271,,0.00011434468941007342,,,,,3,,0.020872766161579605,,,COMPLETE
274,274,54.166666666666664,2025-05-26 01:38:46.341752,2025-05-26 01:39:01.231042,0 days 00:00:14.889290,Adam,0.14049113389446177,,0.00011818115451173309,,,,,1,,0.010137973820341662,,,COMPLETE
275,275,39.583333333333336,2025-05-26 01:39:01.284120,2025-05-26 01:39:16.046314,0 days 00:00:14.762194,Adam,0.127846016055576,,0.00029481536700845946,,,,,2,,0.015356236271483137,,,COMPLETE
276,276,33.333333333333336,2025-05-26 01:39:16.099538,2025-05-26 01:39:24.237159,0 days 00:00:08.137621,Adam,0.11455477440595226,,0.00015168822331985195,,,,,4,,0.044718449227573225,,,PRUNED
277,277,35.416666666666664,2025-05-26 01:39:24.280642,2025-05-26 01:39:32.440711,0 days 00:00:08.160069,Adam,0.14479741062729706,,0.00010269859160959521,,,,,1,,0.0240548742750364,,,PRUNED
278,278,56.25,2025-05-26 01:39:32.527503,2025-05-26 01:39:47.323288,0 days 00:00:14.795785,Adam,0.1347862382500699,,0.0001765669729396995,,,,,0,,0.014247290566694161,,,COMPLETE
279,279,41.666666666666664,2025-05-26 01:39:47.375237,2025-05-26 01:39:57.245480,0 days 00:00:09.870243,Adam,0.12354377284373022,,0.00018023400734368632,,,,,0,,0.015200580315493798,,,PRUNED
280,280,56.25,2025-05-26 01:39:57.282979,2025-05-26 01:40:12.126607,0 days 00:00:14.843628,Adam,0.13631332593783926,,0.00012381532999152712,,,,,0,,0.021722395169007216,,,COMPLETE
281,281,58.333333333333336,2025-05-26 01:40:12.180620,2025-05-26 01:40:27.006637,0 days 00:00:14.826017,Adam,0.14714977622652534,,8.84457887045353e-05,,,,,3,,0.0306802725851995,,,COMPLETE
282,282,64.58333333333333,2025-05-26 01:40:27.060450,2025-05-26 01:40:41.850096,0 days 00:00:14.789646,Adam,0.14566589586896875,,8.499407904011543e-05,,,,,3,,0.03425690682473308,,,COMPLETE
283,283,62.5,2025-05-26 01:40:41.902717,2025-05-26 01:40:56.736651,0 days 00:00:14.833934,Adam,0.14817210907193654,,7.946296528716584e-05,,,,,3,,0.032974753782415496,,,COMPLETE
284,284,33.333333333333336,2025-05-26 01:40:56.790726,2025-05-26 01:41:04.981189,0 days 00:00:08.190463,Adam,0.1475637222968003,,4.33922355572413e-05,,,,,3,,0.031476592514660555,,,PRUNED
285,285,60.416666666666664,2025-05-26 01:41:05.023680,2025-05-26 01:41:19.853322,0 days 00:00:14.829642,Adam,0.16349918648401143,,8.224948127432262e-05,,,,,3,,0.03506832245855837,,,COMPLETE
286,286,33.333333333333336,2025-05-26 01:41:19.907278,2025-05-26 01:41:26.367070,0 days 00:00:06.459792,Adam,0.16519324566880766,,7.947071931080293e-05,,,,,3,,0.05151053579777199,,,PRUNED
287,287,54.166666666666664,2025-05-26 01:41:26.404086,2025-05-26 01:41:41.234971,0 days 00:00:14.830885,Adam,0.14623325392827863,,7.806306741119021e-05,,,,,2,,0.03706277981423861,,,COMPLETE
288,288,56.25,2025-05-26 01:41:41.289712,2025-05-26 01:41:56.137050,0 days 00:00:14.847338,Adam,0.1630984937631725,,9.187418064607158e-05,,,,,3,,0.025862683010618934,,,COMPLETE
289,289,33.333333333333336,2025-05-26 01:41:56.191273,2025-05-26 01:42:02.589656,0 days 00:00:06.398383,Adam,0.1516464049521053,,7.062346283092383e-05,,,,,5,,0.02652411786786815,,,PRUNED
290,290,43.75,2025-05-26 01:42:02.632545,2025-05-26 01:42:17.429389,0 days 00:00:14.796844,Adam,0.16862680658792134,,9.656213266712368e-05,,,,,2,,0.03370018057025337,,,COMPLETE
291,291,29.166666666666668,2025-05-26 01:42:17.483178,2025-05-26 01:42:24.074285,0 days 00:00:06.591107,Adam,0.14724221891197534,,4.458673221518885e-05,,,,,3,,0.02028604322566655,,,PRUNED
292,292,33.333333333333336,2025-05-26 01:42:24.111660,2025-05-26 01:42:30.623443,0 days 00:00:06.511783,Adam,0.16158560821238033,,9.431051655920093e-05,,,,,2,,0.025700624577029867,,,PRUNED
293,293,33.333333333333336,2025-05-26 01:42:30.660854,2025-05-26 01:42:37.169702,0 days 00:00:06.508848,Adam,0.14029313844287278,,8.244160546606024e-05,,,,,4,,0.01968720692049355,,,PRUNED
294,294,33.333333333333336,2025-05-26 01:42:37.207640,2025-05-26 01:42:43.728123,0 days 00:00:06.520483,Adam,0.15572491734491314,,5.976816105843631e-05,,,,,2,,0.034831287845400606,,,PRUNED
295,295,54.166666666666664,2025-05-26 01:42:43.765899,2025-05-26 01:42:58.652471,0 days 00:00:14.886572,Adam,0.17039829543244955,,7.384299252957048e-05,,,,,1,,0.02385147847828203,,,COMPLETE
296,296,31.25,2025-05-26 01:42:58.707035,2025-05-26 01:43:05.152423,0 days 00:00:06.445388,Adam,0.14249276446865666,,9.822468623087417e-05,,,,,3,,0.04690435323076235,,,PRUNED
297,297,33.333333333333336,2025-05-26 01:43:05.195710,2025-05-26 01:43:11.730677,0 days 00:00:06.534967,Adam,0.15039548751776383,,0.00010422777581534749,,,,,1,,0.07103561260547765,,,PRUNED
298,298,33.333333333333336,2025-05-26 01:43:11.768256,2025-05-26 01:43:18.275625,0 days 00:00:06.507369,Adam,0.11690099479411989,,0.0008856538569528239,,,,,4,,0.028855374202637455,,,PRUNED
299,299,45.833333333333336,2025-05-26 01:43:18.312901,2025-05-26 01:43:33.189493,0 days 00:00:14.876592,Adam,0.16217116395975228,,6.894552778263915e-05,,,,,2,,0.017581655238589317,,,COMPLETE
300,300,50.0,2025-05-26 01:43:33.243138,2025-05-26 01:43:48.047625,0 days 00:00:14.804487,Adam,0.13672587302487071,,0.00023686602309138305,,,,,3,,0.02200077609419851,,,COMPLETE
301,301,47.916666666666664,2025-05-26 01:43:48.101237,2025-05-26 01:44:02.924363,0 days 00:00:14.823126,Adam,0.15125528898432686,,0.0001051987518712971,,,,,2,,0.017892826002632405,,,COMPLETE
302,302,54.166666666666664,2025-05-26 01:44:02.978068,2025-05-26 01:44:18.032416,0 days 00:00:15.054348,Adam,0.17236826121861348,,0.00030812261071313683,,,,,1,,0.0364533094344733,,,COMPLETE
303,303,33.333333333333336,2025-05-26 01:44:18.086974,2025-05-26 01:44:24.647636,0 days 00:00:06.560662,Adam,0.1639404305403386,,5.114148859112113e-05,,,,,3,,70.66497681701198,,,PRUNED
304,304,33.333333333333336,2025-05-26 01:44:24.684825,2025-05-26 01:44:31.166267,0 days 00:00:06.481442,Adam,0.1466345877544177,,0.0037823311090303883,,,,,2,,0.02852955616469508,,,PRUNED
305,305,50.0,2025-05-26 01:44:31.203686,2025-05-26 01:44:45.602101,0 days 00:00:14.398415,Adam,0.13737807881047726,,0.00015089623887215816,,,,,5,,0.02303007310689254,,,COMPLETE
306,306,33.333333333333336,2025-05-26 01:44:45.656179,2025-05-26 01:44:52.261904,0 days 00:00:06.605725,Adam,0.12367928848446469,,8.305452213392122e-05,,,,,1,,0.018324287593368068,,,PRUNED
307,307,33.333333333333336,2025-05-26 01:44:52.299601,2025-05-26 01:44:58.813044,0 days 00:00:06.513443,Adam,0.15741145204369975,,0.00011908749352914304,,,,,4,,0.03023720666758462,,,PRUNED
308,308,45.833333333333336,2025-05-26 01:44:58.850486,2025-05-26 01:45:13.673841,0 days 00:00:14.823355,Adam,0.17787404456321357,,7.322665206412503e-05,,,,,2,,0.023400766111513097,,,COMPLETE
309,309,43.75,2025-05-26 01:45:13.727554,2025-05-26 01:45:23.614721,0 days 00:00:09.887167,Adam,0.14968373514354308,,3.7180374402150125e-05,,,,,1,,0.042366294693784945,,,PRUNED
310,310,33.333333333333336,2025-05-26 01:45:23.658690,2025-05-26 01:45:30.167573,0 days 00:00:06.508883,Adam,0.1363466998514621,,5.9196405824975527e-05,,,,,3,,0.016579970752903288,,,PRUNED
311,311,58.333333333333336,2025-05-26 01:45:30.201655,2025-05-26 01:45:45.034855,0 days 00:00:14.833200,Adam,0.16083903325938356,,0.00016372917128850017,,,,,2,,0.026425236101134973,,,COMPLETE
312,312,33.333333333333336,2025-05-26 01:45:45.089172,2025-05-26 01:45:51.620377,0 days 00:00:06.531205,Adam,0.16738926085964526,,0.00022183064584996168,,,,,2,,0.031547156288824284,,,PRUNED
313,313,50.0,2025-05-26 01:45:51.657233,2025-05-26 01:46:06.469381,0 days 00:00:14.812148,Adam,0.14929985715167482,,0.00015812197256668065,,,,,3,,0.019866629864962352,,,COMPLETE
314,314,58.333333333333336,2025-05-26 01:46:06.524108,2025-05-26 01:46:21.394773,0 days 00:00:14.870665,Adam,0.10855884060622085,,0.00018250165278614782,,,,,4,,0.012467477175922302,,,COMPLETE
315,315,33.333333333333336,2025-05-26 01:46:21.449165,2025-05-26 01:46:27.996208,0 days 00:00:06.547043,Adam,0.1035726007064044,,0.00018365895412782515,,,,,3,,0.012378187273841584,,,PRUNED
316,316,33.333333333333336,2025-05-26 01:46:28.033564,2025-05-26 01:46:34.536352,0 days 00:00:06.502788,Adam,0.11042434087723771,,1.922148951836704e-05,,,,,4,,0.01672563619198695,,,PRUNED
317,317,56.25,2025-05-26 01:46:34.573505,2025-05-26 01:46:49.422033,0 days 00:00:14.848528,Adam,0.12262155275300601,,0.0002553484695936105,,,,,4,,0.012268337317357193,,,COMPLETE
318,318,58.333333333333336,2025-05-26 01:46:49.475703,2025-05-26 01:47:03.889166,0 days 00:00:14.413463,Adam,0.12867238302059927,,0.0001422546313503315,,,,,5,,0.021448601571799703,,,COMPLETE
319,319,33.333333333333336,2025-05-26 01:47:03.943292,2025-05-26 01:47:10.285156,0 days 00:00:06.341864,Adam,0.11659872221411463,,0.00013777284735807009,,,,,5,,0.021441782005641414,,,PRUNED
320,320,33.333333333333336,2025-05-26 01:47:10.328467,2025-05-26 01:47:16.678808,0 days 00:00:06.350341,Adam,0.13006140010534786,,0.0001917668224487158,,,,,6,,1.3118877430558764,,,PRUNED
321,321,54.166666666666664,2025-05-26 01:47:16.715918,2025-05-26 01:47:31.581276,0 days 00:00:14.865358,Adam,0.14048750638234278,,0.00016182538941193368,,,,,4,,0.01687517922744821,,,COMPLETE
322,322,33.333333333333336,2025-05-26 01:47:31.635354,2025-05-26 01:47:38.149230,0 days 00:00:06.513876,Adam,0.12536927455923216,,0.018383026886546378,,,,,2,,0.013517265065001866,,,PRUNED
323,323,33.333333333333336,2025-05-26 01:47:38.186508,2025-05-26 01:47:46.373914,0 days 00:00:08.187406,Adam,0.1340331984573233,,9.000365733070309e-05,,,,,3,,0.020429821660481684,,,PRUNED
324,324,45.833333333333336,2025-05-26 01:47:46.417287,2025-05-26 01:48:01.264905,0 days 00:00:14.847618,Adam,0.14182581380562656,,0.00013316026244899229,,,,,3,,0.05777966085949186,,,COMPLETE
325,325,33.333333333333336,2025-05-26 01:48:01.320108,2025-05-26 01:48:07.845785,0 days 00:00:06.525677,Adam,0.11335935917037179,,9.095467239329408e-05,,,,,4,,0.01051121534011336,,,PRUNED
326,326,33.333333333333336,2025-05-26 01:48:07.888946,2025-05-26 01:48:14.340923,0 days 00:00:06.451977,Adam,0.14546062600807041,,6.44625188960544e-05,,,,,2,,0.03889324461327667,,,PRUNED
327,327,62.5,2025-05-26 01:48:14.376894,2025-05-26 01:48:29.278445,0 days 00:00:14.901551,Adam,0.12827912869827507,,0.0001226800030269406,,,,,2,,0.025772575566440435,,,COMPLETE
328,328,45.833333333333336,2025-05-26 01:48:29.332282,2025-05-26 01:48:43.735507,0 days 00:00:14.403225,Adam,0.18043291611318127,,0.00020618056840210854,,,,,5,,0.026300748866686357,,,PRUNED
329,329,33.333333333333336,2025-05-26 01:48:43.774030,2025-05-26 01:48:50.373765,0 days 00:00:06.599735,Adam,0.12742523887664067,,0.00012153501004184491,,,,,3,,0.015638757181698274,,,PRUNED
330,330,33.333333333333336,2025-05-26 01:48:50.410968,2025-05-26 01:48:56.925039,0 days 00:00:06.514071,Adam,0.15492140082028458,,0.00016331206959011835,,,,,2,,0.0345517369565863,,,PRUNED
331,331,43.75,2025-05-26 01:48:56.963001,2025-05-26 01:49:06.807168,0 days 00:00:09.844167,Adam,0.10312558346101654,,0.00014308107956255843,,,,,3,,0.02423222490387618,,,PRUNED
332,332,43.75,2025-05-26 01:49:06.844538,2025-05-26 01:49:16.704679,0 days 00:00:09.860141,Adam,0.17060899272721716,,0.00011066142417572702,,,,,0,,0.028765804059065064,,,PRUNED
333,333,39.583333333333336,2025-05-26 01:49:16.749229,2025-05-26 01:49:26.702218,0 days 00:00:09.952989,Adam,0.11866639341276028,,0.0003141006375485361,,,,,4,,3.0920260716844514,,,PRUNED
334,334,43.75,2025-05-26 01:49:26.748160,2025-05-26 01:49:36.475439,0 days 00:00:09.727279,Adam,0.1503508776356837,,7.228893210463074e-05,,,,,2,,0.018137643330570583,,,PRUNED
335,335,33.333333333333336,2025-05-26 01:49:36.512566,2025-05-26 01:49:43.030724,0 days 00:00:06.518158,Adam,0.13240745328225995,,9.678805510355487e-05,,,,,3,,0.4233575020510932,,,PRUNED
336,336,33.333333333333336,2025-05-26 01:49:43.068440,2025-05-26 01:49:49.583317,0 days 00:00:06.514877,Adam,0.14405163738314508,,0.0001287731314716699,,,,,1,,0.022935553013782518,,,PRUNED
337,337,,2025-05-26 01:49:49.627273,2025-05-26 01:49:56.081353,0 days 00:00:06.454080,SGD,0.15416684565735955,,,,0.01740138900170501,22.905260455294837,False,4,,,,13.038051329967425,PRUNED
338,338,31.25,2025-05-26 01:49:56.122751,2025-05-26 01:50:02.418742,0 days 00:00:06.295991,Adam,0.16612607260426238,,5.511146454646729e-05,,,,,6,,0.032522796521065704,,,PRUNED
339,339,33.333333333333336,2025-05-26 01:50:02.456654,2025-05-26 01:50:08.973855,0 days 00:00:06.517201,Adadelta,0.13082177161732436,1.2728021045636353,,,,,,0,0.02675634027095081,,,,PRUNED
340,340,33.333333333333336,2025-05-26 01:50:09.018601,2025-05-26 01:50:15.502637,0 days 00:00:06.484036,Adam,0.10882337475813428,,0.00021185876906980693,,,,,3,,0.014629001108487447,,,PRUNED
341,341,43.75,2025-05-26 01:50:15.540480,2025-05-26 01:50:25.474981,0 days 00:00:09.934501,Adam,0.17997894896263722,,0.0001694517233429962,,,,,2,,0.07558347681896535,,,PRUNED
342,342,33.333333333333336,2025-05-26 01:50:25.517975,2025-05-26 01:50:31.890603,0 days 00:00:06.372628,Adam,0.1450586034408282,,8.114754139685858e-05,,,,,5,,0.16228193886714973,,,PRUNED
343,343,33.333333333333336,2025-05-26 01:50:31.933045,2025-05-26 01:50:38.450248,0 days 00:00:06.517203,Adam,0.15956271951156287,,0.00011385198294201284,,,,,1,,0.047101120006927816,,,PRUNED
344,344,54.166666666666664,2025-05-26 01:50:38.488098,2025-05-26 01:50:53.553221,0 days 00:00:15.065123,Adam,0.17076984014491803,,0.00013833949806629152,,,,,2,,0.024986831207796052,,,COMPLETE
345,345,56.25,2025-05-26 01:50:53.607592,2025-05-26 01:51:08.417598,0 days 00:00:14.810006,Adam,0.12004024511312815,,9.786778474042785e-05,,,,,1,,0.019484274967797772,,,COMPLETE
346,346,33.333333333333336,2025-05-26 01:51:08.472697,2025-05-26 01:51:14.938254,0 days 00:00:06.465557,Adam,0.13850460768674144,,0.00018029225972732637,,,,,3,,0.03936996765339879,,,PRUNED
347,347,47.916666666666664,2025-05-26 01:51:14.975078,2025-05-26 01:51:29.845089,0 days 00:00:14.870011,Adam,0.15469700942823933,,6.899796047318975e-05,,,,,4,,0.02762134548050395,,,COMPLETE
348,348,58.333333333333336,2025-05-26 01:51:29.898422,2025-05-26 01:51:44.713011,0 days 00:00:14.814589,Adam,0.1477657957375333,,0.00011946660018735653,,,,,2,,0.012474437964636728,,,COMPLETE
349,349,37.5,2025-05-26 01:51:44.766751,2025-05-26 01:51:54.680693,0 days 00:00:09.913942,Adam,0.13288460074216638,,0.00025874036196892524,,,,,0,,0.02130179028171655,,,PRUNED
350,350,39.583333333333336,2025-05-26 01:51:54.717732,2025-05-26 01:52:04.503880,0 days 00:00:09.786148,Adam,0.16679312590405387,,0.0005859986318945857,,,,,3,,0.01673590592692684,,,PRUNED
351,351,33.333333333333336,2025-05-26 01:52:04.549367,2025-05-26 01:52:11.062994,0 days 00:00:06.513627,Adam,0.12475463576317687,,8.947438833783469e-05,,,,,1,,0.024349236567205546,,,PRUNED
352,352,56.25,2025-05-26 01:52:11.100137,2025-05-26 01:52:25.973707,0 days 00:00:14.873570,Adam,0.15599736078143758,,0.00015386839313981073,,,,,2,,0.03248641636828224,,,COMPLETE
353,353,33.333333333333336,2025-05-26 01:52:26.027406,2025-05-26 01:52:32.552128,0 days 00:00:06.524722,Adam,0.1406142416721907,,5.1785446833255665e-05,,,,,4,,0.014303261072885435,,,PRUNED
354,354,58.333333333333336,2025-05-26 01:52:32.589828,2025-05-26 01:52:47.442124,0 days 00:00:14.852296,Adam,0.17725342515912096,,0.00010960729484641381,,,,,1,,0.01892712500067235,,,COMPLETE
355,355,33.333333333333336,2025-05-26 01:52:47.496930,2025-05-26 01:52:55.709215,0 days 00:00:08.212285,Adam,0.15170074249485443,,7.951136195105106e-05,,,,,3,,0.010054669001500219,,,PRUNED
356,356,31.25,2025-05-26 01:52:55.753474,2025-05-26 01:53:02.279416,0 days 00:00:06.525942,Adam,0.11083345597401423,,4.2947821291522015e-05,,,,,2,,0.028117828266967255,,,PRUNED
357,357,33.333333333333336,2025-05-26 01:53:02.318412,2025-05-26 01:53:08.840341,0 days 00:00:06.521929,Adam,0.16605087071134783,,0.00013564832163346185,,,,,0,,0.020942439652879653,,,PRUNED
358,358,52.083333333333336,2025-05-26 01:53:08.877434,2025-05-26 01:53:23.317849,0 days 00:00:14.440415,Adam,0.1380426425513838,,6.385615890622227e-05,,,,,5,,0.015746034712012455,,,COMPLETE
359,359,41.666666666666664,2025-05-26 01:53:23.371654,2025-05-26 01:53:33.187070,0 days 00:00:09.815416,Adam,0.14755957636630904,,0.00019691403952818662,,,,,2,,0.03684019345436435,,,PRUNED
360,360,,2025-05-26 01:53:33.224699,2025-05-26 01:53:39.003662,0 days 00:00:05.778963,SGD,0.16239193261871693,,,,0.0025316390229052593,49.237506709761846,True,3,,,,0.04016293515448397,PRUNED
361,361,58.333333333333336,2025-05-26 01:53:39.039977,2025-05-26 01:53:53.898999,0 days 00:00:14.859022,Adam,0.12734790834477255,,9.926421059167437e-05,,,,,4,,0.023948483342851462,,,COMPLETE
362,362,33.333333333333336,2025-05-26 01:53:53.953114,2025-05-26 01:54:00.422252,0 days 00:00:06.469138,Adadelta,0.15503862578401556,8.606982751662716,,,,,,1,17.52844083776802,,,,PRUNED
363,363,33.333333333333336,2025-05-26 01:54:00.465436,2025-05-26 01:54:06.984174,0 days 00:00:06.518738,Adam,0.1368865827902374,,0.00015833859825510531,,,,,1,,0.01786112212970581,,,PRUNED
364,364,45.833333333333336,2025-05-26 01:54:07.021684,2025-05-26 01:54:21.877536,0 days 00:00:14.855852,Adam,0.17400023996998232,,0.00037379872586838764,,,,,3,,0.03108190522499009,,,COMPLETE
365,365,33.333333333333336,2025-05-26 01:54:21.932472,2025-05-26 01:54:28.426682,0 days 00:00:06.494210,Adam,0.11877990113597195,,8.089441825470477e-05,,,,,2,,0.012594842968929954,,,PRUNED
366,366,39.583333333333336,2025-05-26 01:54:28.466913,2025-05-26 01:54:38.336497,0 days 00:00:09.869584,Adam,0.1460846679219847,,0.0001260758217660197,,,,,0,,0.04647039661459987,,,PRUNED
367,367,62.5,2025-05-26 01:54:38.375100,2025-05-26 01:54:53.302603,0 days 00:00:14.927503,Adam,0.16156182258356191,,0.00010316276818096103,,,,,2,,0.022068960271922646,,,COMPLETE
368,368,43.75,2025-05-26 01:54:53.357583,2025-05-26 01:55:08.200576,0 days 00:00:14.842993,Adam,0.18080466369520165,,9.766516482922707e-05,,,,,2,,0.025837521223789295,,,COMPLETE
369,369,45.833333333333336,2025-05-26 01:55:08.255164,2025-05-26 01:55:23.188757,0 days 00:00:14.933593,Adam,0.16167034319811005,,7.049098273689036e-05,,,,,1,,0.01648364107663161,,,COMPLETE
370,370,54.166666666666664,2025-05-26 01:55:23.243476,2025-05-26 01:55:38.101604,0 days 00:00:14.858128,Adam,0.17194647488634526,,0.00011231394393274968,,,,,2,,0.030017854367244783,,,COMPLETE
371,371,33.333333333333336,2025-05-26 01:55:38.156747,2025-05-26 01:55:44.699362,0 days 00:00:06.542615,Adam,0.1596505226364203,,8.721699812745695e-05,,,,,1,,0.02114569294727208,,,PRUNED
372,372,54.166666666666664,2025-05-26 01:55:44.737021,2025-05-26 01:55:59.630810,0 days 00:00:14.893789,Adam,0.14624193981195407,,6.001819066892757e-05,,,,,3,,0.04109784808511993,,,COMPLETE
373,373,50.0,2025-05-26 01:55:59.686128,2025-05-26 01:56:14.512628,0 days 00:00:14.826500,Adam,0.15591865544634095,,0.0001830409725052308,,,,,2,,0.018507824904263427,,,COMPLETE
374,374,35.416666666666664,2025-05-26 01:56:14.567315,2025-05-26 01:56:21.157047,0 days 00:00:06.589732,Adam,0.18428865518567447,,0.00010685280252100225,,,,,0,,0.013764992485087255,,,PRUNED
375,375,54.166666666666664,2025-05-26 01:56:21.194714,2025-05-26 01:56:36.055737,0 days 00:00:14.861023,Adam,0.16450326480824104,,0.0002475267959153788,,,,,3,,0.026485779492094956,,,COMPLETE
376,376,58.333333333333336,2025-05-26 01:56:36.109138,2025-05-26 01:56:50.995788,0 days 00:00:14.886650,Adam,0.14689717494240798,,7.373944090516032e-05,,,,,2,,0.033450249153392904,,,COMPLETE
377,377,35.416666666666664,2025-05-26 01:56:51.050809,2025-05-26 01:56:57.522051,0 days 00:00:06.471242,Adam,0.17141708024110527,,0.0001294865392117341,,,,,1,,0.02266503655162703,,,PRUNED
378,378,33.333333333333336,2025-05-26 01:56:57.559888,2025-05-26 01:57:04.098369,0 days 00:00:06.538481,Adam,0.13512958426974467,,0.05254813654143087,,,,,3,,0.015429574244412183,,,PRUNED
379,379,31.25,2025-05-26 01:57:04.137202,2025-05-26 01:57:10.616663,0 days 00:00:06.479461,Adam,0.15246482246155427,,9.244567709101674e-05,,,,,4,,0.020215618059886933,,,PRUNED
380,380,41.666666666666664,2025-05-26 01:57:10.660977,2025-05-26 01:57:20.620522,0 days 00:00:09.959545,Adam,0.16281166972885572,,0.00015317590887931854,,,,,1,,0.01139598825681273,,,PRUNED
381,381,54.166666666666664,2025-05-26 01:57:20.659836,2025-05-26 01:57:35.461671,0 days 00:00:14.801835,Adam,0.14125092597513986,,0.00020601334822047696,,,,,2,,0.05412516764366609,,,COMPLETE
382,382,31.25,2025-05-26 01:57:35.516867,2025-05-26 01:57:42.009578,0 days 00:00:06.492711,Adam,0.15359412870759126,,0.00010522730064966272,,,,,3,,0.7535237082947526,,,PRUNED
383,383,33.333333333333336,2025-05-26 01:57:42.047502,2025-05-26 01:57:48.819804,0 days 00:00:06.772302,Adam,0.16976517579613126,,5.2811151013426515e-05,,,,,0,,0.02737559538306363,,,PRUNED
384,384,,2025-05-26 01:57:48.892829,2025-05-26 01:57:54.691509,0 days 00:00:05.798680,SGD,0.09486492821993803,,,,0.00010922684966325627,85.48829640339835,False,2,,,,1.2970999015375273,PRUNED
385,385,29.166666666666668,2025-05-26 01:57:54.727743,2025-05-26 01:58:04.592572,0 days 00:00:09.864829,Adam,0.1401511315252636,,8.038791407845094e-05,,,,,1,,40.740030938181555,,,PRUNED
386,386,33.333333333333336,2025-05-26 01:58:04.636223,2025-05-26 01:58:11.133214,0 days 00:00:06.496991,Adadelta,0.12830034497300993,0.5864422533606458,,,,,,4,1.272131082668704,,,,PRUNED
387,387,33.333333333333336,2025-05-26 01:58:11.175400,2025-05-26 01:58:17.695733,0 days 00:00:06.520333,Adam,0.15175286591756448,,0.0001231538151406708,,,,,2,,0.03869446892894552,,,PRUNED
388,388,33.333333333333336,2025-05-26 01:58:17.738372,2025-05-26 01:58:24.321559,0 days 00:00:06.583187,Adam,0.17958585196625304,,0.0001595633186408008,,,,,3,,0.018162455690958715,,,PRUNED
389,389,31.25,2025-05-26 01:58:24.359340,2025-05-26 01:58:30.851227,0 days 00:00:06.491887,Adam,0.15925628403606265,,3.742146583252166e-05,,,,,0,,0.023308641133075264,,,PRUNED
390,390,33.333333333333336,2025-05-26 01:58:30.888115,2025-05-26 01:58:37.449773,0 days 00:00:06.561658,Adam,0.1197824618824614,,6.502603874789051e-05,,,,,1,,0.03298128456624986,,,PRUNED
391,391,62.5,2025-05-26 01:58:37.486429,2025-05-26 01:58:52.381501,0 days 00:00:14.895072,Adam,0.1428620727976534,,9.514257716576027e-05,,,,,2,,0.013410404067657563,,,COMPLETE
392,392,35.416666666666664,2025-05-26 01:58:52.435784,2025-05-26 01:58:58.959125,0 days 00:00:06.523341,Adam,0.14575656779263857,,9.045511857643387e-05,,,,,2,,0.22552275600712846,,,PRUNED
393,393,60.416666666666664,2025-05-26 01:58:58.996862,2025-05-26 01:59:13.869457,0 days 00:00:14.872595,Adam,0.13577708494796334,,0.00011731682640020327,,,,,1,,0.026003211862433772,,,COMPLETE
394,394,33.333333333333336,2025-05-26 01:59:13.924312,2025-05-26 01:59:20.475605,0 days 00:00:06.551293,Adam,0.13416491423076662,,0.00011435332401639856,,,,,1,,0.015459235425477372,,,PRUNED
395,395,33.333333333333336,2025-05-26 01:59:20.513246,2025-05-26 01:59:27.058135,0 days 00:00:06.544889,Adam,0.13875539028993258,,7.758874851292505e-05,,,,,0,,0.021497396048561507,,,PRUNED
396,396,54.166666666666664,2025-05-26 01:59:27.101684,2025-05-26 01:59:41.886551,0 days 00:00:14.784867,Adam,0.12943587669569237,,9.758843843052533e-05,,,,,1,,0.01815331702696898,,,COMPLETE
397,397,52.083333333333336,2025-05-26 01:59:41.942321,2025-05-26 01:59:56.803205,0 days 00:00:14.860884,Adam,0.14857868010644892,,0.00013076927568577123,,,,,1,,0.029655525351225,,,COMPLETE
398,398,33.333333333333336,2025-05-26 01:59:56.859043,2025-05-26 02:00:03.337868,0 days 00:00:06.478825,Adam,0.13674080003921066,,6.50138272811677e-05,,,,,3,,0.024143271469258973,,,PRUNED
399,399,33.333333333333336,2025-05-26 02:00:03.376462,2025-05-26 02:00:09.948204,0 days 00:00:06.571742,Adam,0.15103302545042346,,8.765838803567777e-05,,,,,2,,0.013859150387905658,,,PRUNED
400,400,33.333333333333336,2025-05-26 02:00:09.986613,2025-05-26 02:00:16.517390,0 days 00:00:06.530777,Adam,0.14319795194567828,,0.0022431875656533417,,,,,0,,0.01969948596682845,,,PRUNED
401,401,33.333333333333336,2025-05-26 02:00:16.555994,2025-05-26 02:00:23.153937,0 days 00:00:06.597943,Adam,0.12377552949391077,,0.00010949389069330223,,,,,2,,0.035236313991023095,,,PRUNED
402,402,33.333333333333336,2025-05-26 02:00:23.193845,2025-05-26 02:00:29.746618,0 days 00:00:06.552773,Adam,0.1682505762792376,,5.489263699572894e-05,,,,,1,,0.026906334065649885,,,PRUNED
403,403,33.333333333333336,2025-05-26 02:00:29.791532,2025-05-26 02:00:36.234032,0 days 00:00:06.442500,Adam,0.15355857361495331,,7.752889920517743e-05,,,,,3,,0.015326372565442295,,,PRUNED
404,404,33.333333333333336,2025-05-26 02:00:36.272747,2025-05-26 02:00:42.817585,0 days 00:00:06.544838,Adam,0.13272133862793026,,0.00014227424662434818,,,,,2,,0.02301706792351533,,,PRUNED
405,405,39.583333333333336,2025-05-26 02:00:42.855704,2025-05-26 02:00:52.754312,0 days 00:00:09.898608,Adam,0.16115502780036484,,9.852976986793654e-05,,,,,1,,0.04108564341311841,,,PRUNED
406,406,37.5,2025-05-26 02:00:52.793158,2025-05-26 02:01:00.994408,0 days 00:00:08.201250,Adam,0.14354432035869386,,0.0001245151404409024,,,,,2,,0.06446883895700324,,,PRUNED
407,407,,2025-05-26 02:01:01.033330,2025-05-26 02:01:07.421855,0 days 00:00:06.388525,SGD,0.17470756918450178,,,,3.4164955562876e-05,12.6837474199288,False,0,,,,4.805283404825308,PRUNED
408,408,33.333333333333336,2025-05-26 02:01:07.464049,2025-05-26 02:01:14.008345,0 days 00:00:06.544296,Adam,0.15391319681708018,,4.5696943129128306e-05,,,,,3,,0.017309745718569094,,,PRUNED
409,409,33.333333333333336,2025-05-26 02:01:14.047042,2025-05-26 02:01:20.592750,0 days 00:00:06.545708,Adadelta,0.1409628138135964,0.07755951315139177,,,,,,1,13.420463945657755,,,,PRUNED
410,410,33.333333333333336,2025-05-26 02:01:20.638610,2025-05-26 02:01:27.208360,0 days 00:00:06.569750,Adam,0.16538820209066815,,6.821662408233206e-05,,,,,3,,0.030778600032825967,,,PRUNED
411,411,33.333333333333336,2025-05-26 02:01:27.246705,2025-05-26 02:01:33.782561,0 days 00:00:06.535856,Adam,0.18824577793835437,,8.790843230423699e-05,,,,,2,,5.422190996712934,,,PRUNED
412,412,39.583333333333336,2025-05-26 02:01:33.826893,2025-05-26 02:01:43.686291,0 days 00:00:09.859398,Adam,0.12371114495054064,,0.00011394472703429119,,,,,1,,0.012552259260413074,,,PRUNED
413,413,50.0,2025-05-26 02:01:43.725695,2025-05-26 02:01:58.636277,0 days 00:00:14.910582,Adam,0.13299038611643701,,0.00013636084121338533,,,,,0,,0.13706069837361512,,,COMPLETE
414,414,43.75,2025-05-26 02:01:58.692092,2025-05-26 02:02:13.542227,0 days 00:00:14.850135,Adam,0.14851096057952926,,9.875312130461861e-05,,,,,2,,0.0204075655427358,,,COMPLETE
415,415,43.75,2025-05-26 02:02:13.598611,2025-05-26 02:02:28.502772,0 days 00:00:14.904161,Adam,0.15776313358582134,,7.754992903302668e-05,,,,,3,,0.010034571564173415,,,COMPLETE
416,416,35.416666666666664,2025-05-26 02:02:28.557764,2025-05-26 02:02:35.096224,0 days 00:00:06.538460,Adam,0.11474793649694001,,0.00015599761111934535,,,,,1,,0.025389326407469503,,,PRUNED
417,417,33.333333333333336,2025-05-26 02:02:35.135010,2025-05-26 02:02:41.673754,0 days 00:00:06.538744,Adam,0.14137097407779098,,0.00011283385542166256,,,,,4,,0.017085885934646217,,,PRUNED
418,418,41.666666666666664,2025-05-26 02:02:41.712826,2025-05-26 02:02:51.618496,0 days 00:00:09.905670,Adam,0.1708308108286702,,0.00022073901690791966,,,,,2,,0.029719690848352322,,,PRUNED
419,419,33.333333333333336,2025-05-26 02:02:51.658051,2025-05-26 02:02:58.222549,0 days 00:00:06.564498,Adam,0.15836989232344412,,6.087155765567166e-05,,,,,3,,0.022329013542123334,,,PRUNED
420,420,31.25,2025-05-26 02:02:58.261625,2025-05-26 02:03:04.803809,0 days 00:00:06.542184,Adam,0.13322775820928415,,8.535016712162648e-05,,,,,0,,0.04910470315574352,,,PRUNED
421,421,54.166666666666664,2025-05-26 02:03:04.843225,2025-05-26 02:03:19.829369,0 days 00:00:14.986144,Adam,0.1452874954491297,,0.00017451594257267522,,,,,1,,0.03584823244439672,,,COMPLETE
422,422,52.083333333333336,2025-05-26 02:03:19.884688,2025-05-26 02:03:34.695708,0 days 00:00:14.811020,Adam,0.17970029162315596,,0.0001331651812011211,,,,,2,,0.014053205168614857,,,COMPLETE
423,423,33.333333333333336,2025-05-26 02:03:34.751141,2025-05-26 02:03:41.206669,0 days 00:00:06.455528,Adam,0.12549822332261729,,0.00010198775029914876,,,,,3,,0.0196301277186074,,,PRUNED
424,424,33.333333333333336,2025-05-26 02:03:41.245670,2025-05-26 02:03:47.793712,0 days 00:00:06.548042,Adam,0.1513849298913639,,6.79533119246076e-05,,,,,4,,0.07941570867309009,,,PRUNED
425,425,31.25,2025-05-26 02:03:47.832105,2025-05-26 02:03:54.005474,0 days 00:00:06.173369,Adam,0.16518564656541102,,0.00011295461371698586,,,,,9,,0.02538471677526421,,,PRUNED
426,426,31.25,2025-05-26 02:03:54.047015,2025-05-26 02:04:00.619333,0 days 00:00:06.572318,Adam,0.13468759665285301,,8.661174971736125e-05,,,,,2,,0.01690055360296357,,,PRUNED
427,427,54.166666666666664,2025-05-26 02:04:00.657964,2025-05-26 02:04:15.548092,0 days 00:00:14.890128,Adam,0.15467575192749056,,0.00014412058257882686,,,,,1,,0.027967705344586688,,,COMPLETE
428,428,39.583333333333336,2025-05-26 02:04:15.603420,2025-05-26 02:04:25.728148,0 days 00:00:10.124728,Adam,0.14450336045307155,,0.0001835513515711225,,,,,3,,0.022566212206482233,,,PRUNED
429,429,35.416666666666664,2025-05-26 02:04:25.772892,2025-05-26 02:04:32.308291,0 days 00:00:06.535399,Adam,0.1689821965684867,,5.438176117411097e-05,,,,,2,,0.04144923549694747,,,PRUNED
430,430,33.333333333333336,2025-05-26 02:04:32.351743,2025-05-26 02:04:38.849347,0 days 00:00:06.497604,Adam,0.16012528498771839,,9.801283244113104e-05,,,,,0,,0.030857623688503102,,,PRUNED
431,431,,2025-05-26 02:04:38.892980,2025-05-26 02:04:44.720620,0 days 00:00:05.827640,SGD,0.12068764175000835,,,,0.001063577493643975,33.42696980887982,True,1,,,,21.293471595084203,PRUNED
432,432,33.333333333333336,2025-05-26 02:04:44.758331,2025-05-26 02:04:51.330243,0 days 00:00:06.571912,Adadelta,0.13917220966339372,4.228623758475113,,,,,,4,0.30511132124010754,,,,PRUNED
433,433,64.58333333333333,2025-05-26 02:04:51.374795,2025-05-26 02:05:06.175089,0 days 00:00:14.800294,Adam,0.1297721102342291,,7.485388710711908e-05,,,,,2,,0.01970238128760213,,,COMPLETE
434,434,56.25,2025-05-26 02:05:06.229457,2025-05-26 02:05:21.122427,0 days 00:00:14.892970,Adam,0.11727542159705645,,7.007409830945989e-05,,,,,1,,0.012954773325071766,,,COMPLETE
435,435,33.333333333333336,2025-05-26 02:05:21.176910,2025-05-26 02:05:27.658703,0 days 00:00:06.481793,Adam,0.13090621011343637,,0.00027401081454575706,,,,,2,,0.018891856129784307,,,PRUNED
436,436,31.25,2025-05-26 02:05:27.696511,2025-05-26 02:05:35.903937,0 days 00:00:08.207426,Adam,0.12411722105126052,,0.00012538516796003875,,,,,2,,0.015384449242768135,,,PRUNED
437,437,41.666666666666664,2025-05-26 02:05:35.947699,2025-05-26 02:05:50.784468,0 days 00:00:14.836769,Adam,0.10216630132647463,,7.965512500144413e-05,,,,,0,,0.021263958222273446,,,COMPLETE
438,438,35.416666666666664,2025-05-26 02:05:50.840712,2025-05-26 02:05:57.272870,0 days 00:00:06.432158,Adam,0.18193648147388414,,0.00021676670138616463,,,,,1,,0.017007301733093595,,,PRUNED
439,439,41.666666666666664,2025-05-26 02:05:57.310447,2025-05-26 02:06:07.164776,0 days 00:00:09.854329,Adam,0.11027680474901057,,4.8806378012345824e-05,,,,,2,,0.012114283285368618,,,PRUNED
440,440,33.333333333333336,2025-05-26 02:06:07.209032,2025-05-26 02:06:15.406673,0 days 00:00:08.197641,Adam,0.1373742056801267,,0.0005574974535925049,,,,,1,,0.025419825058750015,,,PRUNED
441,441,31.25,2025-05-26 02:06:15.452601,2025-05-26 02:06:22.051682,0 days 00:00:06.599081,Adam,0.15065551413158607,,4.065094447011427e-05,,,,,3,,0.019699391975050055,,,PRUNED
442,442,33.333333333333336,2025-05-26 02:06:22.089675,2025-05-26 02:06:28.589077,0 days 00:00:06.499402,Adam,0.16209738832485354,,0.0001577898004369685,,,,,2,,0.3388498169934005,,,PRUNED
443,443,43.75,2025-05-26 02:06:28.627685,2025-05-26 02:06:38.520374,0 days 00:00:09.892689,Adam,0.13090819607481247,,0.00011263957376923689,,,,,0,,0.015351065534099343,,,PRUNED
444,444,33.333333333333336,2025-05-26 02:06:38.559367,2025-05-26 02:06:45.063200,0 days 00:00:06.503833,Adam,0.1944279137237823,,6.249939662082292e-05,,,,,1,,0.022354029011063297,,,PRUNED
445,445,35.416666666666664,2025-05-26 02:06:45.100756,2025-05-26 02:06:51.699527,0 days 00:00:06.598771,Adam,0.1446157590255108,,0.0008189502009159395,,,,,3,,0.03546025803834414,,,PRUNED
446,446,52.083333333333336,2025-05-26 02:06:51.737342,2025-05-26 02:07:06.552107,0 days 00:00:14.814765,Adam,0.17596938552170355,,9.172203144417128e-05,,,,,2,,0.025996004901428192,,,COMPLETE
447,447,50.0,2025-05-26 02:07:06.614388,2025-05-26 02:07:21.533616,0 days 00:00:14.919228,Adam,0.15561200336838074,,0.00013789388603949372,,,,,1,,0.017780832340919837,,,COMPLETE
448,448,35.416666666666664,2025-05-26 02:07:21.587917,2025-05-26 02:07:28.101954,0 days 00:00:06.514037,Adam,0.16706178856772305,,7.852128559317724e-05,,,,,4,,0.014721773181478572,,,PRUNED
449,449,58.333333333333336,2025-05-26 02:07:28.140781,2025-05-26 02:07:42.974468,0 days 00:00:14.833687,Adam,0.13965127644204797,,0.00010949936831022652,,,,,2,,0.02196697806809128,,,COMPLETE
450,450,33.333333333333336,2025-05-26 02:07:43.030117,2025-05-26 02:07:49.622754,0 days 00:00:06.592637,Adam,0.12654149474996154,,0.008805539896755393,,,,,3,,0.029902824881386198,,,PRUNED
451,451,33.333333333333336,2025-05-26 02:07:49.660610,2025-05-26 02:07:56.145328,0 days 00:00:06.484718,Adam,0.15056021390009772,,0.00017979322372695843,,,,,0,,0.019677268207163777,,,PRUNED
452,452,27.083333333333332,2025-05-26 02:07:56.184712,2025-05-26 02:08:02.763433,0 days 00:00:06.578721,Adam,0.11352892053691338,,1.0848683453426291e-05,,,,,1,,0.011839846497484435,,,PRUNED
453,453,33.333333333333336,2025-05-26 02:08:02.801802,2025-05-26 02:08:09.338980,0 days 00:00:06.537178,Adam,0.1607571376645611,,9.657406267760352e-05,,,,,3,,0.02470909870301161,,,PRUNED
454,454,33.333333333333336,2025-05-26 02:08:09.377935,2025-05-26 02:08:15.918228,0 days 00:00:06.540293,Adam,0.1404685138907355,,3.202415934121619e-05,,,,,2,,0.03586345706898238,,,PRUNED
455,455,50.0,2025-05-26 02:08:15.963128,2025-05-26 02:08:30.852624,0 days 00:00:14.889496,Adam,0.17202483656155818,,0.0001258478958443018,,,,,2,,0.016748004087393676,,,COMPLETE
456,456,33.333333333333336,2025-05-26 02:08:30.907609,2025-05-26 02:08:37.374008,0 days 00:00:06.466399,Adam,0.12999154090870033,,6.0843339306626856e-05,,,,,5,,0.02700378204051646,,,PRUNED
457,457,,2025-05-26 02:08:37.417000,2025-05-26 02:08:43.809242,0 days 00:00:06.392242,SGD,0.15150473902056735,,,,1.1230254172977745e-05,59.67522294872266,True,4,,,,0.2405256276918836,PRUNED
458,458,25.0,2025-05-26 02:08:43.850930,2025-05-26 02:08:50.463361,0 days 00:00:06.612431,Adam,0.14505188007378741,,7.39461295096999e-05,,,,,0,,15.66778474465894,,,PRUNED
459,459,33.333333333333336,2025-05-26 02:08:50.501540,2025-05-26 02:08:56.978094,0 days 00:00:06.476554,Adadelta,0.18655104297890931,24.761784869473313,,,,,,1,0.03639223529138987,,,,PRUNED
460,460,54.166666666666664,2025-05-26 02:08:57.016004,2025-05-26 02:09:11.901759,0 days 00:00:14.885755,Adam,0.1200417560502063,,0.00015435405688640666,,,,,3,,0.013643453595828008,,,COMPLETE
461,461,35.416666666666664,2025-05-26 02:09:11.956890,2025-05-26 02:09:18.516428,0 days 00:00:06.559538,Adam,0.1592249795772209,,0.00010189341680243598,,,,,1,,0.04610628961658449,,,PRUNED
462,462,39.583333333333336,2025-05-26 02:09:18.555385,2025-05-26 02:09:33.451131,0 days 00:00:14.895746,Adam,0.1330958428428899,,0.00037442561770458806,,,,,2,,0.02073319158075416,,,COMPLETE
463,463,58.333333333333336,2025-05-26 02:09:33.505965,2025-05-26 02:09:48.375064,0 days 00:00:14.869099,Adam,0.1679032776687527,,0.00011850848921072993,,,,,3,,0.032302819957240374,,,COMPLETE
464,464,41.666666666666664,2025-05-26 02:09:48.430897,2025-05-26 02:09:58.333144,0 days 00:00:09.902247,Adam,0.1506207428485494,,8.356718020699579e-05,,,,,2,,0.023568796214441655,,,PRUNED
465,465,56.25,2025-05-26 02:09:58.378140,2025-05-26 02:10:13.278174,0 days 00:00:14.900034,Adam,0.14136696820249448,,0.00023657765357576525,,,,,1,,0.01818675119419497,,,COMPLETE
466,466,33.333333333333336,2025-05-26 02:10:13.333403,2025-05-26 02:10:19.967807,0 days 00:00:06.634404,Adam,0.1749007714062182,,0.00014145788473389872,,,,,0,,0.01089416432059511,,,PRUNED
467,467,31.25,2025-05-26 02:10:20.007692,2025-05-26 02:10:26.586337,0 days 00:00:06.578645,Adam,0.1568439328721888,,7.03775220010352e-05,,,,,2,,0.02878953814835803,,,PRUNED
468,468,33.333333333333336,2025-05-26 02:10:26.625362,2025-05-26 02:10:33.385897,0 days 00:00:06.760535,Adam,0.12653947107943128,,0.00019475594936735883,,,,,4,,0.015489045065487924,,,PRUNED
469,469,33.333333333333336,2025-05-26 02:10:33.429601,2025-05-26 02:10:39.957781,0 days 00:00:06.528180,Adam,0.13805551010103914,,5.581485144395273e-05,,,,,3,,0.11403961677079974,,,PRUNED
470,470,33.333333333333336,2025-05-26 02:10:40.002457,2025-05-26 02:10:46.471217,0 days 00:00:06.468760,Adam,0.1609507114903789,,9.459170115372638e-05,,,,,1,,0.022916472566828473,,,PRUNED
471,471,33.333333333333336,2025-05-26 02:10:46.515008,2025-05-26 02:10:56.439471,0 days 00:00:09.924463,Adam,0.14663189086885897,,0.001305990793038364,,,,,2,,0.019085584175771095,,,PRUNED
472,472,35.416666666666664,2025-05-26 02:10:56.478680,2025-05-26 02:11:02.997498,0 days 00:00:06.518818,Adam,0.11366932632741303,,0.00011736202524731505,,,,,3,,0.035595359522404044,,,PRUNED
473,473,33.333333333333336,2025-05-26 02:11:03.036882,2025-05-26 02:11:09.608729,0 days 00:00:06.571847,Adam,0.15042265976743932,,0.00014908271238175356,,,,,0,,1.5591793203337727,,,PRUNED
474,474,58.333333333333336,2025-05-26 02:11:09.645638,2025-05-26 02:11:24.443817,0 days 00:00:14.798179,Adam,0.16723888221821082,,8.351644641930619e-05,,,,,2,,0.014298607366734049,,,COMPLETE
475,475,35.416666666666664,2025-05-26 02:11:24.498967,2025-05-26 02:11:30.927024,0 days 00:00:06.428057,Adam,0.13286227166887082,,0.0001039532300816906,,,,,1,,0.02636013586150854,,,PRUNED
476,476,50.0,2025-05-26 02:11:30.964853,2025-05-26 02:11:45.821130,0 days 00:00:14.856277,Adam,0.17936984094307692,,0.00016326114124524892,,,,,4,,0.05608669342563433,,,COMPLETE
477,477,33.333333333333336,2025-05-26 02:11:45.877191,2025-05-26 02:11:52.488517,0 days 00:00:06.611326,Adam,0.1563526163895326,,0.00012999885913428768,,,,,2,,0.019640922551879967,,,PRUNED
478,478,,2025-05-26 02:11:52.527663,2025-05-26 02:11:58.300843,0 days 00:00:05.773180,SGD,0.12177681586466256,,,,0.035755393211353875,91.28741029172923,False,1,,,,0.02097792403430133,PRUNED
479,479,31.25,2025-05-26 02:11:58.344541,2025-05-26 02:12:04.899527,0 days 00:00:06.554986,Adam,0.14026794680924756,,5.2034830693343075e-05,,,,,3,,0.04004686162988782,,,PRUNED
480,480,33.333333333333336,2025-05-26 02:12:04.938355,2025-05-26 02:12:11.103219,0 days 00:00:06.164864,Adam,0.1630967721649631,,8.154554754946587e-05,,,,,8,,0.023678277417535826,,,PRUNED
481,481,33.333333333333336,2025-05-26 02:12:11.145518,2025-05-26 02:12:17.623811,0 days 00:00:06.478293,Adadelta,0.14856440752797542,0.03781331506289775,,,,,,0,0.2749972056282367,,,,PRUNED
482,482,33.333333333333336,2025-05-26 02:12:17.662592,2025-05-26 02:12:24.211697,0 days 00:00:06.549105,Adam,0.10154378035165136,,6.439870430493266e-05,,,,,5,,0.031486827895849986,,,PRUNED
483,483,56.25,2025-05-26 02:12:24.256277,2025-05-26 02:12:39.073915,0 days 00:00:14.817638,Adam,0.13415715598906802,,0.00019302806013160638,,,,,2,,0.016756139230016995,,,COMPLETE
484,484,33.333333333333336,2025-05-26 02:12:39.129459,2025-05-26 02:12:45.614140,0 days 00:00:06.484681,Adam,0.1686114647464735,,2.073036844389803e-05,,,,,1,,0.012637539497132142,,,PRUNED
485,485,33.333333333333336,2025-05-26 02:12:45.652221,2025-05-26 02:12:52.263185,0 days 00:00:06.610964,Adam,0.1518595572120782,,9.962268437434137e-05,,,,,3,,0.026801381592041134,,,PRUNED
486,486,33.333333333333336,2025-05-26 02:12:52.302178,2025-05-26 02:12:58.810475,0 days 00:00:06.508297,Adam,0.12519359963055893,,0.00012146762951313739,,,,,2,,0.019103529300454163,,,PRUNED
487,487,33.333333333333336,2025-05-26 02:12:58.849928,2025-05-26 02:13:05.458043,0 days 00:00:06.608115,Adam,0.19088011707859798,,7.137614657597537e-05,,,,,4,,0.021440091005052272,,,PRUNED
488,488,35.416666666666664,2025-05-26 02:13:05.496714,2025-05-26 02:13:12.042993,0 days 00:00:06.546279,Adam,0.14114850409012672,,0.0001712798435052266,,,,,3,,0.016114633599669262,,,PRUNED
489,489,39.583333333333336,2025-05-26 02:13:12.082518,2025-05-26 02:13:22.045477,0 days 00:00:09.962959,Adam,0.15801389502054283,,0.0003044921427087656,,,,,1,,0.02986877488388042,,,PRUNED
490,490,31.25,2025-05-26 02:13:22.084283,2025-05-26 02:13:28.248329,0 days 00:00:06.164046,Adam,0.14689932911151107,,9.315481660676781e-05,,,,,11,,0.010031268139653887,,,PRUNED
491,491,60.416666666666664,2025-05-26 02:13:28.287984,2025-05-26 02:13:43.215006,0 days 00:00:14.927022,Adam,0.1331709861138807,,0.0001258432338947619,,,,,0,,0.02430341708325693,,,COMPLETE
492,492,62.5,2025-05-26 02:13:43.270438,2025-05-26 02:13:58.222803,0 days 00:00:14.952365,Adam,0.10858967184486293,,0.00011034591216714106,,,,,0,,0.042927980799783855,,,COMPLETE
493,493,35.416666666666664,2025-05-26 02:13:58.278578,2025-05-26 02:14:04.855275,0 days 00:00:06.576697,Adam,0.10295408922941698,,0.00010881728419876088,,,,,0,,0.04915003135124726,,,PRUNED
494,494,33.333333333333336,2025-05-26 02:14:04.894427,2025-05-26 02:14:11.451825,0 days 00:00:06.557398,Adam,0.12461340208122107,,8.281638179111409e-05,,,,,0,,0.04075100344291122,,,PRUNED
495,495,33.333333333333336,2025-05-26 02:14:11.489795,2025-05-26 02:14:18.004033,0 days 00:00:06.514238,Adam,0.10470362122801553,,0.00012605767206789347,,,,,0,,0.0349025192490108,,,PRUNED
496,496,37.5,2025-05-26 02:14:18.042629,2025-05-26 02:14:26.333690,0 days 00:00:08.291061,Adam,0.09418428785175713,,4.663392162549577e-05,,,,,0,,0.04219144391138767,,,PRUNED
497,497,31.25,2025-05-26 02:14:26.372408,2025-05-26 02:14:32.835491,0 days 00:00:06.463083,Adam,0.11218410836164229,,9.935332792288615e-05,,,,,0,,0.028611015859895537,,,PRUNED
498,498,35.416666666666664,2025-05-26 02:14:32.873659,2025-05-26 02:14:39.464425,0 days 00:00:06.590766,Adam,0.12441686826801401,,6.760763942190505e-05,,,,,0,,0.02494122633692933,,,PRUNED
499,499,33.333333333333336,2025-05-26 02:14:39.502523,2025-05-26 02:14:46.048514,0 days 00:00:06.545991,Adam,0.11470736938638469,,0.00014269716536445518,,,,,1,,0.013600513691513542,,,PRUNED
500,500,35.416666666666664,2025-05-26 02:14:46.086787,2025-05-26 02:14:52.712428,0 days 00:00:06.625641,Adam,0.11085527055761248,,8.610272497386112e-05,,,,,1,,0.033776342470972665,,,PRUNED
501,501,43.75,2025-05-26 02:14:52.751876,2025-05-26 02:15:07.671389,0 days 00:00:14.919513,Adam,0.13149282549608476,,0.00012026467736590131,,,,,0,,0.02215650183074569,,,COMPLETE
502,502,,2025-05-26 02:15:07.727264,2025-05-26 02:15:14.218656,0 days 00:00:06.491392,SGD,0.11842500402864639,,,,0.0002791319314359628,32.391471939579716,True,1,,,,0.11355447887572195,PRUNED
503,503,52.083333333333336,2025-05-26 02:15:14.260928,2025-05-26 02:15:29.123718,0 days 00:00:14.862790,Adam,0.13946369041862475,,7.315788125217021e-05,,,,,2,,0.028431713596912295,,,COMPLETE
504,504,31.25,2025-05-26 02:15:29.179870,2025-05-26 02:15:35.897915,0 days 00:00:06.718045,Adam,0.0878970041319801,,5.8229204579070136e-05,,,,,0,,0.017611939922613448,,,PRUNED
505,505,31.25,2025-05-26 02:15:35.942885,2025-05-26 02:15:43.831718,0 days 00:00:07.888833,Adadelta,0.1310068053006331,0.010622227040620824,,,,,,6,3.188048185125115,,,,PRUNED
506,506,33.333333333333336,2025-05-26 02:15:43.875063,2025-05-26 02:15:50.419259,0 days 00:00:06.544196,Adam,0.12252547057362063,,0.0001010760264477104,,,,,1,,0.057876444534286337,,,PRUNED
507,507,33.333333333333336,2025-05-26 02:15:50.464096,2025-05-26 02:15:57.023330,0 days 00:00:06.559234,Adam,0.1339179990387964,,0.0001413629325980906,,,,,2,,0.08977687384797879,,,PRUNED
508,508,33.333333333333336,2025-05-26 02:15:57.062238,2025-05-26 02:16:03.633264,0 days 00:00:06.571026,Adam,0.11078848934440122,,0.00011116151918483594,,,,,1,,0.03478162149460629,,,PRUNED
509,509,25.0,2025-05-26 02:16:03.671643,2025-05-26 02:16:09.722182,0 days 00:00:06.050539,Adam,0.13797749168274698,,8.658297923650265e-05,,,,,20,,0.023679259861715034,,,PRUNED
510,510,43.75,2025-05-26 02:16:09.761327,2025-05-26 02:16:19.725463,0 days 00:00:09.964136,Adam,0.1454408548881959,,0.00015877212593107793,,,,,0,,0.019531538065788154,,,PRUNED
511,511,47.916666666666664,2025-05-26 02:16:19.765387,2025-05-26 02:16:34.635964,0 days 00:00:14.870577,Adam,0.12047361434047897,,7.35826811294439e-05,,,,,2,,0.04588534758479665,,,COMPLETE
512,512,33.333333333333336,2025-05-26 02:16:34.691957,2025-05-26 02:16:41.176179,0 days 00:00:06.484222,Adam,0.13595218545354226,,0.00012953220147911794,,,,,1,,0.6570847891162016,,,PRUNED
513,513,33.333333333333336,2025-05-26 02:16:41.216147,2025-05-26 02:16:47.796275,0 days 00:00:06.580128,Adam,0.14605835658933228,,9.54050006838172e-05,,,,,2,,0.015181164287813478,,,PRUNED
514,514,62.5,2025-05-26 02:16:47.841184,2025-05-26 02:17:02.780453,0 days 00:00:14.939269,Adam,0.10119037902140268,,0.0001152104167128131,,,,,1,,0.025702949094121196,,,COMPLETE
515,515,33.333333333333336,2025-05-26 02:17:02.837432,2025-05-26 02:17:09.361695,0 days 00:00:06.524263,Adam,0.09968246252030144,,0.00010903465100167218,,,,,3,,0.029452028598438446,,,PRUNED
516,516,33.333333333333336,2025-05-26 02:17:09.406647,2025-05-26 02:17:15.959348,0 days 00:00:06.552701,Adam,0.08642837405296089,,0.00021107536402781694,,,,,0,,0.03841874114283462,,,PRUNED
517,517,33.333333333333336,2025-05-26 02:17:16.004389,2025-05-26 02:17:22.613738,0 days 00:00:06.609349,Adam,0.0878093753047944,,5.81465218266739e-05,,,,,2,,0.025329856053110226,,,PRUNED
518,518,35.416666666666664,2025-05-26 02:17:22.659229,2025-05-26 02:17:29.091345,0 days 00:00:06.432116,Adam,0.10997101972507503,,0.0001449330790141151,,,,,1,,0.011607724013077973,,,PRUNED
519,519,33.333333333333336,2025-05-26 02:17:29.136881,2025-05-26 02:17:35.717042,0 days 00:00:06.580161,Adam,0.10125955133243895,,3.499735446999262e-05,,,,,4,,0.020342223947411173,,,PRUNED
520,520,33.333333333333336,2025-05-26 02:17:35.762025,2025-05-26 02:17:42.303776,0 days 00:00:06.541751,Adam,0.12250448032761552,,7.861494314614592e-05,,,,,1,,3.247684764829747,,,PRUNED
521,521,54.166666666666664,2025-05-26 02:17:42.342528,2025-05-26 02:17:57.266328,0 days 00:00:14.923800,Adam,0.106592295029247,,4.404806346581281e-05,,,,,3,,0.016050087762197726,,,COMPLETE
522,522,33.333333333333336,2025-05-26 02:17:57.322571,2025-05-26 02:18:03.877615,0 days 00:00:06.555044,Adam,0.11762358777351782,,0.07465404313001128,,,,,2,,0.0323794239497344,,,PRUNED
523,523,35.416666666666664,2025-05-26 02:18:03.916261,2025-05-26 02:18:10.487510,0 days 00:00:06.571249,Adam,0.1298577887697679,,0.00017055438948317527,,,,,0,,0.025216328667612583,,,PRUNED
524,524,52.083333333333336,2025-05-26 02:18:10.527098,2025-05-26 02:18:25.383381,0 days 00:00:14.856283,Adam,0.12660309128183247,,0.0001188337545241204,,,,,2,,0.018387757275221756,,,COMPLETE
525,525,,2025-05-26 02:18:25.439172,2025-05-26 02:18:31.098763,0 days 00:00:05.659591,SGD,0.13687867891977218,,,,0.005870026561000627,63.76506620455284,False,1,,,,40.74117118545622,PRUNED
526,526,35.416666666666664,2025-05-26 02:18:31.142030,2025-05-26 02:18:37.729856,0 days 00:00:06.587826,Adam,0.14534085055211726,,9.696178182624752e-05,,,,,3,,1.0296524258336974,,,PRUNED
527,527,33.333333333333336,2025-05-26 02:18:37.768988,2025-05-26 02:18:44.295574,0 days 00:00:06.526586,Adadelta,0.10867032226224374,22.641290278670535,,,,,,4,0.03765727997133339,,,,PRUNED
528,528,56.25,2025-05-26 02:18:44.335701,2025-05-26 02:18:59.234902,0 days 00:00:14.899201,Adam,0.11919131879232227,,6.807325251759567e-05,,,,,2,,0.013723983634613074,,,COMPLETE
529,529,45.833333333333336,2025-05-26 02:18:59.291759,2025-05-26 02:19:13.728728,0 days 00:00:14.436969,Adam,0.09699184595281242,,0.00013380030737325012,,,,,5,,0.0214213830804339,,,COMPLETE
530,530,54.166666666666664,2025-05-26 02:19:13.786466,2025-05-26 02:19:28.708132,0 days 00:00:14.921666,Adam,0.15048936660884862,,9.047064040083248e-05,,,,,1,,0.028731483244716614,,,COMPLETE
531,531,33.333333333333336,2025-05-26 02:19:28.764526,2025-05-26 02:19:35.271492,0 days 00:00:06.506966,Adam,0.12908312470792765,,0.022637455143283112,,,,,3,,0.03643917404260287,,,PRUNED
532,532,47.916666666666664,2025-05-26 02:19:35.310202,2025-05-26 02:19:50.262424,0 days 00:00:14.952222,Adam,0.09637081064280781,,0.00011099015248535115,,,,,0,,0.02333064396863134,,,COMPLETE
533,533,35.416666666666664,2025-05-26 02:19:50.318603,2025-05-26 02:19:56.870691,0 days 00:00:06.552088,Adam,0.13824968455263578,,0.00017685574336308714,,,,,2,,0.017268960104705175,,,PRUNED
534,534,33.333333333333336,2025-05-26 02:19:56.909035,2025-05-26 02:20:03.478490,0 days 00:00:06.569455,Adam,0.1552384575873949,,8.806998056641551e-05,,,,,1,,0.05045448497157197,,,PRUNED
535,535,25.0,2025-05-26 02:20:03.517173,2025-05-26 02:20:10.113093,0 days 00:00:06.595920,Adam,0.17368875889561217,,5.412256757326136e-05,,,,,3,,0.027043117288873098,,,PRUNED
536,536,35.416666666666664,2025-05-26 02:20:10.151975,2025-05-26 02:20:16.711980,0 days 00:00:06.560005,Adam,0.1160761851719389,,0.00025366050821658563,,,,,0,,0.013730480511531307,,,PRUNED
537,537,43.75,2025-05-26 02:20:16.751875,2025-05-26 02:20:31.633430,0 days 00:00:14.881555,Adam,0.14302321714448143,,0.0001360862757335258,,,,,1,,0.020799882768066113,,,COMPLETE
538,538,33.333333333333336,2025-05-26 02:20:31.690438,2025-05-26 02:20:38.192585,0 days 00:00:06.502147,Adam,0.13172621289746209,,0.003539422641515207,,,,,2,,0.033010628830386315,,,PRUNED
539,539,29.166666666666668,2025-05-26 02:20:38.232106,2025-05-26 02:20:44.806481,0 days 00:00:06.574375,Adam,0.164786365565108,,6.910164152809492e-05,,,,,4,,0.011579878882171157,,,PRUNED
540,540,31.25,2025-05-26 02:20:44.845962,2025-05-26 02:20:51.616612,0 days 00:00:06.770650,Adam,0.1520197943768603,,0.00010795414808216403,,,,,2,,0.017276131480589707,,,PRUNED
541,541,50.0,2025-05-26 02:20:51.662048,2025-05-26 02:21:06.560911,0 days 00:00:14.898863,Adam,0.14119019779554992,,0.00015484812983091416,,,,,3,,0.0416484595944552,,,COMPLETE
542,542,58.333333333333336,2025-05-26 02:21:06.618125,2025-05-26 02:21:21.585721,0 days 00:00:14.967596,Adam,0.12698975429981416,,8.038621915302193e-05,,,,,1,,0.025327310032373127,,,COMPLETE
543,543,33.333333333333336,2025-05-26 02:21:21.642799,2025-05-26 02:21:28.230933,0 days 00:00:06.588134,Adam,0.16173676186176134,,0.0001236470481341485,,,,,0,,0.021458678761274635,,,PRUNED
544,544,31.25,2025-05-26 02:21:28.276173,2025-05-26 02:21:34.822619,0 days 00:00:06.546446,Adam,0.15107964943088806,,9.563057369161169e-05,,,,,2,,0.030576468574471688,,,PRUNED
545,545,54.166666666666664,2025-05-26 02:21:34.868724,2025-05-26 02:21:49.786490,0 days 00:00:14.917766,Adam,0.17745144032765822,,6.410885001446706e-05,,,,,3,,0.06322573596425912,,,COMPLETE
546,546,35.416666666666664,2025-05-26 02:21:49.843871,2025-05-26 02:21:58.599839,0 days 00:00:08.755968,Adam,0.1352739664834621,,0.00019825981667744616,,,,,12,,0.01507257785671393,,,PRUNED
547,547,33.333333333333336,2025-05-26 02:21:58.642780,2025-05-26 02:22:05.207422,0 days 00:00:06.564642,Adam,0.11633826717043462,,8.124731624839957e-05,,,,,1,,0.017471988884287713,,,PRUNED
548,548,,2025-05-26 02:22:05.247120,2025-05-26 02:22:11.071413,0 days 00:00:05.824293,SGD,0.14372589350324677,,,,0.026152401518621547,75.1457234424181,False,2,,,,0.9946230621742701,PRUNED
549,549,33.333333333333336,2025-05-26 02:22:11.110392,2025-05-26 02:22:17.694522,0 days 00:00:06.584130,Adam,0.168455686818027,,0.00014188238426844274,,,,,0,,0.023322183950262552,,,PRUNED
550,550,33.333333333333336,2025-05-26 02:22:17.743515,2025-05-26 02:22:24.374386,0 days 00:00:06.630871,Adadelta,0.1556843814559999,1.7517139665602974,,,,,,1,94.6987618127254,,,,PRUNED
551,551,62.5,2025-05-26 02:22:24.419682,2025-05-26 02:22:39.396010,0 days 00:00:14.976328,Adam,0.13305582577298228,,0.00011079128178235146,,,,,4,,0.028309619655241938,,,COMPLETE
552,552,47.916666666666664,2025-05-26 02:22:39.452901,2025-05-26 02:22:53.972381,0 days 00:00:14.519480,Adam,0.14371852529071916,,0.00011549302415831374,,,,,5,,0.03790447163579427,,,COMPLETE
553,553,35.416666666666664,2025-05-26 02:22:54.029858,2025-05-26 02:23:00.610706,0 days 00:00:06.580848,Adam,0.18594250084928143,,0.00016586516567520322,,,,,4,,0.031268934929462644,,,PRUNED
554,554,56.25,2025-05-26 02:23:00.656611,2025-05-26 02:23:15.106960,0 days 00:00:14.450349,Adam,0.12869516928575955,,0.00010543521308399273,,,,,5,,0.02728855907292115,,,COMPLETE
555,555,33.333333333333336,2025-05-26 02:23:15.164172,2025-05-26 02:23:21.787925,0 days 00:00:06.623753,Adam,0.10504650395673074,,0.0001311770151551915,,,,,4,,0.18981993288026566,,,PRUNED
556,556,58.333333333333336,2025-05-26 02:23:21.833807,2025-05-26 02:23:35.730122,0 days 00:00:13.896315,Adam,0.15457547555454465,,8.912176864999314e-05,,,,,6,,0.04675983917228489,,,COMPLETE
557,557,35.416666666666664,2025-05-26 02:23:35.786585,2025-05-26 02:23:42.272594,0 days 00:00:06.486009,Adam,0.16512432538581714,,0.00011089535939732814,,,,,4,,0.01995734852122716,,,PRUNED
558,558,33.333333333333336,2025-05-26 02:23:42.318254,2025-05-26 02:23:48.971035,0 days 00:00:06.652781,Adam,0.13733113292232252,,0.0001517646131920774,,,,,3,,22.69222679193582,,,PRUNED
559,559,33.333333333333336,2025-05-26 02:23:49.018728,2025-05-26 02:23:55.585804,0 days 00:00:06.567076,Adam,0.14613877340345602,,0.00022250715632422292,,,,,4,,0.033741997143922196,,,PRUNED
560,560,41.666666666666664,2025-05-26 02:23:55.632665,2025-05-26 02:24:07.165026,0 days 00:00:11.532361,Adam,0.079076374231345,,9.767023170767566e-05,,,,,3,,0.012928024924800725,,,PRUNED
561,561,33.333333333333336,2025-05-26 02:24:07.204909,2025-05-26 02:24:13.695829,0 days 00:00:06.490920,Adam,0.12003570624119028,,0.00012661995969629697,,,,,3,,0.024780233242145216,,,PRUNED
562,562,29.166666666666668,2025-05-26 02:24:13.741838,2025-05-26 02:24:20.304715,0 days 00:00:06.562877,Adam,0.20125103053393084,,8.075050487680201e-05,,,,,5,,0.010130669503266954,,,PRUNED
563,563,35.416666666666664,2025-05-26 02:24:20.350375,2025-05-26 02:24:28.504543,0 days 00:00:08.154168,Adam,0.15914616297539788,,0.00017011086635426094,,,,,3,,0.01870988055521475,,,PRUNED
564,564,35.416666666666664,2025-05-26 02:24:28.544734,2025-05-26 02:24:35.122286,0 days 00:00:06.577552,Adam,0.1337128396623422,,0.0001078152428117347,,,,,4,,0.015126751080444334,,,PRUNED
565,565,33.333333333333336,2025-05-26 02:24:35.169706,2025-05-26 02:24:41.695908,0 days 00:00:06.526202,Adam,0.14824954546196734,,7.234342619227213e-05,,,,,2,,0.04186523551145061,,,PRUNED
566,566,33.333333333333336,2025-05-26 02:24:41.741377,2025-05-26 02:24:47.960375,0 days 00:00:06.218998,Adam,0.173857383120245,,0.00012804851097560847,,,,,8,,0.02716552660603244,,,PRUNED
567,567,33.333333333333336,2025-05-26 02:24:48.003401,2025-05-26 02:24:54.693783,0 days 00:00:06.690382,Adam,0.12405869966298698,,9.211307473721981e-05,,,,,2,,0.021424078816614688,,,PRUNED
568,568,50.0,2025-05-26 02:24:54.740327,2025-05-26 02:25:09.815659,0 days 00:00:15.075332,Adam,0.11135259329069339,,0.00011853436925873396,,,,,3,,0.030921726113345815,,,COMPLETE
569,569,33.333333333333336,2025-05-26 02:25:09.873108,2025-05-26 02:25:16.442903,0 days 00:00:06.569795,Adam,0.13905969806302315,,0.00018829700110473233,,,,,3,,2.12812261884038,,,PRUNED
570,570,58.333333333333336,2025-05-26 02:25:16.488943,2025-05-26 02:25:31.411567,0 days 00:00:14.922624,Adam,0.15523067402526958,,0.00014873593514766486,,,,,2,,0.017313326666403953,,,COMPLETE
571,571,35.416666666666664,2025-05-26 02:25:31.468774,2025-05-26 02:25:38.031916,0 days 00:00:06.563142,Adam,0.09330262343334769,,7.951768453063708e-05,,,,,4,,0.02360936558019161,,,PRUNED
572,572,,2025-05-26 02:25:38.071802,2025-05-26 02:25:44.528766,0 days 00:00:06.456964,SGD,0.16658299527801929,,,,0.0012174057170104974,48.00077573572326,True,2,,,,0.03128940664125217,PRUNED
573,573,33.333333333333336,2025-05-26 02:25:44.572686,2025-05-26 02:25:50.838401,0 days 00:00:06.265715,Adam,0.1495355501086524,,0.00010099598801898873,,,,,19,,0.036446890213293885,,,PRUNED
574,574,31.25,2025-05-26 02:25:50.881221,2025-05-26 02:25:57.369142,0 days 00:00:06.487921,Adadelta,0.13593109105133494,0.11851472552825154,,,,,,0,11.146466497847873,,,,PRUNED
575,575,64.58333333333333,2025-05-26 02:25:57.408981,2025-05-26 02:26:12.324627,0 days 00:00:14.915646,Adam,0.12825177974768487,,5.969465051285056e-05,,,,,1,,0.012361629520666089,,,COMPLETE
576,576,35.416666666666664,2025-05-26 02:26:12.381771,2025-05-26 02:26:19.017240,0 days 00:00:06.635469,Adam,0.11633602534635368,,4.7792671823376226e-05,,,,,0,,0.01323239048022989,,,PRUNED
577,577,33.333333333333336,2025-05-26 02:26:19.066829,2025-05-26 02:26:25.586428,0 days 00:00:06.519599,Adam,0.10555997713881657,,0.00043905910693557335,,,,,1,,0.0124100299899388,,,PRUNED
578,578,33.333333333333336,2025-05-26 02:26:25.632563,2025-05-26 02:26:32.241739,0 days 00:00:06.609176,Adam,0.12342551193211952,,5.9855042439945596e-05,,,,,1,,0.010984488555875246,,,PRUNED
579,579,33.333333333333336,2025-05-26 02:26:32.287741,2025-05-26 02:26:38.860435,0 days 00:00:06.572694,Adam,0.12996945194174617,,6.272546788930984e-05,,,,,0,,0.014862901711613,,,PRUNED
580,580,50.0,2025-05-26 02:26:38.906145,2025-05-26 02:26:53.884020,0 days 00:00:14.977875,Adam,0.11750433594723458,,0.00013859119720043776,,,,,1,,0.015108632122844976,,,COMPLETE
581,581,33.333333333333336,2025-05-26 02:26:53.941192,2025-05-26 02:27:00.529053,0 days 00:00:06.587861,Adam,0.47318997908850896,,0.001291912812981728,,,,,1,,0.01165501955914355,,,PRUNED
582,582,31.25,2025-05-26 02:27:00.575151,2025-05-26 02:27:07.143147,0 days 00:00:06.567996,Adam,0.12708315480378476,,7.64711379382713e-05,,,,,0,,0.2727418208385669,,,PRUNED
583,583,56.25,2025-05-26 02:27:07.189753,2025-05-26 02:27:22.123529,0 days 00:00:14.933776,Adam,0.14217820519032182,,0.000212482512093678,,,,,2,,0.01805563400603765,,,COMPLETE
584,584,52.083333333333336,2025-05-26 02:27:22.180698,2025-05-26 02:27:36.669280,0 days 00:00:14.488582,Adam,0.10263285344406234,,9.26013207244972e-05,,,,,5,,0.01971835152220314,,,COMPLETE
585,585,33.333333333333336,2025-05-26 02:27:36.728771,2025-05-26 02:27:43.232261,0 days 00:00:06.503490,Adam,0.13360669067910375,,0.00016494271202097447,,,,,1,,0.01385080423435897,,,PRUNED
586,586,35.416666666666664,2025-05-26 02:27:43.278360,2025-05-26 02:27:49.536863,0 days 00:00:06.258503,Adam,0.11596234026842252,,0.0001137942697466971,,,,,10,,0.028361474105333028,,,PRUNED
587,587,35.416666666666664,2025-05-26 02:27:49.580003,2025-05-26 02:27:56.054683,0 days 00:00:06.474680,Adam,0.14373260009196712,,5.267716402618087e-05,,,,,4,,0.459133911054281,,,PRUNED
588,588,33.333333333333336,2025-05-26 02:27:56.100835,2025-05-26 02:28:02.371993,0 days 00:00:06.271158,Adam,0.1280532792677408,,7.170242956079511e-05,,,,,7,,0.07342148743874764,,,PRUNED
589,589,60.416666666666664,2025-05-26 02:28:02.415365,2025-05-26 02:28:17.288570,0 days 00:00:14.873205,Adam,0.16267435157864846,,0.000141236339496131,,,,,2,,0.022442883530426932,,,COMPLETE
590,590,33.333333333333336,2025-05-26 02:28:17.346167,2025-05-26 02:28:23.928131,0 days 00:00:06.581964,Adam,0.13703092071036144,,0.0002708661959295104,,,,,3,,0.021828997172226524,,,PRUNED
591,591,58.333333333333336,2025-05-26 02:28:23.974491,2025-05-26 02:28:38.898068,0 days 00:00:14.923577,Adam,0.1528066489875405,,0.00018962323130729535,,,,,3,,0.016400450045349218,,,COMPLETE
592,592,33.333333333333336,2025-05-26 02:28:38.955891,2025-05-26 02:28:47.288524,0 days 00:00:08.332633,Adam,0.11166748983236702,,0.00014899341246523085,,,,,2,,85.90375488401182,,,PRUNED
593,593,33.333333333333336,2025-05-26 02:28:47.328845,2025-05-26 02:28:53.921618,0 days 00:00:06.592773,Adam,0.1768655722615217,,0.0001348700472323977,,,,,3,,0.050268715335443956,,,PRUNED
594,594,35.416666666666664,2025-05-26 02:28:53.970103,2025-05-26 02:29:00.617492,0 days 00:00:06.647389,Adam,0.09078088113879174,,0.0001736601916953388,,,,,2,,0.12375306736819085,,,PRUNED
595,595,33.333333333333336,2025-05-26 02:29:00.664076,2025-05-26 02:29:07.234738,0 days 00:00:06.570662,Adam,0.1265867109762965,,0.00011837856250668938,,,,,4,,0.02466499276621698,,,PRUNED
596,596,,2025-05-26 02:29:07.281215,2025-05-26 02:29:13.796922,0 days 00:00:06.515707,SGD,0.1611169380538662,,,,0.005201991463732514,13.25046039598007,True,3,,,,5.259765615509005,PRUNED
597,597,33.333333333333336,2025-05-26 02:29:13.840979,2025-05-26 02:29:20.465906,0 days 00:00:06.624927,Adam,0.14738651396912217,,0.00010347620066015883,,,,,2,,0.01890740976016547,,,PRUNED
598,598,35.416666666666664,2025-05-26 02:29:20.511991,2025-05-26 02:29:27.056998,0 days 00:00:06.545007,Adam,0.13790038431025553,,0.00014766454021595475,,,,,2,,0.032211105521590976,,,PRUNED
599,599,35.416666666666664,2025-05-26 02:29:27.105058,2025-05-26 02:29:33.688412,0 days 00:00:06.583354,Adam,0.12148635655577875,,0.0001312023381661664,,,,,4,,0.012595914303549874,,,PRUNED
600,600,33.333333333333336,2025-05-26 02:29:33.734093,2025-05-26 02:29:40.241233,0 days 00:00:06.507140,Adam,0.1558135007598636,,9.038524371194446e-05,,,,,3,,0.010069926262217555,,,PRUNED
601,601,33.333333333333336,2025-05-26 02:29:40.287789,2025-05-26 02:29:47.042962,0 days 00:00:06.755173,Adadelta,0.18256078549861088,0.6895063488417816,,,,,,1,0.23224386191398091,,,,PRUNED
602,602,43.75,2025-05-26 02:29:47.088614,2025-05-26 02:30:01.968379,0 days 00:00:14.879765,Adam,0.1429242956134484,,0.00022878645423256018,,,,,2,,0.0381297461583493,,,COMPLETE
603,603,33.333333333333336,2025-05-26 02:30:02.027249,2025-05-26 02:30:08.537267,0 days 00:00:06.510018,Adam,0.1650135932836748,,0.00011486691980071602,,,,,1,,0.026471382187649887,,,PRUNED
604,604,58.333333333333336,2025-05-26 02:30:08.584625,2025-05-26 02:30:23.552148,0 days 00:00:14.967523,Adam,0.13036484697283643,,0.0001683923997600819,,,,,0,,0.01591570764966163,,,COMPLETE
605,605,37.5,2025-05-26 02:30:23.610313,2025-05-26 02:30:31.852109,0 days 00:00:08.241796,Adam,0.09803775808140906,,0.0001012005255967414,,,,,2,,0.021071478907989234,,,PRUNED
606,606,33.333333333333336,2025-05-26 02:30:31.897409,2025-05-26 02:30:38.193716,0 days 00:00:06.296307,Adam,0.15003685721444857,,0.00013154567436980403,,,,,6,,0.029254415133766826,,,PRUNED
607,607,37.5,2025-05-26 02:30:38.237779,2025-05-26 02:30:48.164229,0 days 00:00:09.926450,Adam,0.10937179817823137,,8.275014635032587e-05,,,,,3,,0.018576359040046165,,,PRUNED
608,608,45.833333333333336,2025-05-26 02:30:48.210767,2025-05-26 02:31:02.695788,0 days 00:00:14.485021,Adam,0.1705038810551777,,0.00019851771170748298,,,,,5,,0.04379703189117773,,,COMPLETE
609,609,27.083333333333332,2025-05-26 02:31:02.754141,2025-05-26 02:31:12.566270,0 days 00:00:09.812129,Adam,0.1424440852503449,,4.000938144331603e-05,,,,,1,,6.450844581054884,,,PRUNED
610,610,27.083333333333332,2025-05-26 02:31:12.614269,2025-05-26 02:31:19.236906,0 days 00:00:06.622637,Adam,0.1338651383105067,,6.022766299810813e-05,,,,,2,,0.023649034536268185,,,PRUNED
611,611,33.333333333333336,2025-05-26 02:31:19.283617,2025-05-26 02:31:25.823229,0 days 00:00:06.539612,Adam,0.1569935625071744,,0.00015207885526571618,,,,,0,,0.014756556478549865,,,PRUNED
612,612,33.333333333333336,2025-05-26 02:31:25.870478,2025-05-26 02:31:32.456906,0 days 00:00:06.586428,Adam,0.11980484015012104,,0.0001164859177266151,,,,,4,,0.03501493068689246,,,PRUNED
613,613,41.666666666666664,2025-05-26 02:31:32.503328,2025-05-26 02:31:42.374269,0 days 00:00:09.870941,Adam,0.14725194140349857,,0.000680291613830762,,,,,3,,0.02131297669385583,,,PRUNED
614,614,29.166666666666668,2025-05-26 02:31:42.421670,2025-05-26 02:31:49.063508,0 days 00:00:06.641838,Adam,0.13526578775142528,,7.25078218439054e-05,,,,,1,,0.09477264424999576,,,PRUNED
615,615,60.416666666666664,2025-05-26 02:31:49.110362,2025-05-26 02:32:03.913030,0 days 00:00:14.802668,Adam,0.16250940727877566,,8.922936307040422e-05,,,,,3,,0.012436510676368204,,,COMPLETE
616,616,33.333333333333336,2025-05-26 02:32:03.972194,2025-05-26 02:32:10.484155,0 days 00:00:06.511961,Adam,0.12748471344569418,,0.00010682015080002353,,,,,1,,0.027390193245047805,,,PRUNED
617,617,33.333333333333336,2025-05-26 02:32:10.530761,2025-05-26 02:32:17.117315,0 days 00:00:06.586554,Adam,0.17422218257016894,,0.00013947133731003307,,,,,0,,0.016932801582685855,,,PRUNED
618,618,66.66666666666667,2025-05-26 02:32:17.164974,2025-05-26 02:32:32.087993,0 days 00:00:14.923019,Adam,0.15193912761690534,,0.0001689264251841385,,,,,2,,0.03265224795903603,,,COMPLETE
619,619,,2025-05-26 02:32:32.146157,2025-05-26 02:32:38.624245,0 days 00:00:06.478088,SGD,0.1413294985930495,,,,3.930981644685938e-05,30.773077682941867,False,2,,,,0.1620507989121587,PRUNED
620,620,33.333333333333336,2025-05-26 02:32:38.669291,2025-05-26 02:32:45.261497,0 days 00:00:06.592206,Adam,0.1117140104923584,,0.0002990537147599979,,,,,3,,0.057444955613663785,,,PRUNED
621,621,33.333333333333336,2025-05-26 02:32:45.308621,2025-05-26 02:32:51.909004,0 days 00:00:06.600383,Adadelta,0.12357772107977993,0.02319923143780824,,,,,,2,35.51246838092917,,,,PRUNED
622,622,33.333333333333336,2025-05-26 02:32:51.955717,2025-05-26 02:32:58.099796,0 days 00:00:06.144079,Adam,0.15131976067138028,,0.0002445240710573829,,,,,13,,0.04250291406615296,,,PRUNED
623,623,33.333333333333336,2025-05-26 02:32:58.143215,2025-05-26 02:33:04.723771,0 days 00:00:06.580556,Adam,0.13708397423411597,,7.006212549436442e-05,,,,,4,,0.03385387520016972,,,PRUNED
624,624,33.333333333333336,2025-05-26 02:33:04.769979,2025-05-26 02:33:11.306507,0 days 00:00:06.536528,Adam,0.14994126914381983,,0.001828775491420281,,,,,0,,0.03136324226212332,,,PRUNED
625,625,52.083333333333336,2025-05-26 02:33:11.353678,2025-05-26 02:33:26.351837,0 days 00:00:14.998159,Adam,0.13106736671716968,,0.00018853423730612803,,,,,1,,0.039796591435366124,,,COMPLETE
626,626,52.083333333333336,2025-05-26 02:33:26.409923,2025-05-26 02:33:41.308676,0 days 00:00:14.898753,Adam,0.13907981604583683,,8.756991961257412e-05,,,,,2,,0.027089101212981748,,,COMPLETE
627,627,33.333333333333336,2025-05-26 02:33:41.367428,2025-05-26 02:33:47.976124,0 days 00:00:06.608696,Adam,0.08201261039459885,,1.4954931633940186e-05,,,,,3,,0.05039346589350997,,,PRUNED
628,628,33.333333333333336,2025-05-26 02:33:48.022695,2025-05-26 02:33:54.659417,0 days 00:00:06.636722,Adam,0.11864446821019214,,0.00010351174884699194,,,,,1,,0.014168090838458772,,,PRUNED
629,629,31.25,2025-05-26 02:33:54.706626,2025-05-26 02:34:01.219642,0 days 00:00:06.513016,Adam,0.15157411421504452,,4.8926567014949044e-05,,,,,5,,0.03334092058848181,,,PRUNED
630,630,43.75,2025-05-26 02:34:01.267385,2025-05-26 02:34:16.146521,0 days 00:00:14.879136,Adam,0.27938064036060484,,0.00016668377828029225,,,,,2,,0.018447852103057646,,,COMPLETE
631,631,43.75,2025-05-26 02:34:16.205580,2025-05-26 02:34:31.392828,0 days 00:00:15.187248,Adam,0.1293629314511807,,0.00021637898178330196,,,,,0,,0.011379101469965574,,,COMPLETE
632,632,33.333333333333336,2025-05-26 02:34:31.450554,2025-05-26 02:34:38.040031,0 days 00:00:06.589477,Adam,0.14433984302273808,,0.00012050531210917684,,,,,1,,0.024719491977945623,,,PRUNED
633,633,37.5,2025-05-26 02:34:38.086446,2025-05-26 02:34:46.939963,0 days 00:00:08.853517,Adam,0.1578229428423063,,5.9555210540141536e-05,,,,,22,,0.02953242319965739,,,PRUNED
634,634,35.416666666666664,2025-05-26 02:34:46.983636,2025-05-26 02:34:53.600660,0 days 00:00:06.617024,Adam,0.11120688772855054,,8.037595963378257e-05,,,,,3,,0.016121519437017135,,,PRUNED
635,635,33.333333333333336,2025-05-26 02:34:53.646437,2025-05-26 02:35:00.193910,0 days 00:00:06.547473,Adam,0.09941928018422107,,0.00010179400173431077,,,,,4,,0.03845924886402562,,,PRUNED
636,636,37.5,2025-05-26 02:35:00.241708,2025-05-26 02:35:06.819916,0 days 00:00:06.578208,Adam,0.14242262655792912,,0.00017758705560858072,,,,,2,,0.020816334285834636,,,PRUNED
637,637,33.333333333333336,2025-05-26 02:35:06.866725,2025-05-26 02:35:13.415478,0 days 00:00:06.548753,Adam,0.12360727765232132,,0.00012590735018256402,,,,,4,,0.02358511642621624,,,PRUNED
638,638,37.5,2025-05-26 02:35:13.461790,2025-05-26 02:35:20.106552,0 days 00:00:06.644762,Adam,0.16013119235821222,,9.29281620470768e-05,,,,,1,,0.028382106366962694,,,PRUNED
639,639,33.333333333333336,2025-05-26 02:35:20.153342,2025-05-26 02:35:26.325720,0 days 00:00:06.172378,Adam,0.13679185042535488,,7.019887744885135e-05,,,,,21,,0.01886893971067743,,,PRUNED
640,640,35.416666666666664,2025-05-26 02:35:26.369672,2025-05-26 02:35:36.295630,0 days 00:00:09.925958,Adam,0.14999438436493928,,0.0001499951055579869,,,,,3,,0.012801362035343686,,,PRUNED
641,641,33.333333333333336,2025-05-26 02:35:36.342056,2025-05-26 02:35:42.845507,0 days 00:00:06.503451,Adam,0.16895568215185405,,0.00011897906991664138,,,,,0,,0.015528503779020719,,,PRUNED
642,642,35.416666666666664,2025-05-26 02:35:42.892203,2025-05-26 02:35:49.553045,0 days 00:00:06.660842,Adam,0.13231869068193094,,8.373120262098133e-05,,,,,2,,0.03574294669654459,,,PRUNED
643,643,,2025-05-26 02:35:49.599109,2025-05-26 02:35:56.096441,0 days 00:00:06.497332,SGD,0.10619882542542033,,,,0.0947038202333977,6.1612604830452185,True,1,,,,2.1995937474506864,PRUNED
644,644,37.5,2025-05-26 02:35:56.136355,2025-05-26 02:36:02.713587,0 days 00:00:06.577232,Adam,0.11825683767978884,,0.00015341845245531315,,,,,2,,0.024362308336064255,,,PRUNED
645,645,33.333333333333336,2025-05-26 02:36:02.765020,2025-05-26 02:36:09.299934,0 days 00:00:06.534914,Adadelta,0.15531846807873972,50.73128547076815,,,,,,3,0.02043768283539826,,,,PRUNED
646,646,50.0,2025-05-26 02:36:09.345265,2025-05-26 02:36:24.305888,0 days 00:00:14.960623,Adam,0.14519638701656692,,9.873528142862823e-05,,,,,0,,0.018156634740673826,,,COMPLETE
647,647,35.416666666666664,2025-05-26 02:36:24.363733,2025-05-26 02:36:30.918258,0 days 00:00:06.554525,Adam,0.12729489190408655,,0.00012266656918031378,,,,,4,,0.046760789926008836,,,PRUNED
648,648,33.333333333333336,2025-05-26 02:36:30.969838,2025-05-26 02:36:37.554025,0 days 00:00:06.584187,Adam,0.1944741049839822,,6.177346944140913e-05,,,,,1,,0.010060070891744436,,,PRUNED
649,649,33.333333333333336,2025-05-26 02:36:37.599499,2025-05-26 02:36:44.135759,0 days 00:00:06.536260,Adam,0.1389109329073461,,0.00019987623160835452,,,,,2,,0.030302836053301824,,,PRUNED
650,650,62.5,2025-05-26 02:36:44.181794,2025-05-26 02:36:59.080042,0 days 00:00:14.898248,Adam,0.16949328216098072,,7.658182551053007e-05,,,,,3,,0.02129834481513878,,,COMPLETE
651,651,58.333333333333336,2025-05-26 02:36:59.137858,2025-05-26 02:37:14.001231,0 days 00:00:14.863373,Adam,0.18782269831072215,,4.337450829326855e-05,,,,,3,,0.013514475028266028,,,COMPLETE
652,652,33.333333333333336,2025-05-26 02:37:14.059740,2025-05-26 02:37:20.621245,0 days 00:00:06.561505,Adam,0.18188092941887035,,5.4481764642309176e-05,,,,,5,,0.019621729767592154,,,PRUNED
653,653,33.333333333333336,2025-05-26 02:37:20.666551,2025-05-26 02:37:27.221156,0 days 00:00:06.554605,Adam,0.1689473402276817,,7.07884819922122e-05,,,,,4,,0.016453113133157612,,,PRUNED
654,654,45.833333333333336,2025-05-26 02:37:27.267498,2025-05-26 02:37:37.188220,0 days 00:00:09.920722,Adam,0.17708305885534875,,8.224508209627095e-05,,,,,3,,0.02175253313983417,,,PRUNED
655,655,33.333333333333336,2025-05-26 02:37:37.235510,2025-05-26 02:37:43.756888,0 days 00:00:06.521378,Adam,0.16910601492834945,,6.71771958070235e-05,,,,,3,,0.06560703882516884,,,PRUNED
656,656,31.25,2025-05-26 02:37:43.805001,2025-05-26 02:37:50.443254,0 days 00:00:06.638253,Adam,0.15877928178974113,,5.141537638648173e-05,,,,,4,,0.014387768630028445,,,PRUNED
657,657,33.333333333333336,2025-05-26 02:37:50.489085,2025-05-26 02:37:57.049675,0 days 00:00:06.560590,Adam,0.16731386228935305,,9.241109824848062e-05,,,,,3,,0.02764332039231933,,,PRUNED
658,658,35.416666666666664,2025-05-26 02:37:57.096188,2025-05-26 02:38:03.691030,0 days 00:00:06.594842,Adam,0.1846811016718975,,2.8318337787870106e-05,,,,,2,,0.03740763547773404,,,PRUNED
659,659,31.25,2025-05-26 02:38:03.736893,2025-05-26 02:38:10.303562,0 days 00:00:06.566669,Adam,0.1582939161647284,,7.625450752544457e-05,,,,,3,,0.019003234352136515,,,PRUNED
660,660,37.5,2025-05-26 02:38:10.349758,2025-05-26 02:38:16.916134,0 days 00:00:06.566376,Adam,0.20586272664177646,,0.00011071875560424301,,,,,4,,0.011772795433240767,,,PRUNED
661,661,33.333333333333336,2025-05-26 02:38:16.962021,2025-05-26 02:38:23.593932,0 days 00:00:06.631911,Adam,0.1523373332768574,,6.355305537672106e-05,,,,,2,,0.02200892420528546,,,PRUNED
662,662,52.083333333333336,2025-05-26 02:38:23.641526,2025-05-26 02:38:38.691956,0 days 00:00:15.050430,Adam,0.17420449433133883,,9.579820804790496e-05,,,,,2,,0.03101350357628426,,,COMPLETE
663,663,35.416666666666664,2025-05-26 02:38:38.749913,2025-05-26 02:38:45.213680,0 days 00:00:06.463767,Adam,0.16326150090633476,,8.101291015296422e-05,,,,,5,,0.016249804742379192,,,PRUNED
664,664,50.0,2025-05-26 02:38:45.259665,2025-05-26 02:39:00.198231,0 days 00:00:14.938566,Adam,0.14831826953850893,,0.00010678122894654542,,,,,3,,0.026314739094082048,,,COMPLETE
665,665,52.083333333333336,2025-05-26 02:39:00.256613,2025-05-26 02:39:15.145620,0 days 00:00:14.889007,Adam,0.16199320634924222,,0.00016231978796648345,,,,,2,,0.05553297177215478,,,COMPLETE
666,666,,2025-05-26 02:39:15.203967,2025-05-26 02:39:21.117978,0 days 00:00:05.914011,SGD,0.17714473958807558,,,,0.0006336598349899336,78.5765986353349,False,4,,,,0.500903700149387,PRUNED
667,667,33.333333333333336,2025-05-26 02:39:21.163291,2025-05-26 02:39:27.718979,0 days 00:00:06.555688,Adam,0.1486015246437837,,0.00013850956478174097,,,,,3,,0.042491774802157385,,,PRUNED
668,668,33.333333333333336,2025-05-26 02:39:27.765518,2025-05-26 02:39:34.351389,0 days 00:00:06.585871,Adadelta,0.09453072331467888,3.3346569811155216,,,,,,2,1.632355525807804,,,,PRUNED
669,669,50.0,2025-05-26 02:39:34.396699,2025-05-26 02:39:49.360948,0 days 00:00:14.964249,Adam,0.3538363328295375,,0.000236877350715941,,,,,3,,0.02280628503360179,,,COMPLETE
670,670,33.333333333333336,2025-05-26 02:39:49.419828,2025-05-26 02:39:55.993501,0 days 00:00:06.573673,Adam,0.14236737621661805,,0.006036424616144816,,,,,2,,0.013748491643296619,,,PRUNED
671,671,52.083333333333336,2025-05-26 02:39:56.039845,2025-05-26 02:40:10.957183,0 days 00:00:14.917338,Adam,0.15516459374006233,,7.575499424009453e-05,,,,,1,,0.03304747891781293,,,COMPLETE
672,672,33.333333333333336,2025-05-26 02:40:11.016130,2025-05-26 02:40:17.578700,0 days 00:00:06.562570,Adam,0.16467399571571548,,9.610337443597955e-05,,,,,4,,0.17427446261542248,,,PRUNED
673,673,45.833333333333336,2025-05-26 02:40:17.624756,2025-05-26 02:40:32.574122,0 days 00:00:14.949366,Adam,0.1443799773036114,,0.0003357521286512867,,,,,3,,0.019089794041044966,,,COMPLETE
674,674,33.333333333333336,2025-05-26 02:40:32.633269,2025-05-26 02:40:39.231564,0 days 00:00:06.598295,Adam,0.12239975865591378,,6.085633714208875e-05,,,,,1,,0.02463655857311299,,,PRUNED
675,675,37.5,2025-05-26 02:40:39.278086,2025-05-26 02:40:45.820888,0 days 00:00:06.542802,Adam,0.17354689028014783,,0.00011793226223079664,,,,,2,,0.016330134197145272,,,PRUNED
676,676,33.333333333333336,2025-05-26 02:40:45.867267,2025-05-26 02:40:52.512502,0 days 00:00:06.645235,Adam,0.19311364126008818,,0.028599871165548522,,,,,4,,0.01203374566494013,,,PRUNED
677,677,31.25,2025-05-26 02:40:52.558656,2025-05-26 02:40:59.087976,0 days 00:00:06.529320,Adam,0.13524105305657974,,0.00016605025146800863,,,,,3,,49.59401021895263,,,PRUNED
678,678,35.416666666666664,2025-05-26 02:40:59.133882,2025-05-26 02:41:05.721956,0 days 00:00:06.588074,Adam,0.15432809006209663,,8.970859461983283e-05,,,,,1,,0.020667475706571983,,,PRUNED
679,679,33.333333333333336,2025-05-26 02:41:05.768559,2025-05-26 02:41:12.317840,0 days 00:00:06.549281,Adam,0.4149727422173597,,0.0001308655741927132,,,,,2,,0.028502505136842143,,,PRUNED
680,680,45.833333333333336,2025-05-26 02:41:12.364092,2025-05-26 02:41:22.191392,0 days 00:00:09.827300,Adam,0.11063465383576768,,5.022653810686309e-05,,,,,5,,0.03746044515577633,,,PRUNED
681,681,35.416666666666664,2025-05-26 02:41:22.237448,2025-05-26 02:41:28.418003,0 days 00:00:06.180555,Adam,0.14209998588292258,,0.00018935448201879202,,,,,9,,0.015643527553656923,,,PRUNED
682,682,37.5,2025-05-26 02:41:28.461128,2025-05-26 02:41:35.075698,0 days 00:00:06.614570,Adam,0.12953080584714013,,0.00010982804978232857,,,,,2,,0.02519341005394389,,,PRUNED
683,683,33.333333333333336,2025-05-26 02:41:35.121751,2025-05-26 02:41:41.706647,0 days 00:00:06.584896,Adam,0.15802824013836503,,8.152898775543637e-05,,,,,1,,0.018311483989440557,,,PRUNED
684,684,33.333333333333336,2025-05-26 02:41:41.755108,2025-05-26 02:41:48.314417,0 days 00:00:06.559309,Adam,0.14686979656915508,,3.755786926729493e-05,,,,,3,,0.03163518232303072,,,PRUNED
685,685,33.333333333333336,2025-05-26 02:41:48.360739,2025-05-26 02:41:54.989736,0 days 00:00:06.628997,Adam,0.16787053475285604,,7.055652571971993e-05,,,,,2,,0.02281694096529311,,,PRUNED
686,686,33.333333333333336,2025-05-26 02:41:55.036340,2025-05-26 02:42:01.573828,0 days 00:00:06.537488,Adam,0.11821661077114096,,0.0001432207906603175,,,,,1,,0.013762638130653924,,,PRUNED
687,687,45.833333333333336,2025-05-26 02:42:01.620257,2025-05-26 02:42:16.503724,0 days 00:00:14.883467,Adam,0.18235000486906472,,0.00010073650913523013,,,,,3,,0.04583293505498288,,,PRUNED
688,688,35.416666666666664,2025-05-26 02:42:16.551116,2025-05-26 02:42:23.030547,0 days 00:00:06.479431,Adam,0.10271401305392838,,5.861275975967131e-05,,,,,6,,0.02029035617502699,,,PRUNED
689,689,62.5,2025-05-26 02:42:23.075608,2025-05-26 02:42:37.949318,0 days 00:00:14.873710,Adam,0.13674932191816205,,0.0001254327032088137,,,,,2,,0.028027082555742103,,,COMPLETE
690,690,,2025-05-26 02:42:38.007976,2025-05-26 02:42:43.818409,0 days 00:00:05.810433,SGD,0.15403524734045382,,,,0.011948883897843491,42.15561937806698,True,3,,,,0.07970639494318735,PRUNED
691,691,33.333333333333336,2025-05-26 02:42:43.863626,2025-05-26 02:42:50.504535,0 days 00:00:06.640909,Adam,0.1343652804388855,,0.00023009100308638749,,,,,4,,0.035351526453186656,,,PRUNED
692,692,33.333333333333336,2025-05-26 02:42:50.551268,2025-05-26 02:42:57.314084,0 days 00:00:06.762816,Adam,0.1466786048492774,,0.00017313532578117056,,,,,3,,0.02758035357566628,,,PRUNED
693,693,33.333333333333336,2025-05-26 02:42:57.360276,2025-05-26 02:43:03.943035,0 days 00:00:06.582759,Adadelta,0.16255692093664553,10.58697751346238,,,,,,2,0.8896697317856354,,,,PRUNED
694,694,33.333333333333336,2025-05-26 02:43:03.988656,2025-05-26 02:43:10.543592,0 days 00:00:06.554936,Adam,0.24731964505603157,,0.00014355126574840333,,,,,4,,0.010009941543338535,,,PRUNED
695,695,31.25,2025-05-26 02:43:10.590005,2025-05-26 02:43:17.176683,0 days 00:00:06.586678,Adam,0.1252827885354493,,8.869483551681321e-05,,,,,2,,0.04244358502491236,,,PRUNED
696,696,52.083333333333336,2025-05-26 02:43:17.224335,2025-05-26 02:43:32.177434,0 days 00:00:14.953099,Adam,0.13943225615167498,,0.00011362290608758584,,,,,3,,0.01724122421727124,,,COMPLETE
697,697,35.416666666666664,2025-05-26 02:43:32.236764,2025-05-26 02:43:38.831655,0 days 00:00:06.594891,Adam,0.08395233866289514,,0.0002709768155936939,,,,,2,,0.03209750722288915,,,PRUNED
698,698,33.333333333333336,2025-05-26 02:43:38.880001,2025-05-26 02:43:45.419073,0 days 00:00:06.539072,Adam,0.1732945440573681,,7.750971095206292e-05,,,,,2,,0.01202304498778218,,,PRUNED
699,699,33.333333333333336,2025-05-26 02:43:45.465865,2025-05-26 02:43:52.112857,0 days 00:00:06.646992,Adam,0.16122584213609925,,0.00012970797925479366,,,,,4,,0.35121805738581585,,,PRUNED
700,700,33.333333333333336,2025-05-26 02:43:52.159715,2025-05-26 02:43:58.215828,0 days 00:00:06.056113,Adam,0.15235201721167882,,0.00010524967803636242,,,,,11,,4.311881043682243,,,PRUNED
701,701,37.5,2025-05-26 02:43:58.259710,2025-05-26 02:44:04.874134,0 days 00:00:06.614424,Adam,0.11554948826468087,,0.0001979350383748515,,,,,3,,0.022452842425194717,,,PRUNED
702,702,45.833333333333336,2025-05-26 02:44:04.921029,2025-05-26 02:44:14.853030,0 days 00:00:09.932001,Adam,0.13351252199948488,,7.198649092701739e-05,,,,,1,,0.014764362464313074,,,PRUNED
703,703,33.333333333333336,2025-05-26 02:44:14.900311,2025-05-26 02:44:21.546040,0 days 00:00:06.645729,Adam,0.1453416062916879,,0.00015816727257126256,,,,,2,,0.027083256229435568,,,PRUNED
704,704,33.333333333333336,2025-05-26 02:44:21.592999,2025-05-26 02:44:28.164145,0 days 00:00:06.571146,Adam,0.12289662809281322,,9.57800384430348e-05,,,,,3,,0.08178395128982777,,,PRUNED
705,705,31.25,2025-05-26 02:44:28.211012,2025-05-26 02:44:34.743645,0 days 00:00:06.532633,Adam,0.15338443744874708,,4.450435485005828e-05,,,,,5,,0.018952061101721745,,,PRUNED
706,706,33.333333333333336,2025-05-26 02:44:34.789967,2025-05-26 02:44:41.365214,0 days 00:00:06.575247,Adam,0.18263518459952277,,6.261428957637265e-05,,,,,2,,0.03791625691252783,,,PRUNED
707,707,37.5,2025-05-26 02:44:41.412243,2025-05-26 02:44:47.980253,0 days 00:00:06.568010,Adam,0.16905800162386317,,0.00013055066303789827,,,,,3,,11.96406211235418,,,PRUNED
708,708,52.083333333333336,2025-05-26 02:44:48.027571,2025-05-26 02:45:03.050702,0 days 00:00:15.023131,Adam,0.14140048225297908,,8.49372729356645e-05,,,,,1,,0.022089574573458812,,,COMPLETE
709,709,33.333333333333336,2025-05-26 02:45:03.120252,2025-05-26 02:45:09.755094,0 days 00:00:06.634842,Adam,0.10585553291748191,,0.0001123986086767437,,,,,4,,0.05107580218086559,,,PRUNED
710,710,37.5,2025-05-26 02:45:09.801800,2025-05-26 02:45:16.321870,0 days 00:00:06.520070,Adam,0.1310941750233648,,0.00016397988663260213,,,,,2,,0.1412695976608828,,,PRUNED
711,711,33.333333333333336,2025-05-26 02:45:16.368721,2025-05-26 02:45:23.039086,0 days 00:00:06.670365,Adam,0.1592509688287649,,9.58849093091454e-05,,,,,3,,0.01659159104978424,,,PRUNED
712,712,33.333333333333336,2025-05-26 02:45:23.107020,2025-05-26 02:45:29.695203,0 days 00:00:06.588183,Adam,0.1490400199353769,,0.000125400716235134,,,,,1,,0.030598343852863336,,,PRUNED
713,713,33.333333333333336,2025-05-26 02:45:29.744050,2025-05-26 02:45:36.303949,0 days 00:00:06.559899,SGD,0.12835267398411052,,,,0.00011867496073329939,0.5877898737998564,False,2,,,,42.023419408220704,PRUNED
714,714,33.333333333333336,2025-05-26 02:45:36.350519,2025-05-26 02:45:42.949989,0 days 00:00:06.599470,Adam,0.1395017391954124,,5.3398051616277725e-05,,,,,3,,0.025283745021059862,,,PRUNED
715,715,33.333333333333336,2025-05-26 02:45:42.997407,2025-05-26 02:45:49.525554,0 days 00:00:06.528147,Adadelta,0.09415960511337573,0.40073711603139867,,,,,,4,21.999188279711987,,,,PRUNED
716,716,33.333333333333336,2025-05-26 02:45:49.571944,2025-05-26 02:45:56.097814,0 days 00:00:06.525870,Adam,0.16481983390473856,,7.240803673261874e-05,,,,,5,,0.020138496240854523,,,PRUNED
717,717,58.333333333333336,2025-05-26 02:45:56.144066,2025-05-26 02:46:11.043982,0 days 00:00:14.899916,Adam,0.11650992712754797,,0.00019402878616900238,,,,,1,,0.013505483156439213,,,COMPLETE
718,718,56.25,2025-05-26 02:46:11.103691,2025-05-26 02:46:26.072805,0 days 00:00:14.969114,Adam,0.1530234764664033,,0.00014698605687438258,,,,,2,,0.032895244685136764,,,COMPLETE
719,719,54.166666666666664,2025-05-26 02:46:26.132228,2025-05-26 02:46:41.062861,0 days 00:00:14.930633,Adam,0.17280283986571177,,0.00046094352549433404,,,,,1,,0.026208420712367935,,,COMPLETE
720,720,37.5,2025-05-26 02:46:41.122213,2025-05-26 02:46:47.334900,0 days 00:00:06.212687,Adam,0.1410881105081767,,8.891099728296827e-05,,,,,23,,0.7160406205172269,,,PRUNED
721,721,31.25,2025-05-26 02:46:47.378093,2025-05-26 02:46:54.184924,0 days 00:00:06.806831,Adam,0.1255995016269623,,0.00010592010161762931,,,,,2,,0.017093976440093864,,,PRUNED
722,722,33.333333333333336,2025-05-26 02:46:54.232635,2025-05-26 02:47:00.828142,0 days 00:00:06.595507,Adam,0.1907041341911379,,0.0001304788726209963,,,,,3,,0.04197732628067423,,,PRUNED
723,723,52.083333333333336,2025-05-26 02:47:00.874873,2025-05-26 02:47:15.756171,0 days 00:00:14.881298,Adam,0.15757719947121063,,6.487870333159016e-05,,,,,4,,0.012596742647594923,,,COMPLETE
724,724,54.166666666666664,2025-05-26 02:47:15.815514,2025-05-26 02:47:30.833832,0 days 00:00:15.018318,Adam,0.14807366769767402,,7.816324267605327e-05,,,,,0,,0.02138864205202269,,,COMPLETE
725,725,31.25,2025-05-26 02:47:30.892741,2025-05-26 02:47:37.472744,0 days 00:00:06.580003,Adam,0.1329591758201384,,0.00010773047487060535,,,,,2,,0.015865941557307764,,,PRUNED
726,726,33.333333333333336,2025-05-26 02:47:37.519418,2025-05-26 02:47:44.130007,0 days 00:00:06.610589,Adam,0.1082439874052332,,0.00021774191716438486,,,,,1,,0.02909022385368688,,,PRUNED
727,727,37.5,2025-05-26 02:47:44.177279,2025-05-26 02:47:50.819617,0 days 00:00:06.642338,Adam,0.16225629468689728,,0.00016879480313550165,,,,,3,,0.06324304510804846,,,PRUNED
728,728,33.333333333333336,2025-05-26 02:47:50.867070,2025-05-26 02:47:57.185186,0 days 00:00:06.318116,Adam,0.13916666766063515,,9.288958392764796e-05,,,,,6,,0.023666435658647424,,,PRUNED
729,729,33.333333333333336,2025-05-26 02:47:57.231431,2025-05-26 02:48:03.838292,0 days 00:00:06.606861,Adam,0.11998535422420598,,0.00012812805735046718,,,,,1,,0.01846314153447593,,,PRUNED
730,730,41.666666666666664,2025-05-26 02:48:03.885515,2025-05-26 02:48:18.852856,0 days 00:00:14.967341,Adam,0.17861494741549663,,7.696501624600612e-05,,,,,2,,0.03537746472471528,,,PRUNED
731,731,35.416666666666664,2025-05-26 02:48:18.926325,2025-05-26 02:48:25.535382,0 days 00:00:06.609057,Adam,0.1522378458184882,,0.0001481967547130924,,,,,0,,0.010037121033435577,,,PRUNED
732,732,27.083333333333332,2025-05-26 02:48:25.582540,2025-05-26 02:48:32.203166,0 days 00:00:06.620626,Adam,0.13167814808123354,,5.3875663781383234e-05,,,,,3,,0.8764560556840055,,,PRUNED
733,733,33.333333333333336,2025-05-26 02:48:32.250211,2025-05-26 02:48:38.884697,0 days 00:00:06.634486,Adam,0.14493067668528312,,0.00011857119762484513,,,,,4,,0.014415463492288848,,,PRUNED
734,734,33.333333333333336,2025-05-26 02:48:38.932078,2025-05-26 02:48:45.569743,0 days 00:00:06.637665,Adam,0.16876918452272544,,9.382462208035343e-05,,,,,2,,0.027214590246325335,,,PRUNED
735,735,43.75,2025-05-26 02:48:45.617737,2025-05-26 02:48:55.597790,0 days 00:00:09.980053,Adam,0.11498426305354038,,6.272147490078303e-05,,,,,1,,0.020496596906502514,,,PRUNED
736,736,,2025-05-26 02:48:55.645806,2025-05-26 02:49:01.320466,0 days 00:00:05.674660,SGD,0.2265708853623164,,,,0.004580318073371018,91.10016994827532,True,2,,,,9.25353809662666,PRUNED
737,737,58.333333333333336,2025-05-26 02:49:01.371209,2025-05-26 02:49:15.858547,0 days 00:00:14.487338,Adam,0.1538070346722337,,0.00010890999044107263,,,,,5,,0.038315593796543625,,,COMPLETE
738,738,33.333333333333336,2025-05-26 02:49:15.918669,2025-05-26 02:49:22.553523,0 days 00:00:06.634854,Adadelta,0.13865592610842967,1.9347442568970858,,,,,,3,0.4091106849123617,,,,PRUNED
739,739,50.0,2025-05-26 02:49:22.600445,2025-05-26 02:49:37.454327,0 days 00:00:14.853882,Adam,0.1254874650688108,,0.00017438348050313388,,,,,3,,0.01176007441275136,,,COMPLETE
740,740,37.5,2025-05-26 02:49:37.514504,2025-05-26 02:49:44.092024,0 days 00:00:06.577520,Adam,0.16194832495776829,,8.209898687901452e-05,,,,,0,,0.023881239907628606,,,PRUNED
741,741,52.083333333333336,2025-05-26 02:49:44.144044,2025-05-26 02:49:59.210010,0 days 00:00:15.065966,Adam,0.37738539908204344,,0.00027306262235243865,,,,,1,,0.031815381953218855,,,COMPLETE
742,742,37.5,2025-05-26 02:49:59.269227,2025-05-26 02:50:05.935224,0 days 00:00:06.665997,Adam,0.09798610460290832,,0.0001444362456070935,,,,,2,,0.01816125715959919,,,PRUNED
743,743,33.333333333333336,2025-05-26 02:50:05.982400,2025-05-26 02:50:12.568208,0 days 00:00:06.585808,Adam,0.14243507054037088,,0.00010300335798962127,,,,,4,,0.014725442198625585,,,PRUNED
744,744,33.333333333333336,2025-05-26 02:50:12.615143,2025-05-26 02:50:19.494442,0 days 00:00:06.879299,Adam,0.29085960106519354,,6.764089258968008e-05,,,,,1,,0.04702928696113305,,,PRUNED
745,745,60.416666666666664,2025-05-26 02:50:19.542340,2025-05-26 02:50:34.449724,0 days 00:00:14.907384,Adam,0.17211063815496014,,0.0001178384300976876,,,,,2,,0.026721313103666523,,,COMPLETE
746,746,33.333333333333336,2025-05-26 02:50:34.508973,2025-05-26 02:50:41.098875,0 days 00:00:06.589902,Adam,0.1505603631848411,,0.00019131999486819988,,,,,2,,0.020805111114295675,,,PRUNED
747,747,33.333333333333336,2025-05-26 02:50:41.145878,2025-05-26 02:50:47.716880,0 days 00:00:06.571002,Adam,0.12897354171551817,,4.551863280038241e-05,,,,,3,,0.016479622985425546,,,PRUNED
748,748,60.416666666666664,2025-05-26 02:50:47.763815,2025-05-26 02:51:02.774973,0 days 00:00:15.011158,Adam,0.10930763630544142,,8.66698514724021e-05,,,,,4,,0.03131985115274278,,,COMPLETE
749,749,56.25,2025-05-26 02:51:02.834401,2025-05-26 02:51:17.849094,0 days 00:00:15.014693,Adam,0.1570130264590202,,0.0001427671377256753,,,,,0,,0.024587741691970415,,,COMPLETE
750,750,35.416666666666664,2025-05-26 02:51:17.908255,2025-05-26 02:51:24.576424,0 days 00:00:06.668169,Adam,0.19918009648194585,,0.00012344659550869033,,,,,3,,0.0128397097064811,,,PRUNED
751,751,33.333333333333336,2025-05-26 02:51:24.623327,2025-05-26 02:51:31.240566,0 days 00:00:06.617239,Adam,0.13630064166707967,,7.299557027746762e-05,,,,,1,,0.03986916381173971,,,PRUNED
752,752,58.333333333333336,2025-05-26 02:51:31.287566,2025-05-26 02:51:46.284607,0 days 00:00:14.997041,Adam,0.3930995803374258,,9.633844098183403e-05,,,,,3,,0.01836004164199893,,,COMPLETE
753,753,33.333333333333336,2025-05-26 02:51:46.349456,2025-05-26 02:51:53.033373,0 days 00:00:06.683917,Adam,0.1805590051460023,,0.0027372984862938784,,,,,1,,0.021037370575095936,,,PRUNED
754,754,33.333333333333336,2025-05-26 02:51:53.080682,2025-05-26 02:51:59.686626,0 days 00:00:06.605944,Adam,0.14745348053855065,,0.00016104008485742644,,,,,2,,0.029893749357762938,,,PRUNED
755,755,33.333333333333336,2025-05-26 02:51:59.733942,2025-05-26 02:52:05.990810,0 days 00:00:06.256868,Adam,0.12025018069992263,,0.00021396584538552226,,,,,18,,0.015397085396331684,,,PRUNED
756,756,37.5,2025-05-26 02:52:06.035391,2025-05-26 02:52:12.646258,0 days 00:00:06.610867,Adam,0.08713365932234675,,3.2573883733345754e-05,,,,,0,,0.05735906576971717,,,PRUNED
757,757,35.416666666666664,2025-05-26 02:52:12.693741,2025-05-26 02:52:19.310892,0 days 00:00:06.617151,Adam,0.16524606079537676,,5.585829588030023e-05,,,,,4,,0.03612351869569042,,,PRUNED
758,758,33.333333333333336,2025-05-26 02:52:19.358433,2025-05-26 02:52:25.971916,0 days 00:00:06.613483,Adam,0.13513909044162759,,8.363659079347736e-05,,,,,3,,0.02401266178207998,,,PRUNED
759,759,,2025-05-26 02:52:26.019513,2025-05-26 02:52:32.536182,0 days 00:00:06.516669,SGD,0.07637461156042927,,,,1.7963573178761206e-05,57.11095654089609,False,1,,,,88.95389926507951,PRUNED
760,760,62.5,2025-05-26 02:52:32.578169,2025-05-26 02:52:47.511199,0 days 00:00:14.933030,Adam,0.1459667545178626,,0.00011347346549626734,,,,,2,,0.01148980972919875,,,COMPLETE
761,761,33.333333333333336,2025-05-26 02:52:47.571278,2025-05-26 02:52:54.151727,0 days 00:00:06.580449,Adam,0.14278601174113484,,0.00014637083457185948,,,,,2,,0.010050908127952734,,,PRUNED
762,762,33.333333333333336,2025-05-26 02:52:54.199315,2025-05-26 02:53:00.807374,0 days 00:00:06.608059,Adadelta,0.12808656217069345,94.23481362816301,,,,,,1,61.792876439949545,,,,PRUNED
763,763,33.333333333333336,2025-05-26 02:53:00.854912,2025-05-26 02:53:07.462118,0 days 00:00:06.607206,Adam,0.11761378559149085,,0.00011955928303518037,,,,,0,,0.012953379942458713,,,PRUNED
764,764,33.333333333333336,2025-05-26 02:53:07.511575,2025-05-26 02:53:14.113332,0 days 00:00:06.601757,Adam,0.13647397192008373,,0.0001908535485329218,,,,,2,,0.011919288987232934,,,PRUNED
765,765,33.333333333333336,2025-05-26 02:53:14.161022,2025-05-26 02:53:20.818530,0 days 00:00:06.657508,Adam,0.15056843759334257,,0.00012913507606586024,,,,,2,,0.011277575894211567,,,PRUNED
766,766,33.333333333333336,2025-05-26 02:53:20.865949,2025-05-26 02:53:27.393868,0 days 00:00:06.527919,Adam,0.12614314559700562,,0.00010753379895482683,,,,,1,,0.014454503551658135,,,PRUNED
767,767,54.166666666666664,2025-05-26 02:53:27.441732,2025-05-26 02:53:42.425638,0 days 00:00:14.983906,Adam,0.25890156331861097,,0.00017341203806532757,,,,,1,,0.011806759801795342,,,COMPLETE
768,768,37.5,2025-05-26 02:53:42.485416,2025-05-26 02:53:49.157770,0 days 00:00:06.672354,Adam,0.10446919820529452,,0.000253543250820207,,,,,2,,0.017056260277861175,,,PRUNED
769,769,54.166666666666664,2025-05-26 02:53:49.205439,2025-05-26 02:54:04.178340,0 days 00:00:14.972901,Adam,0.14322521839896576,,0.00014019895138522647,,,,,0,,0.013521537567324184,,,COMPLETE
770,770,33.333333333333336,2025-05-26 02:54:04.237983,2025-05-26 02:54:10.840540,0 days 00:00:06.602557,Adam,0.4424736056305991,,0.0001008160261574114,,,,,2,,0.24378554671873734,,,PRUNED
771,771,31.25,2025-05-26 02:54:10.887732,2025-05-26 02:54:17.425394,0 days 00:00:06.537662,Adam,0.1335553127022742,,0.0009276268657845446,,,,,1,,0.0170123901662313,,,PRUNED
772,772,33.333333333333336,2025-05-26 02:54:17.472690,2025-05-26 02:54:24.355062,0 days 00:00:06.882372,Adam,0.15418025783908085,,0.00012116171321476676,,,,,2,,0.5633801507295236,,,PRUNED
773,773,33.333333333333336,2025-05-26 02:54:24.403052,2025-05-26 02:54:31.007160,0 days 00:00:06.604108,Adam,0.12212405009556684,,0.00015824981011053476,,,,,1,,0.019930276986008116,,,PRUNED
774,774,33.333333333333336,2025-05-26 02:54:31.054553,2025-05-26 02:54:37.637236,0 days 00:00:06.582683,Adam,0.1431475392365711,,9.716180918223729e-05,,,,,0,,0.015079951055102193,,,PRUNED
775,775,35.416666666666664,2025-05-26 02:54:37.684833,2025-05-26 02:54:44.287600,0 days 00:00:06.602767,Adam,0.11484709193083241,,0.00013084798087027535,,,,,3,,0.0194350750800805,,,PRUNED
776,776,56.25,2025-05-26 02:54:44.335051,2025-05-26 02:54:59.258858,0 days 00:00:14.923807,Adam,0.13451926866769442,,8.730341961060271e-05,,,,,2,,0.011180677403003247,,,COMPLETE
777,777,35.416666666666664,2025-05-26 02:54:59.318545,2025-05-26 02:55:05.892537,0 days 00:00:06.573992,Adam,0.14741376391932598,,0.00010888918382429753,,,,,3,,0.010035844542106157,,,PRUNED
778,778,37.5,2025-05-26 02:55:05.939898,2025-05-26 02:55:12.552586,0 days 00:00:06.612688,Adam,0.1580160244391474,,6.670800141888709e-05,,,,,1,,0.014448480088047512,,,PRUNED
779,779,37.5,2025-05-26 02:55:12.600080,2025-05-26 02:55:19.260672,0 days 00:00:06.660592,Adam,0.12728178933355647,,0.0002183674508127359,,,,,2,,0.022851755726039594,,,PRUNED
780,780,52.083333333333336,2025-05-26 02:55:19.310181,2025-05-26 02:55:34.197168,0 days 00:00:14.886987,Adam,0.14418778406623334,,0.00015655382921049725,,,,,3,,0.10147750479875567,,,COMPLETE
781,781,33.333333333333336,2025-05-26 02:55:34.257204,2025-05-26 02:55:40.751581,0 days 00:00:06.494377,Adam,0.15664166656927106,,7.671673205274308e-05,,,,,2,,0.01686164063519378,,,PRUNED
782,782,33.333333333333336,2025-05-26 02:55:40.801717,2025-05-26 02:55:47.121354,0 days 00:00:06.319637,Adam,0.13539821002369776,,0.00012257125091228937,,,,,7,,0.027480013687223893,,,PRUNED
783,783,,2025-05-26 02:55:47.168230,2025-05-26 02:55:53.698353,0 days 00:00:06.530123,SGD,0.10326682696157165,,,,0.03570212959422082,16.703480010444657,True,5,,,,0.27234155243662694,PRUNED
784,784,54.166666666666664,2025-05-26 02:55:53.745494,2025-05-26 02:56:08.727503,0 days 00:00:14.982009,Adam,0.16316525898616147,,9.8874328272037e-05,,,,,0,,0.021349663405483336,,,COMPLETE
785,785,33.333333333333336,2025-05-26 02:56:08.787010,2025-05-26 02:56:15.296652,0 days 00:00:06.509642,Adadelta,0.1481450162550271,7.030952016437203,,,,,,1,0.06456415465674492,,,,PRUNED
786,786,31.25,2025-05-26 02:56:15.344461,2025-05-26 02:56:22.007269,0 days 00:00:06.662808,Adam,0.11478539084767306,,0.00034108411161300965,,,,,4,,1.4561815942802756,,,PRUNED
787,787,33.333333333333336,2025-05-26 02:56:22.057326,2025-05-26 02:56:28.652892,0 days 00:00:06.595566,Adam,0.49648075974027017,,0.00018406543048841412,,,,,3,,0.013411009456409799,,,PRUNED
788,788,33.333333333333336,2025-05-26 02:56:28.700846,2025-05-26 02:56:35.332512,0 days 00:00:06.631666,Adam,0.1359626078446354,,0.00013950457062020084,,,,,1,,0.025110656182628987,,,PRUNED
789,789,33.333333333333336,2025-05-26 02:56:35.380255,2025-05-26 02:56:41.986697,0 days 00:00:06.606442,Adam,0.12264079211023295,,8.294272470496475e-05,,,,,2,,0.018985721671153553,,,PRUNED
790,790,33.333333333333336,2025-05-26 02:56:42.034128,2025-05-26 02:56:48.543124,0 days 00:00:06.508996,Adam,0.15290645350104148,,0.00011053674242053217,,,,,2,,2.46182328335279,,,PRUNED
791,791,33.333333333333336,2025-05-26 02:56:48.590239,2025-05-26 02:56:55.255466,0 days 00:00:06.665227,Adam,0.16665640556149638,,0.04060984137365466,,,,,4,,0.015896460380719575,,,PRUNED
792,792,35.416666666666664,2025-05-26 02:56:55.302314,2025-05-26 02:57:01.833576,0 days 00:00:06.531262,Adam,0.14202168698468776,,6.621879440274421e-05,,,,,3,,0.02951357930701404,,,PRUNED
793,793,33.333333333333336,2025-05-26 02:57:01.880769,2025-05-26 02:57:08.504995,0 days 00:00:06.624226,Adam,0.31928722825164607,,9.536925399317845e-05,,,,,1,,0.022514649739131375,,,PRUNED
794,794,54.166666666666664,2025-05-26 02:57:08.551756,2025-05-26 02:57:23.558801,0 days 00:00:15.007045,Adam,0.09235823423976652,,0.00016372491331726434,,,,,1,,0.01359847801757085,,,COMPLETE
795,795,39.583333333333336,2025-05-26 02:57:23.618251,2025-05-26 02:57:31.888571,0 days 00:00:08.270320,Adam,0.12769099462682804,,0.0001306351450887293,,,,,0,,0.01925944237986095,,,PRUNED
796,796,54.166666666666664,2025-05-26 02:57:31.936003,2025-05-26 02:57:46.825174,0 days 00:00:14.889171,Adam,0.15617157214366043,,0.00011254865730627514,,,,,3,,0.011579772695174937,,,COMPLETE
797,797,47.916666666666664,2025-05-26 02:57:46.884635,2025-05-26 02:58:01.829540,0 days 00:00:14.944905,Adam,0.17172867794917168,,5.105855356548517e-05,,,,,2,,0.02587865328618885,,,COMPLETE
798,798,33.333333333333336,2025-05-26 02:58:01.888597,2025-05-26 02:58:08.388061,0 days 00:00:06.499464,Adam,0.14594541714049278,,8.114190697299131e-05,,,,,3,,0.03353132617558284,,,PRUNED
799,799,33.333333333333336,2025-05-26 02:58:08.434798,2025-05-26 02:58:15.043387,0 days 00:00:06.608589,Adam,0.1335017779350811,,0.000231806865712706,,,,,4,,0.015874852074598857,,,PRUNED
800,800,35.416666666666664,2025-05-26 02:58:15.090473,2025-05-26 02:58:21.736228,0 days 00:00:06.645755,Adam,0.21320816139772408,,0.0001473979740421917,,,,,0,,0.02245168031627734,,,PRUNED
801,801,56.25,2025-05-26 02:58:21.784867,2025-05-26 02:58:36.761867,0 days 00:00:14.977000,Adam,0.11500642081953844,,9.245192506808134e-05,,,,,1,,0.018170452369337342,,,COMPLETE
802,802,35.416666666666664,2025-05-26 02:58:36.821368,2025-05-26 02:58:43.351590,0 days 00:00:06.530222,Adam,0.15024383256678073,,5.723088559838797e-05,,,,,2,,0.029288180469164586,,,PRUNED
803,803,33.333333333333336,2025-05-26 02:58:43.399521,2025-05-26 02:58:50.065420,0 days 00:00:06.665899,Adam,0.12664229214385497,,2.193473926695748e-05,,,,,2,,0.044146774007866124,,,PRUNED
804,804,58.333333333333336,2025-05-26 02:58:50.112380,2025-05-26 02:59:04.788156,0 days 00:00:14.675776,Adam,0.15944417716073037,,0.00018951022492127688,,,,,5,,0.012960482343995775,,,COMPLETE
805,805,45.833333333333336,2025-05-26 02:59:04.848240,2025-05-26 02:59:19.866178,0 days 00:00:15.017938,Adam,0.13731502891989686,,0.00010963369467181925,,,,,1,,0.02517231180415245,,,PRUNED
806,806,,2025-05-26 02:59:19.913851,2025-05-26 02:59:26.443884,0 days 00:00:06.530033,SGD,0.10622025059533736,,,,0.0017658329635073739,71.55361923627578,False,3,,,,0.020140119215346315,PRUNED
807,807,29.166666666666668,2025-05-26 02:59:26.489204,2025-05-26 02:59:33.104568,0 days 00:00:06.615364,Adam,0.14416377755493673,,3.8392310472371195e-05,,,,,2,,28.969173714637755,,,PRUNED
808,808,33.333333333333336,2025-05-26 02:59:33.154702,2025-05-26 02:59:39.774169,0 days 00:00:06.619467,Adam,0.17567183247439463,,0.00013212003107608488,,,,,0,,0.020191384927269802,,,PRUNED
809,809,33.333333333333336,2025-05-26 02:59:39.821455,2025-05-26 02:59:46.331915,0 days 00:00:06.510460,Adadelta,0.1627133883477822,0.16063460732914314,,,,,,3,0.5683161809557212,,,,PRUNED
810,810,37.5,2025-05-26 02:59:46.378549,2025-05-26 02:59:53.041496,0 days 00:00:06.662947,Adam,0.12162970409891649,,7.181034354220851e-05,,,,,4,,0.03478031018956498,,,PRUNED
811,811,35.416666666666664,2025-05-26 02:59:53.088746,2025-05-26 02:59:59.651039,0 days 00:00:06.562293,Adam,0.1379490428691518,,8.719037854869472e-05,,,,,1,,0.016468113253182787,,,PRUNED
812,812,33.333333333333336,2025-05-26 02:59:59.698160,2025-05-26 03:00:06.329608,0 days 00:00:06.631448,Adam,0.15357051131539776,,0.00016727391725663624,,,,,2,,0.01150456166378666,,,PRUNED
813,813,33.333333333333336,2025-05-26 03:00:06.376654,2025-05-26 03:00:13.001772,0 days 00:00:06.625118,Adam,0.12988516130712646,,0.0001060182056420127,,,,,2,,0.027289993479072995,,,PRUNED
814,814,33.333333333333336,2025-05-26 03:00:13.048841,2025-05-26 03:00:19.689442,0 days 00:00:06.640601,Adam,0.1467687154044985,,6.775912913860862e-05,,,,,3,,0.021871649793053897,,,PRUNED
815,815,43.75,2025-05-26 03:00:19.737075,2025-05-26 03:00:29.658751,0 days 00:00:09.921676,Adam,0.16499038428126184,,0.00012806078201619368,,,,,1,,0.01471765340414667,,,PRUNED
816,816,33.333333333333336,2025-05-26 03:00:29.707476,2025-05-26 03:00:38.585573,0 days 00:00:08.878097,Adam,0.11368833498722422,,9.265296350804705e-05,,,,,10,,0.018503761149828046,,,PRUNED
817,817,35.416666666666664,2025-05-26 03:00:38.630336,2025-05-26 03:00:45.188891,0 days 00:00:06.558555,Adam,0.1858730678546487,,0.00014891074414809003,,,,,0,,0.034802879826145314,,,PRUNED
818,818,33.333333333333336,2025-05-26 03:00:45.236048,2025-05-26 03:00:51.926719,0 days 00:00:06.690671,Adam,0.14034264599477442,,7.777273571816139e-05,,,,,2,,0.02391479837281221,,,PRUNED
819,819,33.333333333333336,2025-05-26 03:00:51.977012,2025-05-26 03:00:58.578563,0 days 00:00:06.601551,Adam,0.09796518408237043,,0.005696827316447177,,,,,3,,0.05109501035696501,,,PRUNED
820,820,33.333333333333336,2025-05-26 03:00:58.625397,2025-05-26 03:01:04.832343,0 days 00:00:06.206946,Adam,0.15249562511098427,,0.0001136315068152903,,,,,14,,0.01409940599855446,,,PRUNED
821,821,37.5,2025-05-26 03:01:04.877331,2025-05-26 03:01:11.474880,0 days 00:00:06.597549,Adam,0.1257857078591825,,0.00018937625162450313,,,,,4,,0.030458630197915042,,,PRUNED
822,822,33.333333333333336,2025-05-26 03:01:11.522312,2025-05-26 03:01:18.115997,0 days 00:00:06.593685,Adam,0.16755562285095701,,6.161451165509812e-05,,,,,1,,0.017454260654221468,,,PRUNED
823,823,56.25,2025-05-26 03:01:18.163119,2025-05-26 03:01:33.126190,0 days 00:00:14.963071,Adam,0.13519587094704957,,0.00010079705845424239,,,,,2,,0.021270883042558166,,,COMPLETE
824,824,33.333333333333336,2025-05-26 03:01:33.186042,2025-05-26 03:01:39.805498,0 days 00:00:06.619456,Adam,0.15712703034588568,,0.01198842225105707,,,,,1,,0.04000713244646635,,,PRUNED
825,825,37.5,2025-05-26 03:01:39.853392,2025-05-26 03:01:46.426730,0 days 00:00:06.573338,Adam,0.1458717752568149,,4.5911860678933384e-05,,,,,3,,0.011719084415532956,,,PRUNED
826,826,37.5,2025-05-26 03:01:46.473860,2025-05-26 03:01:52.998280,0 days 00:00:06.524420,Adam,0.11876397815766107,,0.0007570137829985869,,,,,6,,0.02901549515695379,,,PRUNED
827,827,54.166666666666664,2025-05-26 03:01:53.044678,2025-05-26 03:02:07.985189,0 days 00:00:14.940511,Adam,0.33646408344087575,,0.00013772851019041847,,,,,2,,0.02452958305624668,,,COMPLETE
828,828,33.333333333333336,2025-05-26 03:02:08.047467,2025-05-26 03:02:14.663928,0 days 00:00:06.616461,Adam,0.23990832818651736,,8.065045922454569e-05,,,,,0,,0.01636120182744691,,,PRUNED
829,829,33.333333333333336,2025-05-26 03:02:14.711396,2025-05-26 03:02:21.048175,0 days 00:00:06.336779,SGD,0.06591181666873275,,,,0.000553875166290056,38.5531607428093,True,13,,,,2.871511640660046,PRUNED
830,830,56.25,2025-05-26 03:02:21.094244,2025-05-26 03:02:36.035912,0 days 00:00:14.941668,Adam,0.17625209508059875,,0.00028487131702816546,,,,,3,,0.010048211742666922,,,COMPLETE
831,831,33.333333333333336,2025-05-26 03:02:36.095507,2025-05-26 03:02:42.676010,0 days 00:00:06.580503,Adadelta,0.13326260568539539,0.029017979983411546,,,,,,2,10.372287411249868,,,,PRUNED
832,832,33.333333333333336,2025-05-26 03:02:42.722717,2025-05-26 03:02:49.281696,0 days 00:00:06.558979,Adam,0.14969223213026578,,0.00012104483023992557,,,,,1,,0.013201761710739062,,,PRUNED
833,833,33.333333333333336,2025-05-26 03:02:49.330950,2025-05-26 03:02:55.944438,0 days 00:00:06.613488,Adam,0.11135293012498065,,0.00016198507388687344,,,,,4,,0.02109488569077008,,,PRUNED
834,834,33.333333333333336,2025-05-26 03:02:55.991867,2025-05-26 03:03:02.664481,0 days 00:00:06.672614,Adam,0.1602494208367111,,9.732815431130242e-05,,,,,5,,0.03198496119033478,,,PRUNED
835,835,37.5,2025-05-26 03:03:02.711862,2025-05-26 03:03:09.328663,0 days 00:00:06.616801,Adam,0.14106541425105823,,0.00021845525553485773,,,,,0,,0.017036150395467776,,,PRUNED
836,836,37.5,2025-05-26 03:03:09.375864,2025-05-26 03:03:15.924953,0 days 00:00:06.549089,Adam,0.12880061218983752,,0.00011406034692527706,,,,,1,,0.026479297729888232,,,PRUNED
837,837,37.5,2025-05-26 03:03:15.972551,2025-05-26 03:03:22.651582,0 days 00:00:06.679031,Adam,0.172658375634753,,6.663868373452362e-05,,,,,3,,0.042034683834370125,,,PRUNED
838,838,52.083333333333336,2025-05-26 03:03:22.699215,2025-05-26 03:03:37.629340,0 days 00:00:14.930125,Adam,0.14642948444918805,,8.452973191120753e-05,,,,,2,,0.019490056347128654,,,COMPLETE
839,839,35.416666666666664,2025-05-26 03:03:37.689616,2025-05-26 03:03:45.941923,0 days 00:00:08.252307,Adam,0.10525242389659639,,0.00014089705080187352,,,,,4,,0.014529106017818049,,,PRUNED
840,840,37.5,2025-05-26 03:03:45.990017,2025-05-26 03:03:52.298763,0 days 00:00:06.308746,Adam,0.16117988674937275,,5.6856627120314336e-05,,,,,24,,0.024556067463144027,,,PRUNED
841,841,33.333333333333336,2025-05-26 03:03:52.343289,2025-05-26 03:03:58.940918,0 days 00:00:06.597629,Adam,0.12386304877283588,,0.0016843199185364824,,,,,2,,0.036854817782226046,,,PRUNED
842,842,33.333333333333336,2025-05-26 03:03:58.988542,2025-05-26 03:04:05.582673,0 days 00:00:06.594131,Adam,0.13853801460551698,,0.00018173383059809118,,,,,1,,0.01932646014508322,,,PRUNED
843,843,45.833333333333336,2025-05-26 03:04:05.633091,2025-05-26 03:04:15.567079,0 days 00:00:09.933988,Adam,0.09045835762043278,,0.00010826898019489324,,,,,3,,0.02889443765039903,,,PRUNED
844,844,35.416666666666664,2025-05-26 03:04:15.614856,2025-05-26 03:04:22.302197,0 days 00:00:06.687341,Adam,0.15233258729815316,,7.491945644124005e-05,,,,,0,,0.013051466583261477,,,PRUNED
845,845,37.5,2025-05-26 03:04:22.355116,2025-05-26 03:04:29.020814,0 days 00:00:06.665698,Adam,0.18567786737025616,,9.331219924269763e-05,,,,,2,,0.022758147876815904,,,PRUNED
846,846,33.333333333333336,2025-05-26 03:04:29.068672,2025-05-26 03:04:37.830969,0 days 00:00:08.762297,Adam,0.13293703929618325,,0.00012611168741838655,,,,,20,,0.07472774798187129,,,PRUNED
847,847,64.58333333333333,2025-05-26 03:04:37.875743,2025-05-26 03:04:52.874425,0 days 00:00:14.998682,Adam,0.1567482882163071,,0.00014466916942512345,,,,,1,,0.016097922017597584,,,COMPLETE
848,848,33.333333333333336,2025-05-26 03:04:52.935153,2025-05-26 03:04:59.550701,0 days 00:00:06.615548,Adam,0.17745169376284822,,0.00020090867585521597,,,,,1,,0.019159188132961486,,,PRUNED
849,849,64.58333333333333,2025-05-26 03:04:59.598201,2025-05-26 03:05:14.519217,0 days 00:00:14.921016,Adam,0.16909432525547294,,0.0001617231596218685,,,,,0,,0.0325135202706438,,,COMPLETE
850,850,35.416666666666664,2025-05-26 03:05:14.579616,2025-05-26 03:05:21.195520,0 days 00:00:06.615904,Adam,0.19730120143202345,,0.00023445195499042582,,,,,0,,0.05092530530709726,,,PRUNED
851,851,33.333333333333336,2025-05-26 03:05:21.243370,2025-05-26 03:05:27.889935,0 days 00:00:06.646565,Adam,0.18660917009665867,,0.00016892088320453273,,,,,0,,0.034036841362231736,,,PRUNED
852,852,37.5,2025-05-26 03:05:27.939529,2025-05-26 03:05:36.259596,0 days 00:00:08.320067,Adam,0.16984202452180497,,0.00015139554347863874,,,,,0,,0.04188744271815839,,,PRUNED
853,853,33.333333333333336,2025-05-26 03:05:36.306986,2025-05-26 03:05:42.919494,0 days 00:00:06.612508,SGD,0.17707676805253209,,,,0.00017722507938608718,0.39292842592653443,False,0,,,,22.822226766674987,PRUNED
854,854,45.833333333333336,2025-05-26 03:05:42.967655,2025-05-26 03:05:52.976028,0 days 00:00:10.008373,Adam,0.192467012365643,,0.00014958791466875647,,,,,0,,0.03288412104528712,,,PRUNED
855,855,37.5,2025-05-26 03:05:53.024187,2025-05-26 03:05:59.705514,0 days 00:00:06.681327,Adam,0.1678041958132181,,0.0001301852775969573,,,,,0,,0.04477448191448674,,,PRUNED
856,856,54.166666666666664,2025-05-26 03:05:59.753239,2025-05-26 03:06:14.731934,0 days 00:00:14.978695,Adam,0.16138448639633135,,0.00026194661536517883,,,,,1,,0.02921269575079961,,,COMPLETE
857,857,37.5,2025-05-26 03:06:14.792311,2025-05-26 03:06:23.076864,0 days 00:00:08.284553,Adadelta,0.27190725605194493,0.010339150719392466,,,,,,1,0.01967160167264776,,,,PRUNED
858,858,33.333333333333336,2025-05-26 03:06:23.126229,2025-05-26 03:06:29.769706,0 days 00:00:06.643477,Adam,0.17103832427458765,,0.0001854163639066675,,,,,1,,0.03840510242464252,,,PRUNED
859,859,33.333333333333336,2025-05-26 03:06:29.818562,2025-05-26 03:06:36.446775,0 days 00:00:06.628213,Adam,0.18165634027126987,,0.00011062809188711487,,,,,0,,0.027781294921404753,,,PRUNED
860,860,41.666666666666664,2025-05-26 03:06:36.494288,2025-05-26 03:06:51.462000,0 days 00:00:14.967712,Adam,0.15553085948209028,,0.0004182033344691722,,,,,0,,0.024229110989510354,,,PRUNED
861,861,33.333333333333336,2025-05-26 03:06:51.510267,2025-05-26 03:06:58.047675,0 days 00:00:06.537408,Adam,0.16479565991956693,,7.48438390370757e-05,,,,,1,,0.057309237928396116,,,PRUNED
862,862,33.333333333333336,2025-05-26 03:06:58.095396,2025-05-26 03:07:04.916870,0 days 00:00:06.821474,Adam,0.11865467737027353,,0.0001567224373715244,,,,,1,,0.03421020051082154,,,PRUNED
863,863,33.333333333333336,2025-05-26 03:07:04.965738,2025-05-26 03:07:11.515702,0 days 00:00:06.549964,Adam,0.15257203936616606,,0.009272049360586277,,,,,0,,0.02519009749383169,,,PRUNED
864,864,56.25,2025-05-26 03:07:11.563523,2025-05-26 03:07:26.681064,0 days 00:00:15.117541,Adam,0.098804488405247,,9.281444961445538e-05,,,,,1,,0.01645497954091833,,,COMPLETE
865,865,27.083333333333332,2025-05-26 03:07:26.741559,2025-05-26 03:07:33.375213,0 days 00:00:06.633654,Adam,0.14511795462929475,,4.91824233486433e-05,,,,,1,,1.2038775335250955,,,PRUNED
866,866,33.333333333333336,2025-05-26 03:07:33.423114,2025-05-26 03:07:40.096858,0 days 00:00:06.673744,Adam,0.15882407527722003,,0.00012417903150100518,,,,,0,,0.031379458084420525,,,PRUNED
867,867,31.25,2025-05-26 03:07:40.145142,2025-05-26 03:07:46.277801,0 days 00:00:06.132659,Adam,0.11018835403571173,,0.0002068520390255953,,,,,12,,0.021378916052649716,,,PRUNED
868,868,33.333333333333336,2025-05-26 03:07:46.322413,2025-05-26 03:07:53.021054,0 days 00:00:06.698641,Adam,0.17139861399706469,,6.09807884841052e-05,,,,,1,,0.04631668998909495,,,PRUNED
869,869,35.416666666666664,2025-05-26 03:07:53.069513,2025-05-26 03:07:59.622795,0 days 00:00:06.553282,Adam,0.12629376464084519,,0.00010149427153359952,,,,,0,,0.03599630961494485,,,PRUNED
870,870,33.333333333333336,2025-05-26 03:07:59.671287,2025-05-26 03:08:06.304056,0 days 00:00:06.632769,Adam,0.13403368648329755,,1.4928107371918553e-05,,,,,2,,0.02790358820767242,,,PRUNED
871,871,33.333333333333336,2025-05-26 03:08:06.351802,2025-05-26 03:08:12.972106,0 days 00:00:06.620304,Adam,0.13967601159822587,,0.00113855172622796,,,,,1,,0.01642202610484789,,,PRUNED
872,872,41.666666666666664,2025-05-26 03:08:13.021623,2025-05-26 03:08:28.041119,0 days 00:00:15.019496,Adam,0.07841783828918913,,8.531414885438427e-05,,,,,1,,0.022831211200385098,,,COMPLETE
873,873,54.166666666666664,2025-05-26 03:08:28.101549,2025-05-26 03:08:42.999715,0 days 00:00:14.898166,Adam,0.15208741794103295,,0.00013735240664048643,,,,,2,,0.019301046215325593,,,COMPLETE
874,874,33.333333333333336,2025-05-26 03:08:43.060687,2025-05-26 03:08:49.672778,0 days 00:00:06.612091,Adam,0.16636636523383264,,0.00017382720971536862,,,,,0,,0.014600536497530861,,,PRUNED
875,875,37.5,2025-05-26 03:08:49.720736,2025-05-26 03:08:56.355013,0 days 00:00:06.634277,Adam,0.18328085081613604,,0.00011370008650660967,,,,,1,,0.11619250161090681,,,PRUNED
876,876,35.416666666666664,2025-05-26 03:08:56.405206,2025-05-26 03:09:04.659628,0 days 00:00:08.254422,Adam,0.12049659373079671,,6.944488094178047e-05,,,,,2,,0.025663035204838997,,,PRUNED
877,877,,2025-05-26 03:09:04.708000,2025-05-26 03:09:10.607917,0 days 00:00:05.899917,SGD,0.14813900167275715,,,,1.0837563516749346e-05,92.73664640872116,True,1,,,,1.1728669149794377,PRUNED
878,878,47.916666666666664,2025-05-26 03:09:10.654940,2025-05-26 03:09:25.605078,0 days 00:00:14.950138,Adam,0.1605400309073085,,0.00014788943437981142,,,,,2,,0.03750880365780535,,,COMPLETE
879,879,33.333333333333336,2025-05-26 03:09:25.665886,2025-05-26 03:09:32.248794,0 days 00:00:06.582908,Adadelta,0.14089920625410465,50.72094615044408,,,,,,1,3.3156801104828997,,,,PRUNED
880,880,33.333333333333336,2025-05-26 03:09:32.296595,2025-05-26 03:09:38.936749,0 days 00:00:06.640154,Adam,0.12634627865052067,,0.00010444523213643079,,,,,0,,0.011487883784208537,,,PRUNED
881,881,33.333333333333336,2025-05-26 03:09:38.984458,2025-05-26 03:09:45.620257,0 days 00:00:06.635799,Adam,0.15764751478967087,,7.893407853870783e-05,,,,,2,,0.031012315202734193,,,PRUNED
882,882,37.5,2025-05-26 03:09:45.668574,2025-05-26 03:09:52.252589,0 days 00:00:06.584015,Adam,0.11000307863613194,,0.00012369674188380996,,,,,2,,0.017712971266013927,,,PRUNED
883,883,33.333333333333336,2025-05-26 03:09:52.301066,2025-05-26 03:09:58.547671,0 days 00:00:06.246605,Adam,0.17437866125978188,,5.5196464811286884e-05,,,,,17,,0.021634602439060867,,,PRUNED
884,884,33.333333333333336,2025-05-26 03:09:58.592766,2025-05-26 03:10:05.205720,0 days 00:00:06.612954,Adam,0.14040339861080117,,9.489038491729925e-05,,,,,0,,0.015446981857674702,,,PRUNED
885,885,58.333333333333336,2025-05-26 03:10:05.253713,2025-05-26 03:10:20.234114,0 days 00:00:14.980401,Adam,0.13276586902162463,,0.00017900339515094637,,,,,1,,0.024439145094822624,,,COMPLETE
886,886,31.25,2025-05-26 03:10:20.296131,2025-05-26 03:10:26.886095,0 days 00:00:06.589964,Adam,0.14928589421149074,,4.062293171363049e-05,,,,,1,,0.012799115418423254,,,PRUNED
887,887,33.333333333333336,2025-05-26 03:10:26.933813,2025-05-26 03:10:33.493080,0 days 00:00:06.559267,Adam,0.16398826820132134,,0.00022145106857586578,,,,,2,,0.029548814590049766,,,PRUNED
888,888,37.5,2025-05-26 03:10:33.540760,2025-05-26 03:10:41.737607,0 days 00:00:08.196847,Adam,0.19195977332783923,,0.00013565392403669916,,,,,2,,0.03974638966365286,,,PRUNED
889,889,56.25,2025-05-26 03:10:41.785767,2025-05-26 03:10:56.673872,0 days 00:00:14.888105,Adam,0.12193638151133503,,8.668159543182705e-05,,,,,1,,0.020088338987123297,,,COMPLETE
890,890,54.166666666666664,2025-05-26 03:10:56.733884,2025-05-26 03:11:11.858235,0 days 00:00:15.124351,Adam,0.09898494544984446,,6.664787513386278e-05,,,,,0,,0.017683828263914438,,,COMPLETE
891,891,37.5,2025-05-26 03:11:11.919499,2025-05-26 03:11:18.498269,0 days 00:00:06.578770,Adam,0.14133151894697477,,0.00011409448269239152,,,,,2,,0.026335086678647403,,,PRUNED
892,892,33.333333333333336,2025-05-26 03:11:18.548040,2025-05-26 03:11:25.070322,0 days 00:00:06.522282,Adam,0.15325739576313674,,0.0001593824374024609,,,,,1,,9.751741463572877,,,PRUNED
893,893,37.5,2025-05-26 03:11:25.118395,2025-05-26 03:11:31.704496,0 days 00:00:06.586101,Adam,0.13037125332201657,,9.82099391728829e-05,,,,,0,,0.0660368531343691,,,PRUNED
894,894,31.25,2025-05-26 03:11:31.752766,2025-05-26 03:11:38.177032,0 days 00:00:06.424266,Adam,0.4291661485405169,,0.00012920191958225172,,,,,2,,1.8127343018266422,,,PRUNED
895,895,33.333333333333336,2025-05-26 03:11:38.224667,2025-05-26 03:11:44.823067,0 days 00:00:06.598400,Adam,0.11652895448344121,,8.728894288735363e-05,,,,,1,,0.010127785473433876,,,PRUNED
896,896,35.416666666666664,2025-05-26 03:11:44.871378,2025-05-26 03:11:51.513720,0 days 00:00:06.642342,Adam,0.17928189688894072,,7.312675761939137e-05,,,,,2,,0.290343591483832,,,PRUNED
897,897,33.333333333333336,2025-05-26 03:11:51.561619,2025-05-26 03:11:58.147438,0 days 00:00:06.585819,Adam,0.147018949851735,,0.0002512580823927521,,,,,2,,0.047296981056139845,,,PRUNED
898,898,43.75,2025-05-26 03:11:58.195456,2025-05-26 03:12:13.015350,0 days 00:00:14.819894,Adam,0.16769076534098232,,0.00019168697558943085,,,,,3,,0.15357019544215425,,,COMPLETE
899,899,33.333333333333336,2025-05-26 03:12:13.076326,2025-05-26 03:12:19.723354,0 days 00:00:06.647028,Adam,0.08772069444500444,,0.00015345343192128886,,,,,0,,0.033014252965950744,,,PRUNED
900,900,37.5,2025-05-26 03:12:19.771517,2025-05-26 03:12:27.917957,0 days 00:00:08.146440,Adam,0.13491100236405873,,0.0001098498599802088,,,,,1,,0.014695047321170534,,,PRUNED
901,901,,2025-05-26 03:12:27.967917,2025-05-26 03:12:33.727457,0 days 00:00:05.759540,SGD,0.15429992465652634,,,,0.055593246747523285,99.25820194335441,False,2,,,,0.05343511927708451,PRUNED
902,902,33.333333333333336,2025-05-26 03:12:33.774275,2025-05-26 03:12:40.163076,0 days 00:00:06.388801,Adadelta,0.14179458198128903,17.23159413127825,,,,,,1,0.16472068235647172,,,,PRUNED
903,903,37.5,2025-05-26 03:12:40.210641,2025-05-26 03:12:46.800733,0 days 00:00:06.590092,Adam,0.10857522498315895,,5.170872273681316e-05,,,,,3,,0.021483922284368975,,,PRUNED
904,904,31.25,2025-05-26 03:12:46.848855,2025-05-26 03:12:53.046989,0 days 00:00:06.198134,Adam,0.15935489194299465,,0.0001299624646375122,,,,,8,,0.027874836105377627,,,PRUNED
905,905,39.583333333333336,2025-05-26 03:12:53.092838,2025-05-26 03:13:01.352526,0 days 00:00:08.259688,Adam,0.12650771352050189,,8.002550034197776e-05,,,,,0,,0.018158781656335613,,,PRUNED
906,906,33.333333333333336,2025-05-26 03:13:01.401385,2025-05-26 03:13:07.918340,0 days 00:00:06.516955,Adam,0.20382536042893232,,6.050867092609251e-05,,,,,2,,0.012994450820482128,,,PRUNED
907,907,35.416666666666664,2025-05-26 03:13:07.967008,2025-05-26 03:13:14.560827,0 days 00:00:06.593819,Adam,0.17139272516604628,,0.00010239572283246089,,,,,1,,0.02355118549999708,,,PRUNED
908,908,33.333333333333336,2025-05-26 03:13:14.608426,2025-05-26 03:13:21.286145,0 days 00:00:06.677719,Adam,0.14718585475309404,,0.00016103037064552617,,,,,3,,0.03800317912918954,,,PRUNED
909,909,35.416666666666664,2025-05-26 03:13:21.324944,2025-05-26 03:13:27.865340,0 days 00:00:06.540396,Adam,0.1376361738012373,,0.0001199754367826891,,,,,2,,0.0154006120981673,,,PRUNED
910,910,35.416666666666664,2025-05-26 03:13:27.913578,2025-05-26 03:13:34.526962,0 days 00:00:06.613384,Adam,0.11750258724629276,,9.324373364935214e-05,,,,,0,,0.20910789818999725,,,PRUNED
911,911,35.416666666666664,2025-05-26 03:13:34.574943,2025-05-26 03:13:41.117657,0 days 00:00:06.542714,Adam,0.15957195619331188,,7.485556078834454e-05,,,,,3,,0.02043943872168599,,,PRUNED
912,912,52.083333333333336,2025-05-26 03:13:41.165942,2025-05-26 03:13:56.185221,0 days 00:00:15.019279,Adam,0.1328994820027944,,0.00031478619400457104,,,,,1,,0.031106117128261848,,,COMPLETE
913,913,35.416666666666664,2025-05-26 03:13:56.246647,2025-05-26 03:14:06.204531,0 days 00:00:09.957884,Adam,0.14956083045870155,,0.0002114337002579524,,,,,2,,0.011932095336147173,,,PRUNED
914,914,33.333333333333336,2025-05-26 03:14:06.253094,2025-05-26 03:14:12.831877,0 days 00:00:06.578783,Adam,0.16469019589470557,,0.00013522014787802964,,,,,3,,0.026380484957672756,,,PRUNED
915,915,35.416666666666664,2025-05-26 03:14:12.882708,2025-05-26 03:14:19.571748,0 days 00:00:06.689040,Adam,0.12425393386097876,,0.00010909637251842248,,,,,1,,0.052945797068166274,,,PRUNED
916,916,45.833333333333336,2025-05-26 03:14:19.620359,2025-05-26 03:14:29.559696,0 days 00:00:09.939337,Adam,0.10182816925896732,,0.0005975026195726838,,,,,2,,0.018881293784125213,,,PRUNED
917,917,35.416666666666664,2025-05-26 03:14:29.608417,2025-05-26 03:14:39.842749,0 days 00:00:10.234332,Adam,0.1838655852124431,,0.00018438585452097998,,,,,0,,0.023272429778016746,,,PRUNED
918,918,33.333333333333336,2025-05-26 03:14:39.891751,2025-05-26 03:14:46.563218,0 days 00:00:06.671467,Adam,0.14620424908398844,,2.4783567084458225e-05,,,,,1,,0.015818563270672277,,,PRUNED
919,919,35.416666666666664,2025-05-26 03:14:46.611212,2025-05-26 03:14:53.273987,0 days 00:00:06.662775,Adam,0.15688851504557114,,6.247236677170122e-05,,,,,2,,3.776792491830435,,,PRUNED
920,920,52.083333333333336,2025-05-26 03:14:53.321964,2025-05-26 03:15:08.284471,0 days 00:00:14.962507,Adam,0.13476044771670956,,8.493173817621463e-05,,,,,3,,0.03635695211386831,,,COMPLETE
921,921,33.333333333333336,2025-05-26 03:15:08.346059,2025-05-26 03:15:14.988021,0 days 00:00:06.641962,Adam,0.11363428086105948,,0.00015185286888990906,,,,,1,,0.029813889683680737,,,PRUNED
922,922,39.583333333333336,2025-05-26 03:15:15.036488,2025-05-26 03:15:23.389592,0 days 00:00:08.353104,Adam,0.1292096947176778,,9.960649713992429e-05,,,,,0,,0.022153403676160418,,,PRUNED
923,923,41.666666666666664,2025-05-26 03:15:23.437843,2025-05-26 03:15:33.374464,0 days 00:00:09.936621,Adam,0.17296227565724864,,4.549939874512606e-05,,,,,3,,0.04266900350869847,,,PRUNED
924,924,33.333333333333336,2025-05-26 03:15:33.424809,2025-05-26 03:15:41.636931,0 days 00:00:08.212122,Adadelta,0.1411103889271902,0.3181689580729155,,,,,,1,0.012040660785928614,,,,PRUNED
925,925,,2025-05-26 03:15:41.684850,2025-05-26 03:15:48.257479,0 days 00:00:06.572629,SGD,0.15591872198502785,,,,4.947763471382803e-05,62.936022850031634,True,2,,,,0.15029471839804273,PRUNED
926,926,33.333333333333336,2025-05-26 03:15:48.299823,2025-05-26 03:15:54.956057,0 days 00:00:06.656234,Adam,0.14596344077940474,,0.0001257153795096043,,,,,2,,0.017386134695247583,,,PRUNED
927,927,33.333333333333336,2025-05-26 03:15:55.004797,2025-05-26 03:16:01.276180,0 days 00:00:06.271383,Adam,0.16225275558406957,,7.428387423788829e-05,,,,,9,,0.010049061022879766,,,PRUNED
928,928,43.75,2025-05-26 03:16:01.322106,2025-05-26 03:16:11.286976,0 days 00:00:09.964870,Adam,0.12123434566061937,,0.00014654233508378176,,,,,0,,0.013846676914355273,,,PRUNED
929,929,31.25,2025-05-26 03:16:11.335687,2025-05-26 03:16:17.992758,0 days 00:00:06.657071,Adam,0.1405120419053288,,0.00011074816607041013,,,,,2,,0.026926613976848812,,,PRUNED
930,930,33.333333333333336,2025-05-26 03:16:18.041624,2025-05-26 03:16:24.720570,0 days 00:00:06.678946,Adam,0.3079963858004112,,8.593360208089043e-05,,,,,3,,0.0334577124607446,,,PRUNED
931,931,45.833333333333336,2025-05-26 03:16:24.769188,2025-05-26 03:16:39.764953,0 days 00:00:14.995765,Adam,0.16956840384764835,,0.00016730256145224438,,,,,1,,0.0194407606272434,,,COMPLETE
932,932,37.5,2025-05-26 03:16:39.825846,2025-05-26 03:16:48.120012,0 days 00:00:08.294166,Adam,0.1514573846710873,,0.00012457641121620404,,,,,2,,0.023209932204694462,,,PRUNED
933,933,33.333333333333336,2025-05-26 03:16:48.170192,2025-05-26 03:16:54.841194,0 days 00:00:06.671002,Adam,0.10700591993534062,,6.796040654624295e-05,,,,,3,,0.4720949657700581,,,PRUNED
934,934,35.416666666666664,2025-05-26 03:16:54.889380,2025-05-26 03:17:01.535440,0 days 00:00:06.646060,Adam,0.13086403614257414,,9.49867177675994e-05,,,,,0,,0.012512268853672967,,,PRUNED
935,935,33.333333333333336,2025-05-26 03:17:01.583490,2025-05-26 03:17:08.206435,0 days 00:00:06.622945,Adam,0.1503766415341116,,0.003870157927757061,,,,,1,,0.015302694558259038,,,PRUNED
936,936,31.25,2025-05-26 03:17:08.254771,2025-05-26 03:17:14.818456,0 days 00:00:06.563685,Adam,0.1750953627026092,,0.00022742077434086193,,,,,2,,0.026471436211088026,,,PRUNED
937,937,33.333333333333336,2025-05-26 03:17:14.866748,2025-05-26 03:17:21.556269,0 days 00:00:06.689521,Adam,0.14020942551099116,,0.00018048309149597608,,,,,1,,0.043334142558409706,,,PRUNED
938,938,50.0,2025-05-26 03:17:21.604627,2025-05-26 03:17:36.732822,0 days 00:00:15.128195,Adam,0.12293452313739095,,5.6195720119114695e-05,,,,,3,,0.018981500101665487,,,COMPLETE
939,939,33.333333333333336,2025-05-26 03:17:36.794507,2025-05-26 03:17:43.366854,0 days 00:00:06.572347,Adam,0.16076031126612295,,0.0001400661318226522,,,,,0,,0.03256560858628298,,,PRUNED
940,940,37.5,2025-05-26 03:17:43.414707,2025-05-26 03:17:50.107749,0 days 00:00:06.693042,Adam,0.09506139428805224,,0.000108196417980699,,,,,1,,0.023174020939378898,,,PRUNED
941,941,33.333333333333336,2025-05-26 03:17:50.156075,2025-05-26 03:17:56.760478,0 days 00:00:06.604403,Adam,0.19139412907418585,,8.047006631625683e-05,,,,,2,,0.01811482607063101,,,PRUNED
942,942,33.333333333333336,2025-05-26 03:17:56.809218,2025-05-26 03:18:03.470573,0 days 00:00:06.661355,Adam,0.1326684009819968,,9.845712808676039e-05,,,,,3,,0.01497131349593738,,,PRUNED
943,943,33.333333333333336,2025-05-26 03:18:03.519133,2025-05-26 03:18:09.775060,0 days 00:00:06.255927,Adam,0.15410654765178605,,0.00012402308901228557,,,,,25,,0.029427372736605246,,,PRUNED
944,944,33.333333333333336,2025-05-26 03:18:09.820726,2025-05-26 03:18:16.456260,0 days 00:00:06.635534,Adam,0.11371609754987995,,3.342654675845118e-05,,,,,2,,0.01247126689533065,,,PRUNED
945,945,37.5,2025-05-26 03:18:16.507942,2025-05-26 03:18:23.184390,0 days 00:00:06.676448,Adam,0.14199776930084607,,0.00015529455343713764,,,,,1,,0.021334372217341042,,,PRUNED
946,946,33.333333333333336,2025-05-26 03:18:23.233151,2025-05-26 03:18:29.504887,0 days 00:00:06.271736,SGD,0.16592308026093427,,,,2.3136635624675073e-05,53.78606486982824,False,11,,,,0.6970493085405751,PRUNED
947,947,37.5,2025-05-26 03:18:29.552100,2025-05-26 03:18:36.199202,0 days 00:00:06.647102,Adam,0.17749112381012255,,6.820710783421136e-05,,,,,0,,0.038380407695870374,,,PRUNED
948,948,37.5,2025-05-26 03:18:36.248371,2025-05-26 03:18:42.821835,0 days 00:00:06.573464,Adam,0.13016524083734526,,0.00019867098612237754,,,,,4,,0.026802684566280488,,,PRUNED
949,949,33.333333333333336,2025-05-26 03:18:42.870327,2025-05-26 03:18:49.544728,0 days 00:00:06.674401,Adadelta,0.15531382319975542,2.6954774660069254,,,,,,2,0.0874781733717417,,,,PRUNED
950,950,52.083333333333336,2025-05-26 03:18:49.593074,2025-05-26 03:19:04.547028,0 days 00:00:14.953954,Adam,0.14235364431516098,,0.0002703169358637208,,,,,3,,0.057240379424389,,,COMPLETE
951,951,37.5,2025-05-26 03:19:04.608245,2025-05-26 03:19:12.908036,0 days 00:00:08.299791,Adam,0.12343953551826259,,8.720932380706476e-05,,,,,1,,0.016145506616128492,,,PRUNED
952,952,35.416666666666664,2025-05-26 03:19:12.957780,2025-05-26 03:19:19.666439,0 days 00:00:06.708659,Adam,0.4565113141987803,,0.00012521386847054688,,,,,3,,0.02132886260652872,,,PRUNED
953,953,35.416666666666664,2025-05-26 03:19:19.715627,2025-05-26 03:19:26.338821,0 days 00:00:06.623194,Adam,0.2187618595644905,,0.00011030734833227703,,,,,2,,0.0344235310300369,,,PRUNED
954,954,33.333333333333336,2025-05-26 03:19:26.387749,2025-05-26 03:19:33.005781,0 days 00:00:06.618032,Adam,0.14828094986478452,,5.4958560402902704e-05,,,,,2,,0.026440994434461164,,,PRUNED
955,955,33.333333333333336,2025-05-26 03:19:33.054286,2025-05-26 03:19:39.700881,0 days 00:00:06.646595,Adam,0.16636385476299273,,0.00015164048602366265,,,,,0,,0.012661202689924385,,,PRUNED
956,956,33.333333333333336,2025-05-26 03:19:39.749577,2025-05-26 03:19:46.297742,0 days 00:00:06.548165,Adam,0.1058551631194932,,8.920837592217161e-05,,,,,4,,0.01709885690938521,,,PRUNED
957,957,33.333333333333336,2025-05-26 03:19:46.346719,2025-05-26 03:19:53.075195,0 days 00:00:06.728476,Adam,0.1335149141714903,,7.374013537372527e-05,,,,,1,,0.04754734866526336,,,PRUNED
958,958,33.333333333333336,2025-05-26 03:19:53.126920,2025-05-26 03:19:59.763571,0 days 00:00:06.636651,Adam,0.08627378474433496,,0.00010504113095736435,,,,,1,,0.02107622009094177,,,PRUNED
959,959,60.416666666666664,2025-05-26 03:19:59.812696,2025-05-26 03:20:14.798865,0 days 00:00:14.986169,Adam,0.18303863413891844,,0.0001810081458514328,,,,,2,,0.08900287536595433,,,COMPLETE
960,960,37.5,2025-05-26 03:20:14.861429,2025-05-26 03:20:21.505214,0 days 00:00:06.643785,Adam,0.15246979456869333,,0.00012400400254156476,,,,,0,,0.029733377684613392,,,PRUNED
961,961,35.416666666666664,2025-05-26 03:20:21.555151,2025-05-26 03:20:29.870069,0 days 00:00:08.314918,Adam,0.11822088125006967,,6.334609270742023e-05,,,,,3,,0.01149251534820562,,,PRUNED
962,962,33.333333333333336,2025-05-26 03:20:29.919839,2025-05-26 03:20:36.528698,0 days 00:00:06.608859,Adam,0.1422487372022526,,4.6712520217699047e-05,,,,,3,,0.024076182327727444,,,PRUNED
963,963,33.333333333333336,2025-05-26 03:20:36.578508,2025-05-26 03:20:43.255770,0 days 00:00:06.677262,Adam,0.16299092381699892,,0.00014206275203025953,,,,,1,,0.01731724501596151,,,PRUNED
964,964,31.25,2025-05-26 03:20:43.305780,2025-05-26 03:20:49.982184,0 days 00:00:06.676404,Adam,0.13457363932699914,,9.073914647136175e-05,,,,,2,,0.03914147719119089,,,PRUNED
965,965,33.333333333333336,2025-05-26 03:20:50.032430,2025-05-26 03:20:56.680815,0 days 00:00:06.648385,Adam,0.1564178377501383,,0.00021355117003797383,,,,,0,,6.318237856027464,,,PRUNED
966,966,52.083333333333336,2025-05-26 03:20:56.730393,2025-05-26 03:21:11.692701,0 days 00:00:14.962308,Adam,0.12373114400305671,,0.00010381826772398269,,,,,4,,0.014210217544821374,,,COMPLETE
967,967,35.416666666666664,2025-05-26 03:21:11.754538,2025-05-26 03:21:18.399113,0 days 00:00:06.644575,Adam,0.1462869192102646,,7.643709515440294e-05,,,,,2,,0.031725381281485075,,,PRUNED
968,968,33.333333333333336,2025-05-26 03:21:18.448458,2025-05-26 03:21:25.116773,0 days 00:00:06.668315,Adam,0.17202013017832193,,0.00016441121319880848,,,,,1,,0.021067774016176644,,,PRUNED
969,969,33.333333333333336,2025-05-26 03:21:25.166706,2025-05-26 03:21:32.081547,0 days 00:00:06.914841,Adam,0.11289827211401676,,0.0001330560081935837,,,,,3,,0.025861683481524816,,,PRUNED
970,970,,2025-05-26 03:21:32.130712,2025-05-26 03:21:37.939292,0 days 00:00:05.808580,SGD,0.13515249658789896,,,,0.00037464973788976677,84.66164659819938,True,2,,,,13.44476082107359,PRUNED
971,971,33.333333333333336,2025-05-26 03:21:37.988186,2025-05-26 03:21:44.524824,0 days 00:00:06.536638,Adam,0.16153013046998002,,0.00011147181750823545,,,,,1,,0.01824322654629092,,,PRUNED
972,972,33.333333333333336,2025-05-26 03:21:44.574404,2025-05-26 03:21:51.265907,0 days 00:00:06.691503,Adadelta,0.1477937699208708,0.06817856168693208,,,,,,2,55.473634504418136,,,,PRUNED
973,973,58.333333333333336,2025-05-26 03:21:51.315012,2025-05-26 03:22:06.307585,0 days 00:00:14.992573,Adam,0.12618540149821064,,8.642340759464342e-05,,,,,0,,0.014484828521071108,,,COMPLETE
974,974,33.333333333333336,2025-05-26 03:22:06.370203,2025-05-26 03:22:13.008828,0 days 00:00:06.638625,Adam,0.36007812794002586,,6.156837317727689e-05,,,,,3,,0.010250876555367036,,,PRUNED
975,975,35.416666666666664,2025-05-26 03:22:13.057922,2025-05-26 03:22:19.712080,0 days 00:00:06.654158,Adam,0.19994082033601926,,0.00017509725622459008,,,,,1,,0.03336413188363835,,,PRUNED
976,976,33.333333333333336,2025-05-26 03:22:19.761569,2025-05-26 03:22:26.398877,0 days 00:00:06.637308,Adam,0.1376537351491781,,0.0001366181302588404,,,,,2,,0.02339512368172907,,,PRUNED
977,977,33.333333333333336,2025-05-26 03:22:26.447387,2025-05-26 03:22:32.941025,0 days 00:00:06.493638,Adam,0.1791896083800345,,9.958452200010342e-05,,,,,4,,0.019140556970981146,,,PRUNED
978,978,29.166666666666668,2025-05-26 03:22:32.990013,2025-05-26 03:22:39.268051,0 days 00:00:06.278038,Adam,0.10131359108438046,,0.00023986602082318173,,,,,14,,0.041438837704935345,,,PRUNED
979,979,31.25,2025-05-26 03:22:39.314438,2025-05-26 03:22:49.332059,0 days 00:00:10.017621,Adam,0.1536888706049577,,0.00011554141753598991,,,,,3,,0.39431435469076753,,,PRUNED
980,980,54.166666666666664,2025-05-26 03:22:49.381844,2025-05-26 03:23:04.403164,0 days 00:00:15.021320,Adam,0.16576704109226387,,7.253956817062996e-05,,,,,0,,0.014873104341896532,,,COMPLETE
981,981,22.916666666666668,2025-05-26 03:23:04.465016,2025-05-26 03:23:11.124059,0 days 00:00:06.659043,Adam,0.14421844069805015,,0.0001430406612380282,,,,,1,,56.788189619324704,,,PRUNED
982,982,35.416666666666664,2025-05-26 03:23:11.172844,2025-05-26 03:23:17.797503,0 days 00:00:06.624659,Adam,0.07182855764124096,,8.676432085683486e-05,,,,,2,,0.03008103650696024,,,PRUNED
983,983,33.333333333333336,2025-05-26 03:23:17.847866,2025-05-26 03:23:24.186310,0 days 00:00:06.338444,Adam,0.12911082382737046,,0.00012208654366911516,,,,,7,,0.025387712712262967,,,PRUNED
984,984,45.833333333333336,2025-05-26 03:23:24.234488,2025-05-26 03:23:39.221322,0 days 00:00:14.986834,Adam,0.15757522303374238,,0.00019944255120001942,,,,,1,,0.018022659487892594,,,COMPLETE
985,985,33.333333333333336,2025-05-26 03:23:39.282623,2025-05-26 03:23:45.953636,0 days 00:00:06.671013,Adam,0.11681304966202634,,9.802827448009717e-05,,,,,3,,0.012986297967683906,,,PRUNED
986,986,27.083333333333332,2025-05-26 03:23:46.004404,2025-05-26 03:23:52.691647,0 days 00:00:06.687243,Adam,0.13932935377187303,,5.14430161906566e-05,,,,,4,,0.06624035777356944,,,PRUNED
987,987,33.333333333333336,2025-05-26 03:23:52.742036,2025-05-26 03:23:59.019921,0 days 00:00:06.277885,Adam,0.17089508202113485,,0.00016024181830621368,,,,,19,,0.03571176067717031,,,PRUNED
988,988,33.333333333333336,2025-05-26 03:23:59.066319,2025-05-26 03:24:05.711895,0 days 00:00:06.645576,Adam,0.1500815414908718,,7.495048169572625e-05,,,,,2,,0.051059099541320166,,,PRUNED
989,989,33.333333333333336,2025-05-26 03:24:05.760377,2025-05-26 03:24:12.349917,0 days 00:00:06.589540,Adam,0.12227659075077722,,0.00011292552348579302,,,,,1,,0.02091765205378846,,,PRUNED
990,990,33.333333333333336,2025-05-26 03:24:12.399036,2025-05-26 03:24:19.109565,0 days 00:00:06.710529,Adam,0.13454779843812215,,0.06588569665648893,,,,,0,,0.02569687181044559,,,PRUNED
991,991,33.333333333333336,2025-05-26 03:24:19.158525,2025-05-26 03:24:25.721173,0 days 00:00:06.562648,Adam,0.10819889682958331,,6.539269462277252e-05,,,,,3,,0.029538088752029647,,,PRUNED
992,992,29.166666666666668,2025-05-26 03:24:25.770320,2025-05-26 03:24:32.639268,0 days 00:00:06.868948,AdamW,0.1857953923636433,,,4.962802102507297e-05,,,,2,,,0.004015916828184064,,PRUNED
993,993,,2025-05-26 03:24:32.688493,2025-05-26 03:24:39.252909,0 days 00:00:06.564416,SGD,0.1612836252484702,,,,0.007485003290233643,7.355346147945411,False,1,,,,0.010482808317869848,PRUNED
994,994,33.333333333333336,2025-05-26 03:24:39.299729,2025-05-26 03:24:45.893174,0 days 00:00:06.593445,Adam,0.14577544489335084,,0.00014079674010316237,,,,,0,,0.016427623576874554,,,PRUNED
995,995,33.333333333333336,2025-05-26 03:24:45.941922,2025-05-26 03:24:52.270711,0 days 00:00:06.328789,Adam,0.1294350540301608,,9.162150106849709e-05,,,,,22,,0.011827682120956867,,,PRUNED
996,996,37.5,2025-05-26 03:24:52.316486,2025-05-26 03:24:58.524123,0 days 00:00:06.207637,Adadelta,0.15486020929673766,0.13294712959352945,,,,,,15,32.22056575150371,,,,PRUNED
997,997,33.333333333333336,2025-05-26 03:24:58.570139,2025-05-26 03:25:05.234076,0 days 00:00:06.663937,Adam,0.14094713903844566,,8.055391842224108e-05,,,,,1,,0.02143744451556575,,,PRUNED
998,998,45.833333333333336,2025-05-26 03:25:05.282625,2025-05-26 03:25:20.257856,0 days 00:00:14.975231,Adam,0.09843826094309664,,0.000353043162409175,,,,,3,,0.014824066815619054,,,COMPLETE
999,999,47.916666666666664,2025-05-26 03:25:20.319812,2025-05-26 03:25:35.274437,0 days 00:00:14.954625,Adam,0.17469835881850188,,0.00011675929643335406,,,,,2,,0.03974243668983262,,,COMPLETE
